event_id,vehicle_id,vin,timestamp,battery_level,speed,temperature,latitude,longitude
EVT0081268,BMW00362,WBA00000000000362,2026-10-10 04:15:00,41.79,0.71,2.65,25.09362,22.853463
EVT0028061,BMW00805,WBA00000000000805,2026-04-08 10:20:00,88.57,133.4,21.69,41.290113,45.563001
EVT0077591,BMW00806,WBA00000000000806,2026-09-27 09:50:00,46.33,143.96,26.95,51.656052,86.048077
EVT0048821,BMW00805,WBA00000000000805,2026-06-19 12:20:00,69.47,147.59,36.39,37.607105,68.917007
EVT0096881,BMW00160,WBA00000000000160,2026-12-03 09:20:00,28.72,74.25,1.45,25.849527,13.316745
EVT0092126,BMW00744,WBA00000000000744,2026-11-16 21:05:00,45.05,96.67,28.0,14.300852,-73.468908
EVT0054407,BMW00944,WBA00000000000944,2026-07-08 21:50:00,41.83,51.78,20.15,44.051778,48.17592
EVT0010556,BMW00874,WBA00000000000874,2026-02-06 15:35:00,76.93,95.66,48.63,8.751439,45.625572
EVT0094160,BMW00146,WBA00000000000146,2026-11-23 22:35:00,43.33,16.85,35.49,43.362883,37.018799
EVT0009684,BMW00286,WBA00000000000286,2026-02-03 14:55:00,52.4,147.56,21.01,45.573379,80.92494
EVT0050554,BMW00948,WBA00000000000948,2026-06-25 12:45:00,25.01,11.27,27.57,35.774177,77.895716
EVT0053857,BMW00906,WBA00000000000906,2026-07-07 00:00:00,13.6,86.35,43.92,33.872877,129.41262
EVT0061564,BMW00339,WBA00000000000339,2026-08-02 18:15:00,65.27,81.36,4.53,54.693767,-44.862792
EVT0012846,BMW00007,WBA00000000000007,2026-02-14 14:25:00,72.82,53.37,10.56,22.315808,18.462665
EVT0007037,BMW00515,WBA00000000000515,2026-01-25 10:20:00,76.16,158.12,43.56,48.32965,149.934976
EVT0022220,BMW00299,WBA00000000000299,2026-03-19 03:35:00,30.25,91.33,1.31,13.870135,-39.991332
EVT0034116,BMW00892,WBA00000000000892,2026-04-29 10:55:00,56.49,37.4,-8.21,47.131035,42.511734
EVT0037047,BMW00315,WBA00000000000315,2026-05-09 15:10:00,93.28,2.27,45.41,38.093305,-83.320063
EVT0072094,BMW00566,WBA00000000000566,2026-09-08 07:45:00,41.51,17.04,4.77,10.954331,4.601147
EVT0038645,BMW00259,WBA00000000000259,2026-05-15 04:20:00,15.43,128.15,5.58,24.404121,129.388906
EVT0028243,BMW00210,WBA00000000000210,2026-04-09 01:30:00,73.63,70.82,-6.55,25.922056,-30.559919
EVT0054240,BMW00250,WBA00000000000250,2026-07-08 07:55:00,37.67,156.82,21.09,30.392028,42.443588
EVT0064821,BMW00678,WBA00000000000678,2026-08-14 01:40:00,10.31,46.2,43.11,30.650655,107.557257
EVT0039543,BMW00442,WBA00000000000442,2026-05-18 07:10:00,91.11,112.29,16.42,14.288676,-19.454663
EVT0061641,BMW00885,WBA00000000000885,2026-08-03 00:40:00,77.74,135.03,30.0,11.024529,42.233038
EVT0004233,BMW00583,WBA00000000000583,2026-01-15 16:40:00,13.17,140.1,6.7,49.295729,54.064273
EVT0001926,BMW00007,WBA00000000000007,2026-01-07 16:25:00,51.8,127.28,42.85,29.136282,132.749454
EVT0058890,BMW00460,WBA00000000000460,2026-07-24 11:25:00,50.89,108.48,-7.39,43.215211,-73.695977
EVT0087991,BMW00055,WBA00000000000055,2026-11-02 12:30:00,32.93,132.14,12.35,8.742844,-101.732992
EVT0084322,BMW00409,WBA00000000000409,2026-10-20 18:45:00,75.69,126.61,9.23,21.415801,-15.09692
EVT0010294,BMW00064,WBA00000000000064,2026-02-05 17:45:00,40.8,77.36,-9.76,8.741039,-38.422313
EVT0085913,BMW00137,WBA00000000000137,2026-10-26 07:20:00,40.86,131.98,-2.54,17.951722,-107.163996
EVT0022093,BMW00144,WBA00000000000144,2026-03-18 17:00:00,91.08,47.0,38.8,11.789822,-24.462985
EVT0012447,BMW00294,WBA00000000000294,2026-02-13 05:10:00,46.3,51.38,20.4,47.630874,-99.130596
EVT0037335,BMW00164,WBA00000000000164,2026-05-10 15:10:00,64.66,42.41,21.84,19.157988,45.481904
EVT0024334,BMW00056,WBA00000000000056,2026-03-26 11:45:00,25.17,110.93,48.55,23.146093,54.662112
EVT0027943,BMW00936,WBA00000000000936,2026-04-08 00:30:00,56.42,130.43,48.83,23.080771,30.855683
EVT0051048,BMW00145,WBA00000000000145,2026-06-27 05:55:00,74.01,90.59,51.15,12.271927,28.607827
EVT0040375,BMW00566,WBA00000000000566,2026-05-21 04:30:00,93.35,9.51,49.34,44.631932,-31.854834
EVT0037151,BMW00989,WBA00000000000989,2026-05-09 23:50:00,88.9,138.11,49.71,33.723897,20.759867
EVT0016046,BMW00020,WBA00000000000020,2026-02-25 17:05:00,18.48,15.0,14.92,13.065168,-5.125279
EVT0038122,BMW00218,WBA00000000000218,2026-05-13 08:45:00,34.07,45.84,7.07,19.909343,-21.760768
EVT0083181,BMW00223,WBA00000000000223,2026-10-16 19:40:00,31.7,36.95,32.1,31.854035,-32.326513
EVT0090644,BMW00149,WBA00000000000149,2026-11-11 17:35:00,49.22,71.92,13.41,13.164548,40.248988
EVT0077140,BMW00312,WBA00000000000312,2026-09-25 20:15:00,50.71,31.06,30.16,34.88367,-105.033261
EVT0092285,BMW00556,WBA00000000000556,2026-11-17 10:20:00,63.64,146.4,32.02,31.394148,7.958992
EVT0024960,BMW00606,WBA00000000000606,2026-03-28 15:55:00,50.63,22.75,21.82,43.609557,-71.297841
EVT0066181,BMW00774,WBA00000000000774,2026-08-18 19:00:00,81.05,128.99,-6.84,14.600587,38.653763
EVT0043658,BMW00457,WBA00000000000457,2026-06-01 14:05:00,15.26,112.7,25.5,39.86569,-61.376069
EVT0059441,BMW00026,WBA00000000000026,2026-07-26 09:20:00,95.23,29.69,11.2,41.453403,-119.139583
EVT0039243,BMW00672,WBA00000000000672,2026-05-17 06:10:00,59.21,5.82,28.66,46.210716,66.036816
EVT0045423,BMW00282,WBA00000000000282,2026-06-07 17:10:00,20.62,134.44,5.3,15.566848,88.049022
EVT0042849,BMW00951,WBA00000000000951,2026-05-29 18:40:00,95.93,127.47,35.51,44.332216,129.986352
EVT0086302,BMW00701,WBA00000000000701,2026-10-27 15:45:00,53.43,23.6,24.48,35.574377,-25.634674
EVT0040137,BMW00973,WBA00000000000973,2026-05-20 08:40:00,10.99,133.45,9.6,15.643203,16.374701
EVT0003753,BMW00426,WBA00000000000426,2026-01-14 00:40:00,32.82,160.0,23.31,29.879512,-118.866465
EVT0019683,BMW00863,WBA00000000000863,2026-03-10 08:10:00,64.01,42.86,39.16,54.027382,-9.889294
EVT0094869,BMW00421,WBA00000000000421,2026-11-26 09:40:00,13.78,81.55,45.7,51.055847,134.712442
EVT0089088,BMW00665,WBA00000000000665,2026-11-06 07:55:00,11.17,23.73,38.75,49.324909,-4.923327
EVT0068677,BMW00030,WBA00000000000030,2026-08-27 11:00:00,35.99,68.2,-7.48,40.628773,42.333315
EVT0004919,BMW00673,WBA00000000000673,2026-01-18 01:50:00,18.46,143.85,44.31,41.059575,20.152451
EVT0086688,BMW00689,WBA00000000000689,2026-10-28 23:55:00,95.86,78.67,2.96,24.351533,86.174095
EVT0058979,BMW00427,WBA00000000000427,2026-07-24 18:50:00,43.02,54.97,22.0,20.561561,-27.52697
EVT0096650,BMW00826,WBA00000000000826,2026-12-02 14:05:00,95.66,20.84,10.91,34.010791,-112.647001
EVT0009551,BMW00232,WBA00000000000232,2026-02-03 03:50:00,50.47,22.89,4.85,51.664689,-16.170439
EVT0079104,BMW00993,WBA00000000000993,2026-10-02 15:55:00,44.05,153.58,39.96,19.789568,-19.150166
EVT0077446,BMW00593,WBA00000000000593,2026-09-26 21:45:00,53.56,50.99,41.89,34.739081,143.431241
EVT0056309,BMW00808,WBA00000000000808,2026-07-15 12:20:00,50.03,117.57,20.62,16.355841,-19.429876
EVT0041723,BMW00838,WBA00000000000838,2026-05-25 20:50:00,14.75,103.16,-4.41,13.338478,-36.208146
EVT0052127,BMW00840,WBA00000000000840,2026-06-30 23:50:00,52.63,8.16,23.42,33.746409,27.650377
EVT0086279,BMW00070,WBA00000000000070,2026-10-27 13:50:00,82.01,100.64,12.44,30.694703,80.65347
EVT0091523,BMW00847,WBA00000000000847,2026-11-14 18:50:00,52.42,144.4,45.51,49.728228,99.125069
EVT0020569,BMW00994,WBA00000000000994,2026-03-13 10:00:00,55.22,82.22,6.32,36.75515,-89.000921
EVT0029991,BMW00470,WBA00000000000470,2026-04-15 03:10:00,60.31,137.01,38.21,37.318995,-44.076976
EVT0086807,BMW00703,WBA00000000000703,2026-10-29 09:50:00,37.92,139.23,0.95,36.794808,16.830093
EVT0039316,BMW00236,WBA00000000000236,2026-05-17 12:15:00,57.39,101.91,-6.17,43.710324,-113.62195
EVT0051685,BMW00247,WBA00000000000247,2026-06-29 11:00:00,44.13,89.99,38.21,23.794001,-107.93517
EVT0039786,BMW00553,WBA00000000000553,2026-05-19 03:25:00,19.08,117.56,51.11,52.558541,114.312874
EVT0077780,BMW00343,WBA00000000000343,2026-09-28 01:35:00,68.3,93.6,45.28,10.988852,-22.60344
EVT0050915,BMW00596,WBA00000000000596,2026-06-26 18:50:00,95.41,58.39,49.34,33.249895,-62.679496
EVT0002556,BMW00079,WBA00000000000079,2026-01-09 20:55:00,74.14,117.63,18.14,38.443241,-118.105667
EVT0065322,BMW00222,WBA00000000000222,2026-08-15 19:25:00,97.71,8.42,7.45,41.358297,89.776068
EVT0002655,BMW00130,WBA00000000000130,2026-01-10 05:10:00,93.06,49.3,39.59,45.385381,145.795462
EVT0048600,BMW00998,WBA00000000000998,2026-06-18 17:55:00,55.77,25.45,16.41,12.792877,-57.344675
EVT0025414,BMW00646,WBA00000000000646,2026-03-30 05:45:00,57.29,40.15,49.95,8.389334,95.301803
EVT0016202,BMW00731,WBA00000000000731,2026-02-26 06:05:00,40.7,9.9,21.47,51.257963,-62.369924
EVT0020058,BMW00656,WBA00000000000656,2026-03-11 15:25:00,87.43,40.01,4.21,29.798123,109.809476
EVT0037354,BMW00139,WBA00000000000139,2026-05-10 16:45:00,32.88,63.44,-2.2,41.443235,-25.066841
EVT0025856,BMW00722,WBA00000000000722,2026-03-31 18:35:00,74.51,20.62,13.63,43.397637,138.655284
EVT0091561,BMW00361,WBA00000000000361,2026-11-14 22:00:00,61.91,49.55,9.75,29.000678,122.181656
EVT0061181,BMW00138,WBA00000000000138,2026-08-01 10:20:00,83.79,26.12,-6.69,35.02933,135.382455
EVT0076547,BMW00873,WBA00000000000873,2026-09-23 18:50:00,76.62,85.18,40.0,22.260929,68.82403
EVT0090023,BMW00941,WBA00000000000941,2026-11-09 13:50:00,51.91,112.25,4.26,19.247227,137.492216
EVT0056300,BMW00333,WBA00000000000333,2026-07-15 11:35:00,98.03,131.42,-2.21,15.088548,-28.584225
EVT0069531,BMW00446,WBA00000000000446,2026-08-30 10:10:00,89.11,33.56,1.18,34.455889,-36.549391
EVT0038407,BMW00445,WBA00000000000445,2026-05-14 08:30:00,40.62,11.16,0.25,27.982347,94.600111
EVT0080677,BMW00478,WBA00000000000478,2026-10-08 03:00:00,22.58,0.43,38.72,30.910906,12.584788
EVT0001874,BMW00329,WBA00000000000329,2026-01-07 12:05:00,95.3,9.96,22.5,31.595904,51.05539
EVT0036598,BMW00504,WBA00000000000504,2026-05-08 01:45:00,61.35,73.4,26.94,52.049968,-30.127065
EVT0042171,BMW00444,WBA00000000000444,2026-05-27 10:10:00,28.15,133.8,42.76,21.2754,113.727998
EVT0040035,BMW00321,WBA00000000000321,2026-05-20 00:10:00,41.98,6.2,31.62,20.894473,142.037669
EVT0073592,BMW00707,WBA00000000000707,2026-09-13 12:35:00,14.81,119.53,14.23,39.20977,71.938392
EVT0005088,BMW00398,WBA00000000000398,2026-01-18 15:55:00,88.1,130.35,9.55,28.958761,-60.821276
EVT0081607,BMW00581,WBA00000000000581,2026-10-11 08:30:00,68.87,139.38,20.48,28.491725,5.771495
EVT0036282,BMW00845,WBA00000000000845,2026-05-06 23:25:00,19.03,101.85,33.54,43.459423,-115.534799
EVT0021896,BMW00127,WBA00000000000127,2026-03-18 00:35:00,29.27,118.39,9.69,31.702913,125.834798
EVT0079968,BMW00015,WBA00000000000015,2026-10-05 15:55:00,66.39,105.2,43.27,16.261209,108.132196
EVT0038551,BMW00949,WBA00000000000949,2026-05-14 20:30:00,21.55,101.95,51.36,41.161913,-77.856246
EVT0092594,BMW00930,WBA00000000000930,2026-11-18 12:05:00,77.3,58.66,17.41,49.003568,70.652632
EVT0061685,BMW00533,WBA00000000000533,2026-08-03 04:20:00,41.92,37.64,11.56,26.095578,149.15774
EVT0059676,BMW00578,WBA00000000000578,2026-07-27 04:55:00,51.61,88.59,-8.36,8.956276,-22.007378
EVT0006997,BMW00064,WBA00000000000064,2026-01-25 07:00:00,72.76,106.27,-2.82,53.628722,126.827582
EVT0020993,BMW00856,WBA00000000000856,2026-03-14 21:20:00,87.12,19.54,20.87,36.148904,48.472488
EVT0062517,BMW00496,WBA00000000000496,2026-08-06 01:40:00,78.51,110.76,15.14,36.460706,12.109378
EVT0085002,BMW00687,WBA00000000000687,2026-10-23 03:25:00,57.42,142.24,34.75,26.951931,13.425814
EVT0097647,BMW00249,WBA00000000000249,2026-12-06 01:10:00,78.6,135.41,31.28,33.358834,-16.443643
EVT0049831,BMW00949,WBA00000000000949,2026-06-23 00:30:00,42.55,30.1,21.26,8.544771,-42.152735
EVT0052433,BMW00736,WBA00000000000736,2026-07-02 01:20:00,16.31,0.62,-4.92,18.559032,-57.384584
EVT0089579,BMW00547,WBA00000000000547,2026-11-08 00:50:00,78.93,144.3,42.25,21.194805,-15.893255
EVT0053070,BMW00608,WBA00000000000608,2026-07-04 06:25:00,76.67,142.61,15.28,26.325281,121.645268
EVT0088696,BMW00637,WBA00000000000637,2026-11-04 23:15:00,87.62,15.27,53.84,12.704485,73.236512
EVT0015005,BMW00565,WBA00000000000565,2026-02-22 02:20:00,62.86,138.01,50.75,12.386593,134.208368
EVT0052044,BMW00306,WBA00000000000306,2026-06-30 16:55:00,54.64,70.91,35.64,10.321441,26.943227
EVT0042309,BMW00481,WBA00000000000481,2026-05-27 21:40:00,29.97,158.83,-7.08,11.911064,-85.591477
EVT0053120,BMW00136,WBA00000000000136,2026-07-04 10:35:00,77.32,50.67,5.61,28.811534,84.486907
EVT0095812,BMW00227,WBA00000000000227,2026-11-29 16:15:00,94.38,134.7,-5.53,43.326146,39.889245
EVT0024606,BMW00284,WBA00000000000284,2026-03-27 10:25:00,53.57,157.51,27.63,9.848237,130.020689
EVT0037952,BMW00144,WBA00000000000144,2026-05-12 18:35:00,76.58,44.57,6.32,22.773308,79.069053
EVT0006084,BMW00550,WBA00000000000550,2026-01-22 02:55:00,43.74,2.17,26.13,49.167137,-92.128866
EVT0028069,BMW00144,WBA00000000000144,2026-04-08 11:00:00,26.69,0.81,19.93,8.70254,70.788794
EVT0088671,BMW00671,WBA00000000000671,2026-11-04 21:10:00,89.88,46.12,19.75,12.115508,24.813751
EVT0035279,BMW00762,WBA00000000000762,2026-05-03 11:50:00,11.05,145.28,42.87,28.798344,112.351228
EVT0081671,BMW00385,WBA00000000000385,2026-10-11 13:50:00,57.3,13.5,3.88,35.793918,-58.692752
EVT0008433,BMW00626,WBA00000000000626,2026-01-30 06:40:00,33.37,93.87,37.95,15.245714,64.944142
EVT0001236,BMW00674,WBA00000000000674,2026-01-05 06:55:00,50.33,129.75,46.58,30.08778,-54.522507
EVT0011996,BMW00915,WBA00000000000915,2026-02-11 15:35:00,90.87,150.86,30.44,54.047514,56.965189
EVT0090521,BMW00818,WBA00000000000818,2026-11-11 07:20:00,40.03,99.23,34.61,20.317642,144.29633
EVT0006502,BMW00037,WBA00000000000037,2026-01-23 13:45:00,83.62,148.28,31.28,30.368457,108.540389
EVT0002923,BMW00529,WBA00000000000529,2026-01-11 03:30:00,18.56,33.28,49.03,40.824005,101.576446
EVT0071099,BMW00772,WBA00000000000772,2026-09-04 20:50:00,76.1,123.79,16.83,47.070507,-41.048716
EVT0039391,BMW00066,WBA00000000000066,2026-05-17 18:30:00,55.37,82.38,53.67,27.168613,2.655189
EVT0044968,BMW00511,WBA00000000000511,2026-06-06 03:15:00,37.29,66.03,54.84,36.891409,-59.806645
EVT0059641,BMW00493,WBA00000000000493,2026-07-27 02:00:00,15.1,135.97,42.55,31.061464,126.578164
EVT0021768,BMW00025,WBA00000000000025,2026-03-17 13:55:00,31.12,56.17,23.08,49.36153,-113.962615
EVT0018755,BMW00182,WBA00000000000182,2026-03-07 02:50:00,45.56,144.65,10.08,42.028426,43.031043
EVT0049282,BMW00803,WBA00000000000803,2026-06-21 02:45:00,60.06,128.04,9.05,23.602215,-13.613358
EVT0000950,BMW00506,WBA00000000000506,2026-01-04 07:05:00,19.3,53.42,34.18,20.102203,-8.364493
EVT0073439,BMW00124,WBA00000000000124,2026-09-12 23:50:00,22.46,27.41,35.4,28.637293,-115.695412
EVT0022611,BMW00406,WBA00000000000406,2026-03-20 12:10:00,35.46,105.58,28.06,16.148993,133.620837
EVT0015322,BMW00147,WBA00000000000147,2026-02-23 04:45:00,78.91,39.16,49.49,53.886969,57.584017
EVT0000855,BMW00412,WBA00000000000412,2026-01-03 23:10:00,81.34,62.73,35.13,8.414588,80.695254
EVT0048318,BMW00962,WBA00000000000962,2026-06-17 18:25:00,75.88,51.32,5.41,43.474549,101.409683
EVT0069708,BMW00710,WBA00000000000710,2026-08-31 00:55:00,69.11,98.45,25.57,42.086404,32.818419
EVT0017792,BMW00680,WBA00000000000680,2026-03-03 18:35:00,15.14,148.6,11.97,13.19685,-75.911849
EVT0058610,BMW00486,WBA00000000000486,2026-07-23 12:05:00,67.26,105.29,43.39,47.289976,-89.218016
EVT0080866,BMW00318,WBA00000000000318,2026-10-08 18:45:00,40.09,11.83,-3.41,20.073222,-90.644992
EVT0060237,BMW00013,WBA00000000000013,2026-07-29 03:40:00,10.05,24.25,44.21,51.445193,48.332859
EVT0093911,BMW00587,WBA00000000000587,2026-11-23 01:50:00,30.8,50.29,23.57,18.802256,-78.557489
EVT0016059,BMW00693,WBA00000000000693,2026-02-25 18:10:00,46.06,139.33,-7.39,35.541057,5.614704
EVT0096845,BMW00948,WBA00000000000948,2026-12-03 06:20:00,29.39,151.34,27.71,27.734502,-37.093673
EVT0085114,BMW00698,WBA00000000000698,2026-10-23 12:45:00,65.81,123.09,0.08,21.590671,-101.523798
EVT0057100,BMW00737,WBA00000000000737,2026-07-18 06:15:00,86.81,118.01,20.95,39.524641,6.389361
EVT0088663,BMW00035,WBA00000000000035,2026-11-04 20:30:00,34.62,39.43,21.51,39.113525,-71.363339
EVT0022691,BMW00377,WBA00000000000377,2026-03-20 18:50:00,40.17,144.86,28.27,9.993274,-116.839878
EVT0038299,BMW00487,WBA00000000000487,2026-05-13 23:30:00,60.09,150.58,51.0,52.45838,-31.8275
EVT0083197,BMW00410,WBA00000000000410,2026-10-16 21:00:00,23.54,112.15,1.05,25.123064,69.052152
EVT0047282,BMW00188,WBA00000000000188,2026-06-14 04:05:00,32.73,20.46,40.87,16.800589,94.106066
EVT0006038,BMW00146,WBA00000000000146,2026-01-21 23:05:00,35.13,82.41,5.14,48.798806,125.893756
EVT0073615,BMW00328,WBA00000000000328,2026-09-13 14:30:00,43.24,85.99,15.73,51.318248,69.242432
EVT0082818,BMW00474,WBA00000000000474,2026-10-15 13:25:00,87.98,115.72,16.07,24.908964,58.801569
EVT0043477,BMW00203,WBA00000000000203,2026-05-31 23:00:00,49.3,33.74,-7.17,51.032216,37.462744
EVT0015703,BMW00375,WBA00000000000375,2026-02-24 12:30:00,46.01,118.31,-4.79,19.471531,118.084171
EVT0055038,BMW00536,WBA00000000000536,2026-07-11 02:25:00,80.94,111.85,16.11,18.944454,-56.17512
EVT0011035,BMW00179,WBA00000000000179,2026-02-08 07:30:00,51.52,27.8,0.07,27.134008,-72.666921
EVT0068281,BMW00984,WBA00000000000984,2026-08-26 02:00:00,50.75,157.43,20.52,20.918014,-119.929034
EVT0079118,BMW00202,WBA00000000000202,2026-10-02 17:05:00,10.64,131.96,-1.89,23.401083,112.743362
EVT0091754,BMW00124,WBA00000000000124,2026-11-15 14:05:00,96.39,107.17,21.74,8.445931,92.959156
EVT0010426,BMW00426,WBA00000000000426,2026-02-06 04:45:00,13.3,10.19,1.32,44.811885,-67.439026
EVT0080380,BMW00598,WBA00000000000598,2026-10-07 02:15:00,31.09,29.26,38.6,13.779864,-119.820234
EVT0093554,BMW00344,WBA00000000000344,2026-11-21 20:05:00,30.74,14.96,46.27,32.606464,-14.108774
EVT0014175,BMW00200,WBA00000000000200,2026-02-19 05:10:00,49.62,66.77,54.47,15.911243,19.41071
EVT0092758,BMW00608,WBA00000000000608,2026-11-19 01:45:00,50.1,147.67,30.71,30.13428,119.383619
EVT0066561,BMW00369,WBA00000000000369,2026-08-20 02:40:00,76.66,38.81,2.75,8.015434,47.683722
EVT0031778,BMW00805,WBA00000000000805,2026-04-21 08:05:00,22.59,147.52,37.1,28.89495,101.063223
EVT0057138,BMW00271,WBA00000000000271,2026-07-18 09:25:00,93.18,49.65,14.16,34.03555,1.909841
EVT0055364,BMW00404,WBA00000000000404,2026-07-12 05:35:00,13.13,84.84,1.69,38.117046,-31.688867
EVT0005304,BMW00088,WBA00000000000088,2026-01-19 09:55:00,83.83,127.55,-4.68,27.426813,147.659675
EVT0070891,BMW00053,WBA00000000000053,2026-09-04 03:30:00,68.24,2.7,3.76,33.260376,-15.340094
EVT0065116,BMW00299,WBA00000000000299,2026-08-15 02:15:00,65.6,150.87,1.67,46.300785,-84.065208
EVT0096544,BMW00810,WBA00000000000810,2026-12-02 05:15:00,11.59,2.93,48.69,11.536936,-95.517027
EVT0077150,BMW00760,WBA00000000000760,2026-09-25 21:05:00,36.1,107.1,-8.67,45.274961,101.706163
EVT0052813,BMW00059,WBA00000000000059,2026-07-03 09:00:00,70.57,132.76,1.87,15.116814,-58.190021
EVT0025898,BMW00924,WBA00000000000924,2026-03-31 22:05:00,10.49,158.35,-0.86,10.854807,-8.261224
EVT0008708,BMW00408,WBA00000000000408,2026-01-31 05:35:00,16.03,100.47,39.19,21.808828,-54.550089
EVT0086284,BMW00659,WBA00000000000659,2026-10-27 14:15:00,44.38,58.7,35.0,25.412573,8.46248
EVT0007710,BMW00274,WBA00000000000274,2026-01-27 18:25:00,71.26,119.09,52.03,40.099474,104.39391
EVT0087537,BMW00185,WBA00000000000185,2026-10-31 22:40:00,40.45,68.82,52.57,19.062505,85.325779
EVT0003562,BMW00008,WBA00000000000008,2026-01-13 08:45:00,44.46,77.12,43.75,19.242866,-18.053504
EVT0039347,BMW00477,WBA00000000000477,2026-05-17 14:50:00,66.18,19.45,15.85,35.482949,-49.444413
EVT0026794,BMW00180,WBA00000000000180,2026-04-04 00:45:00,73.05,23.42,48.32,12.591632,-90.089981
EVT0052879,BMW00141,WBA00000000000141,2026-07-03 14:30:00,37.42,26.07,0.27,17.093229,59.429355
EVT0019557,BMW00438,WBA00000000000438,2026-03-09 21:40:00,24.12,150.17,3.12,15.760687,-62.063314
EVT0022499,BMW00699,WBA00000000000699,2026-03-20 02:50:00,36.15,122.66,19.07,32.735344,84.945622
EVT0038260,BMW00118,WBA00000000000118,2026-05-13 20:15:00,63.06,118.91,9.66,35.018951,5.845428
EVT0036276,BMW00106,WBA00000000000106,2026-05-06 22:55:00,65.73,21.82,0.13,47.424574,96.724006
EVT0059312,BMW00612,WBA00000000000612,2026-07-25 22:35:00,62.16,84.77,-2.66,14.14989,-78.549603
EVT0020539,BMW00399,WBA00000000000399,2026-03-13 07:30:00,88.4,26.38,36.95,17.454665,6.045611
EVT0065080,BMW00507,WBA00000000000507,2026-08-14 23:15:00,48.97,40.17,52.79,27.203596,90.961466
EVT0046538,BMW00990,WBA00000000000990,2026-06-11 14:05:00,88.22,73.19,45.18,30.63389,97.373678
EVT0018422,BMW00615,WBA00000000000615,2026-03-05 23:05:00,13.61,62.83,16.87,53.507324,74.561491
EVT0074125,BMW00193,WBA00000000000193,2026-09-15 09:00:00,17.18,43.63,2.1,10.035941,63.019693
EVT0030850,BMW00963,WBA00000000000963,2026-04-18 02:45:00,63.34,2.95,26.7,27.401526,-108.094047
EVT0065954,BMW00042,WBA00000000000042,2026-08-18 00:05:00,13.35,45.99,36.33,38.989176,-8.974738
EVT0020574,BMW00711,WBA00000000000711,2026-03-13 10:25:00,11.25,157.77,8.48,13.971323,-1.369672
EVT0038746,BMW00353,WBA00000000000353,2026-05-15 12:45:00,67.51,98.99,50.47,48.717288,51.829
EVT0003497,BMW00977,WBA00000000000977,2026-01-13 03:20:00,50.49,26.62,-8.04,25.848495,94.256677
EVT0004548,BMW00447,WBA00000000000447,2026-01-16 18:55:00,20.55,146.74,10.99,47.741852,81.173557
EVT0093389,BMW00973,WBA00000000000973,2026-11-21 06:20:00,21.66,149.17,6.33,36.829745,-99.774562
EVT0055073,BMW00652,WBA00000000000652,2026-07-11 05:20:00,79.55,8.5,18.53,23.593059,-24.014223
EVT0050493,BMW00265,WBA00000000000265,2026-06-25 07:40:00,85.89,128.92,33.92,50.188859,138.045166
EVT0087545,BMW00832,WBA00000000000832,2026-10-31 23:20:00,95.29,112.15,45.13,11.601565,-87.562016
EVT0016145,BMW00625,WBA00000000000625,2026-02-26 01:20:00,11.72,1.78,-5.15,52.20908,-49.630719
EVT0071484,BMW00325,WBA00000000000325,2026-09-06 04:55:00,36.9,9.67,-3.55,31.184995,60.47957
EVT0029349,BMW00810,WBA00000000000810,2026-04-12 21:40:00,79.61,45.12,33.46,44.87003,122.077978
EVT0015395,BMW00429,WBA00000000000429,2026-02-23 10:50:00,75.2,49.41,24.12,18.30136,22.608559
EVT0072110,BMW00949,WBA00000000000949,2026-09-08 09:05:00,32.04,77.53,26.65,9.691362,92.02453
EVT0027445,BMW00646,WBA00000000000646,2026-04-06 07:00:00,44.32,117.98,-0.49,11.914094,50.273072
EVT0035940,BMW00053,WBA00000000000053,2026-05-05 18:55:00,28.79,62.14,53.04,36.929034,-5.021355
EVT0049720,BMW00133,WBA00000000000133,2026-06-22 15:15:00,88.58,30.21,32.19,42.956321,-116.267822
EVT0012783,BMW00082,WBA00000000000082,2026-02-14 09:10:00,63.33,144.29,17.96,22.104068,141.542379
EVT0024646,BMW00381,WBA00000000000381,2026-03-27 13:45:00,55.74,29.76,37.72,20.697779,133.199545
EVT0087162,BMW00308,WBA00000000000308,2026-10-30 15:25:00,24.96,65.7,38.98,53.471997,136.66148
EVT0004821,BMW00800,WBA00000000000800,2026-01-17 17:40:00,70.15,41.82,27.49,10.734128,43.141163
EVT0003651,BMW00891,WBA00000000000891,2026-01-13 16:10:00,68.33,156.44,34.56,53.634093,-13.395541
EVT0011186,BMW00265,WBA00000000000265,2026-02-08 20:05:00,44.46,128.36,42.36,27.193398,16.124011
EVT0088370,BMW00102,WBA00000000000102,2026-11-03 20:05:00,63.95,152.47,12.75,26.914513,120.053172
EVT0092679,BMW00544,WBA00000000000544,2026-11-18 19:10:00,66.24,151.21,-0.92,22.018229,59.029519
EVT0013384,BMW00293,WBA00000000000293,2026-02-16 11:15:00,70.24,1.04,11.58,19.27681,-9.983984
EVT0034213,BMW00656,WBA00000000000656,2026-04-29 19:00:00,73.47,131.83,29.16,21.540503,98.174491
EVT0048241,BMW00714,WBA00000000000714,2026-06-17 12:00:00,77.32,59.91,24.08,19.773025,25.232837
EVT0055211,BMW00297,WBA00000000000297,2026-07-11 16:50:00,87.59,122.41,18.14,30.159899,104.293811
EVT0037494,BMW00978,WBA00000000000978,2026-05-11 04:25:00,55.0,74.98,39.51,15.156744,66.079674
EVT0043817,BMW00292,WBA00000000000292,2026-06-02 03:20:00,79.04,52.15,-0.85,18.933567,127.663553
EVT0069886,BMW00163,WBA00000000000163,2026-08-31 15:45:00,29.06,33.49,48.16,40.863176,-99.181772
EVT0062327,BMW00346,WBA00000000000346,2026-08-05 09:50:00,93.86,134.64,-1.81,10.10905,-75.271885
EVT0055197,BMW00022,WBA00000000000022,2026-07-11 15:40:00,70.49,45.99,-0.3,51.831143,71.639089
EVT0083036,BMW00121,WBA00000000000121,2026-10-16 07:35:00,71.98,149.5,-1.0,10.860108,-41.010682
EVT0027670,BMW00746,WBA00000000000746,2026-04-07 01:45:00,37.64,16.6,-2.71,21.967587,-34.025153
EVT0025673,BMW00248,WBA00000000000248,2026-03-31 03:20:00,68.76,44.24,37.48,51.988154,138.988668
EVT0018470,BMW00837,WBA00000000000837,2026-03-06 03:05:00,54.86,134.28,28.77,13.383604,111.93332
EVT0073860,BMW00084,WBA00000000000084,2026-09-14 10:55:00,22.85,57.29,6.24,12.921551,104.460594
EVT0017920,BMW00006,WBA00000000000006,2026-03-04 05:15:00,61.29,155.0,40.28,33.063849,-30.348672
EVT0039541,BMW00836,WBA00000000000836,2026-05-18 07:00:00,99.44,13.87,5.49,11.266908,135.511272
EVT0032102,BMW00676,WBA00000000000676,2026-04-22 11:05:00,26.41,125.8,19.59,36.881532,45.647264
EVT0082167,BMW00970,WBA00000000000970,2026-10-13 07:10:00,44.92,144.26,32.98,13.230929,-90.18638
EVT0076314,BMW00411,WBA00000000000411,2026-09-22 23:25:00,26.68,43.15,0.96,48.183423,131.415875
EVT0021959,BMW00165,WBA00000000000165,2026-03-18 05:50:00,55.94,32.54,34.75,39.907039,49.197507
EVT0029022,BMW00058,WBA00000000000058,2026-04-11 18:25:00,94.23,149.29,42.64,22.081531,-94.859246
EVT0023054,BMW00522,WBA00000000000522,2026-03-22 01:05:00,43.3,108.74,22.44,17.017468,136.412666
EVT0016860,BMW00360,WBA00000000000360,2026-02-28 12:55:00,89.51,24.42,0.82,23.058484,116.759042
EVT0033685,BMW00226,WBA00000000000226,2026-04-27 23:00:00,90.96,40.66,-8.82,33.274946,57.280028
EVT0098220,BMW00526,WBA00000000000526,2026-12-08 00:55:00,21.06,61.82,7.21,18.256669,20.792247
EVT0053475,BMW00922,WBA00000000000922,2026-07-05 16:10:00,67.74,128.45,49.4,31.687927,8.420685
EVT0028872,BMW00596,WBA00000000000596,2026-04-11 05:55:00,16.02,116.08,11.4,17.434528,-116.211909
EVT0062287,BMW00980,WBA00000000000980,2026-08-05 06:30:00,77.25,49.01,47.81,53.482908,22.251005
EVT0034751,BMW00270,WBA00000000000270,2026-05-01 15:50:00,18.76,9.78,-8.27,30.70555,-72.697938
EVT0038689,BMW00783,WBA00000000000783,2026-05-15 08:00:00,50.31,3.49,27.62,31.142672,113.253307
EVT0062295,BMW00961,WBA00000000000961,2026-08-05 07:10:00,19.94,23.79,53.54,27.295879,110.019498
EVT0078161,BMW00336,WBA00000000000336,2026-09-29 09:20:00,43.57,42.02,47.15,13.208456,-97.76132
EVT0053351,BMW00094,WBA00000000000094,2026-07-05 05:50:00,15.06,149.8,-3.35,18.05879,126.761059
EVT0008256,BMW00584,WBA00000000000584,2026-01-29 15:55:00,48.32,144.85,-1.42,18.839538,88.249193
EVT0048290,BMW00858,WBA00000000000858,2026-06-17 16:05:00,30.41,25.57,-2.34,23.882714,89.645623
EVT0092044,BMW00952,WBA00000000000952,2026-11-16 14:15:00,24.06,88.55,21.06,14.871215,-32.936059
EVT0033717,BMW00786,WBA00000000000786,2026-04-28 01:40:00,19.93,134.56,37.71,27.865477,-108.35432
EVT0067628,BMW00699,WBA00000000000699,2026-08-23 19:35:00,39.77,148.51,14.05,32.241134,-52.188556
EVT0034102,BMW00741,WBA00000000000741,2026-04-29 09:45:00,21.91,48.32,34.18,13.446355,-71.466793
EVT0040522,BMW00750,WBA00000000000750,2026-05-21 16:45:00,49.63,63.69,33.34,40.371255,61.408809
EVT0079076,BMW00876,WBA00000000000876,2026-10-02 13:35:00,22.76,101.14,12.71,53.721092,-18.759473
EVT0063014,BMW00033,WBA00000000000033,2026-08-07 19:05:00,68.21,18.2,6.69,39.104543,88.667706
EVT0010053,BMW00572,WBA00000000000572,2026-02-04 21:40:00,85.3,157.69,28.62,16.973004,70.941413
EVT0029340,BMW00150,WBA00000000000150,2026-04-12 20:55:00,26.64,139.97,34.44,34.078212,-64.381351
EVT0075795,BMW00563,WBA00000000000563,2026-09-21 04:10:00,36.0,99.17,42.89,19.4335,20.189776
EVT0012444,BMW00493,WBA00000000000493,2026-02-13 04:55:00,83.43,159.29,6.53,36.709666,-72.467224
EVT0035451,BMW00671,WBA00000000000671,2026-05-04 02:10:00,13.8,77.45,10.06,51.103712,127.502273
EVT0033712,BMW00010,WBA00000000000010,2026-04-28 01:15:00,63.37,126.28,36.45,29.003303,-66.632491
EVT0097292,BMW00148,WBA00000000000148,2026-12-04 19:35:00,97.2,7.67,45.53,11.699155,133.107188
EVT0034141,BMW00777,WBA00000000000777,2026-04-29 13:00:00,94.53,123.42,17.69,9.676343,43.347253
EVT0013812,BMW00611,WBA00000000000611,2026-02-17 22:55:00,32.97,109.04,45.94,24.877016,-79.871307
EVT0079181,BMW00612,WBA00000000000612,2026-10-02 22:20:00,82.24,39.9,28.92,43.905005,-105.821415
EVT0095807,BMW00056,WBA00000000000056,2026-11-29 15:50:00,78.67,82.73,53.86,33.202381,-89.427962
EVT0088654,BMW00707,WBA00000000000707,2026-11-04 19:45:00,91.24,47.84,44.66,36.114432,-51.202457
EVT0041070,BMW00545,WBA00000000000545,2026-05-23 14:25:00,13.2,18.7,47.02,33.23634,-16.993171
EVT0004740,BMW00636,WBA00000000000636,2026-01-17 10:55:00,18.63,30.94,52.62,37.136582,-97.671913
EVT0093356,BMW00352,WBA00000000000352,2026-11-21 03:35:00,54.34,114.93,18.08,48.620671,23.822965
EVT0060742,BMW00704,WBA00000000000704,2026-07-30 21:45:00,62.4,30.37,39.57,51.143599,135.300109
EVT0036298,BMW00530,WBA00000000000530,2026-05-07 00:45:00,93.78,81.65,26.25,33.785993,-25.218606
EVT0017912,BMW00022,WBA00000000000022,2026-03-04 04:35:00,32.99,116.55,50.11,33.748338,-35.459985
EVT0047421,BMW00913,WBA00000000000913,2026-06-14 15:40:00,39.6,141.73,1.03,37.72155,-4.956276
EVT0011824,BMW00501,WBA00000000000501,2026-02-11 01:15:00,28.59,120.5,53.33,27.652801,55.718894
EVT0077319,BMW00350,WBA00000000000350,2026-09-26 11:10:00,22.16,23.35,0.3,54.729131,31.194538
EVT0003219,BMW00490,WBA00000000000490,2026-01-12 04:10:00,18.87,94.33,39.95,35.032034,-17.946406
EVT0083421,BMW00359,WBA00000000000359,2026-10-17 15:40:00,98.17,145.8,28.38,27.12929,61.851004
EVT0089468,BMW00684,WBA00000000000684,2026-11-07 15:35:00,44.18,148.66,33.65,16.893072,57.278242
EVT0023805,BMW00827,WBA00000000000827,2026-03-24 15:40:00,62.71,140.68,19.75,50.158585,116.692177
EVT0035770,BMW00490,WBA00000000000490,2026-05-05 04:45:00,74.75,84.33,-5.16,37.973307,-108.958853
EVT0078466,BMW00483,WBA00000000000483,2026-09-30 10:45:00,76.8,141.06,42.87,40.997972,92.372484
EVT0088393,BMW00487,WBA00000000000487,2026-11-03 22:00:00,47.76,44.08,6.96,15.699407,-45.657872
EVT0002306,BMW00310,WBA00000000000310,2026-01-09 00:05:00,84.57,110.44,20.54,52.742346,83.702501
EVT0057543,BMW00277,WBA00000000000277,2026-07-19 19:10:00,60.7,125.0,25.44,10.741382,121.354332
EVT0007945,BMW00765,WBA00000000000765,2026-01-28 14:00:00,86.62,138.5,-3.64,50.942854,-70.073402
EVT0010805,BMW00797,WBA00000000000797,2026-02-07 12:20:00,21.98,10.0,1.6,52.161627,-11.383565
EVT0012962,BMW00533,WBA00000000000533,2026-02-15 00:05:00,28.29,143.75,16.61,28.742303,127.012752
EVT0039494,BMW00096,WBA00000000000096,2026-05-18 03:05:00,26.4,80.41,27.78,11.389755,121.742719
EVT0098605,BMW00645,WBA00000000000645,2026-12-09 09:00:00,92.05,75.82,21.91,40.945624,-5.091867
EVT0073204,BMW00952,WBA00000000000952,2026-09-12 04:15:00,93.33,121.59,10.31,20.886899,-80.845857
EVT0079978,BMW00593,WBA00000000000593,2026-10-05 16:45:00,30.15,24.06,37.74,24.87723,130.539164
EVT0071160,BMW00783,WBA00000000000783,2026-09-05 01:55:00,80.5,103.27,34.69,8.118909,-95.179154
EVT0026522,BMW00299,WBA00000000000299,2026-04-03 02:05:00,57.55,16.54,17.19,34.596223,136.338821
EVT0054453,BMW00014,WBA00000000000014,2026-07-09 01:40:00,79.1,8.25,32.95,52.084847,-7.122953
EVT0003480,BMW00656,WBA00000000000656,2026-01-13 01:55:00,28.08,125.12,9.14,23.463656,-20.790342
EVT0080102,BMW00443,WBA00000000000443,2026-10-06 03:05:00,68.59,15.9,27.6,35.244572,66.268153
EVT0069843,BMW00658,WBA00000000000658,2026-08-31 12:10:00,57.69,127.03,26.21,9.607012,-100.839652
EVT0069107,BMW00789,WBA00000000000789,2026-08-28 22:50:00,47.13,67.22,33.46,37.529253,57.051982
EVT0083818,BMW00129,WBA00000000000129,2026-10-19 00:45:00,40.11,87.38,-4.27,52.353357,-33.516488
EVT0070745,BMW00212,WBA00000000000212,2026-09-03 15:20:00,64.08,72.33,35.89,54.315243,143.905863
EVT0086913,BMW00384,WBA00000000000384,2026-10-29 18:40:00,83.89,96.13,7.06,24.042245,108.797778
EVT0065531,BMW00617,WBA00000000000617,2026-08-16 12:50:00,35.34,126.48,30.71,16.874891,-103.465224
EVT0051064,BMW00150,WBA00000000000150,2026-06-27 07:15:00,91.85,103.24,47.91,42.961633,142.977811
EVT0038883,BMW00490,WBA00000000000490,2026-05-16 00:10:00,84.64,154.2,1.53,46.304504,-86.069255
EVT0030396,BMW00795,WBA00000000000795,2026-04-16 12:55:00,83.85,42.4,28.32,34.175578,92.243899
EVT0080185,BMW00823,WBA00000000000823,2026-10-06 10:00:00,76.11,153.3,47.71,8.331986,-72.316605
EVT0087825,BMW00507,WBA00000000000507,2026-11-01 22:40:00,39.95,133.94,20.27,37.136165,-100.013815
EVT0058474,BMW00412,WBA00000000000412,2026-07-23 00:45:00,85.57,118.4,8.15,43.61571,-21.254033
EVT0020996,BMW00355,WBA00000000000355,2026-03-14 21:35:00,26.37,87.54,30.53,18.186863,135.679569
EVT0073628,BMW00097,WBA00000000000097,2026-09-13 15:35:00,50.52,67.93,50.19,19.932567,-55.225029
EVT0044817,BMW00517,WBA00000000000517,2026-06-05 14:40:00,76.1,28.03,34.81,29.347885,39.597091
EVT0049539,BMW00980,WBA00000000000980,2026-06-22 00:10:00,85.8,135.22,-2.92,20.542279,46.346619
EVT0025311,BMW00794,WBA00000000000794,2026-03-29 21:10:00,62.46,131.5,13.95,26.27104,-103.898208
EVT0093652,BMW00446,WBA00000000000446,2026-11-22 04:15:00,70.15,39.5,-0.05,38.787234,-111.250036
EVT0002999,BMW00132,WBA00000000000132,2026-01-11 09:50:00,88.23,27.92,41.03,20.83691,43.069697
EVT0021938,BMW00148,WBA00000000000148,2026-03-18 04:05:00,57.36,147.65,17.06,37.276549,144.026387
EVT0063710,BMW00965,WBA00000000000965,2026-08-10 05:05:00,42.02,54.62,3.2,20.253934,-64.871487
EVT0060673,BMW00856,WBA00000000000856,2026-07-30 16:00:00,44.12,17.8,-9.92,17.879798,72.927676
EVT0003992,BMW00358,WBA00000000000358,2026-01-14 20:35:00,31.86,97.88,24.99,33.721356,74.929849
EVT0041663,BMW00852,WBA00000000000852,2026-05-25 15:50:00,59.86,6.13,31.46,43.6341,-112.239863
EVT0009844,BMW00198,WBA00000000000198,2026-02-04 04:15:00,80.19,60.35,11.9,37.671149,63.711385
EVT0051590,BMW00483,WBA00000000000483,2026-06-29 03:05:00,20.43,66.23,23.66,9.04486,109.597807
EVT0039064,BMW00361,WBA00000000000361,2026-05-16 15:15:00,45.06,70.51,28.99,24.177873,-52.251311
EVT0099952,BMW00212,WBA00000000000212,2026-12-14 01:15:00,65.6,38.82,37.56,46.98351,-119.617479
EVT0040472,BMW00580,WBA00000000000580,2026-05-21 12:35:00,81.81,137.39,11.71,24.934367,-115.271703
EVT0057534,BMW00395,WBA00000000000395,2026-07-19 18:25:00,92.59,36.34,43.93,19.11272,12.216657
EVT0005854,BMW00951,WBA00000000000951,2026-01-21 07:45:00,11.14,97.33,17.61,17.294691,48.704602
EVT0083429,BMW00935,WBA00000000000935,2026-10-17 16:20:00,32.75,65.07,27.74,13.844422,68.245354
EVT0011122,BMW00647,WBA00000000000647,2026-02-08 14:45:00,83.84,46.81,26.21,33.67847,123.454935
EVT0026436,BMW00828,WBA00000000000828,2026-04-02 18:55:00,84.15,103.59,8.95,48.929902,-14.904266
EVT0003636,BMW00788,WBA00000000000788,2026-01-13 14:55:00,22.9,137.93,-2.62,19.964094,-88.915853
EVT0027599,BMW00955,WBA00000000000955,2026-04-06 19:50:00,99.8,120.99,24.65,22.041242,-23.809823
EVT0016132,BMW00431,WBA00000000000431,2026-02-26 00:15:00,90.02,18.55,-6.43,16.630743,-40.078911
EVT0006619,BMW00338,WBA00000000000338,2026-01-23 23:30:00,79.76,45.25,12.67,32.923407,-98.007838
EVT0031685,BMW00910,WBA00000000000910,2026-04-21 00:20:00,24.6,133.58,52.7,20.749623,138.485044
EVT0079853,BMW00510,WBA00000000000510,2026-10-05 06:20:00,64.18,147.98,7.37,41.139898,-113.107784
EVT0045485,BMW00387,WBA00000000000387,2026-06-07 22:20:00,80.35,131.3,44.45,35.25954,12.693491
EVT0096960,BMW00578,WBA00000000000578,2026-12-03 15:55:00,27.25,23.25,32.21,53.308553,-38.856154
EVT0099167,BMW00902,WBA00000000000902,2026-12-11 07:50:00,34.62,70.71,-1.52,50.147819,107.668582
EVT0089168,BMW00085,WBA00000000000085,2026-11-06 14:35:00,41.64,62.29,33.81,31.943513,-87.526556
EVT0076475,BMW00422,WBA00000000000422,2026-09-23 12:50:00,35.36,58.98,9.18,45.377042,-47.445889
EVT0073302,BMW00633,WBA00000000000633,2026-09-12 12:25:00,68.1,19.12,-0.23,22.533141,-97.099509
EVT0022105,BMW00058,WBA00000000000058,2026-03-18 18:00:00,70.27,92.58,31.87,43.825875,45.439721
EVT0083584,BMW00463,WBA00000000000463,2026-10-18 05:15:00,34.61,77.94,37.37,34.156638,-115.096078
EVT0090541,BMW00117,WBA00000000000117,2026-11-11 09:00:00,25.42,155.78,42.43,16.841057,-22.098059
EVT0060885,BMW00184,WBA00000000000184,2026-07-31 09:40:00,26.22,125.93,6.84,26.740795,-77.031398
EVT0071289,BMW00707,WBA00000000000707,2026-09-05 12:40:00,85.01,10.75,4.56,54.540659,-88.610262
EVT0080968,BMW00228,WBA00000000000228,2026-10-09 03:15:00,75.03,133.5,5.73,14.280377,2.938669
EVT0001316,BMW00057,WBA00000000000057,2026-01-05 13:35:00,28.68,132.26,-4.28,37.114642,-119.032425
EVT0001576,BMW00422,WBA00000000000422,2026-01-06 11:15:00,87.44,56.72,18.49,53.151595,99.044293
EVT0023957,BMW00846,WBA00000000000846,2026-03-25 04:20:00,13.08,73.65,19.7,54.530527,7.692634
EVT0035870,BMW00385,WBA00000000000385,2026-05-05 13:05:00,55.05,64.92,52.74,23.89153,-70.756762
EVT0014335,BMW00952,WBA00000000000952,2026-02-19 18:30:00,63.62,36.49,40.83,37.057874,-110.0741
EVT0029816,BMW00326,WBA00000000000326,2026-04-14 12:35:00,50.19,5.67,29.49,37.495915,58.344347
EVT0004805,BMW00891,WBA00000000000891,2026-01-17 16:20:00,91.8,47.0,35.89,16.471778,-72.795416
EVT0002396,BMW00048,WBA00000000000048,2026-01-09 07:35:00,82.98,59.08,38.07,39.709916,72.919208
EVT0067507,BMW00035,WBA00000000000035,2026-08-23 09:30:00,81.98,55.91,31.42,19.420082,-4.572591
EVT0022312,BMW00186,WBA00000000000186,2026-03-19 11:15:00,29.3,90.49,24.76,50.272571,135.551321
EVT0021407,BMW00736,WBA00000000000736,2026-03-16 07:50:00,31.95,35.37,4.67,27.03751,148.569101
EVT0076777,BMW00947,WBA00000000000947,2026-09-24 14:00:00,35.36,36.37,6.76,45.741144,54.653967
EVT0047943,BMW00779,WBA00000000000779,2026-06-16 11:10:00,58.73,102.39,-3.69,48.169397,118.478453
EVT0059435,BMW00190,WBA00000000000190,2026-07-26 08:50:00,51.7,23.11,-6.14,21.310254,-28.12946
EVT0095771,BMW00709,WBA00000000000709,2026-11-29 12:50:00,62.19,49.31,26.11,17.793003,-60.422828
EVT0003671,BMW00679,WBA00000000000679,2026-01-13 17:50:00,25.71,91.95,34.03,25.992873,135.173697
EVT0064404,BMW00967,WBA00000000000967,2026-08-12 14:55:00,74.04,42.68,48.55,16.852149,98.668507
EVT0023114,BMW00518,WBA00000000000518,2026-03-22 06:05:00,62.0,146.15,20.82,9.214079,-108.399727
EVT0009967,BMW00169,WBA00000000000169,2026-02-04 14:30:00,86.54,101.45,17.12,25.479571,136.266695
EVT0051297,BMW00714,WBA00000000000714,2026-06-28 02:40:00,92.7,130.01,52.81,37.844033,98.845685
EVT0054275,BMW00595,WBA00000000000595,2026-07-08 10:50:00,98.93,71.74,26.86,37.376708,112.823524
EVT0020847,BMW00191,WBA00000000000191,2026-03-14 09:10:00,21.06,26.87,-4.29,26.042384,32.146089
EVT0018563,BMW00033,WBA00000000000033,2026-03-06 10:50:00,11.28,92.29,45.26,17.413193,-11.567085
EVT0094069,BMW00914,WBA00000000000914,2026-11-23 15:00:00,93.72,53.16,10.62,49.669487,-112.010354
EVT0086435,BMW00341,WBA00000000000341,2026-10-28 02:50:00,58.27,79.02,30.53,42.582682,-29.383437
EVT0001252,BMW00194,WBA00000000000194,2026-01-05 08:15:00,13.42,93.26,29.57,9.931115,-114.455125
EVT0062454,BMW00851,WBA00000000000851,2026-08-05 20:25:00,17.38,143.68,22.7,42.070851,67.158627
EVT0026328,BMW00642,WBA00000000000642,2026-04-02 09:55:00,66.51,43.92,-9.72,52.114726,54.859114
EVT0033481,BMW00896,WBA00000000000896,2026-04-27 06:00:00,69.62,0.4,23.88,38.468225,-89.420219
EVT0050531,BMW00957,WBA00000000000957,2026-06-25 10:50:00,96.89,74.38,-0.08,54.602852,-26.672845
EVT0011558,BMW00926,WBA00000000000926,2026-02-10 03:05:00,92.44,119.58,13.45,15.756758,-14.107376
EVT0068605,BMW00808,WBA00000000000808,2026-08-27 05:00:00,93.45,76.29,35.32,21.823095,-53.223116
EVT0060226,BMW00093,WBA00000000000093,2026-07-29 02:45:00,73.74,157.39,49.32,15.939814,52.850318
EVT0076446,BMW00479,WBA00000000000479,2026-09-23 10:25:00,62.34,36.93,50.59,20.95966,32.478006
EVT0059210,BMW00779,WBA00000000000779,2026-07-25 14:05:00,56.1,69.32,51.5,41.449067,42.189497
EVT0005943,BMW00646,WBA00000000000646,2026-01-21 15:10:00,44.39,69.54,38.07,39.242418,-4.816727
EVT0030610,BMW00172,WBA00000000000172,2026-04-17 06:45:00,27.59,92.21,24.62,14.54579,13.899234
EVT0025211,BMW00114,WBA00000000000114,2026-03-29 12:50:00,36.83,131.17,-1.12,14.751198,-78.871606
EVT0022339,BMW00044,WBA00000000000044,2026-03-19 13:30:00,89.3,96.83,0.98,39.113151,25.19009
EVT0074041,BMW00240,WBA00000000000240,2026-09-15 02:00:00,24.14,52.68,43.76,48.193772,16.368419
EVT0039870,BMW00432,WBA00000000000432,2026-05-19 10:25:00,95.33,23.4,-8.95,24.822717,117.900911
EVT0094376,BMW00467,WBA00000000000467,2026-11-24 16:35:00,38.77,100.36,46.29,48.897514,-112.364731
EVT0022484,BMW00599,WBA00000000000599,2026-03-20 01:35:00,19.13,48.39,19.51,42.976098,133.46749
EVT0087367,BMW00864,WBA00000000000864,2026-10-31 08:30:00,54.96,77.66,4.1,45.870146,-96.149616
EVT0085762,BMW00542,WBA00000000000542,2026-10-25 18:45:00,17.87,68.49,8.54,45.084238,37.213679
EVT0023310,BMW00404,WBA00000000000404,2026-03-22 22:25:00,86.57,138.68,3.7,14.696706,99.773896
EVT0008795,BMW00585,WBA00000000000585,2026-01-31 12:50:00,15.29,16.13,47.49,12.980528,-57.578574
EVT0002341,BMW00884,WBA00000000000884,2026-01-09 03:00:00,57.14,125.4,13.33,36.621289,106.979052
EVT0078879,BMW00693,WBA00000000000693,2026-10-01 21:10:00,84.16,6.31,42.2,50.19695,1.069178
EVT0079690,BMW00080,WBA00000000000080,2026-10-04 16:45:00,82.84,109.56,36.43,34.77347,-4.869515
EVT0068576,BMW00786,WBA00000000000786,2026-08-27 02:35:00,88.46,105.36,18.96,29.808204,-65.426014
EVT0024293,BMW00076,WBA00000000000076,2026-03-26 08:20:00,97.45,83.28,37.28,44.493873,-65.031595
EVT0056203,BMW00853,WBA00000000000853,2026-07-15 03:30:00,81.21,12.76,3.3,39.155298,131.196222
EVT0051515,BMW00941,WBA00000000000941,2026-06-28 20:50:00,16.1,126.45,-5.2,40.400954,-36.994821
EVT0054361,BMW00303,WBA00000000000303,2026-07-08 18:00:00,89.78,89.66,28.79,41.503747,-68.614579
EVT0036795,BMW00957,WBA00000000000957,2026-05-08 18:10:00,57.04,62.79,41.31,33.918038,-27.12382
EVT0014486,BMW00577,WBA00000000000577,2026-02-20 07:05:00,49.69,44.58,0.81,26.778726,10.941994
EVT0030801,BMW00819,WBA00000000000819,2026-04-17 22:40:00,99.29,125.18,37.23,22.336194,-78.686295
EVT0015907,BMW00291,WBA00000000000291,2026-02-25 05:30:00,47.88,2.19,4.26,28.278338,20.988385
EVT0075049,BMW00650,WBA00000000000650,2026-09-18 14:00:00,35.65,130.55,40.92,46.159343,104.120388
EVT0078990,BMW00650,WBA00000000000650,2026-10-02 06:25:00,17.53,56.27,-8.73,38.444306,141.507419
EVT0085209,BMW00263,WBA00000000000263,2026-10-23 20:40:00,33.98,107.17,19.08,12.630214,110.391192
EVT0020305,BMW00354,WBA00000000000354,2026-03-12 12:00:00,56.02,76.19,33.64,17.885117,-77.148991
EVT0093364,BMW00567,WBA00000000000567,2026-11-21 04:15:00,30.18,45.65,-7.34,22.14781,-107.124191
EVT0034457,BMW00983,WBA00000000000983,2026-04-30 15:20:00,21.21,16.73,33.44,32.100286,81.100985
EVT0039104,BMW00320,WBA00000000000320,2026-05-16 18:35:00,10.67,39.06,9.01,50.52347,-77.362082
EVT0058244,BMW00060,WBA00000000000060,2026-07-22 05:35:00,71.87,95.11,28.06,42.034648,139.997625
EVT0033668,BMW00409,WBA00000000000409,2026-04-27 21:35:00,37.71,84.3,36.82,10.060438,40.345101
EVT0032042,BMW00398,WBA00000000000398,2026-04-22 06:05:00,27.7,156.4,31.91,14.960897,-5.8098
EVT0027204,BMW00474,WBA00000000000474,2026-04-05 10:55:00,33.5,92.8,52.91,36.517377,57.992408
EVT0057349,BMW00906,WBA00000000000906,2026-07-19 03:00:00,72.25,88.58,29.16,26.284522,-112.283611
EVT0040088,BMW00274,WBA00000000000274,2026-05-20 04:35:00,14.57,86.45,25.36,50.794611,17.276249
EVT0031009,BMW00767,WBA00000000000767,2026-04-18 16:00:00,53.38,11.44,11.94,12.697439,-5.122066
EVT0055962,BMW00263,WBA00000000000263,2026-07-14 07:25:00,23.3,7.95,20.09,13.217027,128.011522
EVT0022068,BMW00910,WBA00000000000910,2026-03-18 14:55:00,52.33,44.32,24.81,33.501337,42.671736
EVT0027985,BMW00501,WBA00000000000501,2026-04-08 04:00:00,36.74,29.43,38.69,18.389632,40.684615
EVT0070176,BMW00930,WBA00000000000930,2026-09-01 15:55:00,32.59,97.95,0.34,27.219861,142.634571
EVT0082305,BMW00649,WBA00000000000649,2026-10-13 18:40:00,34.33,147.16,48.82,27.068521,131.713185
EVT0079117,BMW00337,WBA00000000000337,2026-10-02 17:00:00,47.32,98.05,-7.17,37.617414,-48.290763
EVT0039889,BMW00716,WBA00000000000716,2026-05-19 12:00:00,72.42,105.87,-1.87,51.926153,135.353342
EVT0026663,BMW00058,WBA00000000000058,2026-04-03 13:50:00,98.09,45.09,54.59,10.233692,22.676041
EVT0003369,BMW00490,WBA00000000000490,2026-01-12 16:40:00,90.2,86.42,-9.53,26.016576,-9.55637
EVT0037737,BMW00282,WBA00000000000282,2026-05-12 00:40:00,84.98,71.51,37.69,51.046492,-1.898545
EVT0064302,BMW00938,WBA00000000000938,2026-08-12 06:25:00,93.08,93.63,44.09,26.365869,-72.817548
EVT0063902,BMW00285,WBA00000000000285,2026-08-10 21:05:00,71.96,146.53,15.62,10.295742,-14.551875
EVT0057561,BMW00168,WBA00000000000168,2026-07-19 20:40:00,37.52,62.7,7.18,35.732,93.227544
EVT0050456,BMW00415,WBA00000000000415,2026-06-25 04:35:00,68.12,31.41,-4.13,48.124969,138.987949
EVT0019758,BMW00780,WBA00000000000780,2026-03-10 14:25:00,28.74,28.62,6.06,28.322176,-79.727214
EVT0074399,BMW00264,WBA00000000000264,2026-09-16 07:50:00,59.12,55.09,47.37,21.18263,85.159214
EVT0051280,BMW00805,WBA00000000000805,2026-06-28 01:15:00,24.55,17.7,15.66,10.300257,144.360014
EVT0048991,BMW00780,WBA00000000000780,2026-06-20 02:30:00,61.59,3.72,13.65,24.732662,-11.714236
EVT0066585,BMW00102,WBA00000000000102,2026-08-20 04:40:00,22.49,32.01,4.05,33.035289,33.376267
EVT0000045,BMW00809,WBA00000000000809,2026-01-01 03:40:00,17.01,38.95,21.39,47.375666,-71.764087
EVT0026802,BMW00138,WBA00000000000138,2026-04-04 01:25:00,95.93,25.67,-3.64,10.637461,-12.871227
EVT0049746,BMW00563,WBA00000000000563,2026-06-22 17:25:00,51.02,134.6,49.51,8.327269,34.767493
EVT0068160,BMW00294,WBA00000000000294,2026-08-25 15:55:00,15.56,100.61,31.88,53.610156,103.641689
EVT0012618,BMW00910,WBA00000000000910,2026-02-13 19:25:00,76.82,124.45,-9.22,26.25605,45.303888
EVT0049632,BMW00227,WBA00000000000227,2026-06-22 07:55:00,88.25,157.73,33.31,13.36494,-97.34542
EVT0045874,BMW00119,WBA00000000000119,2026-06-09 06:45:00,99.45,76.18,40.91,41.607593,61.812066
EVT0066972,BMW00369,WBA00000000000369,2026-08-21 12:55:00,60.25,110.99,39.39,24.153896,114.344898
EVT0004711,BMW00130,WBA00000000000130,2026-01-17 08:30:00,52.27,111.41,7.59,45.265077,-10.92856
EVT0044524,BMW00948,WBA00000000000948,2026-06-04 14:15:00,10.8,25.57,9.57,49.461259,124.134423
EVT0053523,BMW00145,WBA00000000000145,2026-07-05 20:10:00,53.97,5.24,10.17,34.775837,-79.894673
EVT0026738,BMW00396,WBA00000000000396,2026-04-03 20:05:00,70.37,11.15,-9.12,10.275351,134.47512
EVT0034237,BMW00226,WBA00000000000226,2026-04-29 21:00:00,18.02,149.36,-3.87,53.457026,-50.342301
EVT0001858,BMW00925,WBA00000000000925,2026-01-07 10:45:00,18.86,130.62,3.92,17.033396,76.386331
EVT0006842,BMW00466,WBA00000000000466,2026-01-24 18:05:00,67.39,49.55,-9.51,28.6459,104.00778
EVT0094297,BMW00238,WBA00000000000238,2026-11-24 10:00:00,21.84,80.74,18.32,22.016043,7.793922
EVT0070319,BMW00960,WBA00000000000960,2026-09-02 03:50:00,68.54,120.55,53.3,46.406884,-114.929728
EVT0056003,BMW00098,WBA00000000000098,2026-07-14 10:50:00,16.43,132.68,4.07,35.482052,-108.850074
EVT0038100,BMW00533,WBA00000000000533,2026-05-13 06:55:00,69.28,16.47,47.09,32.673233,79.377092
EVT0017866,BMW00722,WBA00000000000722,2026-03-04 00:45:00,14.78,123.07,24.78,41.400911,-35.530197
EVT0001798,BMW00692,WBA00000000000692,2026-01-07 05:45:00,86.04,11.14,7.26,41.688527,-115.474195
EVT0054564,BMW00356,WBA00000000000356,2026-07-09 10:55:00,38.12,17.64,21.95,11.727012,-110.119246
EVT0014281,BMW00829,WBA00000000000829,2026-02-19 14:00:00,25.0,39.3,12.66,42.438873,-73.339281
EVT0092240,BMW00062,WBA00000000000062,2026-11-17 06:35:00,79.46,35.0,3.53,9.710013,133.08815
EVT0037172,BMW00347,WBA00000000000347,2026-05-10 01:35:00,93.18,4.9,47.41,17.130896,-0.549396
EVT0005446,BMW00099,WBA00000000000099,2026-01-19 21:45:00,78.04,12.5,53.23,53.256704,-80.712432
EVT0048295,BMW00245,WBA00000000000245,2026-06-17 16:30:00,70.6,48.88,29.86,32.916231,17.25956
EVT0030479,BMW00201,WBA00000000000201,2026-04-16 19:50:00,41.99,59.86,1.77,17.239177,-111.587879
EVT0006303,BMW00132,WBA00000000000132,2026-01-22 21:10:00,11.79,45.24,16.25,39.183615,-25.646737
EVT0065064,BMW00805,WBA00000000000805,2026-08-14 21:55:00,36.24,125.92,48.7,46.388605,134.395546
EVT0050523,BMW00098,WBA00000000000098,2026-06-25 10:10:00,19.97,140.2,13.08,31.06958,60.349912
EVT0047101,BMW00621,WBA00000000000621,2026-06-13 13:00:00,45.29,72.36,-8.62,32.978151,57.244568
EVT0004910,BMW00228,WBA00000000000228,2026-01-18 01:05:00,48.38,4.48,-1.92,45.558242,-75.353172
EVT0077207,BMW00842,WBA00000000000842,2026-09-26 01:50:00,54.27,152.66,-3.53,8.288758,-80.618132
EVT0045704,BMW00089,WBA00000000000089,2026-06-08 16:35:00,11.54,106.79,-9.75,16.336899,91.95607
EVT0028877,BMW00803,WBA00000000000803,2026-04-11 06:20:00,62.49,142.57,10.89,46.696219,-16.399597
EVT0080530,BMW00922,WBA00000000000922,2026-10-07 14:45:00,90.9,49.56,-4.87,8.544029,-38.355988
EVT0034914,BMW00072,WBA00000000000072,2026-05-02 05:25:00,76.5,151.83,42.2,54.123249,40.091367
EVT0098917,BMW00764,WBA00000000000764,2026-12-10 11:00:00,67.95,103.56,28.98,44.74903,124.528295
EVT0032773,BMW00516,WBA00000000000516,2026-04-24 19:00:00,75.86,127.9,39.45,25.817633,120.818281
EVT0000009,BMW00717,WBA00000000000717,2026-01-01 00:40:00,46.66,113.59,32.62,21.161335,-43.752101
EVT0093274,BMW00305,WBA00000000000305,2026-11-20 20:45:00,13.13,90.23,17.84,37.261639,118.37456
EVT0074858,BMW00180,WBA00000000000180,2026-09-17 22:05:00,37.24,40.98,25.94,38.019584,-107.521308
EVT0002654,BMW00271,WBA00000000000271,2026-01-10 05:05:00,17.97,103.47,9.51,28.096082,-93.632435
EVT0089904,BMW00835,WBA00000000000835,2026-11-09 03:55:00,83.21,93.81,51.99,48.22025,-82.623593
EVT0017624,BMW00587,WBA00000000000587,2026-03-03 04:35:00,16.87,62.12,3.49,38.296067,-116.716544
EVT0041120,BMW00843,WBA00000000000843,2026-05-23 18:35:00,95.83,156.81,51.0,16.539647,18.942397
EVT0006162,BMW00699,WBA00000000000699,2026-01-22 09:25:00,68.52,81.23,6.63,44.385707,128.000282
EVT0073761,BMW00897,WBA00000000000897,2026-09-14 02:40:00,37.49,6.11,53.3,19.152749,52.912913
EVT0016063,BMW00943,WBA00000000000943,2026-02-25 18:30:00,49.68,28.72,38.53,30.023237,-54.488083
EVT0044873,BMW00948,WBA00000000000948,2026-06-05 19:20:00,64.84,156.97,38.13,45.425359,28.687137
EVT0038568,BMW00776,WBA00000000000776,2026-05-14 21:55:00,89.72,49.86,40.05,54.582165,-119.877681
EVT0094101,BMW00214,WBA00000000000214,2026-11-23 17:40:00,45.3,131.15,21.57,37.228118,65.892309
EVT0048246,BMW00880,WBA00000000000880,2026-06-17 12:25:00,24.24,92.5,25.56,41.015351,-15.674923
EVT0093009,BMW00198,WBA00000000000198,2026-11-19 22:40:00,16.98,147.03,47.21,26.488316,19.764449
EVT0018628,BMW00998,WBA00000000000998,2026-03-06 16:15:00,86.61,136.41,45.41,43.091924,25.970097
EVT0013672,BMW00829,WBA00000000000829,2026-02-17 11:15:00,30.03,47.18,36.54,25.591351,-54.931576
EVT0009229,BMW00778,WBA00000000000778,2026-02-02 01:00:00,28.45,104.25,32.82,28.089839,-52.135796
EVT0027125,BMW00730,WBA00000000000730,2026-04-05 04:20:00,17.99,4.61,45.17,39.923397,-42.055531
EVT0094412,BMW00941,WBA00000000000941,2026-11-24 19:35:00,88.38,6.11,0.54,20.630618,18.105097
EVT0059852,BMW00142,WBA00000000000142,2026-07-27 19:35:00,43.63,139.67,0.01,52.165879,135.298177
EVT0071371,BMW00636,WBA00000000000636,2026-09-05 19:30:00,67.95,2.81,0.3,37.514043,23.59903
EVT0011611,BMW00834,WBA00000000000834,2026-02-10 07:30:00,45.21,56.1,35.91,14.401566,19.423879
EVT0075951,BMW00301,WBA00000000000301,2026-09-21 17:10:00,21.32,147.2,31.8,9.558229,-20.588345
EVT0036755,BMW00535,WBA00000000000535,2026-05-08 14:50:00,28.38,37.63,11.11,34.029581,-107.217533
EVT0021706,BMW00733,WBA00000000000733,2026-03-17 08:45:00,92.51,109.17,51.46,48.355684,28.963663
EVT0091005,BMW00357,WBA00000000000357,2026-11-12 23:40:00,53.45,118.92,31.87,18.073676,84.802724
EVT0065479,BMW00946,WBA00000000000946,2026-08-16 08:30:00,21.73,19.44,41.24,48.037289,-0.925702
EVT0008931,BMW00932,WBA00000000000932,2026-02-01 00:10:00,35.81,53.86,18.28,36.241488,-18.714541
EVT0017278,BMW00480,WBA00000000000480,2026-03-01 23:45:00,96.89,105.48,-0.87,30.356541,-95.216649
EVT0045295,BMW00499,WBA00000000000499,2026-06-07 06:30:00,54.07,114.99,25.13,53.180525,-72.922224
EVT0056740,BMW00685,WBA00000000000685,2026-07-17 00:15:00,75.81,47.7,51.29,34.9442,93.239475
EVT0010920,BMW00942,WBA00000000000942,2026-02-07 21:55:00,89.49,86.93,7.53,29.639354,131.186272
EVT0063833,BMW00190,WBA00000000000190,2026-08-10 15:20:00,51.82,81.93,13.63,48.592333,41.299629
EVT0053555,BMW00218,WBA00000000000218,2026-07-05 22:50:00,84.97,142.99,12.44,48.819523,88.648198
EVT0016714,BMW00631,WBA00000000000631,2026-02-28 00:45:00,27.94,95.15,38.06,20.777445,20.763088
EVT0043606,BMW00345,WBA00000000000345,2026-06-01 09:45:00,94.49,20.11,10.33,46.831176,136.368129
EVT0001151,BMW00012,WBA00000000000012,2026-01-04 23:50:00,30.96,132.88,-7.25,21.071978,-57.911581
EVT0041976,BMW00732,WBA00000000000732,2026-05-26 17:55:00,77.03,9.26,33.79,40.219568,-59.624158
EVT0084982,BMW00827,WBA00000000000827,2026-10-23 01:45:00,56.71,151.15,15.0,32.826151,90.995012
EVT0083565,BMW00199,WBA00000000000199,2026-10-18 03:40:00,31.63,146.94,19.79,19.208715,-20.149171
EVT0093566,BMW00126,WBA00000000000126,2026-11-21 21:05:00,65.74,148.68,22.84,51.150359,-72.123898
EVT0068047,BMW00102,WBA00000000000102,2026-08-25 06:30:00,97.17,117.41,-1.78,40.258522,39.546936
EVT0091375,BMW00659,WBA00000000000659,2026-11-14 06:30:00,76.04,28.47,12.68,31.053288,37.192569
EVT0044869,BMW00612,WBA00000000000612,2026-06-05 19:00:00,10.67,39.51,-9.95,9.855364,119.292074
EVT0002263,BMW00754,WBA00000000000754,2026-01-08 20:30:00,49.57,57.04,54.86,8.015646,-21.637295
EVT0041385,BMW00124,WBA00000000000124,2026-05-24 16:40:00,88.01,50.01,-8.39,50.611282,-86.559213
EVT0071752,BMW00788,WBA00000000000788,2026-09-07 03:15:00,35.44,75.64,22.88,27.896568,-86.035827
EVT0095952,BMW00279,WBA00000000000279,2026-11-30 03:55:00,74.47,102.65,33.11,36.220371,50.414782
EVT0041994,BMW00238,WBA00000000000238,2026-05-26 19:25:00,73.18,136.0,5.49,22.521806,-29.472916
EVT0053482,BMW00090,WBA00000000000090,2026-07-05 16:45:00,85.66,35.25,3.58,18.17303,-83.794356
EVT0037781,BMW00961,WBA00000000000961,2026-05-12 04:20:00,18.4,90.98,15.79,27.994497,122.549237
EVT0001436,BMW00013,WBA00000000000013,2026-01-05 23:35:00,36.16,151.5,-0.9,47.809015,128.877039
EVT0004967,BMW00800,WBA00000000000800,2026-01-18 05:50:00,39.75,106.6,-3.84,36.810542,-63.130444
EVT0002518,BMW00928,WBA00000000000928,2026-01-09 17:45:00,13.28,74.84,45.64,8.331758,98.194924
EVT0054121,BMW00147,WBA00000000000147,2026-07-07 22:00:00,73.26,97.53,23.67,21.821391,-111.624758
EVT0019170,BMW00887,WBA00000000000887,2026-03-08 13:25:00,72.01,30.94,53.43,12.447311,-63.286919
EVT0098913,BMW00103,WBA00000000000103,2026-12-10 10:40:00,80.95,27.83,52.84,45.407555,135.478578
EVT0081702,BMW00188,WBA00000000000188,2026-10-11 16:25:00,51.14,116.89,7.61,48.817637,77.528922
EVT0001355,BMW00739,WBA00000000000739,2026-01-05 16:50:00,92.37,122.4,44.62,32.529379,-18.785708
EVT0049723,BMW00914,WBA00000000000914,2026-06-22 15:30:00,87.27,56.1,35.98,52.106351,-68.584684
EVT0005939,BMW00672,WBA00000000000672,2026-01-21 14:50:00,72.33,153.77,5.12,9.883897,1.476262
EVT0072364,BMW00728,WBA00000000000728,2026-09-09 06:15:00,77.03,82.15,25.91,22.427345,-36.901002
EVT0091740,BMW00953,WBA00000000000953,2026-11-15 12:55:00,52.01,131.25,51.05,34.198847,91.623935
EVT0088335,BMW00396,WBA00000000000396,2026-11-03 17:10:00,24.16,117.68,48.37,36.502612,-41.908255
EVT0030601,BMW00368,WBA00000000000368,2026-04-17 06:00:00,21.05,115.44,47.62,41.881459,-16.157062
EVT0001455,BMW00466,WBA00000000000466,2026-01-06 01:10:00,22.57,17.52,23.45,48.816615,73.675771
EVT0088685,BMW00482,WBA00000000000482,2026-11-04 22:20:00,24.68,119.59,24.13,10.142389,55.450938
EVT0047996,BMW00991,WBA00000000000991,2026-06-16 15:35:00,29.98,32.25,51.96,28.775649,-88.846659
EVT0022349,BMW00302,WBA00000000000302,2026-03-19 14:20:00,38.66,45.8,14.98,46.820526,-93.674928
EVT0066752,BMW00468,WBA00000000000468,2026-08-20 18:35:00,56.17,147.37,13.63,30.256109,-46.564399
EVT0003546,BMW00807,WBA00000000000807,2026-01-13 07:25:00,47.88,49.86,3.71,53.880281,93.509134
EVT0001583,BMW00621,WBA00000000000621,2026-01-06 11:50:00,33.25,114.92,-6.61,8.604359,-42.985427
EVT0098936,BMW00275,WBA00000000000275,2026-12-10 12:35:00,97.75,17.81,-5.93,31.560846,49.41988
EVT0019213,BMW00071,WBA00000000000071,2026-03-08 17:00:00,48.05,7.53,-4.69,15.543051,-68.961359
EVT0078912,BMW00965,WBA00000000000965,2026-10-01 23:55:00,52.27,46.41,32.81,25.032202,-49.420602
EVT0010446,BMW00057,WBA00000000000057,2026-02-06 06:25:00,98.05,151.51,-5.75,30.310288,139.801621
EVT0072106,BMW00469,WBA00000000000469,2026-09-08 08:45:00,98.42,81.54,45.21,19.02786,-30.897657
EVT0008126,BMW00119,WBA00000000000119,2026-01-29 05:05:00,64.95,132.98,-0.24,19.963618,104.772876
EVT0086427,BMW00858,WBA00000000000858,2026-10-28 02:10:00,97.83,9.81,14.06,54.700028,-30.599716
EVT0013238,BMW00619,WBA00000000000619,2026-02-15 23:05:00,85.45,67.26,32.66,42.184798,123.395374
EVT0003560,BMW00701,WBA00000000000701,2026-01-13 08:35:00,29.32,12.87,22.62,29.242608,35.019809
EVT0033748,BMW00684,WBA00000000000684,2026-04-28 04:15:00,23.34,55.11,-8.16,28.327552,15.884512
EVT0077536,BMW00597,WBA00000000000597,2026-09-27 05:15:00,99.57,52.94,-1.67,30.971034,-75.656307
EVT0060628,BMW00114,WBA00000000000114,2026-07-30 12:15:00,53.6,107.7,44.47,12.171103,137.705487
EVT0089657,BMW00218,WBA00000000000218,2026-11-08 07:20:00,33.18,38.24,39.11,44.074854,-54.360084
EVT0082446,BMW00767,WBA00000000000767,2026-10-14 06:25:00,68.11,75.29,23.84,33.299113,-88.355872
EVT0087870,BMW00694,WBA00000000000694,2026-11-02 02:25:00,81.08,11.09,12.66,15.957827,82.25329
EVT0057390,BMW00330,WBA00000000000330,2026-07-19 06:25:00,34.69,24.74,28.9,24.205944,133.682729
EVT0056129,BMW00842,WBA00000000000842,2026-07-14 21:20:00,35.71,73.81,43.13,38.807528,-68.148643
EVT0030229,BMW00294,WBA00000000000294,2026-04-15 23:00:00,52.42,74.53,27.77,47.805135,37.336829
EVT0038751,BMW00430,WBA00000000000430,2026-05-15 13:10:00,40.82,142.75,-4.88,49.496489,-35.609238
EVT0031467,BMW00670,WBA00000000000670,2026-04-20 06:10:00,55.78,72.78,11.87,20.874153,9.780053
EVT0021377,BMW00614,WBA00000000000614,2026-03-16 05:20:00,86.01,18.32,14.1,41.974639,131.11752
EVT0006561,BMW00383,WBA00000000000383,2026-01-23 18:40:00,92.28,77.91,7.29,46.504597,6.534133
EVT0082987,BMW00828,WBA00000000000828,2026-10-16 03:30:00,99.53,25.78,43.95,53.295933,20.261936
EVT0009591,BMW00628,WBA00000000000628,2026-02-03 07:10:00,55.28,68.95,0.28,12.933942,-90.112534
EVT0018683,BMW00269,WBA00000000000269,2026-03-06 20:50:00,30.03,103.49,35.22,54.936218,-73.733581
EVT0042624,BMW00798,WBA00000000000798,2026-05-28 23:55:00,34.3,15.18,35.58,37.026447,-82.877357
EVT0077830,BMW00359,WBA00000000000359,2026-09-28 05:45:00,16.9,108.25,28.88,30.658253,21.548426
EVT0074474,BMW00863,WBA00000000000863,2026-09-16 14:05:00,80.53,59.25,21.08,38.278923,85.704975
EVT0012653,BMW00048,WBA00000000000048,2026-02-13 22:20:00,81.73,137.29,-2.27,19.657424,-54.943525
EVT0065694,BMW00896,WBA00000000000896,2026-08-17 02:25:00,18.31,71.67,48.74,31.668483,-113.124264
EVT0091776,BMW00470,WBA00000000000470,2026-11-15 15:55:00,11.83,22.79,-9.6,19.760558,137.24516
EVT0051340,BMW00077,WBA00000000000077,2026-06-28 06:15:00,92.04,159.4,-9.16,25.369764,98.253743
EVT0084580,BMW00446,WBA00000000000446,2026-10-21 16:15:00,85.64,79.7,43.14,28.173307,103.00562
EVT0007059,BMW00206,WBA00000000000206,2026-01-25 12:10:00,88.39,7.01,34.76,14.982628,-74.41229
EVT0016751,BMW00236,WBA00000000000236,2026-02-28 03:50:00,71.11,137.2,-3.44,51.625643,-84.147637
EVT0024658,BMW00441,WBA00000000000441,2026-03-27 14:45:00,38.42,61.18,-0.07,34.376784,6.191081
EVT0060380,BMW00681,WBA00000000000681,2026-07-29 15:35:00,35.24,110.31,-4.14,11.704083,105.944868
EVT0023504,BMW00236,WBA00000000000236,2026-03-23 14:35:00,91.02,76.06,54.25,31.610032,-91.574378
EVT0044348,BMW00952,WBA00000000000952,2026-06-03 23:35:00,12.51,141.09,20.82,18.988074,52.293529
EVT0041709,BMW00371,WBA00000000000371,2026-05-25 19:40:00,57.27,119.58,50.67,46.124204,38.778476
EVT0093448,BMW00940,WBA00000000000940,2026-11-21 11:15:00,17.93,42.0,40.56,24.846892,-114.329558
EVT0018272,BMW00511,WBA00000000000511,2026-03-05 10:35:00,58.19,12.79,29.61,33.210243,86.94359
EVT0070366,BMW00617,WBA00000000000617,2026-09-02 07:45:00,34.76,12.84,10.5,54.642646,56.578437
EVT0004782,BMW00226,WBA00000000000226,2026-01-17 14:25:00,55.41,55.73,44.39,47.493036,-96.867121
EVT0048293,BMW00174,WBA00000000000174,2026-06-17 16:20:00,10.54,81.23,43.83,27.440175,-108.809114
EVT0040278,BMW00387,WBA00000000000387,2026-05-20 20:25:00,81.81,58.17,27.0,22.731287,-92.503776
EVT0060559,BMW00819,WBA00000000000819,2026-07-30 06:30:00,68.12,104.3,51.09,49.937154,95.595747
EVT0013702,BMW00777,WBA00000000000777,2026-02-17 13:45:00,63.12,58.72,-6.76,40.15065,21.72294
EVT0063174,BMW00758,WBA00000000000758,2026-08-08 08:25:00,50.0,76.46,19.06,19.63535,44.552082
EVT0051372,BMW00237,WBA00000000000237,2026-06-28 08:55:00,95.01,118.2,7.39,21.34054,-90.597354
EVT0025205,BMW00494,WBA00000000000494,2026-03-29 12:20:00,96.12,158.12,28.97,30.280762,-4.660818
EVT0063344,BMW00787,WBA00000000000787,2026-08-08 22:35:00,41.95,81.86,-6.46,37.281834,-95.388016
EVT0059954,BMW00255,WBA00000000000255,2026-07-28 04:05:00,64.59,116.14,44.24,8.978603,-88.54893
EVT0020473,BMW00662,WBA00000000000662,2026-03-13 02:00:00,87.04,128.95,22.83,40.122557,-101.071794
EVT0041807,BMW00683,WBA00000000000683,2026-05-26 03:50:00,50.21,20.15,37.41,43.780829,-26.737643
EVT0013440,BMW00163,WBA00000000000163,2026-02-16 15:55:00,66.58,113.35,51.28,12.101516,138.168615
EVT0091969,BMW00740,WBA00000000000740,2026-11-16 08:00:00,97.58,149.32,9.65,26.852982,-44.085088
EVT0002508,BMW00752,WBA00000000000752,2026-01-09 16:55:00,97.71,131.46,21.57,33.791454,-87.735872
EVT0048223,BMW00838,WBA00000000000838,2026-06-17 10:30:00,42.34,37.71,26.06,8.787193,41.276411
EVT0011226,BMW00947,WBA00000000000947,2026-02-08 23:25:00,60.28,124.18,12.3,10.805967,-82.937019
EVT0009861,BMW00934,WBA00000000000934,2026-02-04 05:40:00,85.5,74.35,39.61,20.321187,91.396738
EVT0033880,BMW00215,WBA00000000000215,2026-04-28 15:15:00,88.83,88.72,26.62,41.302436,-54.744272
EVT0074291,BMW00260,WBA00000000000260,2026-09-15 22:50:00,25.01,104.64,-4.14,27.554316,11.173432
EVT0078331,BMW00331,WBA00000000000331,2026-09-29 23:30:00,29.06,50.21,25.29,39.584542,148.638224
EVT0068815,BMW00360,WBA00000000000360,2026-08-27 22:30:00,56.13,120.56,10.16,38.366856,-90.168847
EVT0004666,BMW00683,WBA00000000000683,2026-01-17 04:45:00,83.32,154.46,42.34,8.104568,31.235349
EVT0023726,BMW00968,WBA00000000000968,2026-03-24 09:05:00,31.75,6.38,23.29,45.869612,128.413969
EVT0054228,BMW00486,WBA00000000000486,2026-07-08 06:55:00,26.07,159.08,20.64,45.721926,-114.262461
EVT0084044,BMW00601,WBA00000000000601,2026-10-19 19:35:00,74.31,0.94,42.13,22.181261,82.786324
EVT0006960,BMW00666,WBA00000000000666,2026-01-25 03:55:00,68.19,59.45,19.11,28.766174,18.05777
EVT0047544,BMW00451,WBA00000000000451,2026-06-15 01:55:00,22.41,76.35,29.62,46.782911,13.837637
EVT0047579,BMW00614,WBA00000000000614,2026-06-15 04:50:00,27.75,47.39,42.79,31.311535,-99.907816
EVT0060257,BMW00866,WBA00000000000866,2026-07-29 05:20:00,37.35,107.66,28.74,15.982191,51.190366
EVT0049565,BMW00242,WBA00000000000242,2026-06-22 02:20:00,90.29,141.27,40.12,21.590865,93.5589
EVT0050154,BMW00388,WBA00000000000388,2026-06-24 03:25:00,23.23,74.21,19.75,10.256018,-5.55109
EVT0085390,BMW00023,WBA00000000000023,2026-10-24 11:45:00,72.43,6.93,49.18,15.889797,-96.041836
EVT0062357,BMW00713,WBA00000000000713,2026-08-05 12:20:00,36.44,40.43,49.43,50.708005,-50.474317
EVT0099427,BMW00422,WBA00000000000422,2026-12-12 05:30:00,62.28,120.23,42.97,30.385613,9.586963
EVT0033588,BMW00046,WBA00000000000046,2026-04-27 14:55:00,63.82,13.79,11.17,33.66033,18.977078
EVT0016729,BMW00402,WBA00000000000402,2026-02-28 02:00:00,35.32,81.84,30.92,35.349871,-42.792216
EVT0087044,BMW00013,WBA00000000000013,2026-10-30 05:35:00,71.23,55.01,9.87,19.353122,31.422402
EVT0099698,BMW00547,WBA00000000000547,2026-12-13 04:05:00,77.6,156.59,46.37,24.422604,146.052962
EVT0020330,BMW00200,WBA00000000000200,2026-03-12 14:05:00,45.79,153.87,46.39,13.376008,76.177286
EVT0062793,BMW00518,WBA00000000000518,2026-08-07 00:40:00,90.46,43.13,-8.7,54.136356,132.347416
EVT0074360,BMW00865,WBA00000000000865,2026-09-16 04:35:00,18.64,99.9,4.25,8.677641,-12.624894
EVT0089001,BMW00465,WBA00000000000465,2026-11-06 00:40:00,19.8,150.13,2.93,48.056194,-93.140725
EVT0089022,BMW00510,WBA00000000000510,2026-11-06 02:25:00,54.87,101.65,7.14,47.549164,77.982533
EVT0047663,BMW00009,WBA00000000000009,2026-06-15 11:50:00,63.87,32.16,28.87,47.978026,66.146721
EVT0094420,BMW00381,WBA00000000000381,2026-11-24 20:15:00,65.3,50.19,-7.6,23.298402,-64.122955
EVT0056276,BMW00031,WBA00000000000031,2026-07-15 09:35:00,77.11,92.23,37.72,24.547743,36.865106
EVT0049747,BMW00373,WBA00000000000373,2026-06-22 17:30:00,42.59,18.7,21.94,34.823524,-45.997647
EVT0041435,BMW00238,WBA00000000000238,2026-05-24 20:50:00,50.76,125.3,2.56,54.13001,21.709684
EVT0078163,BMW00097,WBA00000000000097,2026-09-29 09:30:00,60.72,23.64,34.66,41.518655,-66.767749
EVT0054722,BMW00018,WBA00000000000018,2026-07-10 00:05:00,87.52,131.13,36.07,50.815512,74.404403
EVT0033631,BMW00367,WBA00000000000367,2026-04-27 18:30:00,70.14,123.26,-4.67,30.388213,83.018404
EVT0074314,BMW00800,WBA00000000000800,2026-09-16 00:45:00,43.13,71.36,29.24,8.946274,23.433576
EVT0013168,BMW00208,WBA00000000000208,2026-02-15 17:15:00,71.42,25.99,-4.33,16.377736,40.147233
EVT0035401,BMW00486,WBA00000000000486,2026-05-03 22:00:00,92.63,36.25,39.5,23.347621,-72.133357
EVT0052335,BMW00636,WBA00000000000636,2026-07-01 17:10:00,91.79,67.99,18.19,18.173646,-116.106259
EVT0094433,BMW00839,WBA00000000000839,2026-11-24 21:20:00,90.07,9.6,32.85,47.721224,-83.105674
EVT0031900,BMW00344,WBA00000000000344,2026-04-21 18:15:00,47.04,57.68,40.65,21.745019,61.063175
EVT0017575,BMW00790,WBA00000000000790,2026-03-03 00:30:00,71.42,35.92,-8.68,42.49736,68.94314
EVT0035162,BMW00717,WBA00000000000717,2026-05-03 02:05:00,42.93,128.14,45.01,38.170783,26.539925
EVT0039994,BMW00431,WBA00000000000431,2026-05-19 20:45:00,60.97,50.56,-4.7,19.681031,118.760636
EVT0043100,BMW00251,WBA00000000000251,2026-05-30 15:35:00,80.88,134.68,36.4,13.359584,8.705946
EVT0002259,BMW00144,WBA00000000000144,2026-01-08 20:10:00,55.77,36.75,-4.27,50.59252,14.238432
EVT0088947,BMW00672,WBA00000000000672,2026-11-05 20:10:00,20.34,57.85,35.56,33.917611,-96.279752
EVT0048584,BMW00797,WBA00000000000797,2026-06-18 16:35:00,70.92,73.11,17.34,28.920598,45.670045
EVT0031858,BMW00520,WBA00000000000520,2026-04-21 14:45:00,22.4,108.78,30.17,44.94607,136.958901
EVT0028609,BMW00889,WBA00000000000889,2026-04-10 08:00:00,32.23,133.2,24.97,52.409074,-49.663315
EVT0053113,BMW00127,WBA00000000000127,2026-07-04 10:00:00,26.25,19.7,26.03,30.351213,-15.855407
EVT0097327,BMW00925,WBA00000000000925,2026-12-04 22:30:00,38.72,21.14,2.79,31.302375,-2.398422
EVT0010701,BMW00257,WBA00000000000257,2026-02-07 03:40:00,64.18,48.27,25.75,19.413516,53.627108
EVT0006373,BMW00759,WBA00000000000759,2026-01-23 03:00:00,49.73,120.61,25.06,41.663995,-73.432863
EVT0022734,BMW00612,WBA00000000000612,2026-03-20 22:25:00,48.05,51.91,12.76,35.672984,87.685788
EVT0076383,BMW00706,WBA00000000000706,2026-09-23 05:10:00,57.36,86.5,-7.6,49.885202,-3.615571
EVT0082132,BMW00723,WBA00000000000723,2026-10-13 04:15:00,48.54,141.99,27.74,9.684611,15.907781
EVT0012542,BMW00103,WBA00000000000103,2026-02-13 13:05:00,10.12,77.12,47.81,28.447542,93.370865
EVT0029846,BMW00316,WBA00000000000316,2026-04-14 15:05:00,63.38,101.82,40.88,50.821685,101.559063
EVT0016719,BMW00135,WBA00000000000135,2026-02-28 01:10:00,11.94,22.13,9.31,40.696158,-27.814311
EVT0073249,BMW00980,WBA00000000000980,2026-09-12 08:00:00,46.09,106.12,10.74,14.34935,-108.243687
EVT0057683,BMW00421,WBA00000000000421,2026-07-20 06:50:00,42.26,81.57,8.97,42.094452,-108.933413
EVT0055386,BMW00891,WBA00000000000891,2026-07-12 07:25:00,56.12,130.71,22.8,17.047088,-76.285711
EVT0008751,BMW00420,WBA00000000000420,2026-01-31 09:10:00,56.22,34.94,17.85,21.170151,-29.439812
EVT0055178,BMW00091,WBA00000000000091,2026-07-11 14:05:00,47.75,38.88,-2.39,52.247903,119.403031
EVT0039872,BMW00282,WBA00000000000282,2026-05-19 10:35:00,20.97,134.79,41.78,28.420827,69.764213
EVT0066503,BMW00682,WBA00000000000682,2026-08-19 21:50:00,60.84,154.16,8.85,27.528085,-98.617818
EVT0069349,BMW00909,WBA00000000000909,2026-08-29 19:00:00,96.01,119.27,45.63,54.595948,133.239581
EVT0019453,BMW00477,WBA00000000000477,2026-03-09 13:00:00,69.91,131.52,18.65,54.924217,-115.374451
EVT0098298,BMW00569,WBA00000000000569,2026-12-08 07:25:00,88.11,132.6,28.97,47.699676,-71.275511
EVT0088787,BMW00843,WBA00000000000843,2026-11-05 06:50:00,32.81,18.09,-8.99,54.342687,-81.089805
EVT0030534,BMW00394,WBA00000000000394,2026-04-17 00:25:00,12.04,38.08,-9.81,54.504938,108.922283
EVT0084724,BMW00886,WBA00000000000886,2026-10-22 04:15:00,85.24,137.41,50.18,54.156774,-13.092975
EVT0006696,BMW00220,WBA00000000000220,2026-01-24 05:55:00,86.73,119.97,-2.68,54.254918,-95.718836
EVT0030234,BMW00919,WBA00000000000919,2026-04-15 23:25:00,62.81,12.8,46.31,9.699175,-72.472851
EVT0044556,BMW00945,WBA00000000000945,2026-06-04 16:55:00,19.45,121.13,-3.89,36.271804,-109.393753
EVT0023087,BMW00539,WBA00000000000539,2026-03-22 03:50:00,67.15,133.29,18.59,28.490186,117.271121
EVT0078641,BMW00059,WBA00000000000059,2026-10-01 01:20:00,57.52,133.19,18.47,38.181654,-68.605422
EVT0005798,BMW00688,WBA00000000000688,2026-01-21 03:05:00,48.04,65.85,6.82,36.221406,50.269917
EVT0076223,BMW00824,WBA00000000000824,2026-09-22 15:50:00,41.37,51.9,16.86,20.833696,86.578169
EVT0044412,BMW00041,WBA00000000000041,2026-06-04 04:55:00,29.07,131.62,41.37,44.454638,76.452345
EVT0092506,BMW00684,WBA00000000000684,2026-11-18 04:45:00,58.96,18.9,20.31,23.426324,73.873835
EVT0066325,BMW00273,WBA00000000000273,2026-08-19 07:00:00,33.66,88.82,32.25,51.013044,95.272506
EVT0026936,BMW00236,WBA00000000000236,2026-04-04 12:35:00,23.92,74.22,38.13,10.356975,130.975919
EVT0085920,BMW00387,WBA00000000000387,2026-10-26 07:55:00,20.06,154.58,35.47,38.102828,-87.684006
EVT0092772,BMW00498,WBA00000000000498,2026-11-19 02:55:00,78.74,4.62,23.45,38.814249,95.217447
EVT0019313,BMW00296,WBA00000000000296,2026-03-09 01:20:00,60.4,33.99,5.61,19.272717,-47.708115
EVT0010222,BMW00769,WBA00000000000769,2026-02-05 11:45:00,30.5,104.39,14.67,26.509571,19.568255
EVT0081358,BMW00928,WBA00000000000928,2026-10-10 11:45:00,32.52,66.26,7.13,26.363263,-24.814601
EVT0012170,BMW00849,WBA00000000000849,2026-02-12 06:05:00,98.66,137.3,18.23,17.247774,75.304873
EVT0099070,BMW00525,WBA00000000000525,2026-12-10 23:45:00,77.2,132.72,47.84,12.01894,22.54481
EVT0052228,BMW00307,WBA00000000000307,2026-07-01 08:15:00,21.74,84.3,41.6,10.021156,3.771315
EVT0065869,BMW00366,WBA00000000000366,2026-08-17 17:00:00,65.04,99.99,10.59,37.421679,48.572669
EVT0037776,BMW00721,WBA00000000000721,2026-05-12 03:55:00,40.66,71.23,27.97,48.858002,109.278833
EVT0024484,BMW00508,WBA00000000000508,2026-03-27 00:15:00,11.52,15.61,24.72,52.93063,80.612472
EVT0091755,BMW00961,WBA00000000000961,2026-11-15 14:10:00,17.22,78.88,25.51,41.916861,21.769055
EVT0021394,BMW00871,WBA00000000000871,2026-03-16 06:45:00,63.69,44.64,46.96,33.271075,-69.312889
EVT0038182,BMW00417,WBA00000000000417,2026-05-13 13:45:00,11.22,69.01,11.98,39.676052,-91.989607
EVT0080577,BMW00924,WBA00000000000924,2026-10-07 18:40:00,23.46,49.44,31.56,39.700317,-75.944904
EVT0096026,BMW00932,WBA00000000000932,2026-11-30 10:05:00,88.23,4.77,12.7,46.139006,-17.365849
EVT0048909,BMW00754,WBA00000000000754,2026-06-19 19:40:00,60.52,44.87,36.12,51.452177,-29.239599
EVT0090348,BMW00947,WBA00000000000947,2026-11-10 16:55:00,45.76,11.16,-8.03,9.549326,114.644032
EVT0046669,BMW00021,WBA00000000000021,2026-06-12 01:00:00,44.36,142.54,16.82,45.091885,143.571946
EVT0014174,BMW00327,WBA00000000000327,2026-02-19 05:05:00,66.51,7.02,28.47,37.590385,-68.952072
EVT0085589,BMW00020,WBA00000000000020,2026-10-25 04:20:00,61.66,139.07,28.59,20.32405,54.798722
EVT0081727,BMW00851,WBA00000000000851,2026-10-11 18:30:00,92.07,62.31,41.95,11.604645,-70.242777
EVT0062246,BMW00699,WBA00000000000699,2026-08-05 03:05:00,68.77,16.94,40.0,18.422702,43.666325
EVT0056976,BMW00623,WBA00000000000623,2026-07-17 19:55:00,12.1,10.67,32.91,25.299421,-24.392856
EVT0043596,BMW00819,WBA00000000000819,2026-06-01 08:55:00,19.71,132.6,4.69,40.434096,32.150916
EVT0001477,BMW00243,WBA00000000000243,2026-01-06 03:00:00,95.97,46.64,51.94,26.171662,88.194425
EVT0012971,BMW00976,WBA00000000000976,2026-02-15 00:50:00,84.93,138.5,46.53,44.160484,91.552408
EVT0085909,BMW00827,WBA00000000000827,2026-10-26 07:00:00,11.42,35.85,-4.7,35.365013,55.572974
EVT0013859,BMW00367,WBA00000000000367,2026-02-18 02:50:00,78.08,39.66,28.57,47.035981,35.446471
EVT0015310,BMW00352,WBA00000000000352,2026-02-23 03:45:00,19.33,22.3,35.35,25.191357,-68.501387
EVT0017604,BMW00988,WBA00000000000988,2026-03-03 02:55:00,57.45,129.45,35.35,40.827565,123.547443
EVT0001800,BMW00648,WBA00000000000648,2026-01-07 05:55:00,14.92,104.57,-3.11,54.335915,51.418459
EVT0057518,BMW00371,WBA00000000000371,2026-07-19 17:05:00,66.0,78.36,53.27,25.010102,10.459237
EVT0033586,BMW00594,WBA00000000000594,2026-04-27 14:45:00,79.34,114.44,48.17,20.825377,-68.302208
EVT0024585,BMW00567,WBA00000000000567,2026-03-27 08:40:00,61.25,103.15,-8.26,17.502186,42.849828
EVT0090336,BMW00514,WBA00000000000514,2026-11-10 15:55:00,93.44,34.33,-3.51,13.665138,82.666729
EVT0000782,BMW00147,WBA00000000000147,2026-01-03 17:05:00,16.4,109.61,43.57,23.378981,-53.773708
EVT0053106,BMW00023,WBA00000000000023,2026-07-04 09:25:00,61.0,62.82,9.47,27.605929,-20.750694
EVT0083000,BMW00070,WBA00000000000070,2026-10-16 04:35:00,81.29,46.73,53.95,43.935888,73.91876
EVT0012207,BMW00360,WBA00000000000360,2026-02-12 09:10:00,82.17,126.69,37.6,54.074523,-10.661407
EVT0027489,BMW00465,WBA00000000000465,2026-04-06 10:40:00,60.32,96.88,20.55,29.839637,34.543844
EVT0006422,BMW00773,WBA00000000000773,2026-01-23 07:05:00,73.7,48.05,16.18,44.750553,43.689959
EVT0042509,BMW00926,WBA00000000000926,2026-05-28 14:20:00,42.46,77.18,44.14,24.499388,-0.705841
EVT0034509,BMW00955,WBA00000000000955,2026-04-30 19:40:00,81.53,104.69,39.22,10.253703,121.970983
EVT0080374,BMW00993,WBA00000000000993,2026-10-07 01:45:00,95.69,76.12,22.04,36.38804,-56.319933
EVT0018905,BMW00341,WBA00000000000341,2026-03-07 15:20:00,45.44,67.24,25.01,37.291017,-0.613955
EVT0012891,BMW00497,WBA00000000000497,2026-02-14 18:10:00,28.68,66.68,27.09,46.522107,39.065795
EVT0000980,BMW00611,WBA00000000000611,2026-01-04 09:35:00,34.66,32.19,43.86,31.829406,-45.328439
EVT0012538,BMW00566,WBA00000000000566,2026-02-13 12:45:00,42.61,93.22,38.1,10.336499,65.249765
EVT0093919,BMW00597,WBA00000000000597,2026-11-23 02:30:00,89.59,116.7,10.67,38.638598,-32.632049
EVT0039354,BMW00805,WBA00000000000805,2026-05-17 15:25:00,87.39,47.43,40.91,15.089505,-4.676425
EVT0015636,BMW00509,WBA00000000000509,2026-02-24 06:55:00,10.21,103.85,-6.95,27.073591,35.786638
EVT0035064,BMW00504,WBA00000000000504,2026-05-02 17:55:00,15.55,144.58,51.81,17.804043,23.702704
EVT0003691,BMW00344,WBA00000000000344,2026-01-13 19:30:00,93.87,121.7,11.98,46.703391,-42.184984
EVT0045933,BMW00380,WBA00000000000380,2026-06-09 11:40:00,73.52,89.29,19.8,19.358105,126.072148
EVT0078124,BMW00223,WBA00000000000223,2026-09-29 06:15:00,12.16,70.63,33.72,51.036874,94.720998
EVT0051252,BMW00818,WBA00000000000818,2026-06-27 22:55:00,59.47,65.32,9.22,53.890444,74.558408
EVT0060560,BMW00932,WBA00000000000932,2026-07-30 06:35:00,51.9,131.55,2.27,35.144917,101.798961
EVT0035312,BMW00830,WBA00000000000830,2026-05-03 14:35:00,17.61,3.14,36.14,20.702891,36.330639
EVT0079753,BMW00856,WBA00000000000856,2026-10-04 22:00:00,88.65,119.22,29.52,35.691015,-44.589221
EVT0066819,BMW00234,WBA00000000000234,2026-08-21 00:10:00,49.52,100.27,-0.94,27.130709,-13.622634
EVT0005149,BMW00598,WBA00000000000598,2026-01-18 21:00:00,67.36,84.07,39.77,39.939933,-117.662534
EVT0093986,BMW00024,WBA00000000000024,2026-11-23 08:05:00,93.24,158.93,22.68,24.648758,111.70435
EVT0074940,BMW00448,WBA00000000000448,2026-09-18 04:55:00,45.02,133.25,-6.5,49.715494,1.179008
EVT0026183,BMW00648,WBA00000000000648,2026-04-01 21:50:00,97.23,24.63,-4.31,27.315318,-91.157486
EVT0062657,BMW00865,WBA00000000000865,2026-08-06 13:20:00,29.24,5.95,49.67,14.614405,-20.722279
EVT0024360,BMW00637,WBA00000000000637,2026-03-26 13:55:00,54.57,112.61,1.83,53.917672,97.89442
EVT0095852,BMW00548,WBA00000000000548,2026-11-29 19:35:00,40.32,132.57,-9.9,17.607812,-107.893603
EVT0053613,BMW00915,WBA00000000000915,2026-07-06 03:40:00,63.1,37.95,36.35,18.42707,-89.450524
EVT0094289,BMW00562,WBA00000000000562,2026-11-24 09:20:00,97.07,150.25,28.51,35.499914,84.989898
EVT0042346,BMW00703,WBA00000000000703,2026-05-28 00:45:00,51.18,48.35,7.53,10.600408,63.695749
EVT0082745,BMW00383,WBA00000000000383,2026-10-15 07:20:00,73.85,27.77,2.75,26.383442,-69.879689
EVT0062660,BMW00063,WBA00000000000063,2026-08-06 13:35:00,93.86,87.34,49.49,38.335963,104.082506
EVT0080375,BMW00111,WBA00000000000111,2026-10-07 01:50:00,84.51,2.48,-4.13,50.361279,129.964217
EVT0089863,BMW00934,WBA00000000000934,2026-11-09 00:30:00,93.67,41.08,1.12,19.717488,-11.473228
EVT0033253,BMW00349,WBA00000000000349,2026-04-26 11:00:00,30.11,14.98,15.53,52.811335,137.872834
EVT0063528,BMW00796,WBA00000000000796,2026-08-09 13:55:00,34.08,100.93,5.44,52.011335,138.409173
EVT0033117,BMW00702,WBA00000000000702,2026-04-25 23:40:00,12.95,90.36,49.38,34.176925,-2.255652
EVT0086176,BMW00334,WBA00000000000334,2026-10-27 05:15:00,44.29,55.84,6.02,42.0272,81.277805
EVT0011175,BMW00212,WBA00000000000212,2026-02-08 19:10:00,29.34,131.38,29.38,25.676263,-89.051883
EVT0072594,BMW00904,WBA00000000000904,2026-09-10 01:25:00,43.67,106.11,26.36,10.465601,-89.554787
EVT0047222,BMW00261,WBA00000000000261,2026-06-13 23:05:00,58.65,86.53,17.47,17.015787,-118.622221
EVT0038289,BMW00464,WBA00000000000464,2026-05-13 22:40:00,12.88,128.57,4.9,32.502916,-73.268847
EVT0041600,BMW00970,WBA00000000000970,2026-05-25 10:35:00,62.43,24.61,48.02,26.458831,-19.237601
EVT0041558,BMW00833,WBA00000000000833,2026-05-25 07:05:00,62.12,126.32,7.75,10.731194,-106.780447
EVT0056780,BMW00726,WBA00000000000726,2026-07-17 03:35:00,59.35,65.25,10.44,54.360375,52.933722
EVT0035933,BMW00567,WBA00000000000567,2026-05-05 18:20:00,82.13,81.57,50.53,45.358581,95.3539
EVT0006585,BMW00339,WBA00000000000339,2026-01-23 20:40:00,35.41,11.67,15.18,40.698485,-25.206689
EVT0067328,BMW00748,WBA00000000000748,2026-08-22 18:35:00,29.85,122.33,24.58,8.116169,-4.355172
EVT0019992,BMW00920,WBA00000000000920,2026-03-11 09:55:00,74.29,93.87,20.75,44.82764,47.121897
EVT0038716,BMW00165,WBA00000000000165,2026-05-15 10:15:00,43.17,130.52,36.18,24.710071,16.206992
EVT0059434,BMW00779,WBA00000000000779,2026-07-26 08:45:00,53.61,15.03,28.75,43.68722,146.357757
EVT0057447,BMW00163,WBA00000000000163,2026-07-19 11:10:00,76.53,77.75,-6.12,38.897568,32.583047
EVT0006882,BMW00693,WBA00000000000693,2026-01-24 21:25:00,86.37,117.38,45.59,44.033098,-16.948432
EVT0059733,BMW00717,WBA00000000000717,2026-07-27 09:40:00,31.86,95.3,-0.35,12.475496,117.676799
EVT0075384,BMW00654,WBA00000000000654,2026-09-19 17:55:00,27.27,149.63,12.87,28.338867,-103.987129
EVT0000796,BMW00205,WBA00000000000205,2026-01-03 18:15:00,62.44,47.89,-2.35,14.746845,-112.377111
EVT0078965,BMW00006,WBA00000000000006,2026-10-02 04:20:00,86.82,74.49,7.68,23.170926,-109.111824
EVT0052993,BMW00087,WBA00000000000087,2026-07-04 00:00:00,24.33,7.05,46.88,14.368165,40.689153
EVT0044535,BMW00231,WBA00000000000231,2026-06-04 15:10:00,10.2,19.74,5.03,24.108838,-56.129813
EVT0088661,BMW00002,WBA00000000000002,2026-11-04 20:20:00,67.13,4.69,36.79,54.659025,-119.081457
EVT0070117,BMW00305,WBA00000000000305,2026-09-01 11:00:00,26.28,86.88,23.46,34.908734,-19.293411
EVT0038772,BMW00208,WBA00000000000208,2026-05-15 14:55:00,43.11,149.67,7.1,43.669205,-45.107125
EVT0000675,BMW00495,WBA00000000000495,2026-01-03 08:10:00,60.77,151.13,16.15,43.898359,-89.996989
EVT0048905,BMW00111,WBA00000000000111,2026-06-19 19:20:00,42.48,86.2,40.47,39.849533,35.045744
EVT0099648,BMW00707,WBA00000000000707,2026-12-12 23:55:00,80.58,114.9,25.82,34.582197,-68.610068
EVT0029007,BMW00083,WBA00000000000083,2026-04-11 17:10:00,99.56,77.98,8.08,22.67277,8.58669
EVT0050759,BMW00270,WBA00000000000270,2026-06-26 05:50:00,65.94,105.02,16.86,42.526992,-118.460386
EVT0008131,BMW00932,WBA00000000000932,2026-01-29 05:30:00,90.02,134.68,-0.49,34.064302,-42.740723
EVT0089607,BMW00299,WBA00000000000299,2026-11-08 03:10:00,63.29,99.87,49.69,18.194481,-69.068072
EVT0044272,BMW00079,WBA00000000000079,2026-06-03 17:15:00,58.67,99.43,51.53,51.262956,39.106627
EVT0099624,BMW00547,WBA00000000000547,2026-12-12 21:55:00,16.6,0.43,36.96,12.361494,5.394608
EVT0068615,BMW00451,WBA00000000000451,2026-08-27 05:50:00,95.36,156.5,22.04,18.142967,47.894628
EVT0034898,BMW00336,WBA00000000000336,2026-05-02 04:05:00,36.07,59.72,11.01,10.930476,-29.905561
EVT0020612,BMW00216,WBA00000000000216,2026-03-13 13:35:00,48.62,98.17,39.58,40.776813,44.647034
EVT0086381,BMW00710,WBA00000000000710,2026-10-27 22:20:00,25.51,28.89,-6.5,10.416665,0.92998
EVT0058278,BMW00513,WBA00000000000513,2026-07-22 08:25:00,43.4,95.02,18.58,9.723607,-94.668714
EVT0097310,BMW00447,WBA00000000000447,2026-12-04 21:05:00,60.89,42.38,17.26,35.175048,16.590911
EVT0035371,BMW00342,WBA00000000000342,2026-05-03 19:30:00,81.11,5.04,33.95,10.646385,-26.86652
EVT0076320,BMW00069,WBA00000000000069,2026-09-22 23:55:00,54.52,155.4,51.43,12.021659,73.586033
EVT0093035,BMW00438,WBA00000000000438,2026-11-20 00:50:00,27.19,59.4,16.27,50.954263,7.905828
EVT0043493,BMW00196,WBA00000000000196,2026-06-01 00:20:00,74.98,90.93,7.87,46.123972,63.574433
EVT0058891,BMW00440,WBA00000000000440,2026-07-24 11:30:00,91.76,122.47,-6.12,15.879356,-0.761933
EVT0084725,BMW00285,WBA00000000000285,2026-10-22 04:20:00,73.1,22.65,15.8,31.888792,48.022969
EVT0076617,BMW00654,WBA00000000000654,2026-09-24 00:40:00,82.46,108.87,32.14,25.283671,63.42463
EVT0074873,BMW00804,WBA00000000000804,2026-09-17 23:20:00,82.99,84.58,-9.92,38.498682,-61.91375
EVT0059662,BMW00182,WBA00000000000182,2026-07-27 03:45:00,95.34,134.88,37.07,35.799643,46.226565
EVT0080680,BMW00475,WBA00000000000475,2026-10-08 03:15:00,14.45,120.04,26.27,51.584189,79.033054
EVT0002777,BMW00831,WBA00000000000831,2026-01-10 15:20:00,76.14,51.51,27.74,41.299016,-55.61679
EVT0043872,BMW00907,WBA00000000000907,2026-06-02 07:55:00,45.8,129.29,-5.23,22.259783,68.730544
EVT0005584,BMW00449,WBA00000000000449,2026-01-20 09:15:00,70.86,43.81,47.32,22.854643,-9.29379
EVT0087546,BMW00834,WBA00000000000834,2026-10-31 23:25:00,27.81,29.24,52.65,29.021249,87.681448
EVT0083243,BMW00607,WBA00000000000607,2026-10-17 00:50:00,85.87,142.28,-3.52,28.397571,-73.036819
EVT0034592,BMW00181,WBA00000000000181,2026-05-01 02:35:00,40.73,48.48,31.81,47.821844,56.615997
EVT0090240,BMW00751,WBA00000000000751,2026-11-10 07:55:00,91.32,58.4,-5.12,14.480586,-45.402817
EVT0023500,BMW00450,WBA00000000000450,2026-03-23 14:15:00,29.1,19.08,8.56,38.573494,85.544604
EVT0093346,BMW00804,WBA00000000000804,2026-11-21 02:45:00,82.37,23.27,33.8,17.640538,57.831001
EVT0003930,BMW00175,WBA00000000000175,2026-01-14 15:25:00,86.99,114.23,28.01,48.622276,-79.412087
EVT0018555,BMW00699,WBA00000000000699,2026-03-06 10:10:00,77.87,133.55,36.94,50.648354,21.969756
EVT0048138,BMW00315,WBA00000000000315,2026-06-17 03:25:00,38.19,106.24,-7.21,47.860338,8.754997
EVT0021955,BMW00350,WBA00000000000350,2026-03-18 05:30:00,31.42,142.32,21.18,33.364356,140.905185
EVT0081848,BMW00267,WBA00000000000267,2026-10-12 04:35:00,36.16,118.81,-8.44,34.47178,49.816578
EVT0007064,BMW00456,WBA00000000000456,2026-01-25 12:35:00,26.56,7.85,19.1,9.033649,105.525235
EVT0015123,BMW00094,WBA00000000000094,2026-02-22 12:10:00,27.42,109.51,10.1,9.832808,14.222343
EVT0062865,BMW00753,WBA00000000000753,2026-08-07 06:40:00,65.16,71.15,25.0,23.860125,36.126136
EVT0077719,BMW00404,WBA00000000000404,2026-09-27 20:30:00,50.82,156.26,38.35,35.103819,0.182978
EVT0020493,BMW00696,WBA00000000000696,2026-03-13 03:40:00,52.15,124.48,48.21,40.745544,-10.537432
EVT0032166,BMW00232,WBA00000000000232,2026-04-22 16:25:00,12.58,71.76,7.85,23.159879,-54.484312
EVT0088537,BMW00924,WBA00000000000924,2026-11-04 10:00:00,90.66,107.23,-0.78,11.360152,-53.78799
EVT0057602,BMW00090,WBA00000000000090,2026-07-20 00:05:00,78.64,106.05,39.17,42.761213,-49.175091
EVT0065285,BMW00480,WBA00000000000480,2026-08-15 16:20:00,24.95,71.87,21.33,42.462247,-107.646597
EVT0073670,BMW00263,WBA00000000000263,2026-09-13 19:05:00,13.9,137.1,22.84,28.67216,-78.635618
EVT0028080,BMW00109,WBA00000000000109,2026-04-08 11:55:00,33.23,151.63,36.76,47.767867,-42.453357
EVT0018759,BMW00710,WBA00000000000710,2026-03-07 03:10:00,76.59,72.01,28.45,17.969228,6.042395
EVT0094020,BMW00368,WBA00000000000368,2026-11-23 10:55:00,89.89,93.68,-0.23,20.162132,9.51213
EVT0007420,BMW00847,WBA00000000000847,2026-01-26 18:15:00,39.5,101.31,43.17,22.119571,142.536682
EVT0077062,BMW00197,WBA00000000000197,2026-09-25 13:45:00,81.86,69.5,38.61,10.708334,-83.280172
EVT0069916,BMW00168,WBA00000000000168,2026-08-31 18:15:00,88.31,66.68,39.26,11.321085,139.291773
EVT0099224,BMW00159,WBA00000000000159,2026-12-11 12:35:00,92.64,62.09,22.23,9.796005,-107.038262
EVT0020715,BMW00231,WBA00000000000231,2026-03-13 22:10:00,62.57,101.38,-9.74,29.955674,-69.916204
EVT0089386,BMW00415,WBA00000000000415,2026-11-07 08:45:00,77.0,83.41,36.63,14.093012,134.999452
EVT0088995,BMW00430,WBA00000000000430,2026-11-06 00:10:00,58.09,13.36,13.03,43.591698,-51.687796
EVT0055144,BMW00024,WBA00000000000024,2026-07-11 11:15:00,85.17,88.03,14.49,36.20156,-5.898513
EVT0066324,BMW00891,WBA00000000000891,2026-08-19 06:55:00,20.76,25.03,1.29,27.238838,34.307044
EVT0089642,BMW00503,WBA00000000000503,2026-11-08 06:05:00,87.65,16.66,45.72,15.014601,144.145379
EVT0087889,BMW00089,WBA00000000000089,2026-11-02 04:00:00,72.18,67.75,8.36,25.603968,16.246557
EVT0085882,BMW00560,WBA00000000000560,2026-10-26 04:45:00,98.25,136.42,42.13,28.385539,63.37893
EVT0023309,BMW00936,WBA00000000000936,2026-03-22 22:20:00,87.16,63.99,14.63,45.837339,145.909605
EVT0078518,BMW00711,WBA00000000000711,2026-09-30 15:05:00,12.87,94.98,36.16,46.834594,109.622891
EVT0076856,BMW00403,WBA00000000000403,2026-09-24 20:35:00,59.26,6.51,17.46,40.592522,43.960564
EVT0030904,BMW00753,WBA00000000000753,2026-04-18 07:15:00,23.47,128.53,4.59,43.914435,-44.485395
EVT0075716,BMW00179,WBA00000000000179,2026-09-20 21:35:00,82.17,51.05,-5.58,12.960605,122.114828
EVT0021825,BMW00135,WBA00000000000135,2026-03-17 18:40:00,83.03,33.9,-8.62,46.906878,49.501686
EVT0055552,BMW00521,WBA00000000000521,2026-07-12 21:15:00,92.95,2.68,33.34,10.715313,94.833861
EVT0098793,BMW00683,WBA00000000000683,2026-12-10 00:40:00,53.22,63.28,43.63,36.433841,-110.817407
EVT0038336,BMW00721,WBA00000000000721,2026-05-14 02:35:00,78.06,73.38,24.85,52.458475,-73.291437
EVT0058674,BMW00312,WBA00000000000312,2026-07-23 17:25:00,13.96,15.62,5.63,40.32563,-71.550011
EVT0066097,BMW00637,WBA00000000000637,2026-08-18 12:00:00,12.18,29.88,18.59,32.685399,-24.535089
EVT0024589,BMW00453,WBA00000000000453,2026-03-27 09:00:00,33.83,7.41,23.28,47.36934,7.535538
EVT0087576,BMW00681,WBA00000000000681,2026-11-01 01:55:00,27.74,94.32,0.35,35.159375,48.822223
EVT0078303,BMW00581,WBA00000000000581,2026-09-29 21:10:00,21.57,86.94,40.79,44.00174,-27.830925
EVT0080586,BMW00627,WBA00000000000627,2026-10-07 19:25:00,62.01,4.94,29.58,18.683147,130.188016
EVT0033781,BMW00294,WBA00000000000294,2026-04-28 07:00:00,17.17,111.36,36.86,30.03318,97.288265
EVT0045852,BMW00256,WBA00000000000256,2026-06-09 04:55:00,73.78,73.2,1.1,42.779995,-16.147905
EVT0031217,BMW00674,WBA00000000000674,2026-04-19 09:20:00,91.06,73.66,-6.6,45.819929,-7.478139
EVT0010238,BMW00727,WBA00000000000727,2026-02-05 13:05:00,29.27,9.89,29.55,23.862004,-54.697647
EVT0073407,BMW00930,WBA00000000000930,2026-09-12 21:10:00,52.31,113.12,53.32,32.715651,-8.541102
EVT0009725,BMW00714,WBA00000000000714,2026-02-03 18:20:00,89.54,63.62,-3.42,48.129879,-14.442182
EVT0014907,BMW00829,WBA00000000000829,2026-02-21 18:10:00,34.48,103.24,15.97,50.03763,-26.932472
EVT0044701,BMW00185,WBA00000000000185,2026-06-05 05:00:00,26.18,87.03,6.49,27.22999,-90.072639
EVT0094733,BMW00461,WBA00000000000461,2026-11-25 22:20:00,95.89,60.4,53.41,13.70271,42.871171
EVT0041549,BMW00845,WBA00000000000845,2026-05-25 06:20:00,60.25,31.13,29.1,20.984583,-75.73631
EVT0067754,BMW00632,WBA00000000000632,2026-08-24 06:05:00,10.55,139.74,31.4,12.360123,100.551778
EVT0062445,BMW00331,WBA00000000000331,2026-08-05 19:40:00,63.09,132.08,12.26,16.174039,-66.901902
EVT0064820,BMW00154,WBA00000000000154,2026-08-14 01:35:00,85.37,21.25,34.74,50.732632,-45.583859
EVT0081750,BMW00654,WBA00000000000654,2026-10-11 20:25:00,59.71,48.34,26.68,32.520743,7.151609
EVT0041834,BMW00046,WBA00000000000046,2026-05-26 06:05:00,19.42,76.37,30.9,16.768513,75.85541
EVT0037670,BMW00881,WBA00000000000881,2026-05-11 19:05:00,99.35,130.96,54.33,9.647241,-67.957479
EVT0000337,BMW00740,WBA00000000000740,2026-01-02 04:00:00,24.89,85.61,0.78,8.313422,-76.811227
EVT0052366,BMW00079,WBA00000000000079,2026-07-01 19:45:00,44.97,153.14,14.53,38.077826,35.36454
EVT0031109,BMW00530,WBA00000000000530,2026-04-19 00:20:00,29.89,80.57,22.28,13.813606,97.103008
EVT0084781,BMW00156,WBA00000000000156,2026-10-22 09:00:00,98.72,102.62,9.2,40.469162,-111.715348
EVT0099023,BMW00943,WBA00000000000943,2026-12-10 19:50:00,34.07,132.35,41.56,54.309765,-69.577003
EVT0030242,BMW00071,WBA00000000000071,2026-04-16 00:05:00,49.73,122.33,1.4,9.595638,56.140853
EVT0020603,BMW00178,WBA00000000000178,2026-03-13 12:50:00,25.85,119.05,42.92,54.322692,108.118682
EVT0004211,BMW00746,WBA00000000000746,2026-01-15 14:50:00,98.29,139.01,45.86,24.759246,26.149802
EVT0050148,BMW00538,WBA00000000000538,2026-06-24 02:55:00,74.88,131.75,9.3,35.845526,131.062595
EVT0052903,BMW00708,WBA00000000000708,2026-07-03 16:30:00,44.72,61.44,-7.51,42.448735,-35.12638
EVT0030066,BMW00186,WBA00000000000186,2026-04-15 09:25:00,82.17,5.5,16.76,52.096148,-36.619088
EVT0047021,BMW00671,WBA00000000000671,2026-06-13 06:20:00,65.91,51.44,6.27,37.707295,145.772408
EVT0031083,BMW00710,WBA00000000000710,2026-04-18 22:10:00,52.09,35.6,53.89,52.036485,-52.325122
EVT0043736,BMW00707,WBA00000000000707,2026-06-01 20:35:00,14.27,8.71,29.67,23.338426,107.619023
EVT0074585,BMW00116,WBA00000000000116,2026-09-16 23:20:00,51.66,148.32,32.28,42.426561,80.238708
EVT0013558,BMW00314,WBA00000000000314,2026-02-17 01:45:00,93.11,46.12,28.09,31.176742,32.148674
EVT0078808,BMW00642,WBA00000000000642,2026-10-01 15:15:00,47.1,104.0,46.81,33.280079,97.722339
EVT0076906,BMW00368,WBA00000000000368,2026-09-25 00:45:00,46.57,109.25,23.42,32.236936,28.784628
EVT0050772,BMW00563,WBA00000000000563,2026-06-26 06:55:00,49.61,62.63,46.53,9.98082,-47.335699
EVT0040499,BMW00915,WBA00000000000915,2026-05-21 14:50:00,94.55,68.58,32.89,47.552339,-74.811444
EVT0022536,BMW00378,WBA00000000000378,2026-03-20 05:55:00,21.02,110.5,19.0,51.107638,-2.717543
EVT0046477,BMW00293,WBA00000000000293,2026-06-11 09:00:00,17.28,144.86,54.69,51.125701,-64.846276
EVT0042318,BMW00474,WBA00000000000474,2026-05-27 22:25:00,82.97,15.27,4.63,43.102575,22.066594
EVT0061664,BMW00662,WBA00000000000662,2026-08-03 02:35:00,70.54,132.88,53.98,27.648509,102.758162
EVT0026018,BMW00110,WBA00000000000110,2026-04-01 08:05:00,29.87,74.33,23.32,18.545854,-101.679226
EVT0005562,BMW00958,WBA00000000000958,2026-01-20 07:25:00,54.43,3.96,20.77,46.321249,-26.275822
EVT0040462,BMW00110,WBA00000000000110,2026-05-21 11:45:00,97.99,87.86,35.24,13.799944,106.070365
EVT0092156,BMW00498,WBA00000000000498,2026-11-16 23:35:00,98.41,119.67,34.91,50.476817,-14.430138
EVT0089534,BMW00297,WBA00000000000297,2026-11-07 21:05:00,17.6,148.09,47.55,22.750777,145.058119
EVT0061069,BMW00965,WBA00000000000965,2026-08-01 01:00:00,91.73,9.99,29.63,14.775844,33.571075
EVT0010148,BMW00360,WBA00000000000360,2026-02-05 05:35:00,22.49,90.39,-3.63,47.663095,-2.816345
EVT0061479,BMW00723,WBA00000000000723,2026-08-02 11:10:00,41.73,159.16,-6.96,48.414559,45.623902
EVT0041662,BMW00131,WBA00000000000131,2026-05-25 15:45:00,18.16,63.31,39.95,48.641461,-41.269527
EVT0072771,BMW00392,WBA00000000000392,2026-09-10 16:10:00,50.47,117.92,3.81,37.507123,-10.202414
EVT0004012,BMW00398,WBA00000000000398,2026-01-14 22:15:00,74.11,6.0,15.81,10.95744,104.882693
EVT0067790,BMW00033,WBA00000000000033,2026-08-24 09:05:00,51.01,98.78,11.29,40.676837,89.363873
EVT0010801,BMW00359,WBA00000000000359,2026-02-07 12:00:00,58.35,5.51,26.94,13.549321,-54.721137
EVT0001333,BMW00232,WBA00000000000232,2026-01-05 15:00:00,45.13,28.72,39.3,54.266763,-60.859181
EVT0069163,BMW00864,WBA00000000000864,2026-08-29 03:30:00,11.98,120.94,10.14,53.135583,111.14705
EVT0052907,BMW00607,WBA00000000000607,2026-07-03 16:50:00,78.75,18.18,30.25,38.876406,26.189628
EVT0052169,BMW00351,WBA00000000000351,2026-07-01 03:20:00,45.88,127.15,17.26,53.56047,51.964737
EVT0058572,BMW00421,WBA00000000000421,2026-07-23 08:55:00,20.95,88.59,20.68,9.348106,-74.190422
EVT0043393,BMW00493,WBA00000000000493,2026-05-31 16:00:00,26.86,113.69,25.27,16.814208,24.229284
EVT0091130,BMW00597,WBA00000000000597,2026-11-13 10:05:00,57.66,49.99,7.29,49.112327,100.397809
EVT0062990,BMW00181,WBA00000000000181,2026-08-07 17:05:00,21.76,112.87,41.47,36.873063,55.820621
EVT0022289,BMW00059,WBA00000000000059,2026-03-19 09:20:00,54.33,96.18,35.19,53.463891,59.363941
EVT0026464,BMW00540,WBA00000000000540,2026-04-02 21:15:00,80.76,118.93,21.41,40.09772,120.703733
EVT0078356,BMW00512,WBA00000000000512,2026-09-30 01:35:00,29.98,47.18,1.53,43.36605,-38.540194
EVT0061495,BMW00889,WBA00000000000889,2026-08-02 12:30:00,42.4,148.73,15.33,15.290472,124.757047
EVT0076866,BMW00829,WBA00000000000829,2026-09-24 21:25:00,34.38,134.79,40.15,24.146209,-28.405984
EVT0063438,BMW00921,WBA00000000000921,2026-08-09 06:25:00,73.48,67.35,7.3,51.73601,77.086863
EVT0007766,BMW00659,WBA00000000000659,2026-01-27 23:05:00,26.73,5.21,48.44,25.948936,114.426955
EVT0094773,BMW00804,WBA00000000000804,2026-11-26 01:40:00,25.15,33.25,25.02,46.861114,-6.616048
EVT0051197,BMW00058,WBA00000000000058,2026-06-27 18:20:00,25.18,58.02,32.08,10.839728,111.719557
EVT0026633,BMW00443,WBA00000000000443,2026-04-03 11:20:00,72.68,115.13,41.97,11.071071,118.081117
EVT0015203,BMW00764,WBA00000000000764,2026-02-22 18:50:00,14.38,65.05,-7.36,17.024714,133.010886
EVT0065537,BMW00258,WBA00000000000258,2026-08-16 13:20:00,52.81,84.36,47.77,39.72967,134.21738
EVT0056550,BMW00288,WBA00000000000288,2026-07-16 08:25:00,56.51,100.4,33.08,39.844852,-101.747029
EVT0016175,BMW00130,WBA00000000000130,2026-02-26 03:50:00,53.85,87.51,41.24,16.114452,139.000589
EVT0014820,BMW00859,WBA00000000000859,2026-02-21 10:55:00,77.58,91.77,50.61,11.19368,-63.104606
EVT0066484,BMW00505,WBA00000000000505,2026-08-19 20:15:00,39.86,148.98,34.99,34.50652,21.500276
EVT0006641,BMW00505,WBA00000000000505,2026-01-24 01:20:00,97.66,12.58,-3.97,43.894721,-111.588468
EVT0025901,BMW00327,WBA00000000000327,2026-03-31 22:20:00,37.55,69.26,54.05,26.249597,73.346422
EVT0018160,BMW00556,WBA00000000000556,2026-03-05 01:15:00,14.04,53.12,12.82,35.86352,9.101572
EVT0041765,BMW00596,WBA00000000000596,2026-05-26 00:20:00,58.28,11.12,27.09,33.687456,34.576941
EVT0005018,BMW00702,WBA00000000000702,2026-01-18 10:05:00,96.31,71.91,7.89,27.369051,86.263225
EVT0026247,BMW00596,WBA00000000000596,2026-04-02 03:10:00,34.94,125.35,3.91,48.844768,35.505338
EVT0056413,BMW00600,WBA00000000000600,2026-07-15 21:00:00,53.07,13.6,17.58,38.961621,22.570888
EVT0027108,BMW00711,WBA00000000000711,2026-04-05 02:55:00,47.98,18.7,31.62,50.042411,20.997824
EVT0085127,BMW00336,WBA00000000000336,2026-10-23 13:50:00,64.09,16.54,6.56,23.251444,26.99161
EVT0036300,BMW00023,WBA00000000000023,2026-05-07 00:55:00,15.07,133.36,18.55,53.695762,-118.301889
EVT0078935,BMW00566,WBA00000000000566,2026-10-02 01:50:00,49.98,158.36,13.98,31.399691,-93.110795
EVT0081883,BMW00275,WBA00000000000275,2026-10-12 07:30:00,79.65,100.49,-7.83,41.698748,63.70414
EVT0020799,BMW00409,WBA00000000000409,2026-03-14 05:10:00,10.73,114.1,16.22,23.182829,127.24298
EVT0008319,BMW00251,WBA00000000000251,2026-01-29 21:10:00,52.26,108.94,33.06,30.714376,-98.781765
EVT0013865,BMW00762,WBA00000000000762,2026-02-18 03:20:00,92.54,136.1,10.32,21.161224,132.550625
EVT0070088,BMW00782,WBA00000000000782,2026-09-01 08:35:00,70.44,18.12,4.47,22.137079,-20.202814
EVT0072616,BMW00970,WBA00000000000970,2026-09-10 03:15:00,65.47,140.5,2.92,47.843958,22.409663
EVT0097757,BMW00069,WBA00000000000069,2026-12-06 10:20:00,61.69,135.02,-9.51,35.630221,-21.435445
EVT0036025,BMW00848,WBA00000000000848,2026-05-06 02:00:00,27.11,29.72,12.37,24.344848,77.006185
EVT0049223,BMW00552,WBA00000000000552,2026-06-20 21:50:00,95.9,26.77,44.55,13.625737,84.920554
EVT0086029,BMW00939,WBA00000000000939,2026-10-26 17:00:00,22.7,133.61,46.42,30.88999,-10.281971
EVT0024470,BMW00674,WBA00000000000674,2026-03-26 23:05:00,17.91,60.22,43.32,49.491902,-0.300394
EVT0060685,BMW00317,WBA00000000000317,2026-07-30 17:00:00,61.09,74.73,-9.29,45.37675,43.67127
EVT0022143,BMW00057,WBA00000000000057,2026-03-18 21:10:00,27.79,106.25,33.57,36.17813,147.309234
EVT0075267,BMW00955,WBA00000000000955,2026-09-19 08:10:00,22.71,41.61,53.2,44.523442,-20.279229
EVT0042134,BMW00004,WBA00000000000004,2026-05-27 07:05:00,13.03,93.45,48.97,29.57295,-7.077582
EVT0035947,BMW00507,WBA00000000000507,2026-05-05 19:30:00,68.75,113.8,-5.2,40.648923,-94.382354
EVT0023583,BMW00492,WBA00000000000492,2026-03-23 21:10:00,84.56,36.68,30.92,48.52684,142.021979
EVT0093021,BMW00347,WBA00000000000347,2026-11-19 23:40:00,37.41,155.75,8.43,25.43085,56.251749
EVT0051398,BMW00961,WBA00000000000961,2026-06-28 11:05:00,39.88,101.45,43.32,26.808285,95.731139
EVT0035256,BMW00568,WBA00000000000568,2026-05-03 09:55:00,47.22,26.39,-2.28,38.267041,-80.970434
EVT0010149,BMW00013,WBA00000000000013,2026-02-05 05:40:00,19.44,1.58,6.87,25.448094,-31.604933
EVT0042343,BMW00759,WBA00000000000759,2026-05-28 00:30:00,75.46,108.49,10.89,33.292618,128.735074
EVT0041100,BMW00374,WBA00000000000374,2026-05-23 16:55:00,39.39,104.55,21.46,14.52856,-114.056017
EVT0021720,BMW00092,WBA00000000000092,2026-03-17 09:55:00,22.59,128.74,53.05,8.069732,142.404746
EVT0057719,BMW00143,WBA00000000000143,2026-07-20 09:50:00,21.0,52.5,40.64,15.121251,73.551598
EVT0035799,BMW00075,WBA00000000000075,2026-05-05 07:10:00,28.9,15.33,37.63,50.617447,-58.527827
EVT0072802,BMW00680,WBA00000000000680,2026-09-10 18:45:00,63.19,99.06,-9.69,51.614605,80.684368
EVT0019527,BMW00395,WBA00000000000395,2026-03-09 19:10:00,31.39,94.43,-4.08,45.124294,115.633281
EVT0000454,BMW00785,WBA00000000000785,2026-01-02 13:45:00,65.84,102.44,13.19,44.890895,-96.323024
EVT0011447,BMW00108,WBA00000000000108,2026-02-09 17:50:00,49.76,150.36,39.06,38.696402,133.329055
EVT0066292,BMW00500,WBA00000000000500,2026-08-19 04:15:00,50.34,45.93,31.0,51.445288,-29.228137
EVT0029613,BMW00964,WBA00000000000964,2026-04-13 19:40:00,96.2,115.16,12.36,42.665406,-98.79083
EVT0089267,BMW00302,WBA00000000000302,2026-11-06 22:50:00,30.89,24.72,50.5,17.986377,0.030653
EVT0092108,BMW00786,WBA00000000000786,2026-11-16 19:35:00,87.43,18.95,54.87,17.622898,-96.270459
EVT0064082,BMW00015,WBA00000000000015,2026-08-11 12:05:00,76.58,99.6,28.15,15.351514,78.433669
EVT0056306,BMW00562,WBA00000000000562,2026-07-15 12:05:00,50.01,140.43,37.18,25.80486,80.553686
EVT0042786,BMW00469,WBA00000000000469,2026-05-29 13:25:00,73.54,83.99,22.71,8.465325,-85.927422
EVT0072374,BMW00249,WBA00000000000249,2026-09-09 07:05:00,16.15,43.42,-2.24,44.655693,148.827193
EVT0021236,BMW00948,WBA00000000000948,2026-03-15 17:35:00,89.16,39.07,47.97,51.518592,149.01924
EVT0080995,BMW00784,WBA00000000000784,2026-10-09 05:30:00,97.88,62.79,33.5,54.667934,-29.918647
EVT0091051,BMW00515,WBA00000000000515,2026-11-13 03:30:00,88.59,68.08,2.72,15.270344,-86.903231
EVT0073137,BMW00787,WBA00000000000787,2026-09-11 22:40:00,42.33,112.2,43.84,25.345348,-2.953568
EVT0092283,BMW00653,WBA00000000000653,2026-11-17 10:10:00,23.86,147.57,-0.76,29.581571,-64.061435
EVT0085420,BMW00853,WBA00000000000853,2026-10-24 14:15:00,28.97,94.31,-7.46,38.007003,34.396087
EVT0023490,BMW00329,WBA00000000000329,2026-03-23 13:25:00,60.0,124.76,-1.5,32.654909,30.085722
EVT0075964,BMW00569,WBA00000000000569,2026-09-21 18:15:00,39.17,82.22,3.03,17.141624,29.281131
EVT0091554,BMW00331,WBA00000000000331,2026-11-14 21:25:00,44.21,0.65,31.89,42.147485,14.163611
EVT0098344,BMW00332,WBA00000000000332,2026-12-08 11:15:00,14.3,100.26,4.44,13.548966,-54.124158
EVT0088697,BMW00245,WBA00000000000245,2026-11-04 23:20:00,88.0,126.42,41.94,40.119734,-70.247291
EVT0055510,BMW00032,WBA00000000000032,2026-07-12 17:45:00,76.09,54.31,2.54,36.425461,-9.034834
EVT0003184,BMW00765,WBA00000000000765,2026-01-12 01:15:00,87.12,19.25,2.64,14.123476,-11.615222
EVT0043286,BMW00832,WBA00000000000832,2026-05-31 07:05:00,44.84,91.32,13.71,48.61357,30.458389
EVT0000129,BMW00677,WBA00000000000677,2026-01-01 10:40:00,32.49,105.36,45.14,49.034754,143.760416
EVT0013901,BMW00204,WBA00000000000204,2026-02-18 06:20:00,99.09,159.76,54.43,27.767006,98.580784
EVT0087480,BMW00921,WBA00000000000921,2026-10-31 17:55:00,64.31,39.62,4.69,10.463744,73.33672
EVT0005402,BMW00258,WBA00000000000258,2026-01-19 18:05:00,97.78,50.43,1.01,24.395997,138.30598
EVT0027509,BMW00035,WBA00000000000035,2026-04-06 12:20:00,21.66,99.78,20.16,19.432638,-57.69857
EVT0081105,BMW00288,WBA00000000000288,2026-10-09 14:40:00,65.79,88.28,15.93,24.576388,103.207494
EVT0090783,BMW00832,WBA00000000000832,2026-11-12 05:10:00,87.63,96.54,42.76,45.513753,49.101915
EVT0044552,BMW00154,WBA00000000000154,2026-06-04 16:35:00,89.02,66.68,11.96,27.047974,4.631592
EVT0021038,BMW00389,WBA00000000000389,2026-03-15 01:05:00,29.11,64.56,17.78,8.688805,84.674895
EVT0045162,BMW00322,WBA00000000000322,2026-06-06 19:25:00,34.15,48.42,26.73,51.370196,-0.623209
EVT0075991,BMW00658,WBA00000000000658,2026-09-21 20:30:00,17.06,85.78,-3.96,27.436422,117.143357
EVT0092488,BMW00288,WBA00000000000288,2026-11-18 03:15:00,11.14,106.18,31.92,54.625506,112.072816
EVT0070812,BMW00318,WBA00000000000318,2026-09-03 20:55:00,73.95,68.64,-7.55,47.551652,-0.670758
EVT0092030,BMW00739,WBA00000000000739,2026-11-16 13:05:00,10.47,101.19,25.13,15.387646,-49.573798
EVT0097020,BMW00065,WBA00000000000065,2026-12-03 20:55:00,18.74,108.84,-9.04,25.352243,89.00671
EVT0011363,BMW00962,WBA00000000000962,2026-02-09 10:50:00,84.5,39.01,19.02,41.097483,125.322102
EVT0064992,BMW00642,WBA00000000000642,2026-08-14 15:55:00,17.48,2.23,9.34,9.669056,98.432625
EVT0042477,BMW00322,WBA00000000000322,2026-05-28 11:40:00,56.09,52.96,-7.58,33.921938,-22.065107
EVT0062828,BMW00886,WBA00000000000886,2026-08-07 03:35:00,54.9,111.31,-7.21,27.981244,42.927015
EVT0075292,BMW00284,WBA00000000000284,2026-09-19 10:15:00,86.28,140.19,28.54,53.748005,102.132835
EVT0002112,BMW00800,WBA00000000000800,2026-01-08 07:55:00,73.67,138.4,28.59,54.783486,141.598926
EVT0019677,BMW00716,WBA00000000000716,2026-03-10 07:40:00,74.6,120.58,11.48,19.710494,-115.038186
EVT0096944,BMW00128,WBA00000000000128,2026-12-03 14:35:00,16.33,16.08,-0.27,50.907683,-40.35708
EVT0086994,BMW00390,WBA00000000000390,2026-10-30 01:25:00,66.96,97.9,40.01,48.652817,68.206398
EVT0077597,BMW00275,WBA00000000000275,2026-09-27 10:20:00,13.16,65.74,23.01,21.214976,-54.472545
EVT0050466,BMW00363,WBA00000000000363,2026-06-25 05:25:00,47.8,146.28,31.73,30.016308,-18.213793
EVT0066187,BMW00350,WBA00000000000350,2026-08-18 19:30:00,93.51,8.62,15.62,51.422727,105.484445
EVT0060960,BMW00134,WBA00000000000134,2026-07-31 15:55:00,24.1,89.18,9.15,43.287532,-80.163452
EVT0079942,BMW00024,WBA00000000000024,2026-10-05 13:45:00,25.06,132.83,21.98,12.825094,40.030658
EVT0092835,BMW00913,WBA00000000000913,2026-11-19 08:10:00,33.21,69.52,51.53,54.898531,82.915785
EVT0052067,BMW00556,WBA00000000000556,2026-06-30 18:50:00,53.46,89.92,-2.71,47.675594,-33.240444
EVT0054775,BMW00090,WBA00000000000090,2026-07-10 04:30:00,23.88,34.01,34.58,27.881072,142.388665
EVT0012887,BMW00265,WBA00000000000265,2026-02-14 17:50:00,73.76,0.32,8.04,17.118357,131.896442
EVT0012112,BMW00146,WBA00000000000146,2026-02-12 01:15:00,74.2,151.63,-2.53,11.392994,55.672086
EVT0005495,BMW00417,WBA00000000000417,2026-01-20 01:50:00,70.44,40.02,54.55,18.590448,118.674959
EVT0000439,BMW00423,WBA00000000000423,2026-01-02 12:30:00,82.38,61.26,5.17,38.483194,-48.806824
EVT0012568,BMW00253,WBA00000000000253,2026-02-13 15:15:00,31.75,19.79,49.42,35.551372,27.118023
EVT0028846,BMW00818,WBA00000000000818,2026-04-11 03:45:00,90.96,2.69,49.91,20.54146,-25.645552
EVT0065630,BMW00512,WBA00000000000512,2026-08-16 21:05:00,50.12,84.31,-0.86,46.093524,-95.896452
EVT0091735,BMW00848,WBA00000000000848,2026-11-15 12:30:00,20.26,151.15,25.17,36.596746,3.515574
EVT0038830,BMW00135,WBA00000000000135,2026-05-15 19:45:00,35.45,8.49,39.17,31.143263,-74.014994
EVT0028949,BMW00003,WBA00000000000003,2026-04-11 12:20:00,91.35,80.78,24.05,46.794279,-108.98536
EVT0009938,BMW00782,WBA00000000000782,2026-02-04 12:05:00,37.95,139.37,2.92,32.429726,32.66839
EVT0021251,BMW00999,WBA00000000000999,2026-03-15 18:50:00,85.25,22.49,-0.7,9.965688,23.911814
EVT0069393,BMW00244,WBA00000000000244,2026-08-29 22:40:00,95.13,54.75,26.43,53.051611,-9.323497
EVT0050099,BMW00095,WBA00000000000095,2026-06-23 22:50:00,27.52,115.19,17.17,53.900798,118.38846
EVT0093684,BMW00263,WBA00000000000263,2026-11-22 06:55:00,22.83,127.87,34.23,11.470622,81.005555
EVT0016726,BMW00301,WBA00000000000301,2026-02-28 01:45:00,12.34,14.91,0.11,17.96624,-89.362609
EVT0061166,BMW00833,WBA00000000000833,2026-08-01 09:05:00,61.56,93.61,16.86,32.904191,-75.187525
EVT0025159,BMW00702,WBA00000000000702,2026-03-29 08:30:00,82.37,70.01,39.64,48.827708,137.93956
EVT0092537,BMW00848,WBA00000000000848,2026-11-18 07:20:00,10.02,41.36,34.22,30.058762,114.536688
EVT0048935,BMW00383,WBA00000000000383,2026-06-19 21:50:00,30.39,128.8,-6.6,26.443182,-42.654149
EVT0053780,BMW00186,WBA00000000000186,2026-07-06 17:35:00,94.18,45.09,0.64,49.126681,-50.012034
EVT0067831,BMW00468,WBA00000000000468,2026-08-24 12:30:00,21.77,26.09,1.28,53.496271,-87.269903
EVT0079054,BMW00070,WBA00000000000070,2026-10-02 11:45:00,34.14,47.85,39.81,52.083975,-102.957378
EVT0048611,BMW00010,WBA00000000000010,2026-06-18 18:50:00,35.49,18.48,3.24,36.754092,-97.156342
EVT0038668,BMW00265,WBA00000000000265,2026-05-15 06:15:00,93.97,56.99,40.08,45.969545,72.287406
EVT0050121,BMW00951,WBA00000000000951,2026-06-24 00:40:00,41.84,63.82,5.53,14.70284,-40.136904
EVT0088762,BMW00568,WBA00000000000568,2026-11-05 04:45:00,77.9,34.79,51.29,36.652079,15.238515
EVT0025627,BMW00409,WBA00000000000409,2026-03-30 23:30:00,79.55,4.08,32.52,8.769745,47.444459
EVT0087770,BMW00955,WBA00000000000955,2026-11-01 18:05:00,82.71,135.36,22.25,26.102038,-30.335301
EVT0056366,BMW00924,WBA00000000000924,2026-07-15 17:05:00,99.47,122.64,52.06,10.672015,21.409732
EVT0050785,BMW00445,WBA00000000000445,2026-06-26 08:00:00,66.05,31.59,8.98,53.678055,29.435214
EVT0031371,BMW00459,WBA00000000000459,2026-04-19 22:10:00,16.76,86.64,6.24,25.08311,124.355501
EVT0007190,BMW00973,WBA00000000000973,2026-01-25 23:05:00,43.51,98.33,4.49,19.071631,135.329051
EVT0085263,BMW00172,WBA00000000000172,2026-10-24 01:10:00,93.7,10.73,-1.14,51.122002,15.765217
EVT0062142,BMW00872,WBA00000000000872,2026-08-04 18:25:00,55.27,118.23,46.64,10.769407,-71.535955
EVT0053732,BMW00072,WBA00000000000072,2026-07-06 13:35:00,61.75,144.83,49.85,13.888744,-22.974877
EVT0067810,BMW00497,WBA00000000000497,2026-08-24 10:45:00,44.22,80.62,43.52,22.156799,75.790532
EVT0099044,BMW00924,WBA00000000000924,2026-12-10 21:35:00,54.52,69.14,47.28,16.277336,24.964689
EVT0086084,BMW00415,WBA00000000000415,2026-10-26 21:35:00,30.17,75.12,51.04,49.490036,-88.925678
EVT0039183,BMW00012,WBA00000000000012,2026-05-17 01:10:00,81.93,93.87,16.12,15.004938,145.722141
EVT0057112,BMW00494,WBA00000000000494,2026-07-18 07:15:00,83.96,111.08,1.99,14.086825,84.090927
EVT0063965,BMW00553,WBA00000000000553,2026-08-11 02:20:00,41.01,88.5,52.67,41.589105,-76.035396
EVT0069348,BMW00791,WBA00000000000791,2026-08-29 18:55:00,94.61,113.68,54.69,12.416144,113.804854
EVT0010697,BMW00454,WBA00000000000454,2026-02-07 03:20:00,91.5,153.89,10.19,24.642665,-46.541142
EVT0080896,BMW00498,WBA00000000000498,2026-10-08 21:15:00,41.69,5.7,7.94,32.319925,60.811099
EVT0046927,BMW00421,WBA00000000000421,2026-06-12 22:30:00,71.0,71.57,41.46,40.721188,146.290991
EVT0097743,BMW00592,WBA00000000000592,2026-12-06 09:10:00,79.07,91.0,27.78,43.586753,-12.00075
EVT0066343,BMW00341,WBA00000000000341,2026-08-19 08:30:00,12.13,6.89,37.15,43.981346,14.738881
EVT0099820,BMW00421,WBA00000000000421,2026-12-13 14:15:00,84.01,36.65,40.87,29.187715,116.313723
EVT0089503,BMW00558,WBA00000000000558,2026-11-07 18:30:00,52.57,152.55,35.96,46.740231,99.497756
EVT0007807,BMW00083,WBA00000000000083,2026-01-28 02:30:00,73.07,156.03,-4.49,37.098069,-12.189175
EVT0007535,BMW00157,WBA00000000000157,2026-01-27 03:50:00,36.29,128.48,35.12,40.381108,101.736161
EVT0046994,BMW00694,WBA00000000000694,2026-06-13 04:05:00,54.0,61.82,20.08,38.47461,-32.648406
EVT0030808,BMW00185,WBA00000000000185,2026-04-17 23:15:00,41.36,67.0,-7.55,27.461323,102.765627
EVT0040152,BMW00622,WBA00000000000622,2026-05-20 09:55:00,36.37,42.32,40.47,43.958075,20.948959
EVT0029701,BMW00484,WBA00000000000484,2026-04-14 03:00:00,31.32,153.95,17.89,24.985321,-26.534482
EVT0022645,BMW00679,WBA00000000000679,2026-03-20 15:00:00,43.96,29.07,47.54,20.274357,-77.760835
EVT0095028,BMW00434,WBA00000000000434,2026-11-26 22:55:00,84.16,69.95,52.2,20.944741,129.119978
EVT0017132,BMW00346,WBA00000000000346,2026-03-01 11:35:00,93.53,25.02,24.98,20.18877,126.149113
EVT0065867,BMW00339,WBA00000000000339,2026-08-17 16:50:00,53.84,23.33,11.29,26.220992,-47.912896
EVT0075387,BMW00824,WBA00000000000824,2026-09-19 18:10:00,77.68,13.04,49.52,16.375196,-102.781483
EVT0075637,BMW00241,WBA00000000000241,2026-09-20 15:00:00,63.74,94.96,54.92,13.405548,10.593876
EVT0085763,BMW00708,WBA00000000000708,2026-10-25 18:50:00,87.28,83.54,14.39,41.577715,96.504032
EVT0052795,BMW00379,WBA00000000000379,2026-07-03 07:30:00,61.79,78.03,22.07,48.827159,40.0726
EVT0068469,BMW00644,WBA00000000000644,2026-08-26 17:40:00,62.52,22.16,44.03,31.585878,-35.445145
EVT0007843,BMW00621,WBA00000000000621,2026-01-28 05:30:00,82.84,131.64,53.94,47.287851,-80.142765
EVT0081677,BMW00874,WBA00000000000874,2026-10-11 14:20:00,77.23,85.32,-9.43,47.57353,122.26834
EVT0058248,BMW00439,WBA00000000000439,2026-07-22 05:55:00,85.2,117.02,3.92,32.698901,-117.346816
EVT0039413,BMW00550,WBA00000000000550,2026-05-17 20:20:00,21.87,6.2,41.48,37.11987,-37.22058
EVT0003624,BMW00799,WBA00000000000799,2026-01-13 13:55:00,90.05,151.42,24.12,12.358766,-103.92651
EVT0041726,BMW00786,WBA00000000000786,2026-05-25 21:05:00,50.2,90.37,46.22,44.009583,-9.791159
EVT0097465,BMW00577,WBA00000000000577,2026-12-05 10:00:00,53.62,110.54,27.05,15.953449,139.952871
EVT0074011,BMW00282,WBA00000000000282,2026-09-14 23:30:00,25.12,141.98,14.53,49.775419,-59.465256
EVT0033067,BMW00341,WBA00000000000341,2026-04-25 19:30:00,53.87,32.48,36.17,15.178141,139.40645
EVT0012274,BMW00261,WBA00000000000261,2026-02-12 14:45:00,64.63,144.87,12.76,17.785419,-62.314129
EVT0039466,BMW00859,WBA00000000000859,2026-05-18 00:45:00,81.53,20.98,49.63,53.080942,-105.178931
EVT0055636,BMW00319,WBA00000000000319,2026-07-13 04:15:00,19.94,132.58,26.11,19.642891,-52.182139
EVT0083842,BMW00445,WBA00000000000445,2026-10-19 02:45:00,19.06,128.64,28.87,35.388015,-30.545319
EVT0023497,BMW00286,WBA00000000000286,2026-03-23 14:00:00,70.15,9.06,-2.28,37.461735,-52.040424
EVT0037138,BMW00189,WBA00000000000189,2026-05-09 22:45:00,87.24,48.89,11.36,39.928098,0.54171
EVT0045936,BMW00671,WBA00000000000671,2026-06-09 11:55:00,96.9,33.88,10.94,40.150876,-62.898672
EVT0050474,BMW00598,WBA00000000000598,2026-06-25 06:05:00,43.76,56.39,32.17,45.068412,94.966499
EVT0064039,BMW00454,WBA00000000000454,2026-08-11 08:30:00,58.34,70.75,44.06,27.555993,100.646559
EVT0026236,BMW00204,WBA00000000000204,2026-04-02 02:15:00,43.68,45.66,11.98,31.338848,-93.175324
EVT0052459,BMW00845,WBA00000000000845,2026-07-02 03:30:00,88.07,35.43,4.83,40.606204,-108.933611
EVT0034205,BMW00336,WBA00000000000336,2026-04-29 18:20:00,92.21,113.9,20.74,47.78105,117.577679
EVT0005010,BMW00044,WBA00000000000044,2026-01-18 09:25:00,16.06,26.35,-6.65,12.520914,122.317373
EVT0013922,BMW00878,WBA00000000000878,2026-02-18 08:05:00,75.08,81.86,7.86,31.863889,-117.61968
EVT0030532,BMW00330,WBA00000000000330,2026-04-17 00:15:00,39.6,9.84,42.77,52.234379,-38.213985
EVT0005301,BMW00051,WBA00000000000051,2026-01-19 09:40:00,68.32,53.93,42.98,30.777177,130.629756
EVT0075853,BMW00216,WBA00000000000216,2026-09-21 09:00:00,17.37,79.69,36.71,35.969906,122.726494
EVT0017082,BMW00965,WBA00000000000965,2026-03-01 07:25:00,62.3,77.11,7.33,44.754305,-112.045602
EVT0031808,BMW00054,WBA00000000000054,2026-04-21 10:35:00,98.77,51.63,8.73,37.106907,61.564363
EVT0011888,BMW00413,WBA00000000000413,2026-02-11 06:35:00,73.99,155.7,-3.45,11.866383,40.687875
EVT0030035,BMW00502,WBA00000000000502,2026-04-15 06:50:00,73.79,77.7,31.08,14.59055,-18.771296
EVT0058741,BMW00556,WBA00000000000556,2026-07-23 23:00:00,22.99,89.83,31.52,43.528313,-73.364806
EVT0025707,BMW00162,WBA00000000000162,2026-03-31 06:10:00,72.64,153.13,31.18,23.513922,103.170678
EVT0069064,BMW00988,WBA00000000000988,2026-08-28 19:15:00,45.73,155.71,2.55,43.962159,91.007825
EVT0023337,BMW00243,WBA00000000000243,2026-03-23 00:40:00,17.08,119.71,4.85,48.679243,-116.568763
EVT0081794,BMW00945,WBA00000000000945,2026-10-12 00:05:00,38.25,25.1,7.99,25.155109,143.848816
EVT0004798,BMW00889,WBA00000000000889,2026-01-17 15:45:00,54.34,90.57,46.55,22.528388,114.75926
EVT0045966,BMW00146,WBA00000000000146,2026-06-09 14:25:00,64.17,72.68,18.57,44.620589,40.575931
EVT0048373,BMW00796,WBA00000000000796,2026-06-17 23:00:00,59.46,16.17,42.25,13.676781,6.210365
EVT0000729,BMW00415,WBA00000000000415,2026-01-03 12:40:00,51.09,49.82,12.15,28.963218,53.135041
EVT0016867,BMW00102,WBA00000000000102,2026-02-28 13:30:00,47.76,82.91,15.57,49.538861,-54.086811
EVT0056447,BMW00823,WBA00000000000823,2026-07-15 23:50:00,34.49,14.58,18.06,53.152007,88.420999
EVT0043979,BMW00556,WBA00000000000556,2026-06-02 16:50:00,38.09,142.37,17.45,46.511932,-12.481524
EVT0084139,BMW00880,WBA00000000000880,2026-10-20 03:30:00,21.05,148.74,31.49,51.660332,-117.601887
EVT0071777,BMW00844,WBA00000000000844,2026-09-07 05:20:00,57.09,0.59,46.84,35.068708,108.45752
EVT0074833,BMW00600,WBA00000000000600,2026-09-17 20:00:00,32.97,116.33,17.14,29.455658,-89.512583
EVT0028736,BMW00574,WBA00000000000574,2026-04-10 18:35:00,54.36,33.84,-3.7,9.959434,72.41437
EVT0047315,BMW00277,WBA00000000000277,2026-06-14 06:50:00,92.71,149.73,45.53,48.819199,-89.339628
EVT0053695,BMW00311,WBA00000000000311,2026-07-06 10:30:00,11.43,44.93,12.32,46.568538,-14.235154
EVT0015878,BMW00918,WBA00000000000918,2026-02-25 03:05:00,83.58,93.39,32.8,49.565449,29.121364
EVT0021793,BMW00031,WBA00000000000031,2026-03-17 16:00:00,18.98,15.95,53.44,11.111007,146.829689
EVT0001686,BMW00158,WBA00000000000158,2026-01-06 20:25:00,23.43,8.86,50.98,18.66043,-94.895816
EVT0093195,BMW00560,WBA00000000000560,2026-11-20 14:10:00,35.64,14.81,-2.06,29.334986,-87.025471
EVT0085903,BMW00543,WBA00000000000543,2026-10-26 06:30:00,85.92,102.83,1.42,52.583657,-9.268232
EVT0051325,BMW00941,WBA00000000000941,2026-06-28 05:00:00,72.89,110.95,12.14,31.330055,95.516802
EVT0072122,BMW00910,WBA00000000000910,2026-09-08 10:05:00,43.6,152.88,-4.51,31.950422,58.394096
EVT0016246,BMW00908,WBA00000000000908,2026-02-26 09:45:00,15.6,59.17,-6.84,35.453323,-9.989398
EVT0095968,BMW00011,WBA00000000000011,2026-11-30 05:15:00,16.29,144.46,50.1,44.166241,-31.131653
EVT0041530,BMW00211,WBA00000000000211,2026-05-25 04:45:00,16.78,2.39,-2.69,19.839227,-70.353001
EVT0065652,BMW00409,WBA00000000000409,2026-08-16 22:55:00,84.04,100.54,12.58,14.167031,-29.871476
EVT0092991,BMW00545,WBA00000000000545,2026-11-19 21:10:00,59.22,94.79,2.61,50.257601,-53.755958
EVT0093558,BMW00497,WBA00000000000497,2026-11-21 20:25:00,83.93,21.97,38.75,45.66681,49.631995
EVT0057944,BMW00942,WBA00000000000942,2026-07-21 04:35:00,66.09,69.36,2.08,26.209969,69.845788
EVT0011269,BMW00809,WBA00000000000809,2026-02-09 03:00:00,68.28,135.76,-7.61,49.265619,32.892057
EVT0056917,BMW00609,WBA00000000000609,2026-07-17 15:00:00,21.18,21.5,37.86,43.778608,-31.116506
EVT0089700,BMW00542,WBA00000000000542,2026-11-08 10:55:00,78.66,5.32,1.76,20.498024,121.884067
EVT0044270,BMW00400,WBA00000000000400,2026-06-03 17:05:00,42.47,82.78,21.45,47.7956,-38.736058
EVT0078806,BMW00969,WBA00000000000969,2026-10-01 15:05:00,89.35,74.9,-5.36,9.969975,-62.848597
EVT0085076,BMW00827,WBA00000000000827,2026-10-23 09:35:00,96.91,130.14,36.85,16.788345,57.576621
EVT0071516,BMW00634,WBA00000000000634,2026-09-06 07:35:00,64.76,83.99,50.76,40.512067,21.60392
EVT0041714,BMW00633,WBA00000000000633,2026-05-25 20:05:00,92.38,20.0,-9.81,16.844465,-33.718912
EVT0042622,BMW00131,WBA00000000000131,2026-05-28 23:45:00,89.23,153.72,6.27,12.84624,99.027832
EVT0088176,BMW00144,WBA00000000000144,2026-11-03 03:55:00,67.16,156.04,-8.58,39.432654,138.993131
EVT0038811,BMW00372,WBA00000000000372,2026-05-15 18:10:00,17.03,63.07,46.26,34.685636,-7.230835
EVT0042732,BMW00714,WBA00000000000714,2026-05-29 08:55:00,56.94,127.06,33.92,46.876481,-5.333109
EVT0059457,BMW00454,WBA00000000000454,2026-07-26 10:40:00,28.99,147.54,17.8,22.469382,88.331534
EVT0036622,BMW00678,WBA00000000000678,2026-05-08 03:45:00,91.24,126.5,40.92,21.997711,83.682151
EVT0035098,BMW00142,WBA00000000000142,2026-05-02 20:45:00,52.25,117.09,29.31,31.967741,43.772761
EVT0089910,BMW00392,WBA00000000000392,2026-11-09 04:25:00,56.93,20.57,47.83,30.714865,-7.276157
EVT0064514,BMW00318,WBA00000000000318,2026-08-13 00:05:00,79.05,68.89,2.69,46.656909,-12.38967
EVT0074131,BMW00408,WBA00000000000408,2026-09-15 09:30:00,40.29,136.26,4.51,40.424538,1.401592
EVT0075683,BMW00871,WBA00000000000871,2026-09-20 18:50:00,67.0,77.37,16.63,16.696323,25.550698
EVT0093163,BMW00039,WBA00000000000039,2026-11-20 11:30:00,17.23,144.67,4.34,8.807722,13.474691
EVT0024725,BMW00172,WBA00000000000172,2026-03-27 20:20:00,61.81,104.32,26.14,25.14905,-35.736462
EVT0070960,BMW00118,WBA00000000000118,2026-09-04 09:15:00,10.39,151.75,11.67,53.831978,2.53527
EVT0073064,BMW00196,WBA00000000000196,2026-09-11 16:35:00,27.5,27.9,50.38,34.445066,134.059852
EVT0035043,BMW00370,WBA00000000000370,2026-05-02 16:10:00,46.41,88.24,14.66,32.601393,-1.302697
EVT0054843,BMW00271,WBA00000000000271,2026-07-10 10:10:00,15.42,41.84,-4.47,36.108946,1.585197
EVT0017449,BMW00146,WBA00000000000146,2026-03-02 14:00:00,48.9,159.16,46.16,31.838562,-99.038802
EVT0064611,BMW00392,WBA00000000000392,2026-08-13 08:10:00,56.07,94.04,14.59,34.462366,119.86322
EVT0064111,BMW00770,WBA00000000000770,2026-08-11 14:30:00,14.54,30.65,13.04,12.164502,123.238271
EVT0033504,BMW00257,WBA00000000000257,2026-04-27 07:55:00,46.11,91.14,1.98,14.508001,-34.924464
EVT0083209,BMW00058,WBA00000000000058,2026-10-16 22:00:00,91.63,16.26,52.06,11.630537,56.551762
EVT0026119,BMW00676,WBA00000000000676,2026-04-01 16:30:00,28.76,104.45,6.59,41.266111,39.478211
EVT0022125,BMW00277,WBA00000000000277,2026-03-18 19:40:00,99.39,55.21,16.59,20.914108,134.025847
EVT0027203,BMW00591,WBA00000000000591,2026-04-05 10:50:00,30.81,106.79,47.35,19.576492,123.421151
EVT0076191,BMW00863,WBA00000000000863,2026-09-22 13:10:00,52.2,123.92,25.14,50.471782,-92.998923
EVT0099539,BMW00472,WBA00000000000472,2026-12-12 14:50:00,64.88,89.22,0.31,51.02343,82.744405
EVT0096453,BMW00734,WBA00000000000734,2026-12-01 21:40:00,85.11,12.42,17.64,46.609396,47.161024
EVT0000013,BMW00599,WBA00000000000599,2026-01-01 01:00:00,12.96,16.17,-4.12,28.135178,-8.59116
EVT0013315,BMW00162,WBA00000000000162,2026-02-16 05:30:00,10.31,59.11,42.96,29.766261,-59.214158
EVT0003712,BMW00692,WBA00000000000692,2026-01-13 21:15:00,22.46,85.48,38.48,21.880715,84.695844
EVT0085431,BMW00575,WBA00000000000575,2026-10-24 15:10:00,39.94,132.75,2.41,49.776528,-18.464282
EVT0064315,BMW00270,WBA00000000000270,2026-08-12 07:30:00,17.54,125.19,41.07,28.705183,16.387352
EVT0012001,BMW00920,WBA00000000000920,2026-02-11 16:00:00,69.13,34.45,34.58,24.381198,-87.996235
EVT0040868,BMW00530,WBA00000000000530,2026-05-22 21:35:00,37.11,100.12,10.88,42.074403,59.813662
EVT0008372,BMW00353,WBA00000000000353,2026-01-30 01:35:00,28.93,130.68,40.05,44.093968,132.793887
EVT0092056,BMW00739,WBA00000000000739,2026-11-16 15:15:00,30.78,133.64,45.6,30.226761,-104.371287
EVT0067752,BMW00593,WBA00000000000593,2026-08-24 05:55:00,67.11,43.46,2.01,53.836178,57.716259
EVT0076304,BMW00318,WBA00000000000318,2026-09-22 22:35:00,25.57,39.29,-2.28,21.823704,117.294523
EVT0042845,BMW00362,WBA00000000000362,2026-05-29 18:20:00,78.58,27.85,26.59,42.227574,114.078199
EVT0009347,BMW00189,WBA00000000000189,2026-02-02 10:50:00,61.1,91.07,-7.81,43.20871,-85.790425
EVT0089560,BMW00426,WBA00000000000426,2026-11-07 23:15:00,49.22,151.83,41.36,24.868857,-3.959094
EVT0084104,BMW00596,WBA00000000000596,2026-10-20 00:35:00,86.35,158.14,12.97,53.222769,114.505516
EVT0000794,BMW00975,WBA00000000000975,2026-01-03 18:05:00,33.17,125.45,35.76,45.611125,110.841639
EVT0082067,BMW00869,WBA00000000000869,2026-10-12 22:50:00,74.35,149.84,20.26,54.065441,114.143109
EVT0077776,BMW00120,WBA00000000000120,2026-09-28 01:15:00,90.33,12.67,17.56,40.923762,-88.171769
EVT0079364,BMW00193,WBA00000000000193,2026-10-03 13:35:00,41.48,33.75,-3.26,22.459711,125.989843
EVT0097911,BMW00723,WBA00000000000723,2026-12-06 23:10:00,31.77,102.62,52.9,18.987422,-23.505752
EVT0087205,BMW00359,WBA00000000000359,2026-10-30 19:00:00,32.52,97.0,17.83,19.75136,-11.037817
EVT0003189,BMW00152,WBA00000000000152,2026-01-12 01:40:00,56.0,47.25,14.62,47.380537,-53.165656
EVT0067055,BMW00179,WBA00000000000179,2026-08-21 19:50:00,66.38,135.37,-7.61,39.659892,68.17633
EVT0062019,BMW00370,WBA00000000000370,2026-08-04 08:10:00,16.33,115.27,22.94,47.251159,63.396542
EVT0004819,BMW00456,WBA00000000000456,2026-01-17 17:30:00,98.77,50.83,2.8,39.701431,139.224565
EVT0086634,BMW00411,WBA00000000000411,2026-10-28 19:25:00,76.55,36.24,48.16,38.037902,58.774891
EVT0060943,BMW00603,WBA00000000000603,2026-07-31 14:30:00,33.35,80.59,43.25,14.941069,71.619129
EVT0035301,BMW00211,WBA00000000000211,2026-05-03 13:40:00,96.44,36.25,4.63,42.407267,107.826195
EVT0053537,BMW00194,WBA00000000000194,2026-07-05 21:20:00,50.49,18.4,34.69,45.78277,126.454232
EVT0061478,BMW00969,WBA00000000000969,2026-08-02 11:05:00,50.38,159.43,52.35,12.059424,-1.43547
EVT0036071,BMW00786,WBA00000000000786,2026-05-06 05:50:00,98.02,74.47,39.86,12.530271,66.818449
EVT0032471,BMW00472,WBA00000000000472,2026-04-23 17:50:00,49.57,96.19,14.99,53.046318,54.574167
EVT0011046,BMW00948,WBA00000000000948,2026-02-08 08:25:00,69.22,118.2,-9.38,43.836518,-113.418269
EVT0038901,BMW00783,WBA00000000000783,2026-05-16 01:40:00,58.21,78.23,42.75,14.920616,18.078221
EVT0071614,BMW00592,WBA00000000000592,2026-09-06 15:45:00,13.52,7.3,13.33,25.278359,27.241986
EVT0091021,BMW00107,WBA00000000000107,2026-11-13 01:00:00,31.69,133.11,-3.99,14.846285,-112.249044
EVT0033206,BMW00622,WBA00000000000622,2026-04-26 07:05:00,26.42,28.78,-5.38,40.698762,143.316744
EVT0099685,BMW00800,WBA00000000000800,2026-12-13 03:00:00,99.16,12.95,38.94,31.839156,-50.801619
EVT0086555,BMW00198,WBA00000000000198,2026-10-28 12:50:00,59.31,1.08,54.54,45.093461,2.938316
EVT0012150,BMW00951,WBA00000000000951,2026-02-12 04:25:00,35.79,144.57,2.31,26.907033,143.145392
EVT0049592,BMW00585,WBA00000000000585,2026-06-22 04:35:00,39.16,5.84,37.6,11.585951,-101.45734
EVT0038313,BMW00992,WBA00000000000992,2026-05-14 00:40:00,43.44,159.77,43.53,19.386393,117.259846
EVT0003938,BMW00992,WBA00000000000992,2026-01-14 16:05:00,31.72,35.04,9.04,29.034148,99.055746
EVT0083389,BMW00787,WBA00000000000787,2026-10-17 13:00:00,60.84,74.03,22.63,27.223526,-30.684386
EVT0016607,BMW00148,WBA00000000000148,2026-02-27 15:50:00,87.31,110.87,6.65,24.910361,8.871464
EVT0026017,BMW00184,WBA00000000000184,2026-04-01 08:00:00,40.15,104.99,39.6,9.44995,5.332849
EVT0063437,BMW00850,WBA00000000000850,2026-08-09 06:20:00,46.94,101.59,45.6,17.082808,-11.554872
EVT0018360,BMW00365,WBA00000000000365,2026-03-05 17:55:00,70.81,64.12,7.17,46.982601,33.30623
EVT0039683,BMW00208,WBA00000000000208,2026-05-18 18:50:00,67.12,105.6,1.6,20.034746,38.46815
EVT0000396,BMW00033,WBA00000000000033,2026-01-02 08:55:00,25.26,95.03,-2.48,40.521399,32.938534
EVT0091279,BMW00354,WBA00000000000354,2026-11-13 22:30:00,21.71,80.1,38.65,27.211934,126.641428
EVT0038944,BMW00137,WBA00000000000137,2026-05-16 05:15:00,93.52,71.78,34.48,42.623601,-72.76643
EVT0099699,BMW00516,WBA00000000000516,2026-12-13 04:10:00,17.61,71.81,8.62,28.396957,-75.903408
EVT0052106,BMW00754,WBA00000000000754,2026-06-30 22:05:00,91.88,14.03,-0.07,46.32811,45.964454
EVT0075643,BMW00597,WBA00000000000597,2026-09-20 15:30:00,43.42,20.45,31.34,33.111973,80.850022
EVT0059425,BMW00125,WBA00000000000125,2026-07-26 08:00:00,72.81,138.05,2.0,24.115774,112.020944
EVT0048022,BMW00765,WBA00000000000765,2026-06-16 17:45:00,41.64,95.85,41.86,35.161259,102.039813
EVT0056879,BMW00990,WBA00000000000990,2026-07-17 11:50:00,81.49,82.33,22.47,22.024528,5.738391
EVT0048039,BMW00518,WBA00000000000518,2026-06-16 19:10:00,78.18,53.87,47.63,8.411974,-105.652159
EVT0017184,BMW00238,WBA00000000000238,2026-03-01 15:55:00,96.43,51.07,1.62,27.451568,-25.729185
EVT0080971,BMW00909,WBA00000000000909,2026-10-09 03:30:00,45.62,145.74,2.5,53.270422,11.863996
EVT0082533,BMW00845,WBA00000000000845,2026-10-14 13:40:00,32.89,96.09,20.85,53.66213,80.468421
EVT0004081,BMW00921,WBA00000000000921,2026-01-15 04:00:00,59.99,112.69,1.18,22.735228,-66.179239
EVT0038137,BMW00266,WBA00000000000266,2026-05-13 10:00:00,74.74,23.53,24.66,30.662512,-68.634581
EVT0090688,BMW00119,WBA00000000000119,2026-11-11 21:15:00,59.87,146.92,-9.06,36.357071,6.073611
EVT0043047,BMW00518,WBA00000000000518,2026-05-30 11:10:00,86.15,91.49,8.34,53.424931,86.790261
EVT0076609,BMW00446,WBA00000000000446,2026-09-24 00:00:00,50.38,112.77,3.39,9.299621,-50.343535
EVT0075715,BMW00635,WBA00000000000635,2026-09-20 21:30:00,90.65,140.44,44.46,41.374692,24.853429
EVT0068355,BMW00942,WBA00000000000942,2026-08-26 08:10:00,27.55,63.91,-0.34,27.753182,-85.513318
EVT0040581,BMW00742,WBA00000000000742,2026-05-21 21:40:00,34.22,153.9,51.5,25.507358,54.761768
EVT0027813,BMW00589,WBA00000000000589,2026-04-07 13:40:00,61.66,80.76,28.65,27.802553,-41.999507
EVT0021543,BMW00600,WBA00000000000600,2026-03-16 19:10:00,48.99,87.55,-3.36,52.408883,145.549841
EVT0026299,BMW00557,WBA00000000000557,2026-04-02 07:30:00,65.21,153.26,-1.19,49.434927,-100.220793
EVT0068115,BMW00277,WBA00000000000277,2026-08-25 12:10:00,76.3,66.94,20.05,46.344668,-119.973057
EVT0079035,BMW00010,WBA00000000000010,2026-10-02 10:10:00,82.14,52.64,33.34,30.509576,-93.729208
EVT0050018,BMW00459,WBA00000000000459,2026-06-23 16:05:00,80.74,17.28,29.08,31.371938,115.996668
EVT0046668,BMW00256,WBA00000000000256,2026-06-12 00:55:00,12.66,159.97,2.44,11.659866,-67.03991
EVT0039720,BMW00614,WBA00000000000614,2026-05-18 21:55:00,94.75,133.89,15.34,48.639097,-48.963625
EVT0087030,BMW00233,WBA00000000000233,2026-10-30 04:25:00,18.3,92.62,40.08,10.861676,83.34905
EVT0089143,BMW00720,WBA00000000000720,2026-11-06 12:30:00,13.68,14.06,12.36,30.660415,113.474269
EVT0078572,BMW00388,WBA00000000000388,2026-09-30 19:35:00,17.19,137.68,52.14,49.563127,-30.031862
EVT0050646,BMW00859,WBA00000000000859,2026-06-25 20:25:00,95.78,62.26,48.64,44.000371,-73.98105
EVT0034772,BMW00098,WBA00000000000098,2026-05-01 17:35:00,67.78,57.37,2.18,8.155935,-73.447702
EVT0036182,BMW00432,WBA00000000000432,2026-05-06 15:05:00,64.27,44.08,-8.43,15.678412,-76.711642
EVT0054365,BMW00094,WBA00000000000094,2026-07-08 18:20:00,49.04,61.16,2.09,28.577199,16.661172
EVT0046963,BMW00421,WBA00000000000421,2026-06-13 01:30:00,30.85,119.46,46.55,16.01628,-26.055969
EVT0005101,BMW00807,WBA00000000000807,2026-01-18 17:00:00,21.68,70.86,27.95,45.090028,-0.611258
EVT0016816,BMW00024,WBA00000000000024,2026-02-28 09:15:00,40.67,80.02,6.17,41.279243,-74.454182
EVT0059581,BMW00608,WBA00000000000608,2026-07-26 21:00:00,70.23,3.97,33.12,49.023194,57.764978
EVT0076546,BMW00312,WBA00000000000312,2026-09-23 18:45:00,65.56,109.65,40.33,33.693645,-74.998562
EVT0062764,BMW00675,WBA00000000000675,2026-08-06 22:15:00,87.05,21.45,53.01,8.97365,118.610801
EVT0012619,BMW00928,WBA00000000000928,2026-02-13 19:30:00,22.17,96.35,28.68,11.000578,72.19293
EVT0061051,BMW00298,WBA00000000000298,2026-07-31 23:30:00,95.25,84.51,33.21,51.696199,84.565044
EVT0023170,BMW00707,WBA00000000000707,2026-03-22 10:45:00,36.91,23.37,0.11,41.329267,81.404532
EVT0084096,BMW00504,WBA00000000000504,2026-10-19 23:55:00,37.54,159.95,52.75,51.499199,2.130358
EVT0087005,BMW00598,WBA00000000000598,2026-10-30 02:20:00,31.05,19.82,28.51,12.454915,0.447476
EVT0064212,BMW00203,WBA00000000000203,2026-08-11 22:55:00,80.89,138.33,14.55,17.38613,105.363528
EVT0042202,BMW00944,WBA00000000000944,2026-05-27 12:45:00,81.6,129.48,45.85,21.360339,70.222031
EVT0034149,BMW00986,WBA00000000000986,2026-04-29 13:40:00,78.96,13.26,31.13,11.034325,-35.441039
EVT0045718,BMW00635,WBA00000000000635,2026-06-08 17:45:00,20.49,159.99,30.59,12.967196,113.436578
EVT0070706,BMW00450,WBA00000000000450,2026-09-03 12:05:00,81.46,64.24,-4.57,36.289947,124.170655
EVT0067741,BMW00045,WBA00000000000045,2026-08-24 05:00:00,43.42,111.4,41.1,26.806115,-99.995291
EVT0037991,BMW00902,WBA00000000000902,2026-05-12 21:50:00,71.65,64.32,24.04,42.693065,-61.329048
EVT0044040,BMW00859,WBA00000000000859,2026-06-02 21:55:00,91.15,154.9,36.04,46.113469,-41.952932
EVT0050076,BMW00629,WBA00000000000629,2026-06-23 20:55:00,98.67,95.32,-0.73,38.563246,-93.901417
EVT0053515,BMW00049,WBA00000000000049,2026-07-05 19:30:00,54.64,122.97,41.49,28.856126,93.716525
EVT0069317,BMW00309,WBA00000000000309,2026-08-29 16:20:00,86.9,99.49,21.36,45.470149,-83.290077
EVT0047742,BMW00542,WBA00000000000542,2026-06-15 18:25:00,45.47,52.11,8.49,11.440568,126.091786
EVT0017538,BMW00050,WBA00000000000050,2026-03-02 21:25:00,39.26,93.76,21.51,8.050737,-60.902489
EVT0032328,BMW00666,WBA00000000000666,2026-04-23 05:55:00,46.3,158.88,21.38,33.506979,122.244299
EVT0005515,BMW00353,WBA00000000000353,2026-01-20 03:30:00,76.01,149.76,41.85,45.592014,25.169691
EVT0001435,BMW00611,WBA00000000000611,2026-01-05 23:30:00,62.92,25.94,43.45,31.095029,51.6498
EVT0092117,BMW00016,WBA00000000000016,2026-11-16 20:20:00,55.66,32.18,10.2,9.021162,18.07589
EVT0096111,BMW00010,WBA00000000000010,2026-11-30 17:10:00,14.36,149.67,31.04,47.090932,-82.682303
EVT0061278,BMW00522,WBA00000000000522,2026-08-01 18:25:00,27.77,59.82,51.87,51.835644,-94.668887
EVT0031840,BMW00103,WBA00000000000103,2026-04-21 13:15:00,28.41,135.65,42.03,18.383893,-89.401355
EVT0073428,BMW00989,WBA00000000000989,2026-09-12 22:55:00,86.83,54.55,43.85,42.162746,38.622444
EVT0050234,BMW00725,WBA00000000000725,2026-06-24 10:05:00,18.67,2.04,-0.74,33.049187,108.296177
EVT0012710,BMW00548,WBA00000000000548,2026-02-14 03:05:00,55.16,73.77,28.84,9.144577,46.100402
EVT0098160,BMW00164,WBA00000000000164,2026-12-07 19:55:00,35.86,145.71,49.51,35.630826,112.46542
EVT0024349,BMW00591,WBA00000000000591,2026-03-26 13:00:00,77.88,90.93,20.29,44.781694,147.451773
EVT0028506,BMW00343,WBA00000000000343,2026-04-09 23:25:00,54.75,88.09,53.3,30.365809,114.510577
EVT0069839,BMW00287,WBA00000000000287,2026-08-31 11:50:00,92.71,130.61,-0.26,45.447911,104.885424
EVT0005963,BMW00089,WBA00000000000089,2026-01-21 16:50:00,15.57,88.98,36.51,27.960177,35.852299
EVT0017761,BMW00327,WBA00000000000327,2026-03-03 16:00:00,78.24,157.71,42.7,16.66334,-49.455087
EVT0064094,BMW00802,WBA00000000000802,2026-08-11 13:05:00,80.81,67.46,26.83,8.847213,-108.209363
EVT0074857,BMW00471,WBA00000000000471,2026-09-17 22:00:00,22.81,64.28,43.28,47.941449,-74.174028
EVT0038274,BMW00124,WBA00000000000124,2026-05-13 21:25:00,56.98,100.4,48.8,33.349772,-53.154077
EVT0002865,BMW00236,WBA00000000000236,2026-01-10 22:40:00,44.0,138.3,53.09,35.275479,62.920304
EVT0067390,BMW00285,WBA00000000000285,2026-08-22 23:45:00,30.75,68.69,19.87,33.390381,131.297473
EVT0025270,BMW00562,WBA00000000000562,2026-03-29 17:45:00,57.52,135.65,7.75,15.111884,7.314889
EVT0013321,BMW00047,WBA00000000000047,2026-02-16 06:00:00,36.89,146.03,16.1,36.275641,62.180337
EVT0039452,BMW00277,WBA00000000000277,2026-05-17 23:35:00,11.71,98.91,22.12,9.123471,130.592339
EVT0005146,BMW00453,WBA00000000000453,2026-01-18 20:45:00,85.94,35.66,11.48,16.971546,116.726679
EVT0041827,BMW00042,WBA00000000000042,2026-05-26 05:30:00,15.53,12.98,28.96,49.46472,2.103596
EVT0083839,BMW00870,WBA00000000000870,2026-10-19 02:30:00,54.54,48.84,42.27,35.365983,-3.137663
EVT0053131,BMW00351,WBA00000000000351,2026-07-04 11:30:00,82.59,129.92,14.11,36.239227,140.067698
EVT0083574,BMW00859,WBA00000000000859,2026-10-18 04:25:00,95.08,59.25,0.62,37.007228,-80.257713
EVT0056324,BMW00243,WBA00000000000243,2026-07-15 13:35:00,73.28,97.35,8.64,24.80491,87.539777
EVT0037029,BMW00512,WBA00000000000512,2026-05-09 13:40:00,15.0,62.67,37.21,47.893799,-6.009039
EVT0057014,BMW00825,WBA00000000000825,2026-07-17 23:05:00,90.74,95.99,18.2,53.649071,49.788234
EVT0007153,BMW00706,WBA00000000000706,2026-01-25 20:00:00,26.15,66.21,26.18,36.945583,-48.88289
EVT0065598,BMW00938,WBA00000000000938,2026-08-16 18:25:00,51.66,143.4,-8.88,51.014328,79.974277
EVT0077549,BMW00448,WBA00000000000448,2026-09-27 06:20:00,88.64,109.2,-0.23,22.231264,22.271971
EVT0082111,BMW00735,WBA00000000000735,2026-10-13 02:30:00,98.46,118.21,51.49,52.097707,135.6987
EVT0038079,BMW00363,WBA00000000000363,2026-05-13 05:10:00,15.93,157.37,28.44,32.534082,71.276362
EVT0078545,BMW00597,WBA00000000000597,2026-09-30 17:20:00,28.71,55.73,10.38,17.053123,-88.296923
EVT0084929,BMW00567,WBA00000000000567,2026-10-22 21:20:00,69.23,107.86,1.22,16.64348,-101.275252
EVT0010089,BMW00478,WBA00000000000478,2026-02-05 00:40:00,80.32,17.24,9.99,36.606563,43.165458
EVT0086709,BMW00820,WBA00000000000820,2026-10-29 01:40:00,36.86,78.95,6.45,38.147621,-84.02025
EVT0014865,BMW00404,WBA00000000000404,2026-02-21 14:40:00,65.74,25.79,38.93,44.973896,-96.214761
EVT0021182,BMW00352,WBA00000000000352,2026-03-15 13:05:00,17.14,56.45,25.12,53.590453,147.57318
EVT0065800,BMW00458,WBA00000000000458,2026-08-17 11:15:00,21.04,39.63,24.19,47.1572,3.382732
EVT0033303,BMW00140,WBA00000000000140,2026-04-26 15:10:00,60.56,10.88,27.77,31.716378,114.82346
EVT0061514,BMW00757,WBA00000000000757,2026-08-02 14:05:00,57.66,2.54,34.53,16.698309,-46.064984
EVT0034289,BMW00354,WBA00000000000354,2026-04-30 01:20:00,55.8,11.57,32.59,36.240047,63.016283
EVT0067451,BMW00816,WBA00000000000816,2026-08-23 04:50:00,21.46,90.16,-9.96,16.575842,77.034101
EVT0039689,BMW00138,WBA00000000000138,2026-05-18 19:20:00,90.99,82.82,-4.35,41.00327,35.779201
EVT0089851,BMW00717,WBA00000000000717,2026-11-08 23:30:00,23.71,100.95,47.23,40.426254,107.454066
EVT0011340,BMW00393,WBA00000000000393,2026-02-09 08:55:00,21.51,129.3,41.53,53.228754,-31.014317
EVT0052236,BMW00058,WBA00000000000058,2026-07-01 08:55:00,47.16,154.02,0.3,30.995629,45.812826
EVT0098130,BMW00223,WBA00000000000223,2026-12-07 17:25:00,38.9,113.52,3.15,15.766764,-66.155649
EVT0056403,BMW00046,WBA00000000000046,2026-07-15 20:10:00,70.49,107.22,8.46,43.851631,122.436955
EVT0047721,BMW00802,WBA00000000000802,2026-06-15 16:40:00,32.05,47.67,15.62,38.339698,-91.997848
EVT0074373,BMW00356,WBA00000000000356,2026-09-16 05:40:00,23.49,144.12,7.24,18.751654,-69.753686
EVT0041032,BMW00490,WBA00000000000490,2026-05-23 11:15:00,79.64,94.39,43.64,25.653765,-107.735994
EVT0087131,BMW00422,WBA00000000000422,2026-10-30 12:50:00,79.4,25.48,6.75,54.716038,-26.784665
EVT0017756,BMW00301,WBA00000000000301,2026-03-03 15:35:00,95.61,60.74,41.76,23.220235,112.646667
EVT0037142,BMW00891,WBA00000000000891,2026-05-09 23:05:00,47.12,149.79,31.57,45.72692,56.283733
EVT0080981,BMW00205,WBA00000000000205,2026-10-09 04:20:00,81.46,150.32,37.39,24.108211,-20.584234
EVT0066898,BMW00217,WBA00000000000217,2026-08-21 06:45:00,97.19,19.42,19.86,16.829697,-35.674457
EVT0012832,BMW00264,WBA00000000000264,2026-02-14 13:15:00,33.98,32.16,53.54,26.724116,119.938446
EVT0022091,BMW00642,WBA00000000000642,2026-03-18 16:50:00,92.57,115.54,-8.63,13.036012,-107.032624
EVT0042709,BMW00312,WBA00000000000312,2026-05-29 07:00:00,88.65,99.58,33.77,11.852388,148.136681
EVT0027268,BMW00200,WBA00000000000200,2026-04-05 16:15:00,23.95,120.46,29.59,34.326897,23.488299
EVT0085322,BMW00525,WBA00000000000525,2026-10-24 06:05:00,57.92,123.34,21.24,30.174134,112.226823
EVT0096038,BMW00512,WBA00000000000512,2026-11-30 11:05:00,58.03,152.81,34.1,10.144155,12.296802
EVT0048348,BMW00659,WBA00000000000659,2026-06-17 20:55:00,91.77,101.04,2.48,43.443681,15.383437
EVT0003805,BMW00510,WBA00000000000510,2026-01-14 05:00:00,73.72,143.37,25.14,28.702212,108.399945
EVT0001529,BMW00841,WBA00000000000841,2026-01-06 07:20:00,74.28,118.26,47.84,45.737983,52.053008
EVT0055577,BMW00378,WBA00000000000378,2026-07-12 23:20:00,65.94,139.63,38.07,17.513224,59.549063
EVT0042549,BMW00559,WBA00000000000559,2026-05-28 17:40:00,83.77,136.34,13.96,33.98802,-79.383646
EVT0016686,BMW00245,WBA00000000000245,2026-02-27 22:25:00,44.19,53.17,-9.91,16.323402,110.042225
EVT0066944,BMW00859,WBA00000000000859,2026-08-21 10:35:00,72.77,155.59,14.4,22.441847,122.699194
EVT0092794,BMW00311,WBA00000000000311,2026-11-19 04:45:00,39.9,59.37,-9.11,21.874562,-46.420533
EVT0076947,BMW00861,WBA00000000000861,2026-09-25 04:10:00,95.06,115.98,8.29,11.828853,4.036229
EVT0090711,BMW00727,WBA00000000000727,2026-11-11 23:10:00,71.42,69.67,1.37,40.321179,133.88659
EVT0068999,BMW00352,WBA00000000000352,2026-08-28 13:50:00,68.52,113.72,23.49,19.495395,119.641838
EVT0046287,BMW00030,WBA00000000000030,2026-06-10 17:10:00,96.61,17.05,-5.62,16.536121,129.844238
EVT0064465,BMW00814,WBA00000000000814,2026-08-12 20:00:00,63.1,158.06,17.81,15.05635,135.554551
EVT0017810,BMW00615,WBA00000000000615,2026-03-03 20:05:00,74.61,95.79,26.12,12.228253,85.056796
EVT0079493,BMW00888,WBA00000000000888,2026-10-04 00:20:00,92.0,106.08,44.34,39.344508,-117.647373
EVT0031641,BMW00048,WBA00000000000048,2026-04-20 20:40:00,98.04,140.0,14.19,22.814291,-30.690777
EVT0030598,BMW00041,WBA00000000000041,2026-04-17 05:45:00,56.43,112.98,35.04,14.924961,105.75425
EVT0036485,BMW00341,WBA00000000000341,2026-05-07 16:20:00,93.19,48.76,40.9,9.429884,33.956481
EVT0013312,BMW00915,WBA00000000000915,2026-02-16 05:15:00,78.34,85.95,29.73,9.194703,132.352949
EVT0088038,BMW00456,WBA00000000000456,2026-11-02 16:25:00,41.9,108.04,-4.81,24.027926,32.780781
EVT0023455,BMW00749,WBA00000000000749,2026-03-23 10:30:00,75.78,39.39,-5.01,10.4787,69.609374
EVT0053809,BMW00801,WBA00000000000801,2026-07-06 20:00:00,45.36,71.69,45.77,46.506537,91.717783
EVT0002962,BMW00088,WBA00000000000088,2026-01-11 06:45:00,77.51,59.4,43.9,48.07868,2.921231
EVT0017517,BMW00007,WBA00000000000007,2026-03-02 19:40:00,80.5,103.45,12.18,22.146603,-27.63361
EVT0024847,BMW00026,WBA00000000000026,2026-03-28 06:30:00,43.09,3.39,-5.91,13.442552,-63.630346
EVT0025143,BMW00889,WBA00000000000889,2026-03-29 07:10:00,17.97,158.31,33.98,45.016889,-89.570667
EVT0077806,BMW00924,WBA00000000000924,2026-09-28 03:45:00,85.66,89.9,-8.86,13.058723,-17.531546
EVT0001454,BMW00678,WBA00000000000678,2026-01-06 01:05:00,33.78,77.51,38.01,41.606698,103.9476
EVT0043556,BMW00689,WBA00000000000689,2026-06-01 05:35:00,34.16,34.42,3.19,26.263513,68.202476
EVT0042336,BMW00705,WBA00000000000705,2026-05-27 23:55:00,36.84,119.97,16.3,14.287043,49.904693
EVT0090547,BMW00536,WBA00000000000536,2026-11-11 09:30:00,34.32,141.53,37.88,29.829424,32.467094
EVT0024118,BMW00147,WBA00000000000147,2026-03-25 17:45:00,92.89,123.17,29.26,24.334795,44.039129
EVT0046175,BMW00769,WBA00000000000769,2026-06-10 07:50:00,97.08,154.64,42.4,36.736692,-15.201092
EVT0060170,BMW00162,WBA00000000000162,2026-07-28 22:05:00,58.05,143.74,53.71,36.626971,-114.255252
EVT0089988,BMW00790,WBA00000000000790,2026-11-09 10:55:00,51.79,18.06,41.21,38.918545,-29.504419
EVT0083642,BMW00854,WBA00000000000854,2026-10-18 10:05:00,26.37,44.07,17.23,30.620808,107.212184
EVT0053873,BMW00818,WBA00000000000818,2026-07-07 01:20:00,12.83,76.57,34.67,26.924651,90.601812
EVT0027913,BMW00250,WBA00000000000250,2026-04-07 22:00:00,38.0,148.19,32.47,50.959016,81.149238
EVT0018215,BMW00068,WBA00000000000068,2026-03-05 05:50:00,11.55,31.35,20.6,41.345638,2.653299
EVT0010311,BMW00207,WBA00000000000207,2026-02-05 19:10:00,42.49,11.74,45.55,38.576152,-80.243064
EVT0076195,BMW00358,WBA00000000000358,2026-09-22 13:30:00,66.23,44.26,-4.4,41.240118,-91.255734
EVT0089739,BMW00416,WBA00000000000416,2026-11-08 14:10:00,99.76,130.87,52.34,50.389908,96.136603
EVT0037906,BMW00606,WBA00000000000606,2026-05-12 14:45:00,40.83,88.03,34.63,46.96382,102.998356
EVT0025003,BMW00861,WBA00000000000861,2026-03-28 19:30:00,16.09,139.76,12.8,14.835783,-1.433102
EVT0082338,BMW00089,WBA00000000000089,2026-10-13 21:25:00,14.93,80.22,12.0,51.981092,73.816957
EVT0013376,BMW00609,WBA00000000000609,2026-02-16 10:35:00,15.39,62.41,23.88,26.914786,30.175072
EVT0000385,BMW00061,WBA00000000000061,2026-01-02 08:00:00,11.41,6.99,-3.23,42.772064,66.340545
EVT0066378,BMW00064,WBA00000000000064,2026-08-19 11:25:00,23.43,80.65,38.09,47.7978,137.946163
EVT0049695,BMW00540,WBA00000000000540,2026-06-22 13:10:00,40.27,84.54,27.25,13.884488,26.844021
EVT0075972,BMW00427,WBA00000000000427,2026-09-21 18:55:00,16.64,64.52,42.59,42.863673,-24.79527
EVT0063825,BMW00480,WBA00000000000480,2026-08-10 14:40:00,61.08,156.64,0.14,34.761492,-70.982416
EVT0027997,BMW00139,WBA00000000000139,2026-04-08 05:00:00,23.65,30.19,-3.01,40.872986,21.921644
EVT0035650,BMW00910,WBA00000000000910,2026-05-04 18:45:00,50.99,57.78,-6.57,36.703489,21.948547
EVT0069495,BMW00147,WBA00000000000147,2026-08-30 07:10:00,63.93,89.71,25.96,37.463322,91.459893
EVT0086169,BMW00111,WBA00000000000111,2026-10-27 04:40:00,31.86,34.43,53.73,10.69845,146.250901
EVT0071339,BMW00463,WBA00000000000463,2026-09-05 16:50:00,46.6,109.27,8.98,30.429756,-2.539583
EVT0099338,BMW00071,WBA00000000000071,2026-12-11 22:05:00,54.38,125.01,51.56,31.999029,44.550889
EVT0085461,BMW00919,WBA00000000000919,2026-10-24 17:40:00,26.73,97.75,47.18,44.152228,-53.938726
EVT0003096,BMW00266,WBA00000000000266,2026-01-11 17:55:00,41.26,43.69,37.25,10.791171,-92.357407
EVT0067125,BMW00049,WBA00000000000049,2026-08-22 01:40:00,42.52,81.27,7.48,51.378788,34.221353
EVT0083636,BMW00303,WBA00000000000303,2026-10-18 09:35:00,47.0,79.25,33.7,9.341523,34.216586
EVT0037962,BMW00686,WBA00000000000686,2026-05-12 19:25:00,79.35,49.2,20.88,42.020754,-96.355482
EVT0050895,BMW00148,WBA00000000000148,2026-06-26 17:10:00,15.55,68.21,12.24,37.990719,26.340424
EVT0010492,BMW00583,WBA00000000000583,2026-02-06 10:15:00,79.46,31.1,26.68,34.212619,11.01075
EVT0016268,BMW00635,WBA00000000000635,2026-02-26 11:35:00,10.71,153.16,39.41,23.362818,-52.223992
EVT0030482,BMW00180,WBA00000000000180,2026-04-16 20:05:00,39.03,130.31,37.21,42.185458,-99.177562
EVT0009642,BMW00048,WBA00000000000048,2026-02-03 11:25:00,27.12,95.68,8.71,24.379423,-98.56048
EVT0042235,BMW00748,WBA00000000000748,2026-05-27 15:30:00,29.55,20.85,49.18,45.5675,-16.074456
EVT0017707,BMW00420,WBA00000000000420,2026-03-03 11:30:00,84.26,124.21,43.96,45.832144,-110.878868
EVT0015000,BMW00481,WBA00000000000481,2026-02-22 01:55:00,12.68,26.64,34.48,11.787811,54.510194
EVT0060602,BMW00791,WBA00000000000791,2026-07-30 10:05:00,97.96,60.14,3.38,52.395124,-47.699065
EVT0076470,BMW00624,WBA00000000000624,2026-09-23 12:25:00,20.06,94.2,35.21,28.229286,116.388419
EVT0034638,BMW00777,WBA00000000000777,2026-05-01 06:25:00,93.86,18.72,52.23,53.967658,-21.774118
EVT0063800,BMW00564,WBA00000000000564,2026-08-10 12:35:00,28.21,134.97,38.88,35.544643,-55.806154
EVT0085735,BMW00926,WBA00000000000926,2026-10-25 16:30:00,12.24,20.17,33.06,13.002029,133.649946
EVT0053042,BMW00672,WBA00000000000672,2026-07-04 04:05:00,86.63,153.58,32.1,23.265117,49.100648
EVT0007558,BMW00750,WBA00000000000750,2026-01-27 05:45:00,12.22,34.52,-8.0,24.696702,-3.570603
EVT0073990,BMW00776,WBA00000000000776,2026-09-14 21:45:00,63.68,144.39,0.66,11.019751,-39.290578
EVT0069019,BMW00427,WBA00000000000427,2026-08-28 15:30:00,15.81,4.85,2.01,40.65316,-108.290458
EVT0050660,BMW00847,WBA00000000000847,2026-06-25 21:35:00,11.41,149.39,8.0,8.51184,-38.923969
EVT0030064,BMW00756,WBA00000000000756,2026-04-15 09:15:00,77.48,111.9,37.59,36.332526,76.439228
EVT0082753,BMW00440,WBA00000000000440,2026-10-15 08:00:00,51.62,141.78,44.45,11.576741,-115.169071
EVT0068220,BMW00974,WBA00000000000974,2026-08-25 20:55:00,19.28,41.19,-4.71,11.76338,83.011355
EVT0079632,BMW00081,WBA00000000000081,2026-10-04 11:55:00,66.42,50.17,-6.04,47.29378,132.647736
EVT0052218,BMW00490,WBA00000000000490,2026-07-01 07:25:00,47.16,41.57,28.01,51.454702,13.734204
EVT0035089,BMW00793,WBA00000000000793,2026-05-02 20:00:00,87.27,33.17,30.61,20.137943,-104.68573
EVT0040151,BMW00216,WBA00000000000216,2026-05-20 09:50:00,37.48,36.3,48.5,53.432327,-105.287756
EVT0047193,BMW00936,WBA00000000000936,2026-06-13 20:40:00,91.84,63.6,-1.51,10.053253,-92.225456
EVT0023451,BMW00610,WBA00000000000610,2026-03-23 10:10:00,54.14,143.33,45.88,32.268491,-39.488801
EVT0069701,BMW00656,WBA00000000000656,2026-08-31 00:20:00,50.07,17.82,-5.09,26.864858,147.234297
EVT0054886,BMW00916,WBA00000000000916,2026-07-10 13:45:00,79.9,133.66,35.01,30.139471,26.691419
EVT0061820,BMW00918,WBA00000000000918,2026-08-03 15:35:00,10.38,97.6,42.93,10.501476,4.336855
EVT0027952,BMW00784,WBA00000000000784,2026-04-08 01:15:00,95.58,18.35,24.31,15.582326,-14.898289
EVT0098333,BMW00635,WBA00000000000635,2026-12-08 10:20:00,77.63,135.44,50.42,28.400976,-60.55373
EVT0027921,BMW00351,WBA00000000000351,2026-04-07 22:40:00,81.98,138.15,37.78,11.056559,-59.692738
EVT0099317,BMW00295,WBA00000000000295,2026-12-11 20:20:00,91.6,32.87,8.06,16.922428,128.482029
EVT0003996,BMW00494,WBA00000000000494,2026-01-14 20:55:00,83.51,92.67,-1.62,45.794239,87.756494
EVT0098120,BMW00469,WBA00000000000469,2026-12-07 16:35:00,93.03,158.37,29.7,32.265412,23.368676
EVT0058606,BMW00868,WBA00000000000868,2026-07-23 11:45:00,51.56,120.37,47.29,40.854369,105.226506
EVT0041428,BMW00304,WBA00000000000304,2026-05-24 20:15:00,38.47,108.02,50.25,20.277201,-4.87483
EVT0012691,BMW00019,WBA00000000000019,2026-02-14 01:30:00,90.28,2.84,0.16,30.895769,-99.260952
EVT0070410,BMW00968,WBA00000000000968,2026-09-02 11:25:00,12.0,0.89,7.36,15.078227,112.37528
EVT0013779,BMW00978,WBA00000000000978,2026-02-17 20:10:00,12.85,10.41,38.54,54.497335,-16.203827
EVT0042905,BMW00486,WBA00000000000486,2026-05-29 23:20:00,38.33,44.9,25.25,25.569884,-46.550046
EVT0015148,BMW00801,WBA00000000000801,2026-02-22 14:15:00,58.59,0.63,3.36,50.311808,58.319141
EVT0037538,BMW00941,WBA00000000000941,2026-05-11 08:05:00,50.8,151.44,2.94,12.054326,-103.889536
EVT0080022,BMW00253,WBA00000000000253,2026-10-05 20:25:00,73.91,68.23,-5.8,40.327748,43.261264
EVT0072657,BMW00278,WBA00000000000278,2026-09-10 06:40:00,18.27,119.73,47.39,54.984606,135.096962
EVT0041005,BMW00286,WBA00000000000286,2026-05-23 09:00:00,14.88,122.49,-5.4,29.124146,67.972079
EVT0024309,BMW00861,WBA00000000000861,2026-03-26 09:40:00,37.49,130.03,33.24,18.247154,-45.742335
EVT0010167,BMW00901,WBA00000000000901,2026-02-05 07:10:00,99.82,99.2,8.78,40.720108,6.192268
EVT0035872,BMW00505,WBA00000000000505,2026-05-05 13:15:00,43.17,38.73,13.65,46.398844,-27.881035
EVT0086942,BMW00416,WBA00000000000416,2026-10-29 21:05:00,87.48,126.56,17.13,11.063806,71.667636
EVT0015960,BMW00897,WBA00000000000897,2026-02-25 09:55:00,71.73,91.53,21.31,10.520738,73.204363
EVT0044942,BMW00485,WBA00000000000485,2026-06-06 01:05:00,48.06,50.23,33.12,37.275955,-47.801887
EVT0084389,BMW00035,WBA00000000000035,2026-10-21 00:20:00,35.6,71.27,-0.06,53.064527,31.27361
EVT0049843,BMW00665,WBA00000000000665,2026-06-23 01:30:00,10.01,128.29,2.63,13.193374,101.838282
EVT0098420,BMW00266,WBA00000000000266,2026-12-08 17:35:00,81.79,85.1,-2.01,15.916148,-112.9484
EVT0021891,BMW00203,WBA00000000000203,2026-03-18 00:10:00,64.78,9.62,-1.22,44.139105,24.477153
EVT0025005,BMW00109,WBA00000000000109,2026-03-28 19:40:00,69.57,9.09,39.51,13.2081,58.476133
EVT0003409,BMW00029,WBA00000000000029,2026-01-12 20:00:00,26.24,17.94,3.2,53.40337,130.846556
EVT0026760,BMW00783,WBA00000000000783,2026-04-03 21:55:00,29.77,43.37,15.85,28.184781,17.863025
EVT0060603,BMW00383,WBA00000000000383,2026-07-30 10:10:00,91.83,34.52,54.31,23.574237,-96.919361
EVT0056725,BMW00287,WBA00000000000287,2026-07-16 23:00:00,50.09,51.99,-9.09,22.137779,-13.104126
EVT0015935,BMW00945,WBA00000000000945,2026-02-25 07:50:00,86.7,93.42,10.81,25.009835,-25.302613
EVT0054243,BMW00825,WBA00000000000825,2026-07-08 08:10:00,17.87,37.99,51.37,16.553487,84.994659
EVT0003597,BMW00998,WBA00000000000998,2026-01-13 11:40:00,86.44,152.17,33.1,13.620327,-105.405883
EVT0020334,BMW00068,WBA00000000000068,2026-03-12 14:25:00,95.63,100.85,0.94,19.185314,-42.34735
EVT0083910,BMW00226,WBA00000000000226,2026-10-19 08:25:00,52.48,81.02,32.88,9.259231,-47.967277
EVT0094365,BMW00621,WBA00000000000621,2026-11-24 15:40:00,52.89,88.31,-7.25,18.657219,99.790833
EVT0081051,BMW00329,WBA00000000000329,2026-10-09 10:10:00,66.86,101.05,8.1,37.475896,-88.199533
EVT0037243,BMW00250,WBA00000000000250,2026-05-10 07:30:00,10.1,14.88,38.56,19.536876,-55.347574
EVT0083145,BMW00260,WBA00000000000260,2026-10-16 16:40:00,21.92,92.55,16.9,19.835299,118.186959
EVT0015721,BMW00434,WBA00000000000434,2026-02-24 14:00:00,29.58,139.49,37.48,32.018948,-44.548942
EVT0062598,BMW00035,WBA00000000000035,2026-08-06 08:25:00,65.17,23.01,-5.56,25.747501,127.189159
EVT0026854,BMW00823,WBA00000000000823,2026-04-04 05:45:00,66.27,109.87,34.22,19.623902,-73.276331
EVT0096034,BMW00331,WBA00000000000331,2026-11-30 10:45:00,45.87,31.45,28.31,48.360795,77.438326
EVT0056932,BMW00694,WBA00000000000694,2026-07-17 16:15:00,71.38,72.49,45.6,10.846805,134.464164
EVT0088149,BMW00842,WBA00000000000842,2026-11-03 01:40:00,23.54,71.14,22.12,21.330241,33.432224
EVT0015283,BMW00383,WBA00000000000383,2026-02-23 01:30:00,24.82,99.81,12.24,9.0957,137.75224
EVT0095589,BMW00302,WBA00000000000302,2026-11-28 21:40:00,41.45,83.24,46.34,35.618815,-11.111786
EVT0055954,BMW00368,WBA00000000000368,2026-07-14 06:45:00,74.99,91.31,16.01,46.214244,8.504596
EVT0007188,BMW00607,WBA00000000000607,2026-01-25 22:55:00,83.7,80.04,21.88,27.865017,110.852672
EVT0022875,BMW00488,WBA00000000000488,2026-03-21 10:10:00,72.29,8.8,44.98,43.59222,-71.886367
EVT0079288,BMW00548,WBA00000000000548,2026-10-03 07:15:00,83.58,32.61,9.73,52.066661,-0.892777
EVT0095898,BMW00142,WBA00000000000142,2026-11-29 23:25:00,44.43,14.68,28.7,50.462798,51.684825
EVT0042242,BMW00206,WBA00000000000206,2026-05-27 16:05:00,16.15,143.98,2.09,31.251796,66.966178
EVT0034864,BMW00521,WBA00000000000521,2026-05-02 01:15:00,92.02,157.66,47.99,34.894552,12.70792
EVT0083051,BMW00987,WBA00000000000987,2026-10-16 08:50:00,25.32,122.48,33.34,14.370011,22.800174
EVT0052308,BMW00005,WBA00000000000005,2026-07-01 14:55:00,87.55,34.49,-9.86,30.862518,124.165669
EVT0058291,BMW00428,WBA00000000000428,2026-07-22 09:30:00,66.95,23.04,41.04,45.633533,116.31118
EVT0097088,BMW00495,WBA00000000000495,2026-12-04 02:35:00,68.17,21.02,54.3,31.196833,53.125122
EVT0037602,BMW00075,WBA00000000000075,2026-05-11 13:25:00,13.7,59.54,38.64,50.41427,66.565146
EVT0028019,BMW00598,WBA00000000000598,2026-04-08 06:50:00,33.58,114.38,20.1,40.589418,133.835675
EVT0085994,BMW00724,WBA00000000000724,2026-10-26 14:05:00,73.44,41.52,6.95,25.317942,-70.841138
EVT0078776,BMW00690,WBA00000000000690,2026-10-01 12:35:00,19.92,128.98,-0.9,20.198201,-1.826149
EVT0007149,BMW00103,WBA00000000000103,2026-01-25 19:40:00,43.79,84.01,32.43,35.964573,36.601605
EVT0071847,BMW00863,WBA00000000000863,2026-09-07 11:10:00,72.09,147.36,5.75,37.43148,28.17067
EVT0007337,BMW00970,WBA00000000000970,2026-01-26 11:20:00,16.76,36.44,14.0,30.223117,1.802532
EVT0030333,BMW00179,WBA00000000000179,2026-04-16 07:40:00,80.25,86.36,13.27,35.645385,68.459334
EVT0016398,BMW00879,WBA00000000000879,2026-02-26 22:25:00,17.01,111.52,7.58,48.27999,102.299987
EVT0036975,BMW00842,WBA00000000000842,2026-05-09 09:10:00,61.07,135.12,48.9,43.138002,-94.404713
EVT0016228,BMW00142,WBA00000000000142,2026-02-26 08:15:00,30.09,69.88,30.29,29.271258,-76.661184
EVT0068629,BMW00320,WBA00000000000320,2026-08-27 07:00:00,59.13,56.22,28.21,16.08101,83.503241
EVT0012015,BMW00602,WBA00000000000602,2026-02-11 17:10:00,58.99,84.63,25.36,24.167281,-107.586805
EVT0076734,BMW00446,WBA00000000000446,2026-09-24 10:25:00,65.94,97.77,47.46,14.264012,78.921285
EVT0051481,BMW00534,WBA00000000000534,2026-06-28 18:00:00,91.38,45.35,48.83,24.030256,-76.951291
EVT0034953,BMW00159,WBA00000000000159,2026-05-02 08:40:00,89.0,118.77,11.87,23.280857,-65.218564
EVT0002610,BMW00021,WBA00000000000021,2026-01-10 01:25:00,17.12,50.55,25.54,18.476091,55.282476
EVT0099921,BMW00538,WBA00000000000538,2026-12-13 22:40:00,25.65,79.09,35.3,26.378625,-74.643416
EVT0003215,BMW00051,WBA00000000000051,2026-01-12 03:50:00,32.22,54.5,12.66,19.505108,147.308573
EVT0078047,BMW00902,WBA00000000000902,2026-09-28 23:50:00,32.48,60.6,0.51,18.651192,82.119281
EVT0077608,BMW00893,WBA00000000000893,2026-09-27 11:15:00,58.7,129.95,36.6,44.081329,-30.306023
EVT0001090,BMW00750,WBA00000000000750,2026-01-04 18:45:00,72.37,29.68,39.99,10.337103,57.269126
EVT0086099,BMW00384,WBA00000000000384,2026-10-26 22:50:00,28.25,149.58,31.09,17.947936,91.516425
EVT0083246,BMW00373,WBA00000000000373,2026-10-17 01:05:00,32.8,4.48,28.38,54.122731,146.682907
EVT0034353,BMW00692,WBA00000000000692,2026-04-30 06:40:00,57.25,18.56,43.94,27.32486,42.89854
EVT0057691,BMW00071,WBA00000000000071,2026-07-20 07:30:00,65.66,148.08,-3.04,47.738594,27.067096
EVT0069379,BMW00568,WBA00000000000568,2026-08-29 21:30:00,92.12,129.84,54.05,15.385598,-110.404762
EVT0075038,BMW00550,WBA00000000000550,2026-09-18 13:05:00,77.89,7.06,32.54,16.050622,40.324269
EVT0059348,BMW00299,WBA00000000000299,2026-07-26 01:35:00,58.54,55.99,-3.18,21.131466,139.319344
EVT0026370,BMW00126,WBA00000000000126,2026-04-02 13:25:00,81.44,89.27,-2.81,16.498576,97.260162
EVT0095577,BMW00647,WBA00000000000647,2026-11-28 20:40:00,15.91,121.47,-7.25,30.796666,-2.637099
EVT0026200,BMW00667,WBA00000000000667,2026-04-01 23:15:00,78.67,118.59,42.39,42.509292,-49.453015
EVT0045235,BMW00847,WBA00000000000847,2026-06-07 01:30:00,35.2,52.77,32.05,41.582676,-6.706815
EVT0016707,BMW00248,WBA00000000000248,2026-02-28 00:10:00,46.43,43.49,36.59,24.852651,98.40916
EVT0047732,BMW00350,WBA00000000000350,2026-06-15 17:35:00,61.51,81.7,-9.78,28.640747,125.141787
EVT0001753,BMW00612,WBA00000000000612,2026-01-07 02:00:00,13.77,12.33,39.27,40.754289,-57.743793
EVT0006009,BMW00341,WBA00000000000341,2026-01-21 20:40:00,46.44,62.11,20.77,10.378712,90.93106
EVT0087070,BMW00715,WBA00000000000715,2026-10-30 07:45:00,97.04,129.17,46.97,11.611836,-60.687957
EVT0098138,BMW00413,WBA00000000000413,2026-12-07 18:05:00,29.63,147.18,4.85,21.19552,-86.227107
EVT0068210,BMW00716,WBA00000000000716,2026-08-25 20:05:00,47.63,56.38,-3.74,37.246008,108.906388
EVT0027292,BMW00218,WBA00000000000218,2026-04-05 18:15:00,46.79,79.22,12.44,27.150258,43.837346
EVT0042101,BMW00502,WBA00000000000502,2026-05-27 04:20:00,29.04,30.32,11.31,27.775687,78.93428
EVT0092636,BMW00784,WBA00000000000784,2026-11-18 15:35:00,22.44,112.64,-8.83,14.092713,-81.400074
EVT0049892,BMW00896,WBA00000000000896,2026-06-23 05:35:00,32.28,20.97,17.73,37.892426,-99.419352
EVT0077924,BMW00954,WBA00000000000954,2026-09-28 13:35:00,36.01,32.65,0.44,45.154755,-76.494012
EVT0080938,BMW00740,WBA00000000000740,2026-10-09 00:45:00,10.41,134.0,22.93,31.710926,-86.786235
EVT0097598,BMW00524,WBA00000000000524,2026-12-05 21:05:00,43.52,19.87,33.83,10.162493,-42.711408
EVT0037318,BMW00998,WBA00000000000998,2026-05-10 13:45:00,37.19,20.75,38.81,41.252757,-112.507403
EVT0064151,BMW00240,WBA00000000000240,2026-08-11 17:50:00,39.86,105.36,53.15,43.019807,-5.999043
EVT0002418,BMW00440,WBA00000000000440,2026-01-09 09:25:00,14.12,7.69,11.03,45.221601,79.220018
EVT0008424,BMW00857,WBA00000000000857,2026-01-30 05:55:00,49.38,110.47,16.13,47.352664,-66.44407
EVT0065301,BMW00207,WBA00000000000207,2026-08-15 17:40:00,80.55,25.94,28.78,52.53418,56.8061
EVT0092508,BMW00253,WBA00000000000253,2026-11-18 04:55:00,21.17,34.47,14.48,48.084506,141.607376
EVT0093100,BMW00163,WBA00000000000163,2026-11-20 06:15:00,90.21,76.92,36.75,37.385041,103.842951
EVT0074584,BMW00845,WBA00000000000845,2026-09-16 23:15:00,30.23,135.18,-9.5,36.337904,120.972537
EVT0064347,BMW00860,WBA00000000000860,2026-08-12 10:10:00,97.53,7.43,-7.09,37.51618,-75.318749
EVT0072987,BMW00311,WBA00000000000311,2026-09-11 10:10:00,27.51,109.72,18.39,40.679782,-23.996007
EVT0047015,BMW00599,WBA00000000000599,2026-06-13 05:50:00,75.83,29.72,7.42,51.071217,-83.548559
EVT0085945,BMW00885,WBA00000000000885,2026-10-26 10:00:00,68.38,64.45,49.77,28.909452,-17.325348
EVT0062876,BMW00581,WBA00000000000581,2026-08-07 07:35:00,25.59,159.17,-5.9,28.676803,94.192285
EVT0082938,BMW00116,WBA00000000000116,2026-10-15 23:25:00,90.07,58.25,-2.55,8.817086,148.922404
EVT0054563,BMW00327,WBA00000000000327,2026-07-09 10:50:00,26.03,26.03,50.13,9.118091,-80.506385
EVT0095533,BMW00007,WBA00000000000007,2026-11-28 17:00:00,71.64,128.35,46.08,50.005973,-34.740765
EVT0051347,BMW00853,WBA00000000000853,2026-06-28 06:50:00,30.5,75.0,32.7,48.537298,-105.095858
EVT0073331,BMW00714,WBA00000000000714,2026-09-12 14:50:00,82.39,101.96,36.74,39.679921,-83.841719
EVT0042183,BMW00113,WBA00000000000113,2026-05-27 11:10:00,67.67,128.58,51.29,39.287798,124.465305
EVT0082268,BMW00174,WBA00000000000174,2026-10-13 15:35:00,53.29,140.02,49.78,41.421369,-60.218159
EVT0046641,BMW00376,WBA00000000000376,2026-06-11 22:40:00,53.5,10.99,-7.08,39.271922,31.043722
EVT0023817,BMW00670,WBA00000000000670,2026-03-24 16:40:00,39.81,12.92,35.54,42.215302,-94.558049
EVT0035701,BMW00376,WBA00000000000376,2026-05-04 23:00:00,79.01,136.01,42.24,45.371154,30.930722
EVT0002019,BMW00465,WBA00000000000465,2026-01-08 00:10:00,80.54,93.99,5.91,50.138474,-19.817291
EVT0033626,BMW00784,WBA00000000000784,2026-04-27 18:05:00,59.55,11.54,52.6,17.609951,133.337996
EVT0023234,BMW00859,WBA00000000000859,2026-03-22 16:05:00,15.89,126.8,26.13,49.366054,-41.811543
EVT0041803,BMW00774,WBA00000000000774,2026-05-26 03:30:00,85.98,40.47,13.96,27.572518,133.205655
EVT0002347,BMW00037,WBA00000000000037,2026-01-09 03:30:00,83.08,91.85,27.69,47.724459,71.509735
EVT0058515,BMW00269,WBA00000000000269,2026-07-23 04:10:00,40.02,69.61,48.14,37.220231,104.642729
EVT0018025,BMW00924,WBA00000000000924,2026-03-04 14:00:00,81.34,85.8,27.44,44.563447,7.714899
EVT0044669,BMW00333,WBA00000000000333,2026-06-05 02:20:00,80.54,116.27,4.66,17.193312,6.302302
EVT0070244,BMW00788,WBA00000000000788,2026-09-01 21:35:00,53.77,136.46,46.51,39.386238,-109.628906
EVT0084369,BMW00570,WBA00000000000570,2026-10-20 22:40:00,79.51,131.95,5.93,37.25819,-32.355624
EVT0093067,BMW00672,WBA00000000000672,2026-11-20 03:30:00,56.43,59.75,12.91,11.140049,-73.048147
EVT0020991,BMW00424,WBA00000000000424,2026-03-14 21:10:00,32.03,52.96,9.02,19.746411,91.135612
EVT0052685,BMW00171,WBA00000000000171,2026-07-02 22:20:00,32.36,29.35,17.17,28.180251,43.599833
EVT0071694,BMW00336,WBA00000000000336,2026-09-06 22:25:00,57.53,73.48,8.62,54.485841,73.44145
EVT0075942,BMW00402,WBA00000000000402,2026-09-21 16:25:00,70.34,117.42,20.56,17.441152,74.872681
EVT0039618,BMW00939,WBA00000000000939,2026-05-18 13:25:00,99.44,147.29,48.13,27.596326,-57.074733
EVT0056732,BMW00234,WBA00000000000234,2026-07-16 23:35:00,75.6,60.28,4.58,50.607468,122.031304
EVT0003119,BMW00425,WBA00000000000425,2026-01-11 19:50:00,98.79,60.77,47.39,22.234405,25.907578
EVT0060337,BMW00674,WBA00000000000674,2026-07-29 12:00:00,66.27,129.15,47.2,19.641896,-61.421415
EVT0061840,BMW00501,WBA00000000000501,2026-08-03 17:15:00,19.04,107.93,20.23,51.126094,-10.342111
EVT0047967,BMW00607,WBA00000000000607,2026-06-16 13:10:00,49.82,102.18,-4.99,25.496638,-54.615132
EVT0086977,BMW00654,WBA00000000000654,2026-10-30 00:00:00,92.01,126.0,8.79,25.935892,19.90997
EVT0042819,BMW00589,WBA00000000000589,2026-05-29 16:10:00,29.42,97.17,23.82,25.698131,-18.261433
EVT0075854,BMW00985,WBA00000000000985,2026-09-21 09:05:00,29.43,29.69,26.59,30.633475,77.396965
EVT0066560,BMW00278,WBA00000000000278,2026-08-20 02:35:00,37.52,91.91,22.13,38.676851,13.847667
EVT0057772,BMW00706,WBA00000000000706,2026-07-20 14:15:00,90.62,30.72,47.3,15.081233,71.299471
EVT0025579,BMW00462,WBA00000000000462,2026-03-30 19:30:00,43.57,39.6,38.28,47.443246,-29.678259
EVT0086581,BMW00466,WBA00000000000466,2026-10-28 15:00:00,13.03,33.35,20.02,43.594628,52.376144
EVT0022380,BMW00316,WBA00000000000316,2026-03-19 16:55:00,89.81,5.58,38.89,51.811298,-23.609333
EVT0086735,BMW00230,WBA00000000000230,2026-10-29 03:50:00,29.56,139.03,-4.21,44.23911,87.970654
EVT0001467,BMW00367,WBA00000000000367,2026-01-06 02:10:00,75.39,15.26,54.75,43.769602,-9.852272
EVT0062493,BMW00101,WBA00000000000101,2026-08-05 23:40:00,81.0,98.61,46.59,49.314845,51.954719
EVT0046002,BMW00986,WBA00000000000986,2026-06-09 17:25:00,75.14,8.73,13.27,47.917431,25.930379
EVT0071017,BMW00514,WBA00000000000514,2026-09-04 14:00:00,32.48,127.95,22.89,13.058319,-76.847109
EVT0011115,BMW00395,WBA00000000000395,2026-02-08 14:10:00,88.74,130.42,50.65,14.862009,53.335229
EVT0042536,BMW00274,WBA00000000000274,2026-05-28 16:35:00,25.37,25.79,30.31,25.792602,35.688085
EVT0059035,BMW00425,WBA00000000000425,2026-07-24 23:30:00,99.89,24.31,50.01,31.001261,104.313508
EVT0037560,BMW00829,WBA00000000000829,2026-05-11 09:55:00,53.65,118.84,5.27,18.165631,-103.345995
EVT0047783,BMW00350,WBA00000000000350,2026-06-15 21:50:00,91.04,112.38,7.3,30.048324,-49.098518
EVT0005574,BMW00785,WBA00000000000785,2026-01-20 08:25:00,96.18,39.16,40.76,38.037788,46.699088
EVT0051198,BMW00819,WBA00000000000819,2026-06-27 18:25:00,58.22,64.76,50.61,36.565878,122.471769
EVT0075950,BMW00063,WBA00000000000063,2026-09-21 17:05:00,86.3,113.04,41.27,34.225792,17.958238
EVT0062333,BMW00497,WBA00000000000497,2026-08-05 10:20:00,30.64,123.27,14.83,44.272692,20.839333
EVT0020843,BMW00122,WBA00000000000122,2026-03-14 08:50:00,73.17,131.66,15.28,17.879325,-111.806301
EVT0049324,BMW00148,WBA00000000000148,2026-06-21 06:15:00,40.87,9.41,48.79,22.512943,-104.692781
EVT0020645,BMW00653,WBA00000000000653,2026-03-13 16:20:00,78.58,75.94,41.57,24.951914,-53.146131
EVT0042186,BMW00031,WBA00000000000031,2026-05-27 11:25:00,40.75,159.4,1.81,43.697451,43.656283
EVT0028246,BMW00689,WBA00000000000689,2026-04-09 01:45:00,91.21,89.36,18.37,24.402113,93.897543
EVT0065750,BMW00040,WBA00000000000040,2026-08-17 07:05:00,38.19,66.81,13.15,8.710769,66.216739
EVT0092085,BMW00658,WBA00000000000658,2026-11-16 17:40:00,91.19,99.89,-7.32,29.857884,19.454887
EVT0015178,BMW00163,WBA00000000000163,2026-02-22 16:45:00,49.99,135.47,-8.84,46.502749,108.733122
EVT0056889,BMW00661,WBA00000000000661,2026-07-17 12:40:00,98.62,61.11,26.69,8.654754,139.118259
EVT0044126,BMW00601,WBA00000000000601,2026-06-03 05:05:00,48.76,104.35,3.94,31.603785,49.397526
EVT0068444,BMW00969,WBA00000000000969,2026-08-26 15:35:00,82.65,36.25,-7.62,28.553525,-66.336245
EVT0030965,BMW00928,WBA00000000000928,2026-04-18 12:20:00,60.0,14.65,35.17,18.259274,-54.564313
EVT0032516,BMW00297,WBA00000000000297,2026-04-23 21:35:00,71.54,57.07,19.1,28.267088,19.01317
EVT0023084,BMW00829,WBA00000000000829,2026-03-22 03:35:00,36.23,114.01,52.23,31.30803,-108.555321
EVT0064667,BMW00140,WBA00000000000140,2026-08-13 12:50:00,95.67,153.21,6.99,33.799321,115.103477
EVT0046636,BMW00769,WBA00000000000769,2026-06-11 22:15:00,71.31,109.03,54.92,27.954431,8.104899
EVT0050573,BMW00703,WBA00000000000703,2026-06-25 14:20:00,80.37,8.1,29.91,36.338378,134.248899
EVT0005458,BMW00193,WBA00000000000193,2026-01-19 22:45:00,91.28,96.74,45.36,19.674658,-94.86723
EVT0013022,BMW00449,WBA00000000000449,2026-02-15 05:05:00,57.98,117.15,20.32,47.468671,-91.546007
EVT0017981,BMW00891,WBA00000000000891,2026-03-04 10:20:00,47.9,102.32,14.02,35.498127,39.85251
EVT0057761,BMW00327,WBA00000000000327,2026-07-20 13:20:00,22.31,68.14,4.35,31.04998,31.269709
EVT0019869,BMW00971,WBA00000000000971,2026-03-10 23:40:00,68.93,43.08,27.17,43.545674,-86.176197
EVT0048697,BMW00361,WBA00000000000361,2026-06-19 02:00:00,81.62,58.08,42.18,8.968248,90.105391
EVT0029507,BMW00727,WBA00000000000727,2026-04-13 10:50:00,32.2,123.57,50.21,52.43141,-70.269343
EVT0085032,BMW00888,WBA00000000000888,2026-10-23 05:55:00,59.54,79.32,38.22,27.231604,49.689563
EVT0085365,BMW00729,WBA00000000000729,2026-10-24 09:40:00,92.25,59.32,29.67,35.977853,12.01549
EVT0071046,BMW00550,WBA00000000000550,2026-09-04 16:25:00,40.46,119.91,52.99,20.462673,-19.622811
EVT0032402,BMW00556,WBA00000000000556,2026-04-23 12:05:00,74.92,57.42,42.28,27.366663,11.630274
EVT0078851,BMW00472,WBA00000000000472,2026-10-01 18:50:00,77.04,108.89,-7.69,27.198092,-91.588269
EVT0040482,BMW00527,WBA00000000000527,2026-05-21 13:25:00,74.56,83.21,27.3,19.600324,-93.440847
EVT0001812,BMW00813,WBA00000000000813,2026-01-07 06:55:00,28.22,108.39,18.07,18.667451,60.192546
EVT0081335,BMW00450,WBA00000000000450,2026-10-10 09:50:00,43.43,129.24,22.85,26.76897,-32.160154
EVT0025561,BMW00895,WBA00000000000895,2026-03-30 18:00:00,98.56,27.32,-6.06,40.171199,29.254842
EVT0024908,BMW00324,WBA00000000000324,2026-03-28 11:35:00,12.09,135.58,-1.05,51.054202,69.520503
EVT0057489,BMW00721,WBA00000000000721,2026-07-19 14:40:00,45.52,125.91,22.37,26.493075,14.991248
EVT0093371,BMW00180,WBA00000000000180,2026-11-21 04:50:00,34.34,69.56,37.87,19.315705,-19.220102
EVT0005121,BMW00559,WBA00000000000559,2026-01-18 18:40:00,26.35,115.85,12.92,18.119738,81.603817
EVT0076825,BMW00687,WBA00000000000687,2026-09-24 18:00:00,79.62,94.66,14.99,46.874675,88.47446
EVT0095086,BMW00251,WBA00000000000251,2026-11-27 03:45:00,13.64,111.58,22.24,52.355249,124.219004
EVT0001403,BMW00310,WBA00000000000310,2026-01-05 20:50:00,33.81,57.88,33.91,49.070211,-97.633199
EVT0074687,BMW00427,WBA00000000000427,2026-09-17 07:50:00,20.55,44.23,0.09,15.409981,31.720443
EVT0017451,BMW00338,WBA00000000000338,2026-03-02 14:10:00,68.23,10.07,6.95,21.694113,-97.281599
EVT0004127,BMW00877,WBA00000000000877,2026-01-15 07:50:00,31.69,52.63,8.45,40.020262,-89.550995
EVT0004382,BMW00472,WBA00000000000472,2026-01-16 05:05:00,12.2,158.73,21.67,37.198358,-29.906825
EVT0049421,BMW00061,WBA00000000000061,2026-06-21 14:20:00,24.56,21.62,14.0,26.121274,-73.35711
EVT0050002,BMW00487,WBA00000000000487,2026-06-23 14:45:00,79.48,46.01,43.0,45.266675,145.87479
EVT0085963,BMW00420,WBA00000000000420,2026-10-26 11:30:00,32.23,141.06,-8.84,43.355819,69.89434
EVT0040440,BMW00483,WBA00000000000483,2026-05-21 09:55:00,41.98,6.76,18.9,34.437774,49.830486
EVT0051681,BMW00956,WBA00000000000956,2026-06-29 10:40:00,28.02,107.48,53.63,14.569773,-35.095941
EVT0021980,BMW00992,WBA00000000000992,2026-03-18 07:35:00,83.53,36.77,43.91,53.522955,109.166471
EVT0097825,BMW00885,WBA00000000000885,2026-12-06 16:00:00,43.19,94.86,42.57,39.798835,38.177348
EVT0030327,BMW00678,WBA00000000000678,2026-04-16 07:10:00,43.88,23.82,23.64,33.803075,116.478385
EVT0017056,BMW00827,WBA00000000000827,2026-03-01 05:15:00,52.27,95.6,17.0,47.185515,131.243239
EVT0047668,BMW00941,WBA00000000000941,2026-06-15 12:15:00,83.53,119.69,32.23,21.713634,131.028924
EVT0038492,BMW00924,WBA00000000000924,2026-05-14 15:35:00,30.9,111.75,53.58,31.815028,55.265959
EVT0023978,BMW00312,WBA00000000000312,2026-03-25 06:05:00,15.64,3.09,-6.15,37.556395,-7.305149
EVT0067522,BMW00754,WBA00000000000754,2026-08-23 10:45:00,32.18,2.38,27.82,44.565261,-27.880826
EVT0094228,BMW00796,WBA00000000000796,2026-11-24 04:15:00,81.39,132.44,41.99,50.600931,77.356763
EVT0070368,BMW00579,WBA00000000000579,2026-09-02 07:55:00,25.91,114.4,28.83,52.92138,23.453748
EVT0027379,BMW00450,WBA00000000000450,2026-04-06 01:30:00,78.07,32.47,-5.09,21.592518,-17.200235
EVT0058789,BMW00157,WBA00000000000157,2026-07-24 03:00:00,17.23,78.8,28.87,51.719702,33.454163
EVT0025542,BMW00319,WBA00000000000319,2026-03-30 16:25:00,89.89,54.73,14.83,48.651107,90.072182
EVT0044086,BMW00442,WBA00000000000442,2026-06-03 01:45:00,72.99,69.62,17.17,9.574744,-42.685376
EVT0051636,BMW00541,WBA00000000000541,2026-06-29 06:55:00,20.13,115.47,28.12,44.536329,133.029238
EVT0095442,BMW00187,WBA00000000000187,2026-11-28 09:25:00,90.65,16.22,32.81,27.782973,114.119794
EVT0008438,BMW00626,WBA00000000000626,2026-01-30 07:05:00,42.62,154.92,44.33,24.558335,16.33185
EVT0052596,BMW00313,WBA00000000000313,2026-07-02 14:55:00,62.39,157.78,11.13,22.441529,137.893286
EVT0011393,BMW00726,WBA00000000000726,2026-02-09 13:20:00,42.5,6.72,-3.52,35.357405,50.492465
EVT0005478,BMW00438,WBA00000000000438,2026-01-20 00:25:00,49.04,36.61,-5.7,10.157372,-21.666023
EVT0085000,BMW00060,WBA00000000000060,2026-10-23 03:15:00,18.78,120.5,19.98,37.570886,-104.151003
EVT0090866,BMW00349,WBA00000000000349,2026-11-12 12:05:00,90.4,89.15,-2.18,38.200709,-30.20939
EVT0043021,BMW00403,WBA00000000000403,2026-05-30 09:00:00,26.04,31.86,20.9,29.020923,-64.292448
EVT0075296,BMW00725,WBA00000000000725,2026-09-19 10:35:00,60.01,70.89,-0.6,10.865532,-41.831379
EVT0017366,BMW00620,WBA00000000000620,2026-03-02 07:05:00,87.24,117.49,39.38,26.194819,-3.436917
EVT0037508,BMW00404,WBA00000000000404,2026-05-11 05:35:00,73.34,157.43,3.55,44.781153,-30.02748
EVT0061270,BMW00664,WBA00000000000664,2026-08-01 17:45:00,48.61,42.54,20.87,30.378405,86.281864
EVT0010057,BMW00716,WBA00000000000716,2026-02-04 22:00:00,24.66,97.65,29.65,41.297334,23.050022
EVT0051600,BMW00446,WBA00000000000446,2026-06-29 03:55:00,95.51,138.53,-8.85,19.995416,-83.990359
EVT0033767,BMW00743,WBA00000000000743,2026-04-28 05:50:00,68.49,159.15,46.38,52.800891,106.184579
EVT0042018,BMW00489,WBA00000000000489,2026-05-26 21:25:00,28.58,76.22,45.47,41.540408,68.64052
EVT0012404,BMW00550,WBA00000000000550,2026-02-13 01:35:00,44.09,9.89,42.6,39.06209,101.790318
EVT0027891,BMW00369,WBA00000000000369,2026-04-07 20:10:00,63.88,136.83,4.28,20.978607,13.232026
EVT0026266,BMW00134,WBA00000000000134,2026-04-02 04:45:00,31.03,89.66,53.21,37.642888,-48.061783
EVT0092020,BMW00511,WBA00000000000511,2026-11-16 12:15:00,23.6,119.21,22.23,33.388634,60.335818
EVT0049563,BMW00989,WBA00000000000989,2026-06-22 02:10:00,87.38,83.27,14.97,36.54531,30.970152
EVT0082815,BMW00973,WBA00000000000973,2026-10-15 13:10:00,89.0,18.47,-4.69,11.444505,-79.209029
EVT0047435,BMW00260,WBA00000000000260,2026-06-14 16:50:00,89.48,85.37,-5.14,50.032249,119.615449
EVT0064102,BMW00939,WBA00000000000939,2026-08-11 13:45:00,71.5,65.93,32.02,19.360957,93.409186
EVT0049560,BMW00642,WBA00000000000642,2026-06-22 01:55:00,68.23,153.25,14.34,36.264085,-53.341971
EVT0030455,BMW00250,WBA00000000000250,2026-04-16 17:50:00,99.71,120.65,9.1,27.488541,-49.807848
EVT0088138,BMW00863,WBA00000000000863,2026-11-03 00:45:00,31.21,137.21,-2.44,47.019338,23.80009
EVT0027787,BMW00902,WBA00000000000902,2026-04-07 11:30:00,85.18,52.08,6.64,51.845395,106.223313
EVT0081561,BMW00572,WBA00000000000572,2026-10-11 04:40:00,11.26,58.93,47.38,37.431713,-6.73644
EVT0013253,BMW00695,WBA00000000000695,2026-02-16 00:20:00,47.63,127.69,-4.22,30.957814,103.945276
EVT0009761,BMW00544,WBA00000000000544,2026-02-03 21:20:00,64.31,159.38,45.17,16.626141,-107.18912
EVT0073470,BMW00300,WBA00000000000300,2026-09-13 02:25:00,43.09,47.72,49.84,38.833206,13.918517
EVT0022817,BMW00998,WBA00000000000998,2026-03-21 05:20:00,67.43,90.93,-7.83,46.516362,-31.168701
EVT0027003,BMW00914,WBA00000000000914,2026-04-04 18:10:00,71.71,126.25,54.56,13.001934,87.896771
EVT0054126,BMW00936,WBA00000000000936,2026-07-07 22:25:00,66.51,149.19,31.44,19.511313,114.106874
EVT0014802,BMW00226,WBA00000000000226,2026-02-21 09:25:00,16.17,112.33,24.23,17.607424,142.014974
EVT0034852,BMW00622,WBA00000000000622,2026-05-02 00:15:00,87.88,47.49,-5.23,45.410438,133.512131
EVT0005642,BMW00087,WBA00000000000087,2026-01-20 14:05:00,78.25,95.95,11.54,24.624547,63.903596
EVT0026581,BMW00031,WBA00000000000031,2026-04-03 07:00:00,40.66,52.87,32.99,32.004732,-47.296529
EVT0038495,BMW00998,WBA00000000000998,2026-05-14 15:50:00,69.41,24.79,54.72,11.986415,143.780492
EVT0049622,BMW00571,WBA00000000000571,2026-06-22 07:05:00,65.49,153.53,25.2,53.182705,5.215158
EVT0061136,BMW00149,WBA00000000000149,2026-08-01 06:35:00,36.09,33.43,49.47,36.429244,32.461474
EVT0042266,BMW00994,WBA00000000000994,2026-05-27 18:05:00,68.76,43.55,49.0,51.71406,110.013419
EVT0072307,BMW00581,WBA00000000000581,2026-09-09 01:30:00,74.62,111.78,11.11,11.876228,52.668618
EVT0017023,BMW00574,WBA00000000000574,2026-03-01 02:30:00,43.89,82.68,50.38,45.307264,127.834911
EVT0080400,BMW00811,WBA00000000000811,2026-10-07 03:55:00,62.86,98.83,13.86,48.397565,-41.105747
EVT0079263,BMW00509,WBA00000000000509,2026-10-03 05:10:00,95.76,89.41,39.0,39.566261,62.372099
EVT0084521,BMW00978,WBA00000000000978,2026-10-21 11:20:00,16.11,50.42,-4.34,45.213092,43.174537
EVT0038717,BMW00063,WBA00000000000063,2026-05-15 10:20:00,32.89,49.11,2.62,39.208617,-18.918601
EVT0023997,BMW00501,WBA00000000000501,2026-03-25 07:40:00,82.46,103.25,25.29,24.464911,-8.351142
EVT0079020,BMW00478,WBA00000000000478,2026-10-02 08:55:00,77.16,155.02,14.67,51.748287,107.746919
EVT0089586,BMW00013,WBA00000000000013,2026-11-08 01:25:00,15.93,6.5,44.85,14.777169,110.880166
EVT0027505,BMW00706,WBA00000000000706,2026-04-06 12:00:00,52.22,128.96,53.92,8.712294,-25.522983
EVT0026202,BMW00279,WBA00000000000279,2026-04-01 23:25:00,13.49,138.32,4.57,47.873235,-40.832953
EVT0075099,BMW00055,WBA00000000000055,2026-09-18 18:10:00,96.69,157.1,23.94,34.696806,-91.751477
EVT0036293,BMW00284,WBA00000000000284,2026-05-07 00:20:00,76.34,99.16,22.75,20.530177,-96.585364
EVT0041191,BMW00904,WBA00000000000904,2026-05-24 00:30:00,61.04,125.49,34.57,33.559349,-8.061051
EVT0041938,BMW00754,WBA00000000000754,2026-05-26 14:45:00,61.74,55.23,9.46,12.687235,77.867974
EVT0069391,BMW00533,WBA00000000000533,2026-08-29 22:30:00,56.3,12.4,-1.12,51.825612,-109.235224
EVT0089896,BMW00763,WBA00000000000763,2026-11-09 03:15:00,11.18,67.39,38.34,30.932493,70.824865
EVT0012857,BMW00826,WBA00000000000826,2026-02-14 15:20:00,95.62,78.02,48.67,50.31716,-14.347595
EVT0085741,BMW00449,WBA00000000000449,2026-10-25 17:00:00,59.41,43.34,5.65,13.238027,-111.768305
EVT0068015,BMW00350,WBA00000000000350,2026-08-25 03:50:00,64.27,18.69,48.82,35.620461,83.393051
EVT0097769,BMW00124,WBA00000000000124,2026-12-06 11:20:00,12.8,121.7,20.72,53.952642,109.421939
EVT0056444,BMW00069,WBA00000000000069,2026-07-15 23:35:00,19.75,1.69,50.65,51.128558,35.234726
EVT0077671,BMW00831,WBA00000000000831,2026-09-27 16:30:00,59.4,64.13,-1.43,41.908522,-63.671561
EVT0068218,BMW00961,WBA00000000000961,2026-08-25 20:45:00,55.37,34.09,49.88,29.579513,99.333304
EVT0091270,BMW00414,WBA00000000000414,2026-11-13 21:45:00,62.22,41.53,10.86,50.378978,-11.241545
EVT0084562,BMW00532,WBA00000000000532,2026-10-21 14:45:00,87.26,82.6,37.39,8.333863,-43.582798
EVT0058246,BMW00285,WBA00000000000285,2026-07-22 05:45:00,60.78,104.12,-0.7,43.733962,147.305551
EVT0058534,BMW00597,WBA00000000000597,2026-07-23 05:45:00,70.63,67.07,43.71,53.226366,-56.149365
EVT0019951,BMW00373,WBA00000000000373,2026-03-11 06:30:00,68.97,151.39,18.19,49.724599,-73.26892
EVT0093037,BMW00825,WBA00000000000825,2026-11-20 01:00:00,95.49,134.78,34.45,28.866185,-117.413787
EVT0022518,BMW00193,WBA00000000000193,2026-03-20 04:25:00,61.07,59.06,29.12,33.033396,98.562868
EVT0086945,BMW00462,WBA00000000000462,2026-10-29 21:20:00,51.5,114.85,40.17,28.285954,122.718366
EVT0059579,BMW00562,WBA00000000000562,2026-07-26 20:50:00,33.43,87.82,53.65,53.816777,115.440362
EVT0072537,BMW00509,WBA00000000000509,2026-09-09 20:40:00,18.58,71.64,22.12,51.643273,13.075785
EVT0053145,BMW00221,WBA00000000000221,2026-07-04 12:40:00,25.29,5.71,10.53,14.831493,103.609465
EVT0056834,BMW00335,WBA00000000000335,2026-07-17 08:05:00,37.98,66.79,-2.43,17.641551,-34.196407
EVT0055013,BMW00927,WBA00000000000927,2026-07-11 00:20:00,15.32,40.98,49.07,9.540233,-76.149044
EVT0041147,BMW00848,WBA00000000000848,2026-05-23 20:50:00,99.03,107.79,31.58,17.554922,-39.665075
EVT0015783,BMW00857,WBA00000000000857,2026-02-24 19:10:00,97.21,74.09,51.05,27.171011,113.529476
EVT0087433,BMW00480,WBA00000000000480,2026-10-31 14:00:00,39.16,95.28,30.0,35.569533,140.316974
EVT0078456,BMW00614,WBA00000000000614,2026-09-30 09:55:00,67.87,66.32,25.39,35.899206,-3.379105
EVT0097833,BMW00345,WBA00000000000345,2026-12-06 16:40:00,63.03,102.76,47.81,33.597445,-36.257759
EVT0029694,BMW00657,WBA00000000000657,2026-04-14 02:25:00,80.79,97.32,18.13,28.178934,-84.740768
EVT0073752,BMW00439,WBA00000000000439,2026-09-14 01:55:00,86.09,69.62,50.17,50.370628,119.398073
EVT0073760,BMW00161,WBA00000000000161,2026-09-14 02:35:00,17.12,149.28,15.44,25.463562,36.786303
EVT0023509,BMW00044,WBA00000000000044,2026-03-23 15:00:00,27.02,107.59,24.97,44.967192,13.424453
EVT0027645,BMW00227,WBA00000000000227,2026-04-06 23:40:00,73.13,147.34,31.49,29.163258,-119.680473
EVT0093300,BMW00766,WBA00000000000766,2026-11-20 22:55:00,33.51,9.77,49.35,54.006142,33.17482
EVT0055670,BMW00475,WBA00000000000475,2026-07-13 07:05:00,19.04,108.95,10.63,33.779447,86.212178
EVT0006296,BMW00082,WBA00000000000082,2026-01-22 20:35:00,41.75,34.52,-6.47,18.272728,-33.875746
EVT0029948,BMW00619,WBA00000000000619,2026-04-14 23:35:00,39.39,128.72,28.21,33.965029,38.174161
EVT0035421,BMW00980,WBA00000000000980,2026-05-03 23:40:00,57.9,149.51,-1.99,46.772993,-38.451484
EVT0057865,BMW00396,WBA00000000000396,2026-07-20 22:00:00,96.41,54.63,49.18,23.564643,86.098998
EVT0025473,BMW00615,WBA00000000000615,2026-03-30 10:40:00,39.22,63.33,44.2,32.553318,-112.309645
EVT0047384,BMW00895,WBA00000000000895,2026-06-14 12:35:00,89.92,10.03,11.99,36.613582,11.759292
EVT0007624,BMW00846,WBA00000000000846,2026-01-27 11:15:00,37.6,43.35,35.76,41.475374,-46.097545
EVT0007186,BMW00617,WBA00000000000617,2026-01-25 22:45:00,42.68,110.96,15.54,44.880801,32.978078
EVT0004871,BMW00646,WBA00000000000646,2026-01-17 21:50:00,66.92,11.61,17.64,9.155262,-46.171637
EVT0032078,BMW00666,WBA00000000000666,2026-04-22 09:05:00,91.68,27.09,4.18,10.356306,41.029513
EVT0058282,BMW00126,WBA00000000000126,2026-07-22 08:45:00,66.84,149.31,28.98,53.940326,45.118003
EVT0080004,BMW00060,WBA00000000000060,2026-10-05 18:55:00,63.5,8.73,39.88,42.751756,-89.25243
EVT0010962,BMW00399,WBA00000000000399,2026-02-08 01:25:00,39.3,97.49,0.14,51.700027,122.802482
EVT0067683,BMW00221,WBA00000000000221,2026-08-24 00:10:00,63.43,122.1,11.27,40.938427,80.360353
EVT0088074,BMW00438,WBA00000000000438,2026-11-02 19:25:00,18.41,122.51,1.94,19.479344,-92.689915
EVT0024479,BMW00566,WBA00000000000566,2026-03-26 23:50:00,16.67,40.3,52.29,51.245637,122.262093
EVT0004659,BMW00784,WBA00000000000784,2026-01-17 04:10:00,34.03,93.75,4.71,41.805053,-82.858668
EVT0009282,BMW00423,WBA00000000000423,2026-02-02 05:25:00,89.28,129.79,37.01,37.526964,71.632673
EVT0029791,BMW00574,WBA00000000000574,2026-04-14 10:30:00,39.34,71.97,38.86,10.081036,35.862524
EVT0025946,BMW00656,WBA00000000000656,2026-04-01 02:05:00,94.63,86.94,51.95,30.43263,43.645553
EVT0065877,BMW00331,WBA00000000000331,2026-08-17 17:40:00,43.67,36.93,46.64,27.884377,97.833554
EVT0014930,BMW00016,WBA00000000000016,2026-02-21 20:05:00,56.88,51.45,24.42,19.497044,54.057394
EVT0015751,BMW00891,WBA00000000000891,2026-02-24 16:30:00,29.93,25.98,44.26,23.227923,-75.057511
EVT0061957,BMW00698,WBA00000000000698,2026-08-04 03:00:00,92.05,88.9,18.81,32.15053,-30.178167
EVT0013999,BMW00415,WBA00000000000415,2026-02-18 14:30:00,41.6,107.02,47.09,38.975527,-115.454721
EVT0002158,BMW00746,WBA00000000000746,2026-01-08 11:45:00,44.93,141.02,20.91,21.113419,86.689261
EVT0046267,BMW00482,WBA00000000000482,2026-06-10 15:30:00,25.15,126.25,11.5,22.090313,-27.44655
EVT0062719,BMW00345,WBA00000000000345,2026-08-06 18:30:00,74.54,15.19,5.0,54.754599,-40.196914
EVT0089004,BMW00677,WBA00000000000677,2026-11-06 00:55:00,22.92,74.85,53.8,41.084771,114.740329
EVT0047528,BMW00409,WBA00000000000409,2026-06-15 00:35:00,93.99,33.93,34.41,21.677033,116.023788
EVT0006790,BMW00028,WBA00000000000028,2026-01-24 13:45:00,56.86,74.57,-7.35,18.340309,46.572874
EVT0011714,BMW00675,WBA00000000000675,2026-02-10 16:05:00,37.67,6.37,52.3,33.760596,-114.108933
EVT0055243,BMW00634,WBA00000000000634,2026-07-11 19:30:00,29.88,59.34,17.5,52.49821,43.686376
EVT0061693,BMW00161,WBA00000000000161,2026-08-03 05:00:00,38.11,110.72,21.85,11.359098,135.722298
EVT0012799,BMW00872,WBA00000000000872,2026-02-14 10:30:00,75.78,115.59,13.57,50.841321,30.709674
EVT0064196,BMW00132,WBA00000000000132,2026-08-11 21:35:00,55.03,134.87,50.47,43.257018,18.588448
EVT0081967,BMW00738,WBA00000000000738,2026-10-12 14:30:00,83.61,51.26,43.33,15.791336,85.434263
EVT0032418,BMW00891,WBA00000000000891,2026-04-23 13:25:00,37.47,20.43,13.43,50.170289,34.307379
EVT0025790,BMW00216,WBA00000000000216,2026-03-31 13:05:00,71.66,9.81,45.64,47.758373,96.035081
EVT0030615,BMW00996,WBA00000000000996,2026-04-17 07:10:00,20.15,11.56,2.26,27.542473,134.469117
EVT0055432,BMW00654,WBA00000000000654,2026-07-12 11:15:00,72.59,121.2,29.29,50.67733,6.101893
EVT0033581,BMW00219,WBA00000000000219,2026-04-27 14:20:00,32.69,92.7,1.42,39.953089,16.619939
EVT0007909,BMW00265,WBA00000000000265,2026-01-28 11:00:00,63.61,17.64,-5.08,30.002705,93.454514
EVT0048277,BMW00842,WBA00000000000842,2026-06-17 15:00:00,19.72,39.67,-6.62,37.407778,30.043879
EVT0001494,BMW00346,WBA00000000000346,2026-01-06 04:25:00,91.85,4.86,-2.34,30.326856,86.465853
EVT0065780,BMW00560,WBA00000000000560,2026-08-17 09:35:00,83.17,58.3,52.67,39.014409,56.127601
EVT0025294,BMW00951,WBA00000000000951,2026-03-29 19:45:00,77.65,154.3,24.37,25.550175,40.220695
EVT0018415,BMW00600,WBA00000000000600,2026-03-05 22:30:00,64.07,53.71,20.73,46.368754,-49.684017
EVT0016851,BMW00619,WBA00000000000619,2026-02-28 12:10:00,87.03,159.26,-8.06,42.061019,56.690841
EVT0053207,BMW00317,WBA00000000000317,2026-07-04 17:50:00,61.71,100.68,53.99,36.200471,-82.450829
EVT0021604,BMW00894,WBA00000000000894,2026-03-17 00:15:00,19.56,30.87,31.75,19.892928,18.433327
EVT0038503,BMW00952,WBA00000000000952,2026-05-14 16:30:00,89.71,44.96,27.27,13.649559,-1.62936
EVT0042072,BMW00790,WBA00000000000790,2026-05-27 01:55:00,13.85,84.42,4.52,54.366376,108.659758
EVT0020899,BMW00439,WBA00000000000439,2026-03-14 13:30:00,67.47,9.26,22.34,50.356484,-114.105633
EVT0070462,BMW00879,WBA00000000000879,2026-09-02 15:45:00,40.15,133.83,21.3,25.595248,-99.40487
EVT0078715,BMW00394,WBA00000000000394,2026-10-01 07:30:00,89.16,66.39,31.89,36.396328,-78.286844
EVT0095386,BMW00287,WBA00000000000287,2026-11-28 04:45:00,24.13,63.98,42.59,25.817663,90.921598
EVT0060330,BMW00921,WBA00000000000921,2026-07-29 11:25:00,58.89,60.55,27.57,42.7438,-6.00724
EVT0028043,BMW00463,WBA00000000000463,2026-04-08 08:50:00,57.54,137.61,53.65,53.63544,-70.503797
EVT0033593,BMW00738,WBA00000000000738,2026-04-27 15:20:00,19.96,102.55,4.57,37.187165,55.355087
EVT0091907,BMW00288,WBA00000000000288,2026-11-16 02:50:00,29.12,134.59,16.91,54.798648,27.484032
EVT0037472,BMW00521,WBA00000000000521,2026-05-11 02:35:00,15.26,153.67,3.6,49.081076,149.238287
EVT0062124,BMW00004,WBA00000000000004,2026-08-04 16:55:00,41.33,100.04,35.47,34.289023,75.880616
EVT0073386,BMW00714,WBA00000000000714,2026-09-12 19:25:00,36.45,98.64,27.96,48.371089,45.594427
EVT0055986,BMW00884,WBA00000000000884,2026-07-14 09:25:00,52.05,77.2,-2.64,46.840207,81.629568
EVT0082107,BMW00593,WBA00000000000593,2026-10-13 02:10:00,34.54,38.65,47.86,34.911752,-94.039046
EVT0025150,BMW00571,WBA00000000000571,2026-03-29 07:45:00,76.62,51.07,-3.48,32.267657,112.025869
EVT0056571,BMW00569,WBA00000000000569,2026-07-16 10:10:00,78.44,15.72,-1.22,54.46443,78.075293
EVT0050923,BMW00252,WBA00000000000252,2026-06-26 19:30:00,96.91,72.02,1.02,23.560103,116.56043
EVT0049923,BMW00586,WBA00000000000586,2026-06-23 08:10:00,70.85,69.77,5.63,33.035012,5.694409
EVT0029369,BMW00583,WBA00000000000583,2026-04-12 23:20:00,78.51,153.83,47.49,41.770126,13.898568
EVT0048116,BMW00783,WBA00000000000783,2026-06-17 01:35:00,59.75,100.77,40.52,12.992171,-3.041258
EVT0020595,BMW00006,WBA00000000000006,2026-03-13 12:10:00,87.2,64.55,8.28,28.134971,80.052327
EVT0078368,BMW00115,WBA00000000000115,2026-09-30 02:35:00,98.63,54.25,32.0,24.627399,-62.715016
EVT0073501,BMW00751,WBA00000000000751,2026-09-13 05:00:00,24.21,43.52,-6.3,10.915207,97.629083
EVT0014637,BMW00597,WBA00000000000597,2026-02-20 19:40:00,92.25,155.74,21.65,22.977214,146.950789
EVT0075136,BMW00196,WBA00000000000196,2026-09-18 21:15:00,36.74,16.59,0.82,19.522977,-43.146126
EVT0020624,BMW00664,WBA00000000000664,2026-03-13 14:35:00,64.02,30.27,12.7,47.178962,-30.576652
EVT0070772,BMW00382,WBA00000000000382,2026-09-03 17:35:00,65.45,77.6,37.55,13.6198,-44.819334
EVT0019224,BMW00430,WBA00000000000430,2026-03-08 17:55:00,97.4,99.45,-6.84,49.606007,-86.408687
EVT0087512,BMW00979,WBA00000000000979,2026-10-31 20:35:00,79.87,72.62,32.72,23.125248,14.532534
EVT0043609,BMW00189,WBA00000000000189,2026-06-01 10:00:00,55.62,125.31,27.92,26.086212,-7.867353
EVT0071051,BMW00467,WBA00000000000467,2026-09-04 16:50:00,59.11,82.06,35.22,35.388554,145.865766
EVT0098423,BMW00211,WBA00000000000211,2026-12-08 17:50:00,93.46,6.11,21.09,24.935151,121.758448
EVT0061819,BMW00717,WBA00000000000717,2026-08-03 15:30:00,40.73,90.37,2.59,10.005476,38.268244
EVT0054455,BMW00948,WBA00000000000948,2026-07-09 01:50:00,99.39,67.08,27.1,51.296978,-69.40755
EVT0017643,BMW00433,WBA00000000000433,2026-03-03 06:10:00,97.3,129.37,7.48,17.794091,-4.782059
EVT0078055,BMW00208,WBA00000000000208,2026-09-29 00:30:00,19.63,77.35,3.33,28.506963,-22.969586
EVT0012834,BMW00536,WBA00000000000536,2026-02-14 13:25:00,94.75,111.66,8.22,22.604017,-56.317306
EVT0001573,BMW00031,WBA00000000000031,2026-01-06 11:00:00,38.52,108.9,53.39,34.105335,-113.905447
EVT0064166,BMW00282,WBA00000000000282,2026-08-11 19:05:00,80.5,38.62,-0.07,35.445576,40.596469
EVT0003416,BMW00062,WBA00000000000062,2026-01-12 20:35:00,43.9,62.93,39.18,40.781162,57.600292
EVT0067406,BMW00607,WBA00000000000607,2026-08-23 01:05:00,20.42,8.3,16.25,39.496551,-6.935869
EVT0099258,BMW00016,WBA00000000000016,2026-12-11 15:25:00,50.32,87.12,12.46,43.746172,-89.157236
EVT0015408,BMW00489,WBA00000000000489,2026-02-23 11:55:00,49.97,12.87,51.76,8.678997,-97.838628
EVT0036779,BMW00260,WBA00000000000260,2026-05-08 16:50:00,40.62,69.77,6.75,29.106953,-78.265541
EVT0005888,BMW00739,WBA00000000000739,2026-01-21 10:35:00,73.45,26.18,27.28,27.716138,45.187564
EVT0034648,BMW00829,WBA00000000000829,2026-05-01 07:15:00,65.13,122.45,-0.49,31.928004,93.340607
EVT0090771,BMW00569,WBA00000000000569,2026-11-12 04:10:00,74.29,81.33,-5.35,36.655634,52.732243
EVT0093526,BMW00259,WBA00000000000259,2026-11-21 17:45:00,65.63,14.82,27.09,35.215506,-61.681809
EVT0060415,BMW00559,WBA00000000000559,2026-07-29 18:30:00,94.96,77.89,8.59,17.290228,17.144004
EVT0013121,BMW00922,WBA00000000000922,2026-02-15 13:20:00,45.48,57.95,26.16,31.502818,-108.482048
EVT0064816,BMW00800,WBA00000000000800,2026-08-14 01:15:00,99.17,12.0,38.5,47.415241,-32.674194
EVT0031731,BMW00207,WBA00000000000207,2026-04-21 04:10:00,21.63,125.99,30.53,36.517115,67.989066
EVT0097137,BMW00832,WBA00000000000832,2026-12-04 06:40:00,30.85,148.87,7.25,15.495372,-50.189398
EVT0081013,BMW00862,WBA00000000000862,2026-10-09 07:00:00,53.3,145.29,35.09,15.069077,-14.685476
EVT0017601,BMW00237,WBA00000000000237,2026-03-03 02:40:00,55.8,87.07,47.7,46.632305,-38.869189
EVT0071109,BMW00130,WBA00000000000130,2026-09-04 21:40:00,79.11,31.22,37.82,17.768533,91.108194
EVT0015532,BMW00425,WBA00000000000425,2026-02-23 22:15:00,13.81,18.8,13.45,16.503063,-95.731562
EVT0003418,BMW00449,WBA00000000000449,2026-01-12 20:45:00,73.2,28.88,22.76,28.944072,111.634496
EVT0090627,BMW00674,WBA00000000000674,2026-11-11 16:10:00,30.97,17.3,-7.85,33.884292,112.076142
EVT0018644,BMW00326,WBA00000000000326,2026-03-06 17:35:00,92.95,98.74,-7.97,47.397518,-109.84813
EVT0074856,BMW00734,WBA00000000000734,2026-09-17 21:55:00,24.8,142.35,9.09,30.048508,122.072603
EVT0018271,BMW00736,WBA00000000000736,2026-03-05 10:30:00,84.62,53.4,-3.67,9.547259,5.48103
EVT0086277,BMW00068,WBA00000000000068,2026-10-27 13:40:00,72.26,61.7,15.55,54.822829,125.765864
EVT0095749,BMW00869,WBA00000000000869,2026-11-29 11:00:00,68.58,91.22,7.77,39.03737,124.990585
EVT0087600,BMW00275,WBA00000000000275,2026-11-01 03:55:00,91.81,48.85,38.77,36.138226,-90.396359
EVT0018875,BMW00869,WBA00000000000869,2026-03-07 12:50:00,48.08,92.31,-1.87,36.87387,-71.760025
EVT0021613,BMW00009,WBA00000000000009,2026-03-17 01:00:00,88.31,17.7,20.72,12.520832,125.232662
EVT0012941,BMW00476,WBA00000000000476,2026-02-14 22:20:00,28.07,15.01,-5.08,42.925367,-56.19022
EVT0070477,BMW00343,WBA00000000000343,2026-09-02 17:00:00,20.72,13.23,37.95,11.567846,117.727495
EVT0044229,BMW00977,WBA00000000000977,2026-06-03 13:40:00,50.83,128.5,14.03,44.900945,101.382419
EVT0099043,BMW00040,WBA00000000000040,2026-12-10 21:30:00,63.75,68.41,50.64,21.561665,-111.835629
EVT0025358,BMW00563,WBA00000000000563,2026-03-30 01:05:00,83.83,139.53,18.05,17.620772,140.604307
EVT0025190,BMW00574,WBA00000000000574,2026-03-29 11:05:00,20.76,159.57,53.93,13.30066,-64.599857
EVT0012714,BMW00883,WBA00000000000883,2026-02-14 03:25:00,62.15,63.21,25.74,20.732645,8.21384
EVT0002785,BMW00484,WBA00000000000484,2026-01-10 16:00:00,97.64,149.07,0.05,22.01849,-51.331244
EVT0052877,BMW00596,WBA00000000000596,2026-07-03 14:20:00,35.9,54.45,37.25,25.464401,137.65869
EVT0096395,BMW00828,WBA00000000000828,2026-12-01 16:50:00,50.19,150.75,27.34,29.816917,-21.415988
EVT0046304,BMW00797,WBA00000000000797,2026-06-10 18:35:00,92.44,119.58,28.15,39.214414,96.267448
EVT0066012,BMW00146,WBA00000000000146,2026-08-18 04:55:00,91.19,154.41,-5.78,9.806053,92.396557
EVT0095105,BMW00718,WBA00000000000718,2026-11-27 05:20:00,53.72,37.09,31.82,38.259188,-96.020258
EVT0078202,BMW00316,WBA00000000000316,2026-09-29 12:45:00,96.22,24.49,19.19,10.434047,-100.545831
EVT0033820,BMW00866,WBA00000000000866,2026-04-28 10:15:00,65.79,148.67,5.71,16.427817,-63.430303
EVT0095585,BMW00155,WBA00000000000155,2026-11-28 21:20:00,43.53,142.2,12.72,35.397145,-2.437592
EVT0015915,BMW00409,WBA00000000000409,2026-02-25 06:10:00,92.82,142.74,39.96,21.73223,-95.881198
EVT0058993,BMW00128,WBA00000000000128,2026-07-24 20:00:00,50.01,133.25,16.3,42.036007,25.15319
EVT0070704,BMW00552,WBA00000000000552,2026-09-03 11:55:00,19.8,10.85,44.06,16.885614,11.682815
EVT0077714,BMW00795,WBA00000000000795,2026-09-27 20:05:00,74.89,91.17,37.03,8.875333,-51.470815
EVT0059587,BMW00528,WBA00000000000528,2026-07-26 21:30:00,21.9,113.4,-2.44,10.293656,35.804164
EVT0072328,BMW00574,WBA00000000000574,2026-09-09 03:15:00,59.14,53.52,-5.55,29.124285,1.432225
EVT0098543,BMW00898,WBA00000000000898,2026-12-09 03:50:00,15.7,39.54,50.15,25.103612,-17.311144
EVT0060865,BMW00965,WBA00000000000965,2026-07-31 08:00:00,58.65,17.76,39.15,17.97041,122.335837
EVT0044129,BMW00021,WBA00000000000021,2026-06-03 05:20:00,82.58,90.04,38.33,43.564106,-105.744272
EVT0004868,BMW00251,WBA00000000000251,2026-01-17 21:35:00,83.84,0.85,52.86,27.511283,15.156324
EVT0032888,BMW00574,WBA00000000000574,2026-04-25 04:35:00,19.38,43.84,19.94,41.784352,53.988732
EVT0003466,BMW00733,WBA00000000000733,2026-01-13 00:45:00,24.39,16.77,51.63,37.988419,50.396979
EVT0056052,BMW00511,WBA00000000000511,2026-07-14 14:55:00,96.89,43.54,34.5,15.508244,52.308366
EVT0056524,BMW00772,WBA00000000000772,2026-07-16 06:15:00,18.67,64.23,33.59,46.398439,-18.88013
EVT0019556,BMW00665,WBA00000000000665,2026-03-09 21:35:00,16.94,43.57,-9.9,40.980392,-62.913665
EVT0049452,BMW00098,WBA00000000000098,2026-06-21 16:55:00,30.31,15.77,2.18,23.070123,-79.509218
EVT0078512,BMW00945,WBA00000000000945,2026-09-30 14:35:00,81.38,150.32,29.57,14.699123,145.577293
EVT0035468,BMW00613,WBA00000000000613,2026-05-04 03:35:00,90.6,53.19,22.84,23.870162,116.283471
EVT0014787,BMW00670,WBA00000000000670,2026-02-21 08:10:00,84.5,92.36,25.36,24.602357,-110.177449
EVT0094605,BMW00831,WBA00000000000831,2026-11-25 11:40:00,49.75,87.96,47.95,34.682076,38.08949
EVT0079085,BMW00969,WBA00000000000969,2026-10-02 14:20:00,28.84,30.85,36.29,38.873374,-18.085775
EVT0037383,BMW00838,WBA00000000000838,2026-05-10 19:10:00,93.14,56.58,37.1,22.093401,7.85529
EVT0001108,BMW00783,WBA00000000000783,2026-01-04 20:15:00,39.13,98.01,29.35,38.731397,22.551602
EVT0085537,BMW00221,WBA00000000000221,2026-10-25 00:00:00,76.03,155.84,1.64,19.952787,-43.810188
EVT0045289,BMW00414,WBA00000000000414,2026-06-07 06:00:00,66.63,82.79,29.09,8.020433,45.404692
EVT0033613,BMW00158,WBA00000000000158,2026-04-27 17:00:00,65.7,61.12,2.35,40.819815,-91.605895
EVT0057803,BMW00763,WBA00000000000763,2026-07-20 16:50:00,35.88,25.76,19.71,15.897727,101.002444
EVT0016576,BMW00138,WBA00000000000138,2026-02-27 13:15:00,21.03,127.28,35.1,39.690536,-65.38144
EVT0034507,BMW00171,WBA00000000000171,2026-04-30 19:30:00,52.09,103.79,38.67,33.727213,136.705455
EVT0044878,BMW00735,WBA00000000000735,2026-06-05 19:45:00,60.76,25.84,-3.55,51.631971,-60.628916
EVT0015682,BMW00773,WBA00000000000773,2026-02-24 10:45:00,47.3,148.08,15.68,18.225587,96.818191
EVT0077037,BMW00911,WBA00000000000911,2026-09-25 11:40:00,69.5,28.09,37.03,28.766613,119.539839
EVT0052852,BMW00337,WBA00000000000337,2026-07-03 12:15:00,16.98,113.29,19.05,40.399146,-81.573532
EVT0078109,BMW00956,WBA00000000000956,2026-09-29 05:00:00,42.02,35.99,7.17,32.486921,82.923842
EVT0036830,BMW00394,WBA00000000000394,2026-05-08 21:05:00,45.11,44.13,24.78,49.499454,28.926771
EVT0097874,BMW00881,WBA00000000000881,2026-12-06 20:05:00,82.34,75.74,-8.84,48.278467,108.892411
EVT0019865,BMW00101,WBA00000000000101,2026-03-10 23:20:00,63.73,127.98,41.89,11.814774,73.099982
EVT0078681,BMW00122,WBA00000000000122,2026-10-01 04:40:00,37.03,109.54,39.74,48.740133,-53.06071
EVT0019195,BMW00657,WBA00000000000657,2026-03-08 15:30:00,92.11,20.21,30.23,41.479096,6.220145
EVT0063696,BMW00788,WBA00000000000788,2026-08-10 03:55:00,69.76,152.84,42.21,39.551066,62.854541
EVT0069521,BMW00247,WBA00000000000247,2026-08-30 09:20:00,43.42,10.6,11.92,51.594679,-116.144526
EVT0009615,BMW00812,WBA00000000000812,2026-02-03 09:10:00,89.87,64.52,50.17,51.757596,-113.031799
EVT0065595,BMW00700,WBA00000000000700,2026-08-16 18:10:00,67.13,91.6,1.64,32.565619,-44.211628
EVT0003734,BMW00476,WBA00000000000476,2026-01-13 23:05:00,55.01,16.11,34.32,50.19823,93.146897
EVT0032083,BMW00242,WBA00000000000242,2026-04-22 09:30:00,11.77,116.15,20.7,42.349229,118.944309
EVT0082873,BMW00137,WBA00000000000137,2026-10-15 18:00:00,71.24,141.55,53.87,50.252161,80.2456
EVT0087592,BMW00560,WBA00000000000560,2026-11-01 03:15:00,18.25,7.71,2.98,36.71787,-78.473126
EVT0081767,BMW00348,WBA00000000000348,2026-10-11 21:50:00,27.84,15.94,40.96,53.123818,-18.10764
EVT0049043,BMW00640,WBA00000000000640,2026-06-20 06:50:00,64.67,65.47,52.75,20.54725,-24.629151
EVT0045905,BMW00401,WBA00000000000401,2026-06-09 09:20:00,10.72,3.88,8.85,54.109538,70.207575
EVT0052089,BMW00917,WBA00000000000917,2026-06-30 20:40:00,24.57,158.62,25.78,33.949653,-8.504974
EVT0093703,BMW00568,WBA00000000000568,2026-11-22 08:30:00,31.38,104.21,1.2,51.917541,131.672952
EVT0021257,BMW00125,WBA00000000000125,2026-03-15 19:20:00,43.06,58.45,-0.66,29.023991,61.563359
EVT0064012,BMW00506,WBA00000000000506,2026-08-11 06:15:00,29.01,133.91,42.97,28.074107,24.748363
EVT0081666,BMW00927,WBA00000000000927,2026-10-11 13:25:00,98.25,80.95,17.54,33.022472,58.662259
EVT0042306,BMW00861,WBA00000000000861,2026-05-27 21:25:00,91.07,82.67,17.13,53.639408,-109.943285
EVT0040742,BMW00949,WBA00000000000949,2026-05-22 11:05:00,77.77,141.83,22.18,22.517793,58.229465
EVT0089230,BMW00455,WBA00000000000455,2026-11-06 19:45:00,54.32,100.13,23.31,53.831254,-25.570549
EVT0066474,BMW00072,WBA00000000000072,2026-08-19 19:25:00,84.79,113.12,37.06,30.455151,-96.440683
EVT0008307,BMW00503,WBA00000000000503,2026-01-29 20:10:00,63.53,18.28,9.7,31.580824,60.920218
EVT0012785,BMW00704,WBA00000000000704,2026-02-14 09:20:00,91.58,18.21,1.29,39.449488,-30.634335
EVT0077679,BMW00557,WBA00000000000557,2026-09-27 17:10:00,96.53,128.58,43.27,31.836093,-81.244322
EVT0020671,BMW00635,WBA00000000000635,2026-03-13 18:30:00,58.22,130.39,13.14,53.435645,-6.517004
EVT0030397,BMW00823,WBA00000000000823,2026-04-16 13:00:00,17.63,114.52,11.05,34.333621,-67.08844
EVT0073421,BMW00649,WBA00000000000649,2026-09-12 22:20:00,25.46,64.19,42.87,22.406091,-106.48014
EVT0050748,BMW00493,WBA00000000000493,2026-06-26 04:55:00,31.17,56.54,8.45,45.960099,128.907864
EVT0086090,BMW00864,WBA00000000000864,2026-10-26 22:05:00,20.11,84.43,26.47,14.340776,42.070837
EVT0000706,BMW00816,WBA00000000000816,2026-01-03 10:45:00,21.9,98.37,16.03,43.509279,-17.802914
EVT0094122,BMW00043,WBA00000000000043,2026-11-23 19:25:00,93.05,103.07,9.95,36.475841,117.22326
EVT0094462,BMW00807,WBA00000000000807,2026-11-24 23:45:00,17.18,140.19,18.42,34.424081,-12.391969
EVT0058227,BMW00953,WBA00000000000953,2026-07-22 04:10:00,21.32,83.16,43.45,18.224997,-42.116186
EVT0031734,BMW00990,WBA00000000000990,2026-04-21 04:25:00,29.96,108.72,-0.53,49.430137,138.711292
EVT0011729,BMW00381,WBA00000000000381,2026-02-10 17:20:00,22.91,141.56,23.8,27.698192,-94.238819
EVT0037393,BMW00950,WBA00000000000950,2026-05-10 20:00:00,25.1,105.21,20.18,16.062537,-60.79543
EVT0006892,BMW00265,WBA00000000000265,2026-01-24 22:15:00,21.55,101.24,49.08,37.891774,-67.059598
EVT0036073,BMW00366,WBA00000000000366,2026-05-06 06:00:00,44.22,106.15,42.55,44.887876,14.619941
EVT0037626,BMW00864,WBA00000000000864,2026-05-11 15:25:00,31.84,91.0,15.04,34.139511,-83.709361
EVT0016014,BMW00584,WBA00000000000584,2026-02-25 14:25:00,95.04,37.87,48.08,54.066694,-97.142192
EVT0034265,BMW00182,WBA00000000000182,2026-04-29 23:20:00,13.69,52.86,13.26,37.497895,139.690102
EVT0072231,BMW00607,WBA00000000000607,2026-09-08 19:10:00,32.74,27.55,3.18,26.163269,-32.906957
EVT0068987,BMW00746,WBA00000000000746,2026-08-28 12:50:00,62.83,78.25,21.09,50.393633,134.603624
EVT0027371,BMW00363,WBA00000000000363,2026-04-06 00:50:00,78.57,61.64,-2.89,36.823622,110.052861
EVT0099955,BMW00057,WBA00000000000057,2026-12-14 01:30:00,61.71,80.01,37.89,24.483063,-35.182468
EVT0064736,BMW00831,WBA00000000000831,2026-08-13 18:35:00,76.83,45.71,48.05,37.073932,-44.736756
EVT0041543,BMW00727,WBA00000000000727,2026-05-25 05:50:00,97.63,42.54,-5.01,13.844843,99.358197
EVT0079817,BMW00201,WBA00000000000201,2026-10-05 03:20:00,99.08,37.98,8.79,8.138263,123.160803
EVT0003574,BMW00910,WBA00000000000910,2026-01-13 09:45:00,25.38,145.44,36.8,47.292671,-104.22532
EVT0070080,BMW00326,WBA00000000000326,2026-09-01 07:55:00,72.88,97.05,-9.85,12.199521,-110.371182
EVT0074411,BMW00989,WBA00000000000989,2026-09-16 08:50:00,82.73,40.84,6.89,50.131061,-85.107756
EVT0045970,BMW00025,WBA00000000000025,2026-06-09 14:45:00,78.37,124.97,40.88,32.051348,34.760626
EVT0009700,BMW00131,WBA00000000000131,2026-02-03 16:15:00,41.43,91.61,46.9,29.044202,-75.106521
EVT0062328,BMW00214,WBA00000000000214,2026-08-05 09:55:00,91.47,52.1,35.64,27.350895,54.297585
EVT0068336,BMW00418,WBA00000000000418,2026-08-26 06:35:00,48.58,123.06,49.96,11.701919,119.937248
EVT0005760,BMW00830,WBA00000000000830,2026-01-20 23:55:00,79.47,128.89,-4.89,25.861678,63.064062
EVT0083312,BMW00194,WBA00000000000194,2026-10-17 06:35:00,11.7,46.01,34.92,19.829723,51.017782
EVT0087634,BMW00894,WBA00000000000894,2026-11-01 06:45:00,53.5,18.11,-1.16,40.453505,10.86764
EVT0081263,BMW00065,WBA00000000000065,2026-10-10 03:50:00,28.57,132.78,42.67,31.611223,26.009172
EVT0008654,BMW00015,WBA00000000000015,2026-01-31 01:05:00,46.94,145.71,22.01,25.390772,115.907987
EVT0003449,BMW00825,WBA00000000000825,2026-01-12 23:20:00,59.45,78.66,30.15,36.550251,-66.912468
EVT0090051,BMW00630,WBA00000000000630,2026-11-09 16:10:00,83.41,131.5,-0.02,22.72139,73.202837
EVT0071083,BMW00275,WBA00000000000275,2026-09-04 19:30:00,65.91,104.84,53.16,10.497773,72.825199
EVT0086398,BMW00373,WBA00000000000373,2026-10-27 23:45:00,53.5,34.56,52.85,31.772693,-78.952079
EVT0015752,BMW00776,WBA00000000000776,2026-02-24 16:35:00,53.68,148.88,-7.26,42.460386,49.152786
EVT0081086,BMW00733,WBA00000000000733,2026-10-09 13:05:00,75.32,125.73,52.97,41.049008,90.160059
EVT0065886,BMW00933,WBA00000000000933,2026-08-17 18:25:00,75.3,94.86,33.89,23.064289,122.399194
EVT0068681,BMW00435,WBA00000000000435,2026-08-27 11:20:00,57.56,103.02,17.76,34.501375,-62.237159
EVT0073582,BMW00895,WBA00000000000895,2026-09-13 11:45:00,42.7,105.73,29.33,29.255297,78.525208
EVT0023304,BMW00447,WBA00000000000447,2026-03-22 21:55:00,61.02,107.11,31.58,39.779101,125.884522
EVT0043638,BMW00713,WBA00000000000713,2026-06-01 12:25:00,45.8,141.04,44.54,50.374603,55.482013
EVT0086622,BMW00478,WBA00000000000478,2026-10-28 18:25:00,90.33,104.4,4.01,30.310899,-118.415459
EVT0061225,BMW00119,WBA00000000000119,2026-08-01 14:00:00,19.03,118.3,51.48,43.090837,96.134916
EVT0007235,BMW00667,WBA00000000000667,2026-01-26 02:50:00,99.87,110.98,40.75,54.081799,-103.646417
EVT0091569,BMW00999,WBA00000000000999,2026-11-14 22:40:00,84.42,88.44,54.78,38.220609,100.85524
EVT0002855,BMW00748,WBA00000000000748,2026-01-10 21:50:00,42.53,33.47,47.88,15.784559,-53.176595
EVT0050665,BMW00258,WBA00000000000258,2026-06-25 22:00:00,68.32,122.84,53.22,53.298465,10.86906
EVT0018965,BMW00597,WBA00000000000597,2026-03-07 20:20:00,26.93,46.35,-3.17,36.37512,15.99301
EVT0013635,BMW00809,WBA00000000000809,2026-02-17 08:10:00,93.04,78.31,40.87,17.307329,129.673566
EVT0020282,BMW00570,WBA00000000000570,2026-03-12 10:05:00,12.85,124.92,45.46,25.051113,75.856844
EVT0072651,BMW00593,WBA00000000000593,2026-09-10 06:10:00,12.29,51.0,3.81,43.279123,119.685526
EVT0031996,BMW00642,WBA00000000000642,2026-04-22 02:15:00,33.81,50.25,1.34,49.678057,-76.479239
EVT0076005,BMW00660,WBA00000000000660,2026-09-21 21:40:00,70.43,150.28,38.8,20.266059,96.086064
EVT0036680,BMW00955,WBA00000000000955,2026-05-08 08:35:00,54.47,32.96,25.63,40.585716,1.933789
EVT0033566,BMW00754,WBA00000000000754,2026-04-27 13:05:00,97.19,95.29,31.21,34.705755,-101.94377
EVT0089002,BMW00227,WBA00000000000227,2026-11-06 00:45:00,72.53,120.41,-9.5,31.47289,122.60597
EVT0040967,BMW00932,WBA00000000000932,2026-05-23 05:50:00,15.05,24.74,39.97,38.654776,111.235168
EVT0050075,BMW00100,WBA00000000000100,2026-06-23 20:50:00,72.47,75.29,28.35,21.668389,-98.581919
EVT0097040,BMW00025,WBA00000000000025,2026-12-03 22:35:00,49.85,63.38,31.07,11.312479,42.295826
EVT0059084,BMW00820,WBA00000000000820,2026-07-25 03:35:00,99.93,140.53,14.2,52.10054,26.417328
EVT0027554,BMW00149,WBA00000000000149,2026-04-06 16:05:00,39.34,87.79,50.25,24.321349,89.076701
EVT0055409,BMW00197,WBA00000000000197,2026-07-12 09:20:00,64.32,88.78,47.1,45.352654,-46.848844
EVT0047733,BMW00861,WBA00000000000861,2026-06-15 17:40:00,74.54,85.22,-3.62,24.616317,-71.945377
EVT0027358,BMW00286,WBA00000000000286,2026-04-05 23:45:00,76.76,137.4,10.31,47.27305,54.165131
EVT0044070,BMW00614,WBA00000000000614,2026-06-03 00:25:00,58.1,69.38,12.03,24.249301,-29.877856
EVT0070135,BMW00731,WBA00000000000731,2026-09-01 12:30:00,43.26,154.53,17.62,31.111197,49.477838
EVT0021065,BMW00720,WBA00000000000720,2026-03-15 03:20:00,25.12,115.56,52.56,23.369273,116.051212
EVT0041227,BMW00871,WBA00000000000871,2026-05-24 03:30:00,92.62,99.32,49.22,10.144786,53.168089
EVT0067787,BMW00408,WBA00000000000408,2026-08-24 08:50:00,42.45,123.43,27.08,23.779522,109.995293
EVT0077206,BMW00709,WBA00000000000709,2026-09-26 01:45:00,25.72,18.44,0.96,26.360916,95.678031
EVT0087764,BMW00487,WBA00000000000487,2026-11-01 17:35:00,72.07,36.59,35.83,46.430849,-52.561289
EVT0011100,BMW00693,WBA00000000000693,2026-02-08 12:55:00,18.39,5.51,16.8,51.38611,-113.103147
EVT0099001,BMW00736,WBA00000000000736,2026-12-10 18:00:00,59.6,34.56,22.46,39.248904,-11.743783
EVT0049252,BMW00432,WBA00000000000432,2026-06-21 00:15:00,27.46,93.79,36.41,52.145009,11.450406
EVT0000685,BMW00544,WBA00000000000544,2026-01-03 09:00:00,68.87,98.87,39.04,42.013447,-15.074581
EVT0048910,BMW00346,WBA00000000000346,2026-06-19 19:45:00,80.44,37.33,3.43,49.153869,-73.381695
EVT0041457,BMW00893,WBA00000000000893,2026-05-24 22:40:00,16.04,7.63,-9.32,44.739527,0.963202
EVT0031304,BMW00143,WBA00000000000143,2026-04-19 16:35:00,23.95,6.13,33.8,44.071114,-84.431446
EVT0007277,BMW00869,WBA00000000000869,2026-01-26 06:20:00,66.93,50.73,31.3,42.691204,-103.71884
EVT0049671,BMW00380,WBA00000000000380,2026-06-22 11:10:00,55.13,58.85,-7.34,19.198608,9.278372
EVT0080911,BMW00373,WBA00000000000373,2026-10-08 22:30:00,24.83,142.01,5.23,24.619164,-74.105288
EVT0003581,BMW00198,WBA00000000000198,2026-01-13 10:20:00,50.47,116.26,24.35,17.596904,17.107871
EVT0004972,BMW00333,WBA00000000000333,2026-01-18 06:15:00,49.98,153.79,32.45,45.483478,-109.935035
EVT0084071,BMW00189,WBA00000000000189,2026-10-19 21:50:00,60.84,75.78,45.76,34.603703,-57.483659
EVT0063278,BMW00489,WBA00000000000489,2026-08-08 17:05:00,71.97,129.91,24.0,35.283345,-3.912872
EVT0008731,BMW00305,WBA00000000000305,2026-01-31 07:30:00,56.51,127.96,41.49,8.582604,95.339977
EVT0041592,BMW00760,WBA00000000000760,2026-05-25 09:55:00,74.5,138.42,-7.14,17.671333,8.068642
EVT0024501,BMW00608,WBA00000000000608,2026-03-27 01:40:00,63.83,97.58,51.29,12.112766,40.28389
EVT0083481,BMW00922,WBA00000000000922,2026-10-17 20:40:00,36.59,72.68,-8.53,37.045287,-38.587694
EVT0040153,BMW00343,WBA00000000000343,2026-05-20 10:00:00,84.35,81.58,-7.42,16.092253,16.691292
EVT0064974,BMW00587,WBA00000000000587,2026-08-14 14:25:00,10.63,124.27,-5.88,33.705525,69.288631
EVT0092642,BMW00116,WBA00000000000116,2026-11-18 16:05:00,24.93,147.05,45.56,51.906881,-4.335893
EVT0077945,BMW00280,WBA00000000000280,2026-09-28 15:20:00,42.06,132.32,-3.09,8.362721,-108.705666
EVT0033365,BMW00049,WBA00000000000049,2026-04-26 20:20:00,64.19,77.17,31.28,54.418978,5.349527
EVT0057092,BMW00152,WBA00000000000152,2026-07-18 05:35:00,21.26,142.98,40.51,35.511432,-42.251619
EVT0008896,BMW00715,WBA00000000000715,2026-01-31 21:15:00,67.98,156.77,31.58,44.072269,50.748738
EVT0058407,BMW00036,WBA00000000000036,2026-07-22 19:10:00,20.87,13.98,3.94,53.01614,90.836416
EVT0041611,BMW00865,WBA00000000000865,2026-05-25 11:30:00,77.07,100.97,6.99,18.492464,4.171291
EVT0090880,BMW00465,WBA00000000000465,2026-11-12 13:15:00,39.89,35.16,-3.22,28.327118,17.695096
EVT0082918,BMW00488,WBA00000000000488,2026-10-15 21:45:00,45.46,10.08,44.4,46.882892,135.96725
EVT0033410,BMW00389,WBA00000000000389,2026-04-27 00:05:00,98.78,59.0,49.46,37.344542,-44.045103
EVT0040412,BMW00922,WBA00000000000922,2026-05-21 07:35:00,55.13,62.46,16.95,18.72255,-17.732621
EVT0071048,BMW00003,WBA00000000000003,2026-09-04 16:35:00,58.56,54.53,34.89,44.007509,-46.945239
EVT0068676,BMW00181,WBA00000000000181,2026-08-27 10:55:00,57.36,34.48,41.96,35.780245,-67.803151
EVT0004818,BMW00683,WBA00000000000683,2026-01-17 17:25:00,13.94,8.0,13.39,15.390438,-37.764424
EVT0061257,BMW00511,WBA00000000000511,2026-08-01 16:40:00,77.76,102.41,35.2,24.050463,-32.668072
EVT0035415,BMW00177,WBA00000000000177,2026-05-03 23:10:00,42.03,137.41,41.11,39.968101,-2.430688
EVT0028383,BMW00678,WBA00000000000678,2026-04-09 13:10:00,20.07,54.41,9.77,25.489507,12.169525
EVT0017811,BMW00933,WBA00000000000933,2026-03-03 20:10:00,73.57,8.47,31.96,38.282796,139.016718
EVT0035888,BMW00547,WBA00000000000547,2026-05-05 14:35:00,74.05,37.89,49.83,45.134228,-42.182686
EVT0006113,BMW00871,WBA00000000000871,2026-01-22 05:20:00,90.87,19.78,16.84,22.306534,40.330095
EVT0080771,BMW00277,WBA00000000000277,2026-10-08 10:50:00,77.1,88.47,8.18,48.584298,90.181648
EVT0097638,BMW00153,WBA00000000000153,2026-12-06 00:25:00,15.84,55.21,-5.59,46.609189,74.620434
EVT0014793,BMW00541,WBA00000000000541,2026-02-21 08:40:00,57.03,80.75,24.86,30.698446,86.836669
EVT0060954,BMW00760,WBA00000000000760,2026-07-31 15:25:00,31.26,72.67,50.45,24.5178,50.025742
EVT0002179,BMW00389,WBA00000000000389,2026-01-08 13:30:00,90.66,156.03,1.27,30.412038,52.373437
EVT0040569,BMW00893,WBA00000000000893,2026-05-21 20:40:00,19.69,2.81,48.09,46.920924,-116.008051
EVT0065562,BMW00404,WBA00000000000404,2026-08-16 15:25:00,11.67,101.19,54.08,16.778461,88.515889
EVT0015901,BMW00532,WBA00000000000532,2026-02-25 05:00:00,11.26,5.58,28.63,23.36339,102.171276
EVT0026675,BMW00146,WBA00000000000146,2026-04-03 14:50:00,20.0,113.95,32.87,34.111562,40.408822
EVT0098269,BMW00370,WBA00000000000370,2026-12-08 05:00:00,23.0,125.36,38.36,42.383972,-35.70046
EVT0073243,BMW00006,WBA00000000000006,2026-09-12 07:30:00,19.46,24.89,-2.31,44.84428,-62.39058
EVT0018473,BMW00007,WBA00000000000007,2026-03-06 03:20:00,83.52,105.02,17.53,34.630478,-61.314597
EVT0028465,BMW00285,WBA00000000000285,2026-04-09 20:00:00,21.67,3.33,44.43,10.343126,87.518823
EVT0023955,BMW00473,WBA00000000000473,2026-03-25 04:10:00,90.27,93.72,23.6,18.371751,-68.997608
EVT0012805,BMW00177,WBA00000000000177,2026-02-14 11:00:00,59.23,144.71,38.87,16.318467,147.679564
EVT0085116,BMW00532,WBA00000000000532,2026-10-23 12:55:00,22.81,28.03,52.51,9.543387,-16.852945
EVT0043613,BMW00375,WBA00000000000375,2026-06-01 10:20:00,79.58,62.05,18.91,52.463116,77.737562
EVT0003336,BMW00405,WBA00000000000405,2026-01-12 13:55:00,23.58,98.87,32.65,20.569654,18.36143
EVT0056561,BMW00402,WBA00000000000402,2026-07-16 09:20:00,84.53,70.96,10.56,36.472121,60.807102
EVT0099487,BMW00896,WBA00000000000896,2026-12-12 10:30:00,41.75,81.87,17.19,46.199949,-69.885161
EVT0018497,BMW00599,WBA00000000000599,2026-03-06 05:20:00,93.77,130.98,16.19,30.711987,-48.818405
EVT0050639,BMW00022,WBA00000000000022,2026-06-25 19:50:00,17.76,136.98,-7.59,12.683989,134.325736
EVT0056722,BMW00036,WBA00000000000036,2026-07-16 22:45:00,21.83,47.1,45.0,44.456979,113.904008
EVT0050266,BMW00592,WBA00000000000592,2026-06-24 12:45:00,42.5,123.91,35.89,15.548146,-82.466611
EVT0023449,BMW00038,WBA00000000000038,2026-03-23 10:00:00,84.59,140.08,47.73,37.646597,60.663734
EVT0041821,BMW00064,WBA00000000000064,2026-05-26 05:00:00,69.81,35.3,30.17,46.197476,-3.579495
EVT0067652,BMW00293,WBA00000000000293,2026-08-23 21:35:00,46.71,2.86,32.36,18.298643,43.060182
EVT0058486,BMW00257,WBA00000000000257,2026-07-23 01:45:00,65.66,11.22,17.3,19.405692,75.967867
EVT0066783,BMW00843,WBA00000000000843,2026-08-20 21:10:00,82.14,8.99,14.72,23.035913,48.100029
EVT0017319,BMW00313,WBA00000000000313,2026-03-02 03:10:00,92.25,141.67,-7.96,33.413814,72.232468
EVT0054428,BMW00513,WBA00000000000513,2026-07-08 23:35:00,56.88,1.25,47.35,24.499291,119.911312
EVT0007267,BMW00294,WBA00000000000294,2026-01-26 05:30:00,45.59,124.15,36.33,42.709219,-114.398625
EVT0051257,BMW00317,WBA00000000000317,2026-06-27 23:20:00,90.92,51.06,17.35,10.847471,70.633092
EVT0073604,BMW00885,WBA00000000000885,2026-09-13 13:35:00,89.9,11.2,-3.9,54.132363,-43.157621
EVT0087107,BMW00287,WBA00000000000287,2026-10-30 10:50:00,67.75,100.81,4.24,24.324958,48.093155
EVT0095552,BMW00129,WBA00000000000129,2026-11-28 18:35:00,20.22,100.23,9.07,13.555625,58.081623
EVT0039238,BMW00827,WBA00000000000827,2026-05-17 05:45:00,64.81,126.27,14.61,45.372834,32.91341
EVT0098379,BMW00671,WBA00000000000671,2026-12-08 14:10:00,10.18,132.17,-6.38,17.466609,-109.471773
EVT0032528,BMW00301,WBA00000000000301,2026-04-23 22:35:00,56.46,153.05,-9.83,25.429004,43.125054
EVT0042871,BMW00032,WBA00000000000032,2026-05-29 20:30:00,99.43,12.1,32.43,19.409889,43.249407
EVT0036431,BMW00460,WBA00000000000460,2026-05-07 11:50:00,97.54,58.15,3.34,35.44261,-3.18494
EVT0001934,BMW00620,WBA00000000000620,2026-01-07 17:05:00,90.75,31.49,28.45,47.142968,-79.138549
EVT0049897,BMW00401,WBA00000000000401,2026-06-23 06:00:00,93.37,67.26,49.26,12.764493,-48.626033
EVT0026948,BMW00456,WBA00000000000456,2026-04-04 13:35:00,55.85,154.17,17.18,54.136582,43.381402
EVT0079976,BMW00265,WBA00000000000265,2026-10-05 16:35:00,77.3,155.18,21.39,43.735449,-19.495532
EVT0008519,BMW00898,WBA00000000000898,2026-01-30 13:50:00,92.94,114.16,14.78,54.768828,-27.994551
EVT0025736,BMW00568,WBA00000000000568,2026-03-31 08:35:00,60.28,27.2,51.18,32.890639,84.111632
EVT0069861,BMW00462,WBA00000000000462,2026-08-31 13:40:00,17.67,11.49,24.76,20.372255,59.903664
EVT0082312,BMW00580,WBA00000000000580,2026-10-13 19:15:00,80.59,154.15,38.01,29.697604,32.333919
EVT0078152,BMW00273,WBA00000000000273,2026-09-29 08:35:00,22.99,157.99,53.64,52.613557,73.315806
EVT0050674,BMW00959,WBA00000000000959,2026-06-25 22:45:00,47.87,146.58,44.81,31.570284,107.383184
EVT0027016,BMW00245,WBA00000000000245,2026-04-04 19:15:00,71.27,56.46,42.2,26.717389,72.548905
EVT0038570,BMW00804,WBA00000000000804,2026-05-14 22:05:00,52.4,49.29,53.99,49.066199,-68.216278
EVT0058302,BMW00212,WBA00000000000212,2026-07-22 10:25:00,81.12,1.93,38.86,31.23213,22.386072
EVT0080166,BMW00048,WBA00000000000048,2026-10-06 08:25:00,56.3,137.04,17.44,44.055254,136.764319
EVT0061846,BMW00342,WBA00000000000342,2026-08-03 17:45:00,28.75,39.57,42.82,33.564288,56.810487
EVT0065473,BMW00796,WBA00000000000796,2026-08-16 08:00:00,45.42,25.79,12.45,20.410286,132.669134
EVT0016148,BMW00401,WBA00000000000401,2026-02-26 01:35:00,29.98,113.11,22.83,12.817998,96.082582
EVT0037353,BMW00262,WBA00000000000262,2026-05-10 16:40:00,49.3,147.9,31.76,41.091221,87.979009
EVT0019227,BMW00289,WBA00000000000289,2026-03-08 18:10:00,23.49,95.46,-9.17,28.036612,-36.865846
EVT0077044,BMW00553,WBA00000000000553,2026-09-25 12:15:00,21.61,53.55,-5.08,39.246808,10.271589
EVT0042198,BMW00850,WBA00000000000850,2026-05-27 12:25:00,54.84,83.01,39.02,22.095037,50.515436
EVT0054988,BMW00381,WBA00000000000381,2026-07-10 22:15:00,47.55,123.57,4.04,49.445241,-63.114863
EVT0022218,BMW00396,WBA00000000000396,2026-03-19 03:25:00,52.11,81.37,22.65,54.74073,-76.052713
EVT0004758,BMW00388,WBA00000000000388,2026-01-17 12:25:00,14.25,114.35,32.88,11.139827,-30.967568
EVT0021020,BMW00400,WBA00000000000400,2026-03-14 23:35:00,67.78,113.04,12.03,46.040766,-52.924193
EVT0018105,BMW00436,WBA00000000000436,2026-03-04 20:40:00,65.38,28.85,41.3,13.12576,-37.975985
EVT0030991,BMW00232,WBA00000000000232,2026-04-18 14:30:00,79.57,20.07,11.07,44.366332,60.203331
EVT0038190,BMW00476,WBA00000000000476,2026-05-13 14:25:00,68.84,70.93,7.75,16.585943,57.887845
EVT0052401,BMW00324,WBA00000000000324,2026-07-01 22:40:00,83.03,154.51,39.64,29.873329,81.530431
EVT0084143,BMW00811,WBA00000000000811,2026-10-20 03:50:00,34.74,76.73,12.36,52.927199,13.644442
EVT0007157,BMW00889,WBA00000000000889,2026-01-25 20:20:00,33.83,103.04,6.27,42.258688,-111.416974
EVT0077535,BMW00730,WBA00000000000730,2026-09-27 05:10:00,21.52,100.79,11.24,49.839569,149.143707
EVT0068461,BMW00772,WBA00000000000772,2026-08-26 17:00:00,33.68,83.37,53.04,30.171974,89.238134
EVT0051081,BMW00188,WBA00000000000188,2026-06-27 08:40:00,64.48,95.02,1.46,10.677381,111.459664
EVT0090027,BMW00025,WBA00000000000025,2026-11-09 14:10:00,30.85,137.41,45.93,22.869691,129.098754
EVT0069116,BMW00982,WBA00000000000982,2026-08-28 23:35:00,82.32,58.03,54.64,9.80099,-114.691601
EVT0063012,BMW00663,WBA00000000000663,2026-08-07 18:55:00,49.21,27.74,35.95,33.601522,-45.378323
EVT0091403,BMW00198,WBA00000000000198,2026-11-14 08:50:00,44.82,136.91,49.76,16.085545,80.547947
EVT0006669,BMW00622,WBA00000000000622,2026-01-24 03:40:00,90.48,109.72,4.45,43.929733,57.673685
EVT0074610,BMW00577,WBA00000000000577,2026-09-17 01:25:00,71.14,137.57,39.93,32.794104,-107.226305
EVT0067748,BMW00125,WBA00000000000125,2026-08-24 05:35:00,76.24,135.48,15.49,22.352347,7.394547
EVT0032266,BMW00712,WBA00000000000712,2026-04-23 00:45:00,85.42,22.87,-3.57,34.776144,41.171607
EVT0033592,BMW00280,WBA00000000000280,2026-04-27 15:15:00,44.87,17.33,17.84,34.790551,0.618386
EVT0020568,BMW00505,WBA00000000000505,2026-03-13 09:55:00,15.58,46.96,22.32,47.131102,-69.483726
EVT0053354,BMW00198,WBA00000000000198,2026-07-05 06:05:00,85.3,64.08,6.02,38.417297,-78.35698
EVT0089374,BMW00834,WBA00000000000834,2026-11-07 07:45:00,88.04,142.78,19.47,44.643734,33.186715
EVT0095933,BMW00542,WBA00000000000542,2026-11-30 02:20:00,27.33,83.69,43.76,45.914733,10.354675
EVT0004096,BMW00253,WBA00000000000253,2026-01-15 05:15:00,88.84,62.52,15.78,21.578332,-10.264636
EVT0087943,BMW00761,WBA00000000000761,2026-11-02 08:30:00,15.42,117.2,-8.22,14.501425,-26.576475
EVT0059231,BMW00068,WBA00000000000068,2026-07-25 15:50:00,42.65,32.02,46.61,22.664829,48.22744
EVT0036747,BMW00686,WBA00000000000686,2026-05-08 14:10:00,21.32,52.82,22.26,41.122617,122.121415
EVT0044754,BMW00088,WBA00000000000088,2026-06-05 09:25:00,40.37,43.44,3.58,14.737101,-103.763338
EVT0018242,BMW00787,WBA00000000000787,2026-03-05 08:05:00,94.55,80.08,-0.13,30.674932,52.018843
EVT0022605,BMW00353,WBA00000000000353,2026-03-20 11:40:00,80.62,100.74,35.12,26.623447,138.694767
EVT0078425,BMW00896,WBA00000000000896,2026-09-30 07:20:00,63.77,134.32,25.59,14.051779,95.011268
EVT0008696,BMW00418,WBA00000000000418,2026-01-31 04:35:00,77.91,97.41,25.25,48.610394,-118.005876
EVT0028932,BMW00734,WBA00000000000734,2026-04-11 10:55:00,49.1,68.47,41.69,43.944559,89.179229
EVT0007165,BMW00118,WBA00000000000118,2026-01-25 21:00:00,82.35,146.49,-3.44,54.255081,-118.11598
EVT0059665,BMW00113,WBA00000000000113,2026-07-27 04:00:00,55.67,77.22,2.18,54.835267,96.826317
EVT0006057,BMW00132,WBA00000000000132,2026-01-22 00:40:00,74.45,114.55,45.65,31.862675,138.388691
EVT0025423,BMW00235,WBA00000000000235,2026-03-30 06:30:00,28.24,119.97,42.52,43.433571,65.781992
EVT0043981,BMW00936,WBA00000000000936,2026-06-02 17:00:00,51.25,150.61,35.09,18.098745,35.261264
EVT0025167,BMW00385,WBA00000000000385,2026-03-29 09:10:00,45.52,134.07,54.93,53.181582,51.182431
EVT0017650,BMW00150,WBA00000000000150,2026-03-03 06:45:00,46.27,126.56,-2.01,44.27094,-117.926461
EVT0095504,BMW00689,WBA00000000000689,2026-11-28 14:35:00,77.72,17.36,19.72,14.372244,-55.488877
EVT0090522,BMW00260,WBA00000000000260,2026-11-11 07:25:00,55.82,4.61,26.7,39.11116,-57.917712
EVT0054809,BMW00199,WBA00000000000199,2026-07-10 07:20:00,93.26,9.79,13.89,41.458686,139.574953
EVT0049427,BMW00847,WBA00000000000847,2026-06-21 14:50:00,35.11,30.85,46.73,39.844734,19.849138
EVT0054865,BMW00316,WBA00000000000316,2026-07-10 12:00:00,42.43,51.39,41.51,44.601397,-111.916765
EVT0029104,BMW00279,WBA00000000000279,2026-04-12 01:15:00,27.77,37.68,48.3,8.835794,132.392161
EVT0082007,BMW00569,WBA00000000000569,2026-10-12 17:50:00,21.83,56.56,2.77,22.897645,95.13367
EVT0054853,BMW00009,WBA00000000000009,2026-07-10 11:00:00,14.79,139.64,-9.96,42.693325,126.182183
EVT0048171,BMW00668,WBA00000000000668,2026-06-17 06:10:00,53.19,63.73,30.63,52.996569,29.845036
EVT0000826,BMW00534,WBA00000000000534,2026-01-03 20:45:00,81.69,47.89,8.97,39.779619,-96.102522
EVT0042185,BMW00344,WBA00000000000344,2026-05-27 11:20:00,79.89,144.71,45.18,27.832354,135.086085
EVT0092801,BMW00483,WBA00000000000483,2026-11-19 05:20:00,59.87,91.77,9.8,18.319139,-36.409988
EVT0090703,BMW00735,WBA00000000000735,2026-11-11 22:30:00,65.02,50.23,35.71,42.385024,-68.960874
EVT0068432,BMW00566,WBA00000000000566,2026-08-26 14:35:00,84.01,56.42,40.49,44.63923,109.797272
EVT0021008,BMW00483,WBA00000000000483,2026-03-14 22:35:00,38.37,7.87,41.35,41.916466,-113.524924
EVT0044597,BMW00112,WBA00000000000112,2026-06-04 20:20:00,35.18,35.56,15.98,32.677312,-108.71022
EVT0057195,BMW00565,WBA00000000000565,2026-07-18 14:10:00,77.37,152.08,16.7,53.737135,94.774164
EVT0005026,BMW00205,WBA00000000000205,2026-01-18 10:45:00,31.92,0.69,7.23,33.748495,65.34481
EVT0077943,BMW00743,WBA00000000000743,2026-09-28 15:10:00,63.42,7.73,20.89,24.148672,72.416743
EVT0089621,BMW00507,WBA00000000000507,2026-11-08 04:20:00,14.7,93.7,11.16,22.091222,120.114424
EVT0057860,BMW00737,WBA00000000000737,2026-07-20 21:35:00,96.38,126.58,8.18,21.441139,68.995653
EVT0092815,BMW00945,WBA00000000000945,2026-11-19 06:30:00,16.19,19.17,29.15,44.53556,-80.821337
EVT0030446,BMW00701,WBA00000000000701,2026-04-16 17:05:00,58.19,60.88,9.56,20.218119,102.591002
EVT0026899,BMW00426,WBA00000000000426,2026-04-04 09:30:00,62.4,97.82,26.96,31.831025,-28.615496
EVT0071933,BMW00122,WBA00000000000122,2026-09-07 18:20:00,43.3,26.8,5.01,39.455724,-51.428292
EVT0091739,BMW00512,WBA00000000000512,2026-11-15 12:50:00,39.74,77.76,41.59,54.972945,9.369539
EVT0000172,BMW00446,WBA00000000000446,2026-01-01 14:15:00,32.95,105.98,-7.43,37.376427,-101.530372
EVT0075855,BMW00781,WBA00000000000781,2026-09-21 09:10:00,77.22,135.6,24.78,19.40434,34.07401
EVT0049838,BMW00138,WBA00000000000138,2026-06-23 01:05:00,42.43,144.59,31.33,33.042118,125.437761
EVT0020176,BMW00471,WBA00000000000471,2026-03-12 01:15:00,22.46,40.75,46.06,54.641643,83.20958
EVT0087432,BMW00281,WBA00000000000281,2026-10-31 13:55:00,31.88,154.17,-7.82,46.163703,-60.406577
EVT0020930,BMW00489,WBA00000000000489,2026-03-14 16:05:00,21.68,106.02,39.68,15.191991,-22.166094
EVT0064527,BMW00124,WBA00000000000124,2026-08-13 01:10:00,26.95,26.75,31.01,22.499343,5.279598
EVT0087655,BMW00426,WBA00000000000426,2026-11-01 08:30:00,61.44,78.02,18.57,49.020203,-108.534399
EVT0007518,BMW00483,WBA00000000000483,2026-01-27 02:25:00,69.24,35.64,32.43,45.891365,-90.510186
EVT0041728,BMW00923,WBA00000000000923,2026-05-25 21:15:00,81.35,5.07,4.25,29.874167,-12.040452
EVT0073632,BMW00501,WBA00000000000501,2026-09-13 15:55:00,79.86,136.46,-9.31,43.647909,-84.39272
EVT0023631,BMW00444,WBA00000000000444,2026-03-24 01:10:00,50.81,146.63,13.21,9.626992,49.606746
EVT0070845,BMW00699,WBA00000000000699,2026-09-03 23:40:00,17.11,110.61,35.77,48.527959,143.040779
EVT0069498,BMW00261,WBA00000000000261,2026-08-30 07:25:00,66.72,78.08,4.01,32.098425,-111.77238
EVT0036906,BMW00956,WBA00000000000956,2026-05-09 03:25:00,69.4,151.7,13.08,31.443651,-13.645824
EVT0081073,BMW00581,WBA00000000000581,2026-10-09 12:00:00,86.86,118.42,25.18,31.51395,125.523098
EVT0071487,BMW00816,WBA00000000000816,2026-09-06 05:10:00,55.81,58.44,27.25,37.559876,-102.928547
EVT0090961,BMW00852,WBA00000000000852,2026-11-12 20:00:00,46.6,91.65,3.74,11.758691,-83.580399
EVT0065380,BMW00301,WBA00000000000301,2026-08-16 00:15:00,42.16,4.09,43.44,10.847322,134.238733
EVT0030254,BMW00413,WBA00000000000413,2026-04-16 01:05:00,38.77,23.67,9.78,22.087086,18.481682
EVT0024276,BMW00558,WBA00000000000558,2026-03-26 06:55:00,57.65,0.75,36.32,51.50174,79.133231
EVT0015945,BMW00013,WBA00000000000013,2026-02-25 08:40:00,10.93,98.05,48.16,26.340334,22.230099
EVT0021160,BMW00994,WBA00000000000994,2026-03-15 11:15:00,55.11,51.72,8.72,25.602367,-28.913293
EVT0078448,BMW00868,WBA00000000000868,2026-09-30 09:15:00,81.25,98.5,32.25,49.851396,44.509663
EVT0084187,BMW00577,WBA00000000000577,2026-10-20 07:30:00,29.82,123.25,48.43,31.540348,131.050232
EVT0071303,BMW00614,WBA00000000000614,2026-09-05 13:50:00,11.59,142.94,42.22,45.840264,55.955384
EVT0082008,BMW00362,WBA00000000000362,2026-10-12 17:55:00,77.65,112.58,54.21,11.677835,-6.104004
EVT0089419,BMW00454,WBA00000000000454,2026-11-07 11:30:00,20.97,93.69,-1.43,53.260977,-42.669317
EVT0063132,BMW00058,WBA00000000000058,2026-08-08 04:55:00,79.08,101.74,1.43,48.443375,-4.781942
EVT0051503,BMW00514,WBA00000000000514,2026-06-28 19:50:00,31.95,119.36,8.63,25.283948,128.258058
EVT0048304,BMW00315,WBA00000000000315,2026-06-17 17:15:00,53.24,153.98,21.49,38.5485,-75.787393
EVT0022816,BMW00450,WBA00000000000450,2026-03-21 05:15:00,77.01,88.24,51.05,29.275813,-1.338307
EVT0042035,BMW00482,WBA00000000000482,2026-05-26 22:50:00,71.74,133.11,47.53,46.752953,39.455944
EVT0079319,BMW00895,WBA00000000000895,2026-10-03 09:50:00,57.36,52.96,26.36,19.942846,13.848014
EVT0062509,BMW00960,WBA00000000000960,2026-08-06 01:00:00,14.64,7.13,-3.53,36.232013,13.996826
EVT0045688,BMW00208,WBA00000000000208,2026-06-08 15:15:00,76.32,94.43,43.0,41.167455,144.130449
EVT0012234,BMW00572,WBA00000000000572,2026-02-12 11:25:00,17.62,149.1,-8.59,26.841414,148.430874
EVT0025656,BMW00102,WBA00000000000102,2026-03-31 01:55:00,46.01,113.45,41.79,26.344414,-51.861272
EVT0012841,BMW00475,WBA00000000000475,2026-02-14 14:00:00,80.0,59.25,3.81,32.296501,-62.277183
EVT0096908,BMW00188,WBA00000000000188,2026-12-03 11:35:00,30.36,57.71,2.39,19.307385,-71.281357
EVT0005769,BMW00272,WBA00000000000272,2026-01-21 00:40:00,51.71,14.83,30.56,49.139012,-25.798702
EVT0039550,BMW00218,WBA00000000000218,2026-05-18 07:45:00,87.5,147.47,20.06,53.791576,144.262247
EVT0073573,BMW00790,WBA00000000000790,2026-09-13 11:00:00,34.52,24.59,0.42,39.90522,123.851922
EVT0079732,BMW00943,WBA00000000000943,2026-10-04 20:15:00,83.26,154.61,12.48,27.648933,36.090369
EVT0095643,BMW00678,WBA00000000000678,2026-11-29 02:10:00,65.68,78.74,9.78,42.532027,-1.612896
EVT0073360,BMW00596,WBA00000000000596,2026-09-12 17:15:00,47.74,140.31,-2.62,19.793425,140.885697
EVT0084432,BMW00609,WBA00000000000609,2026-10-21 03:55:00,20.8,92.14,27.65,52.296935,-94.457508
EVT0022198,BMW00344,WBA00000000000344,2026-03-19 01:45:00,83.54,30.6,-2.86,12.628858,-80.459066
EVT0007352,BMW00991,WBA00000000000991,2026-01-26 12:35:00,11.63,17.32,37.03,46.634477,2.245774
EVT0096302,BMW00956,WBA00000000000956,2026-12-01 09:05:00,54.45,24.29,38.42,48.193123,-9.561222
EVT0068434,BMW00599,WBA00000000000599,2026-08-26 14:45:00,84.89,129.0,8.54,27.477117,-99.68848
EVT0049194,BMW00618,WBA00000000000618,2026-06-20 19:25:00,18.01,156.93,-3.51,19.66608,-78.120626
EVT0012704,BMW00150,WBA00000000000150,2026-02-14 02:35:00,67.72,151.68,30.75,34.320939,3.647982
EVT0040296,BMW00265,WBA00000000000265,2026-05-20 21:55:00,82.7,118.14,25.4,44.414647,-84.836968
EVT0026283,BMW00478,WBA00000000000478,2026-04-02 06:10:00,52.76,42.35,32.41,16.209104,-42.304618
EVT0095774,BMW00362,WBA00000000000362,2026-11-29 13:05:00,55.25,64.78,13.44,44.624268,-89.21385
EVT0028569,BMW00664,WBA00000000000664,2026-04-10 04:40:00,72.44,64.76,27.94,30.046232,-25.828543
EVT0005621,BMW00380,WBA00000000000380,2026-01-20 12:20:00,43.13,56.76,52.2,34.446621,120.211643
EVT0038447,BMW00657,WBA00000000000657,2026-05-14 11:50:00,19.82,88.89,6.65,20.471188,142.087528
EVT0044605,BMW00383,WBA00000000000383,2026-06-04 21:00:00,68.27,141.2,43.99,17.788999,-16.279835
EVT0069546,BMW00034,WBA00000000000034,2026-08-30 11:25:00,76.27,119.11,1.7,17.993205,-79.88474
EVT0001982,BMW00589,WBA00000000000589,2026-01-07 21:05:00,94.35,130.41,1.64,12.650195,-90.815968
EVT0077753,BMW00822,WBA00000000000822,2026-09-27 23:20:00,95.73,132.95,29.47,8.66386,25.451638
EVT0091088,BMW00469,WBA00000000000469,2026-11-13 06:35:00,69.81,78.28,-7.24,14.260738,19.896633
EVT0059904,BMW00710,WBA00000000000710,2026-07-27 23:55:00,20.05,159.82,14.1,10.505032,128.982039
EVT0082239,BMW00686,WBA00000000000686,2026-10-13 13:10:00,39.85,29.66,22.65,44.846781,92.800605
EVT0081881,BMW00629,WBA00000000000629,2026-10-12 07:20:00,34.18,129.19,-8.81,24.110955,10.426086
EVT0036646,BMW00710,WBA00000000000710,2026-05-08 05:45:00,72.71,100.97,52.06,45.921171,-45.794699
EVT0070196,BMW00671,WBA00000000000671,2026-09-01 17:35:00,73.4,155.36,-7.87,36.340784,23.97691
EVT0072805,BMW00091,WBA00000000000091,2026-09-10 19:00:00,93.83,47.88,44.23,39.912661,147.50998
EVT0027189,BMW00487,WBA00000000000487,2026-04-05 09:40:00,50.82,24.34,12.38,41.115288,-95.459676
EVT0097238,BMW00153,WBA00000000000153,2026-12-04 15:05:00,55.21,29.92,20.21,22.109269,40.4276
EVT0048651,BMW00873,WBA00000000000873,2026-06-18 22:10:00,92.15,102.6,26.88,46.286483,-59.23135
EVT0055509,BMW00799,WBA00000000000799,2026-07-12 17:40:00,36.44,49.31,18.66,16.476399,120.300498
EVT0035398,BMW00538,WBA00000000000538,2026-05-03 21:45:00,60.73,59.45,54.5,35.952098,40.705107
EVT0066208,BMW00300,WBA00000000000300,2026-08-18 21:15:00,73.37,16.68,36.26,28.40645,-83.88437
EVT0026337,BMW00301,WBA00000000000301,2026-04-02 10:40:00,49.9,90.11,40.84,13.324954,146.812893
EVT0073710,BMW00919,WBA00000000000919,2026-09-13 22:25:00,93.98,76.27,22.41,23.110142,24.197562
EVT0026654,BMW00435,WBA00000000000435,2026-04-03 13:05:00,94.12,87.5,46.08,15.262441,138.466778
EVT0010825,BMW00697,WBA00000000000697,2026-02-07 14:00:00,41.91,79.15,13.04,48.759169,28.206035
EVT0083940,BMW00480,WBA00000000000480,2026-10-19 10:55:00,85.54,64.46,14.22,25.465851,48.018388
EVT0019484,BMW00223,WBA00000000000223,2026-03-09 15:35:00,27.61,4.33,29.58,37.753956,-54.714187
EVT0085410,BMW00591,WBA00000000000591,2026-10-24 13:25:00,74.63,3.32,38.74,42.034294,49.862601
EVT0091416,BMW00224,WBA00000000000224,2026-11-14 09:55:00,11.92,136.09,8.42,30.383273,-63.864928
EVT0004377,BMW00422,WBA00000000000422,2026-01-16 04:40:00,51.98,152.84,2.95,8.723223,60.516103
EVT0092602,BMW00945,WBA00000000000945,2026-11-18 12:45:00,38.48,81.02,1.84,22.534262,95.447366
EVT0003313,BMW00411,WBA00000000000411,2026-01-12 12:00:00,26.35,150.07,50.68,53.221873,-94.881509
EVT0089690,BMW00752,WBA00000000000752,2026-11-08 10:05:00,42.75,98.96,38.9,44.611035,-82.454078
EVT0094014,BMW00226,WBA00000000000226,2026-11-23 10:25:00,28.62,146.07,42.21,45.816501,32.67188
EVT0021700,BMW00724,WBA00000000000724,2026-03-17 08:15:00,70.94,86.68,-5.1,28.882097,-32.46219
EVT0093425,BMW00034,WBA00000000000034,2026-11-21 09:20:00,16.99,109.79,40.06,29.574747,31.943998
EVT0051652,BMW00251,WBA00000000000251,2026-06-29 08:15:00,69.15,4.09,10.05,40.433155,-42.069917
EVT0010987,BMW00334,WBA00000000000334,2026-02-08 03:30:00,38.86,5.97,22.22,9.993349,-118.085604
EVT0093027,BMW00770,WBA00000000000770,2026-11-20 00:10:00,72.15,107.34,-5.68,36.556671,31.757238
EVT0002505,BMW00758,WBA00000000000758,2026-01-09 16:40:00,77.87,36.16,-1.98,47.408736,-114.479126
EVT0098061,BMW00583,WBA00000000000583,2026-12-07 11:40:00,35.62,100.72,-2.13,36.030945,52.722889
EVT0065218,BMW00794,WBA00000000000794,2026-08-15 10:45:00,76.18,139.3,31.03,10.470623,37.240494
EVT0038442,BMW00898,WBA00000000000898,2026-05-14 11:25:00,31.8,92.45,9.73,12.726593,137.408251
EVT0098113,BMW00880,WBA00000000000880,2026-12-07 16:00:00,34.21,26.27,-3.36,24.091036,143.878987
EVT0045179,BMW00408,WBA00000000000408,2026-06-06 20:50:00,55.88,25.7,29.94,28.605039,34.928066
EVT0087322,BMW00938,WBA00000000000938,2026-10-31 04:45:00,72.5,21.98,34.27,30.702958,-15.252602
EVT0048326,BMW00320,WBA00000000000320,2026-06-17 19:05:00,90.69,57.96,48.98,49.327013,-92.605883
EVT0026116,BMW00249,WBA00000000000249,2026-04-01 16:15:00,70.12,118.22,1.2,54.434464,130.720387
EVT0095401,BMW00257,WBA00000000000257,2026-11-28 06:00:00,39.98,30.26,37.75,32.345574,-63.691016
EVT0052954,BMW00867,WBA00000000000867,2026-07-03 20:45:00,17.0,62.47,48.45,49.886305,43.018115
EVT0004743,BMW00530,WBA00000000000530,2026-01-17 11:10:00,45.79,97.86,33.17,37.336996,-47.326102
EVT0074025,BMW00352,WBA00000000000352,2026-09-15 00:40:00,64.28,38.57,32.71,37.195553,-61.887544
EVT0051578,BMW00650,WBA00000000000650,2026-06-29 02:05:00,10.81,115.46,31.25,51.698344,-63.004862
EVT0095139,BMW00314,WBA00000000000314,2026-11-27 08:10:00,71.54,30.36,31.03,49.426306,38.07045
EVT0047704,BMW00302,WBA00000000000302,2026-06-15 15:15:00,91.25,98.52,24.04,34.093484,-51.339324
EVT0038625,BMW00539,WBA00000000000539,2026-05-15 02:40:00,40.44,80.43,16.18,12.215662,-69.808029
EVT0077325,BMW00180,WBA00000000000180,2026-09-26 11:40:00,92.19,114.95,-0.12,35.910311,-2.132609
EVT0065496,BMW00932,WBA00000000000932,2026-08-16 09:55:00,23.81,143.72,36.58,17.122082,-99.035734
EVT0077309,BMW00122,WBA00000000000122,2026-09-26 10:20:00,52.21,1.6,-9.37,31.918339,10.101505
EVT0051009,BMW00413,WBA00000000000413,2026-06-27 02:40:00,42.87,109.24,46.4,40.250906,92.718838
EVT0088763,BMW00778,WBA00000000000778,2026-11-05 04:50:00,21.04,14.99,17.7,48.927566,-116.564659
EVT0042150,BMW00048,WBA00000000000048,2026-05-27 08:25:00,41.85,98.71,32.47,39.58924,-90.217333
EVT0039673,BMW00371,WBA00000000000371,2026-05-18 18:00:00,57.44,17.1,33.27,50.415377,132.649015
EVT0013644,BMW00283,WBA00000000000283,2026-02-17 08:55:00,69.11,19.18,22.22,35.359371,-86.550106
EVT0057000,BMW00783,WBA00000000000783,2026-07-17 21:55:00,29.46,67.79,14.66,35.497312,-14.708142
EVT0090549,BMW00341,WBA00000000000341,2026-11-11 09:40:00,60.09,24.86,28.08,36.410666,73.906794
EVT0039031,BMW00383,WBA00000000000383,2026-05-16 12:30:00,99.06,98.49,19.73,35.475172,130.254066
EVT0072468,BMW00800,WBA00000000000800,2026-09-09 14:55:00,90.49,109.86,11.47,28.075854,111.023504
EVT0021223,BMW00349,WBA00000000000349,2026-03-15 16:30:00,37.8,68.02,7.17,18.375161,-23.935036
EVT0083164,BMW00076,WBA00000000000076,2026-10-16 18:15:00,29.51,106.16,26.85,18.981293,4.652576
EVT0048190,BMW00478,WBA00000000000478,2026-06-17 07:45:00,31.62,2.68,-7.08,29.398528,-82.28302
EVT0082143,BMW00117,WBA00000000000117,2026-10-13 05:10:00,41.65,127.65,49.65,9.950554,3.66296
EVT0014855,BMW00699,WBA00000000000699,2026-02-21 13:50:00,31.41,119.47,50.42,29.090806,48.846344
EVT0042270,BMW00266,WBA00000000000266,2026-05-27 18:25:00,95.56,82.94,53.62,9.831277,66.478263
EVT0026019,BMW00528,WBA00000000000528,2026-04-01 08:10:00,92.31,26.46,42.79,54.322272,-102.627687
EVT0095044,BMW00507,WBA00000000000507,2026-11-27 00:15:00,43.26,9.15,1.95,22.327646,-91.834228
EVT0093913,BMW00107,WBA00000000000107,2026-11-23 02:00:00,84.37,52.75,14.64,54.103452,53.576946
EVT0064641,BMW00271,WBA00000000000271,2026-08-13 10:40:00,62.39,109.93,-4.31,43.438215,-65.156453
EVT0005945,BMW00605,WBA00000000000605,2026-01-21 15:20:00,97.55,35.21,0.15,14.583114,115.165148
EVT0087554,BMW00963,WBA00000000000963,2026-11-01 00:05:00,10.97,122.49,4.32,50.202115,-13.479814
EVT0051707,BMW00125,WBA00000000000125,2026-06-29 12:50:00,28.01,11.36,6.87,12.975919,11.330962
EVT0068927,BMW00667,WBA00000000000667,2026-08-28 07:50:00,48.26,142.78,24.4,32.435533,88.587271
EVT0082192,BMW00729,WBA00000000000729,2026-10-13 09:15:00,67.42,2.39,29.5,42.992696,-18.438698
EVT0067139,BMW00033,WBA00000000000033,2026-08-22 02:50:00,21.41,149.68,30.91,52.267758,146.146014
EVT0027701,BMW00088,WBA00000000000088,2026-04-07 04:20:00,42.02,17.81,-6.22,9.552371,117.156525
EVT0081024,BMW00614,WBA00000000000614,2026-10-09 07:55:00,74.12,41.08,46.15,23.001701,-88.673913
EVT0039567,BMW00743,WBA00000000000743,2026-05-18 09:10:00,79.4,1.53,17.6,24.152569,-66.435211
EVT0019241,BMW00615,WBA00000000000615,2026-03-08 19:20:00,48.43,66.32,50.62,42.200712,-84.817023
EVT0026967,BMW00332,WBA00000000000332,2026-04-04 15:10:00,40.81,21.41,19.55,39.690416,124.196334
EVT0076050,BMW00922,WBA00000000000922,2026-09-22 01:25:00,68.86,28.32,-7.86,14.902483,-64.248974
EVT0011260,BMW00441,WBA00000000000441,2026-02-09 02:15:00,63.26,70.84,5.57,12.824777,-24.868941
EVT0024206,BMW00560,WBA00000000000560,2026-03-26 01:05:00,50.6,60.22,11.99,14.29202,-22.043603
EVT0081567,BMW00807,WBA00000000000807,2026-10-11 05:10:00,62.85,48.29,14.67,29.745303,-113.341696
EVT0033339,BMW00575,WBA00000000000575,2026-04-26 18:10:00,56.82,100.76,34.64,18.316004,-60.676655
EVT0007951,BMW00008,WBA00000000000008,2026-01-28 14:30:00,45.59,48.4,53.34,27.191912,4.860921
EVT0030696,BMW00078,WBA00000000000078,2026-04-17 13:55:00,41.33,153.11,-6.38,21.795772,-44.233575
EVT0027812,BMW00300,WBA00000000000300,2026-04-07 13:35:00,62.81,72.36,6.93,43.308409,87.908902
EVT0021457,BMW00043,WBA00000000000043,2026-03-16 12:00:00,30.76,121.52,37.89,18.979534,-112.229669
EVT0078185,BMW00066,WBA00000000000066,2026-09-29 11:20:00,33.67,159.28,19.7,37.200631,90.990111
EVT0041066,BMW00127,WBA00000000000127,2026-05-23 14:05:00,76.25,156.44,29.25,29.744059,115.156445
EVT0048429,BMW00264,WBA00000000000264,2026-06-18 03:40:00,10.84,20.12,35.23,44.747113,38.166677
EVT0015589,BMW00818,WBA00000000000818,2026-02-24 03:00:00,72.87,39.75,26.85,42.584096,117.002465
EVT0058586,BMW00228,WBA00000000000228,2026-07-23 10:05:00,89.18,150.84,33.1,44.19622,8.595173
EVT0016736,BMW00052,WBA00000000000052,2026-02-28 02:35:00,41.07,26.74,31.09,12.490252,68.171737
EVT0006108,BMW00177,WBA00000000000177,2026-01-22 04:55:00,46.98,14.08,51.28,22.229447,27.199406
EVT0017780,BMW00293,WBA00000000000293,2026-03-03 17:35:00,41.75,158.69,31.72,31.534043,50.601624
EVT0026425,BMW00663,WBA00000000000663,2026-04-02 18:00:00,62.49,68.1,-6.98,38.002407,18.680647
EVT0004057,BMW00840,WBA00000000000840,2026-01-15 02:00:00,95.12,101.8,28.88,45.748613,-18.426057
EVT0007524,BMW00139,WBA00000000000139,2026-01-27 02:55:00,16.13,157.05,49.13,26.839453,86.175685
EVT0062998,BMW00885,WBA00000000000885,2026-08-07 17:45:00,48.31,41.92,-1.3,33.757508,78.780446
EVT0018241,BMW00896,WBA00000000000896,2026-03-05 08:00:00,45.92,156.95,18.86,29.308258,105.673313
EVT0036825,BMW00090,WBA00000000000090,2026-05-08 20:40:00,89.6,22.5,-8.38,46.854239,119.632728
EVT0037871,BMW00271,WBA00000000000271,2026-05-12 11:50:00,50.59,99.84,-3.34,36.081999,46.571995
EVT0093347,BMW00920,WBA00000000000920,2026-11-21 02:50:00,47.48,45.69,44.25,52.382831,-101.596737
EVT0021314,BMW00415,WBA00000000000415,2026-03-16 00:05:00,59.97,128.4,39.97,20.772354,41.119881
EVT0062864,BMW00457,WBA00000000000457,2026-08-07 06:35:00,25.44,45.96,46.22,20.324999,-78.423876
EVT0006432,BMW00199,WBA00000000000199,2026-01-23 07:55:00,52.13,22.24,15.99,21.180787,-73.497802
EVT0019385,BMW00573,WBA00000000000573,2026-03-09 07:20:00,41.15,48.69,-4.79,20.117024,47.164621
EVT0039028,BMW00216,WBA00000000000216,2026-05-16 12:15:00,33.26,131.24,27.55,14.764867,-100.411428
EVT0004517,BMW00406,WBA00000000000406,2026-01-16 16:20:00,34.34,76.34,41.24,37.246639,-94.629351
EVT0093736,BMW00483,WBA00000000000483,2026-11-22 11:15:00,78.71,157.19,0.09,16.684002,-44.907847
EVT0099946,BMW00679,WBA00000000000679,2026-12-14 00:45:00,54.05,27.27,-0.5,42.561994,145.128673
EVT0069978,BMW00895,WBA00000000000895,2026-08-31 23:25:00,19.05,6.56,10.48,24.419425,40.567895
EVT0081266,BMW00508,WBA00000000000508,2026-10-10 04:05:00,54.66,108.71,11.24,19.246788,-36.141724
EVT0040755,BMW00616,WBA00000000000616,2026-05-22 12:10:00,25.21,138.49,29.49,15.059777,-70.283754
EVT0097985,BMW00262,WBA00000000000262,2026-12-07 05:20:00,10.75,153.48,38.45,9.730512,86.72388
EVT0017571,BMW00767,WBA00000000000767,2026-03-03 00:10:00,96.52,130.89,33.04,10.029976,-64.871019
EVT0003273,BMW00125,WBA00000000000125,2026-01-12 08:40:00,22.21,47.01,12.77,8.36253,121.441475
EVT0010826,BMW00411,WBA00000000000411,2026-02-07 14:05:00,63.46,100.78,53.39,17.517638,106.365461
EVT0087883,BMW00126,WBA00000000000126,2026-11-02 03:30:00,21.47,36.92,28.44,37.470402,23.332253
EVT0069588,BMW00649,WBA00000000000649,2026-08-30 14:55:00,31.53,16.87,3.24,12.091125,129.074268
EVT0006980,BMW00484,WBA00000000000484,2026-01-25 05:35:00,75.68,155.13,43.87,27.853857,27.487426
EVT0027874,BMW00461,WBA00000000000461,2026-04-07 18:45:00,68.66,41.64,36.73,21.891606,-77.088549
EVT0086647,BMW00102,WBA00000000000102,2026-10-28 20:30:00,99.58,128.85,23.15,23.884292,133.431373
EVT0089882,BMW00382,WBA00000000000382,2026-11-09 02:05:00,20.21,22.36,0.07,22.709241,109.748051
EVT0034505,BMW00023,WBA00000000000023,2026-04-30 19:20:00,44.42,157.52,5.5,39.566902,74.594755
EVT0093631,BMW00576,WBA00000000000576,2026-11-22 02:30:00,41.59,120.16,18.63,28.004382,-52.797715
EVT0006452,BMW00882,WBA00000000000882,2026-01-23 09:35:00,84.84,116.98,45.64,44.270505,61.460591
EVT0050126,BMW00613,WBA00000000000613,2026-06-24 01:05:00,24.35,24.02,48.14,15.38632,3.268603
EVT0004980,BMW00104,WBA00000000000104,2026-01-18 06:55:00,71.11,64.69,-1.82,23.506582,81.966906
EVT0047476,BMW00558,WBA00000000000558,2026-06-14 20:15:00,21.45,41.96,-6.17,26.029644,144.79825
EVT0099965,BMW00622,WBA00000000000622,2026-12-14 02:20:00,92.74,97.95,39.67,48.012307,33.223567
EVT0059397,BMW00685,WBA00000000000685,2026-07-26 05:40:00,82.7,64.65,28.48,9.286676,136.459612
EVT0050932,BMW00066,WBA00000000000066,2026-06-26 20:15:00,75.83,5.02,3.1,36.28802,61.144383
EVT0072770,BMW00936,WBA00000000000936,2026-09-10 16:05:00,79.12,5.8,1.53,16.239033,85.695697
EVT0049604,BMW00657,WBA00000000000657,2026-06-22 05:35:00,99.39,51.07,8.25,37.881937,100.299108
EVT0012809,BMW00337,WBA00000000000337,2026-02-14 11:20:00,73.19,121.44,48.52,28.92103,-91.564108
EVT0010205,BMW00036,WBA00000000000036,2026-02-05 10:20:00,93.05,130.71,41.7,31.420439,-92.433568
EVT0088753,BMW00354,WBA00000000000354,2026-11-05 04:00:00,68.12,45.47,10.69,27.811397,108.671156
EVT0005632,BMW00397,WBA00000000000397,2026-01-20 13:15:00,48.87,140.99,40.47,44.466145,-113.19052
EVT0077913,BMW00345,WBA00000000000345,2026-09-28 12:40:00,38.96,120.05,-9.75,27.237444,-14.823479
EVT0060465,BMW00131,WBA00000000000131,2026-07-29 22:40:00,48.25,39.68,53.73,30.194433,48.390939
EVT0046420,BMW00845,WBA00000000000845,2026-06-11 04:15:00,58.95,107.09,52.1,53.891893,111.493048
EVT0074555,BMW00231,WBA00000000000231,2026-09-16 20:50:00,62.09,60.2,14.13,18.861275,111.228836
EVT0009981,BMW00188,WBA00000000000188,2026-02-04 15:40:00,69.13,137.87,8.64,29.467481,60.029009
EVT0038614,BMW00117,WBA00000000000117,2026-05-15 01:45:00,39.7,97.48,40.57,29.585674,128.938304
EVT0018378,BMW00597,WBA00000000000597,2026-03-05 19:25:00,21.57,92.56,17.8,33.409367,-23.300523
EVT0032711,BMW00152,WBA00000000000152,2026-04-24 13:50:00,73.62,12.94,-2.22,43.650829,-20.953612
EVT0081845,BMW00887,WBA00000000000887,2026-10-12 04:20:00,77.93,155.98,40.85,49.128711,106.566263
EVT0008726,BMW00086,WBA00000000000086,2026-01-31 07:05:00,88.02,55.2,-3.78,24.89993,146.993523
EVT0043707,BMW00795,WBA00000000000795,2026-06-01 18:10:00,92.85,55.23,40.92,47.229973,52.675542
EVT0065645,BMW00042,WBA00000000000042,2026-08-16 22:20:00,29.19,88.59,6.89,45.627149,1.873987
EVT0014626,BMW00630,WBA00000000000630,2026-02-20 18:45:00,94.44,55.81,14.03,34.66827,-91.155169
EVT0028239,BMW00132,WBA00000000000132,2026-04-09 01:10:00,88.14,8.65,40.25,43.237746,-88.934567
EVT0005901,BMW00065,WBA00000000000065,2026-01-21 11:40:00,13.15,62.91,20.25,20.80904,76.636067
EVT0045617,BMW00280,WBA00000000000280,2026-06-08 09:20:00,91.29,16.97,14.72,17.842156,-50.478957
EVT0046292,BMW00596,WBA00000000000596,2026-06-10 17:35:00,40.21,65.58,27.93,51.369885,133.986344
EVT0011620,BMW00971,WBA00000000000971,2026-02-10 08:15:00,97.73,16.83,16.15,27.923175,-4.4474
EVT0005852,BMW00646,WBA00000000000646,2026-01-21 07:35:00,82.65,70.1,19.61,41.73848,-112.575593
EVT0014418,BMW00790,WBA00000000000790,2026-02-20 01:25:00,73.8,15.67,21.5,37.160142,-19.935905
EVT0025002,BMW00348,WBA00000000000348,2026-03-28 19:25:00,59.25,143.27,35.39,36.214328,-53.753665
EVT0014981,BMW00398,WBA00000000000398,2026-02-22 00:20:00,24.85,34.69,21.54,11.318567,-52.141161
EVT0071080,BMW00789,WBA00000000000789,2026-09-04 19:15:00,18.73,107.84,29.51,18.532554,43.886594
EVT0052327,BMW00686,WBA00000000000686,2026-07-01 16:30:00,62.58,88.94,-6.87,29.067325,-30.531963
EVT0019925,BMW00863,WBA00000000000863,2026-03-11 04:20:00,23.6,135.93,33.05,18.409698,-71.084631
EVT0030875,BMW00387,WBA00000000000387,2026-04-18 04:50:00,30.0,41.0,0.41,26.65158,87.616762
EVT0043289,BMW00574,WBA00000000000574,2026-05-31 07:20:00,52.23,6.91,23.14,18.357755,-94.891522
EVT0094345,BMW00473,WBA00000000000473,2026-11-24 14:00:00,88.29,143.56,52.84,26.10479,-56.73156
EVT0095077,BMW00268,WBA00000000000268,2026-11-27 03:00:00,30.3,53.19,15.94,37.874772,94.808629
EVT0060666,BMW00434,WBA00000000000434,2026-07-30 15:25:00,51.9,63.66,5.27,30.49705,-49.011085
EVT0008354,BMW00436,WBA00000000000436,2026-01-30 00:05:00,78.77,76.96,5.55,32.256657,-103.908071
EVT0014513,BMW00980,WBA00000000000980,2026-02-20 09:20:00,13.47,90.31,-4.96,37.395651,-94.955256
EVT0020237,BMW00381,WBA00000000000381,2026-03-12 06:20:00,11.24,134.83,14.95,47.193664,118.327206
EVT0008025,BMW00781,WBA00000000000781,2026-01-28 20:40:00,78.45,20.57,7.3,35.424935,-48.173487
EVT0009561,BMW00161,WBA00000000000161,2026-02-03 04:40:00,95.94,0.22,17.47,28.161135,66.920322
EVT0079696,BMW00149,WBA00000000000149,2026-10-04 17:15:00,39.76,60.4,27.81,18.782073,-59.567376
EVT0078663,BMW00012,WBA00000000000012,2026-10-01 03:10:00,64.49,129.11,0.16,29.816506,110.877327
EVT0097772,BMW00682,WBA00000000000682,2026-12-06 11:35:00,87.89,56.76,3.77,23.132746,27.10966
EVT0084436,BMW00135,WBA00000000000135,2026-10-21 04:15:00,88.83,11.13,14.33,24.08593,70.122871
EVT0066636,BMW00994,WBA00000000000994,2026-08-20 08:55:00,97.87,115.72,35.27,34.225477,-31.306183
EVT0034719,BMW00907,WBA00000000000907,2026-05-01 13:10:00,50.53,120.99,19.74,29.518023,-96.609084
EVT0041010,BMW00099,WBA00000000000099,2026-05-23 09:25:00,87.04,94.05,5.71,51.176543,26.961954
EVT0039517,BMW00819,WBA00000000000819,2026-05-18 05:00:00,52.73,126.13,9.8,51.27501,33.147149
EVT0020636,BMW00846,WBA00000000000846,2026-03-13 15:35:00,89.26,20.1,5.5,48.394315,127.836071
EVT0062478,BMW00779,WBA00000000000779,2026-08-05 22:25:00,99.88,159.22,43.48,29.292786,144.901836
EVT0038899,BMW00160,WBA00000000000160,2026-05-16 01:30:00,49.08,110.43,9.96,51.08653,6.411453
EVT0026914,BMW00720,WBA00000000000720,2026-04-04 10:45:00,44.23,4.97,-5.35,45.470648,61.434338
EVT0034306,BMW00575,WBA00000000000575,2026-04-30 02:45:00,43.58,83.81,47.22,53.177313,117.657695
EVT0073088,BMW00090,WBA00000000000090,2026-09-11 18:35:00,15.4,129.11,41.8,52.917151,-71.284616
EVT0097390,BMW00171,WBA00000000000171,2026-12-05 03:45:00,85.56,137.07,47.4,33.84752,70.265071
EVT0051404,BMW00117,WBA00000000000117,2026-06-28 11:35:00,59.19,44.62,27.4,27.869434,138.340013
EVT0059446,BMW00375,WBA00000000000375,2026-07-26 09:45:00,33.18,22.72,12.2,36.691569,120.118058
EVT0063821,BMW00434,WBA00000000000434,2026-08-10 14:20:00,46.43,23.3,44.42,21.760833,148.286583
EVT0051148,BMW00143,WBA00000000000143,2026-06-27 14:15:00,48.23,156.23,0.27,33.530619,-105.582333
EVT0073831,BMW00191,WBA00000000000191,2026-09-14 08:30:00,44.83,58.21,27.28,36.171895,-55.734315
EVT0070676,BMW00526,WBA00000000000526,2026-09-03 09:35:00,64.59,66.96,11.48,49.979171,-78.208077
EVT0072866,BMW00612,WBA00000000000612,2026-09-11 00:05:00,74.39,24.85,-1.75,13.152432,-13.396935
EVT0073690,BMW00502,WBA00000000000502,2026-09-13 20:45:00,52.08,156.77,24.31,21.24893,-16.656529
EVT0046277,BMW00383,WBA00000000000383,2026-06-10 16:20:00,11.05,65.51,36.39,32.686439,-47.152049
EVT0059654,BMW00030,WBA00000000000030,2026-07-27 03:05:00,87.93,108.22,3.6,14.240449,-17.802404
EVT0080105,BMW00543,WBA00000000000543,2026-10-06 03:20:00,78.71,11.21,40.03,43.392751,-49.768904
EVT0067632,BMW00769,WBA00000000000769,2026-08-23 19:55:00,58.83,35.53,48.86,11.201921,-106.500639
EVT0073500,BMW00749,WBA00000000000749,2026-09-13 04:55:00,96.91,96.34,44.61,30.967515,-12.537325
EVT0069113,BMW00729,WBA00000000000729,2026-08-28 23:20:00,88.28,141.28,-8.51,34.064362,128.351665
EVT0053022,BMW00798,WBA00000000000798,2026-07-04 02:25:00,41.29,44.48,25.41,37.655619,-22.761654
EVT0080097,BMW00048,WBA00000000000048,2026-10-06 02:40:00,95.34,107.89,36.66,32.188953,-107.628047
EVT0033825,BMW00038,WBA00000000000038,2026-04-28 10:40:00,29.25,68.56,-0.14,9.483505,71.52189
EVT0022296,BMW00761,WBA00000000000761,2026-03-19 09:55:00,55.4,41.31,53.28,37.761798,38.564743
EVT0013398,BMW00294,WBA00000000000294,2026-02-16 12:25:00,63.04,134.57,42.12,40.73618,-8.170361
EVT0038390,BMW00489,WBA00000000000489,2026-05-14 07:05:00,94.83,28.83,7.84,17.164084,-95.918962
EVT0001848,BMW00403,WBA00000000000403,2026-01-07 09:55:00,66.62,102.92,-7.05,18.477759,3.744156
EVT0086194,BMW00041,WBA00000000000041,2026-10-27 06:45:00,65.06,37.63,37.26,47.619349,-88.287546
EVT0051878,BMW00973,WBA00000000000973,2026-06-30 03:05:00,29.01,99.85,50.41,33.264036,66.911114
EVT0054686,BMW00845,WBA00000000000845,2026-07-09 21:05:00,16.64,4.53,53.06,39.96218,131.884505
EVT0048768,BMW00798,WBA00000000000798,2026-06-19 07:55:00,70.55,39.39,51.82,29.275026,71.700011
EVT0023616,BMW00988,WBA00000000000988,2026-03-23 23:55:00,90.78,47.0,31.51,27.212457,67.65672
EVT0003464,BMW00033,WBA00000000000033,2026-01-13 00:35:00,73.87,102.51,41.7,43.30516,131.326496
EVT0053603,BMW00391,WBA00000000000391,2026-07-06 02:50:00,48.49,96.62,38.18,49.66939,31.701398
EVT0035954,BMW00954,WBA00000000000954,2026-05-05 20:05:00,67.7,47.08,52.39,21.195849,-58.072407
EVT0062513,BMW00982,WBA00000000000982,2026-08-06 01:20:00,36.97,92.32,33.48,41.428978,-79.736756
EVT0021382,BMW00283,WBA00000000000283,2026-03-16 05:45:00,49.93,4.6,46.04,24.259952,-61.436586
EVT0081233,BMW00533,WBA00000000000533,2026-10-10 01:20:00,86.11,120.34,9.67,16.799814,126.19332
EVT0009091,BMW00982,WBA00000000000982,2026-02-01 13:30:00,89.73,141.38,46.99,31.883226,32.1277
EVT0073890,BMW00324,WBA00000000000324,2026-09-14 13:25:00,28.29,80.12,40.81,41.613104,137.580336
EVT0040403,BMW00085,WBA00000000000085,2026-05-21 06:50:00,69.69,77.12,41.25,19.549589,-79.606548
EVT0092346,BMW00153,WBA00000000000153,2026-11-17 15:25:00,85.7,71.79,24.33,44.265907,-10.911688
EVT0036587,BMW00785,WBA00000000000785,2026-05-08 00:50:00,97.03,96.55,39.04,10.304745,128.404273
EVT0082911,BMW00316,WBA00000000000316,2026-10-15 21:10:00,76.85,159.06,41.18,33.412063,-101.43272
EVT0070467,BMW00624,WBA00000000000624,2026-09-02 16:10:00,17.1,41.88,6.36,22.423436,39.528734
EVT0044724,BMW00261,WBA00000000000261,2026-06-05 06:55:00,83.59,104.19,39.2,31.676178,33.35981
EVT0058958,BMW00455,WBA00000000000455,2026-07-24 17:05:00,58.17,131.62,15.54,53.755931,-17.390701
EVT0079469,BMW00849,WBA00000000000849,2026-10-03 22:20:00,22.33,77.5,44.91,14.316664,33.880238
EVT0001946,BMW00553,WBA00000000000553,2026-01-07 18:05:00,32.41,43.97,27.15,20.335185,52.842904
EVT0086604,BMW00885,WBA00000000000885,2026-10-28 16:55:00,38.04,40.06,42.77,23.288099,-84.836645
EVT0064617,BMW00346,WBA00000000000346,2026-08-13 08:40:00,82.69,2.32,8.98,39.457245,-115.220559
EVT0064360,BMW00604,WBA00000000000604,2026-08-12 11:15:00,29.66,76.01,21.46,41.002893,-42.237252
EVT0022250,BMW00047,WBA00000000000047,2026-03-19 06:05:00,93.78,61.64,34.27,24.481268,-3.089171
EVT0005436,BMW00038,WBA00000000000038,2026-01-19 20:55:00,70.98,129.22,16.88,49.638978,36.186595
EVT0092113,BMW00813,WBA00000000000813,2026-11-16 20:00:00,44.34,136.32,48.99,26.133764,-11.238229
EVT0027286,BMW00200,WBA00000000000200,2026-04-05 17:45:00,90.1,87.69,37.92,31.963611,-62.691072
EVT0073355,BMW00902,WBA00000000000902,2026-09-12 16:50:00,34.83,101.81,25.29,8.581732,0.726159
EVT0096569,BMW00203,WBA00000000000203,2026-12-02 07:20:00,33.03,8.31,27.15,44.898559,-110.546019
EVT0046366,BMW00587,WBA00000000000587,2026-06-10 23:45:00,50.77,0.39,10.72,23.155564,103.990995
EVT0007774,BMW00276,WBA00000000000276,2026-01-27 23:45:00,83.25,38.77,13.52,54.39144,11.091213
EVT0046348,BMW00963,WBA00000000000963,2026-06-10 22:15:00,95.07,51.94,37.72,48.360902,134.765224
EVT0063759,BMW00851,WBA00000000000851,2026-08-10 09:10:00,35.53,152.28,33.95,39.982958,73.706924
EVT0099486,BMW00705,WBA00000000000705,2026-12-12 10:25:00,54.2,59.5,30.0,32.964506,129.542068
EVT0077421,BMW00957,WBA00000000000957,2026-09-26 19:40:00,32.69,126.41,8.0,11.422271,-25.687833
EVT0042341,BMW00623,WBA00000000000623,2026-05-28 00:20:00,12.08,54.73,25.72,36.378109,-95.255757
EVT0049651,BMW00799,WBA00000000000799,2026-06-22 09:30:00,88.49,7.22,17.41,27.912058,-41.761082
EVT0029661,BMW00284,WBA00000000000284,2026-04-13 23:40:00,63.27,145.98,8.76,47.407794,74.339684
EVT0002679,BMW00437,WBA00000000000437,2026-01-10 07:10:00,23.47,5.96,2.92,13.936191,-38.262684
EVT0075644,BMW00678,WBA00000000000678,2026-09-20 15:35:00,95.79,108.58,45.54,16.724106,123.840061
EVT0045746,BMW00117,WBA00000000000117,2026-06-08 20:05:00,56.37,90.62,49.69,27.523539,-92.162351
EVT0028447,BMW00282,WBA00000000000282,2026-04-09 18:30:00,78.03,124.28,39.79,20.484206,-9.116996
EVT0034278,BMW00372,WBA00000000000372,2026-04-30 00:25:00,11.38,130.86,51.86,19.219744,32.741845
EVT0098731,BMW00640,WBA00000000000640,2026-12-09 19:30:00,82.45,139.18,-5.32,37.716117,46.355282
EVT0022013,BMW00147,WBA00000000000147,2026-03-18 10:20:00,73.94,136.13,30.98,25.277829,74.015743
EVT0034888,BMW00338,WBA00000000000338,2026-05-02 03:15:00,82.46,10.0,10.76,11.940944,-6.807838
EVT0024826,BMW00614,WBA00000000000614,2026-03-28 04:45:00,54.29,22.91,14.76,52.835023,40.1249
EVT0078814,BMW00953,WBA00000000000953,2026-10-01 15:45:00,87.67,120.07,12.87,16.085261,-84.898834
EVT0047253,BMW00082,WBA00000000000082,2026-06-14 01:40:00,78.94,158.38,13.89,20.714543,-45.19044
EVT0014169,BMW00990,WBA00000000000990,2026-02-19 04:40:00,80.55,24.04,13.01,21.653414,-91.814816
EVT0059012,BMW00185,WBA00000000000185,2026-07-24 21:35:00,21.9,24.2,32.43,40.035933,-41.515706
EVT0097562,BMW00515,WBA00000000000515,2026-12-05 18:05:00,81.6,37.2,28.38,8.689948,-71.115147
EVT0005590,BMW00763,WBA00000000000763,2026-01-20 09:45:00,97.19,88.23,14.81,42.679099,-89.641368
EVT0022133,BMW00359,WBA00000000000359,2026-03-18 20:20:00,96.22,137.91,27.81,11.581602,-27.600179
EVT0066113,BMW00649,WBA00000000000649,2026-08-18 13:20:00,68.87,27.86,37.78,13.801702,-78.165901
EVT0007960,BMW00348,WBA00000000000348,2026-01-28 15:15:00,95.02,109.73,27.65,11.023554,-104.60992
EVT0021376,BMW00095,WBA00000000000095,2026-03-16 05:15:00,30.11,106.49,53.7,34.763489,104.379909
EVT0046693,BMW00193,WBA00000000000193,2026-06-12 03:00:00,93.69,143.15,52.72,45.25074,66.508241
EVT0027491,BMW00756,WBA00000000000756,2026-04-06 10:50:00,30.03,94.36,31.27,53.745226,49.433712
EVT0003801,BMW00681,WBA00000000000681,2026-01-14 04:40:00,75.52,54.32,8.45,44.441082,117.286463
EVT0099349,BMW00940,WBA00000000000940,2026-12-11 23:00:00,39.97,158.58,49.59,43.571584,145.296519
EVT0037008,BMW00791,WBA00000000000791,2026-05-09 11:55:00,92.54,130.38,-3.04,18.259364,15.712444
EVT0046603,BMW00067,WBA00000000000067,2026-06-11 19:30:00,20.98,101.21,-5.81,46.611944,106.929069
EVT0038139,BMW00249,WBA00000000000249,2026-05-13 10:10:00,54.86,87.76,25.59,27.86259,-97.212629
EVT0086556,BMW00850,WBA00000000000850,2026-10-28 12:55:00,16.18,25.16,30.64,49.967456,71.325875
EVT0005564,BMW00303,WBA00000000000303,2026-01-20 07:35:00,11.89,82.37,43.47,46.651771,11.828407
EVT0050247,BMW00670,WBA00000000000670,2026-06-24 11:10:00,95.19,28.68,41.97,29.377615,15.083487
EVT0024013,BMW00658,WBA00000000000658,2026-03-25 09:00:00,33.85,61.16,53.56,54.463806,75.353505
EVT0024957,BMW00221,WBA00000000000221,2026-03-28 15:40:00,98.27,112.33,47.08,18.013241,-55.800072
EVT0094316,BMW00546,WBA00000000000546,2026-11-24 11:35:00,56.81,7.8,52.2,13.502757,138.938585
EVT0087403,BMW00678,WBA00000000000678,2026-10-31 11:30:00,75.22,12.73,29.31,39.437968,57.531337
EVT0058806,BMW00797,WBA00000000000797,2026-07-24 04:25:00,97.29,104.04,14.03,19.469905,64.844153
EVT0059914,BMW00476,WBA00000000000476,2026-07-28 00:45:00,91.94,147.98,38.34,26.423303,22.038079
EVT0087057,BMW00266,WBA00000000000266,2026-10-30 06:40:00,31.76,64.19,21.38,21.301988,15.880485
EVT0085504,BMW00142,WBA00000000000142,2026-10-24 21:15:00,80.11,66.01,19.62,45.53653,-90.979977
EVT0036302,BMW00203,WBA00000000000203,2026-05-07 01:05:00,42.85,105.71,8.66,15.993912,86.440125
EVT0008817,BMW00809,WBA00000000000809,2026-01-31 14:40:00,50.01,32.91,10.3,42.328486,79.431535
EVT0062487,BMW00532,WBA00000000000532,2026-08-05 23:10:00,95.25,106.7,-2.78,26.918857,-5.202356
EVT0058777,BMW00236,WBA00000000000236,2026-07-24 02:00:00,10.34,94.92,12.01,12.691255,141.659077
EVT0086074,BMW00272,WBA00000000000272,2026-10-26 20:45:00,90.91,147.41,46.78,44.730912,34.15996
EVT0050343,BMW00350,WBA00000000000350,2026-06-24 19:10:00,69.8,115.23,4.48,34.290027,-18.675422
EVT0001791,BMW00864,WBA00000000000864,2026-01-07 05:10:00,27.39,138.09,36.59,54.378459,55.177448
EVT0059388,BMW00123,WBA00000000000123,2026-07-26 04:55:00,58.4,111.83,21.83,34.088753,-38.06303
EVT0086633,BMW00041,WBA00000000000041,2026-10-28 19:20:00,13.16,1.41,11.89,10.243385,143.302058
EVT0091252,BMW00201,WBA00000000000201,2026-11-13 20:15:00,11.7,152.69,39.14,42.55997,74.719784
EVT0062167,BMW00173,WBA00000000000173,2026-08-04 20:30:00,72.98,47.56,17.47,23.00563,125.500084
EVT0098468,BMW00661,WBA00000000000661,2026-12-08 21:35:00,65.38,49.11,4.86,52.355694,104.428189
EVT0026121,BMW00614,WBA00000000000614,2026-04-01 16:40:00,87.3,98.09,40.61,40.085176,-80.362416
EVT0033790,BMW00412,WBA00000000000412,2026-04-28 07:45:00,32.56,126.9,-5.9,22.536334,51.488074
EVT0058256,BMW00352,WBA00000000000352,2026-07-22 06:35:00,62.23,78.95,28.5,33.953991,141.957983
EVT0014870,BMW00878,WBA00000000000878,2026-02-21 15:05:00,25.67,124.49,20.56,10.126336,-36.516261
EVT0082527,BMW00460,WBA00000000000460,2026-10-14 13:10:00,83.44,44.53,48.77,19.663835,-95.898285
EVT0092905,BMW00007,WBA00000000000007,2026-11-19 14:00:00,45.29,48.62,28.82,37.886283,146.090061
EVT0090414,BMW00639,WBA00000000000639,2026-11-10 22:25:00,41.8,105.78,-4.9,16.662201,-79.772645
EVT0038623,BMW00835,WBA00000000000835,2026-05-15 02:30:00,27.47,29.78,33.99,35.063611,82.572518
EVT0015535,BMW00233,WBA00000000000233,2026-02-23 22:30:00,77.65,100.45,5.6,47.549821,55.733961
EVT0075279,BMW00092,WBA00000000000092,2026-09-19 09:10:00,17.21,30.87,46.09,33.461817,-73.509835
EVT0069752,BMW00327,WBA00000000000327,2026-08-31 04:35:00,55.16,7.46,46.65,29.593643,12.16605
EVT0061901,BMW00174,WBA00000000000174,2026-08-03 22:20:00,16.44,106.62,34.92,36.82203,65.706993
EVT0049527,BMW00868,WBA00000000000868,2026-06-21 23:10:00,98.38,15.35,5.11,18.146939,-81.268895
EVT0081528,BMW00039,WBA00000000000039,2026-10-11 01:55:00,86.95,52.9,52.03,27.12979,81.158134
EVT0005051,BMW00327,WBA00000000000327,2026-01-18 12:50:00,61.28,157.07,19.09,53.983128,-39.66288
EVT0032708,BMW00703,WBA00000000000703,2026-04-24 13:35:00,22.6,13.31,35.79,42.385156,-95.103143
EVT0099026,BMW00449,WBA00000000000449,2026-12-10 20:05:00,37.08,106.12,50.18,12.711971,-38.830131
EVT0046831,BMW00122,WBA00000000000122,2026-06-12 14:30:00,62.6,121.64,6.71,20.984209,21.615515
EVT0069845,BMW00643,WBA00000000000643,2026-08-31 12:20:00,73.4,13.3,25.31,42.332911,131.118377
EVT0016883,BMW00266,WBA00000000000266,2026-02-28 14:50:00,26.65,102.87,41.97,44.755552,117.234685
EVT0030730,BMW00914,WBA00000000000914,2026-04-17 16:45:00,14.66,126.81,23.4,44.990369,-52.755502
EVT0026559,BMW00184,WBA00000000000184,2026-04-03 05:10:00,70.28,137.55,43.3,27.410638,-49.514323
EVT0026169,BMW00086,WBA00000000000086,2026-04-01 20:40:00,10.29,103.7,7.44,53.411345,42.855334
EVT0052440,BMW00414,WBA00000000000414,2026-07-02 01:55:00,25.06,114.1,32.5,40.816434,-90.683996
EVT0091875,BMW00890,WBA00000000000890,2026-11-16 00:10:00,29.45,2.79,47.9,21.460453,94.704936
EVT0087726,BMW00517,WBA00000000000517,2026-11-01 14:25:00,38.9,82.71,32.43,41.449927,-96.545415
EVT0020964,BMW00079,WBA00000000000079,2026-03-14 18:55:00,22.6,4.45,24.48,36.213622,103.133115
EVT0042554,BMW00147,WBA00000000000147,2026-05-28 18:05:00,95.18,152.76,51.49,32.116991,121.52157
EVT0013293,BMW00463,WBA00000000000463,2026-02-16 03:40:00,34.85,77.38,26.97,28.028499,50.966635
EVT0077988,BMW00078,WBA00000000000078,2026-09-28 18:55:00,58.26,105.52,2.59,26.8066,-18.57775
EVT0010213,BMW00690,WBA00000000000690,2026-02-05 11:00:00,67.16,140.63,-2.21,9.908901,63.113652
EVT0049819,BMW00314,WBA00000000000314,2026-06-22 23:30:00,68.98,138.87,-2.94,33.290182,-41.66925
EVT0047807,BMW00060,WBA00000000000060,2026-06-15 23:50:00,55.75,63.2,52.38,26.440333,109.776755
EVT0014222,BMW00944,WBA00000000000944,2026-02-19 09:05:00,58.49,127.38,14.33,33.991072,-65.643711
EVT0028405,BMW00937,WBA00000000000937,2026-04-09 15:00:00,83.56,53.94,54.68,43.453319,-102.34533
EVT0024292,BMW00923,WBA00000000000923,2026-03-26 08:15:00,38.26,37.06,50.02,38.681399,95.399291
EVT0039497,BMW00803,WBA00000000000803,2026-05-18 03:20:00,85.45,7.41,15.22,43.714579,-32.379079
EVT0093271,BMW00913,WBA00000000000913,2026-11-20 20:30:00,74.36,159.63,33.25,37.094385,-38.399505
EVT0044515,BMW00183,WBA00000000000183,2026-06-04 13:30:00,49.71,136.1,33.07,50.257878,87.935783
EVT0076102,BMW00742,WBA00000000000742,2026-09-22 05:45:00,17.62,58.99,10.69,10.796537,-115.262179
EVT0038165,BMW00133,WBA00000000000133,2026-05-13 12:20:00,31.44,130.76,-7.87,42.329573,-1.178483
EVT0016341,BMW00798,WBA00000000000798,2026-02-26 17:40:00,46.5,101.46,20.25,51.129836,28.179235
EVT0084158,BMW00253,WBA00000000000253,2026-10-20 05:05:00,59.71,115.09,22.23,32.191985,-64.825648
EVT0039913,BMW00040,WBA00000000000040,2026-05-19 14:00:00,77.32,32.24,43.52,44.882394,50.574765
EVT0055095,BMW00873,WBA00000000000873,2026-07-11 07:10:00,55.11,120.56,4.57,22.015356,-46.069039
EVT0024657,BMW00376,WBA00000000000376,2026-03-27 14:40:00,47.98,54.15,34.49,37.738858,83.883726
EVT0039859,BMW00307,WBA00000000000307,2026-05-19 09:30:00,68.66,106.88,-9.33,19.44329,6.073759
EVT0013930,BMW00976,WBA00000000000976,2026-02-18 08:45:00,91.87,45.98,-0.29,53.732443,30.901829
EVT0022400,BMW00062,WBA00000000000062,2026-03-19 18:35:00,60.15,144.48,30.93,13.471168,42.113554
EVT0010261,BMW00496,WBA00000000000496,2026-02-05 15:00:00,61.34,123.32,-1.51,9.301168,57.398313
EVT0017022,BMW00566,WBA00000000000566,2026-03-01 02:25:00,47.37,56.73,43.36,31.790153,124.242408
EVT0077299,BMW00675,WBA00000000000675,2026-09-26 09:30:00,17.3,77.11,24.68,39.602351,41.392666
EVT0016100,BMW00533,WBA00000000000533,2026-02-25 21:35:00,85.65,20.99,49.32,16.192741,22.334777
EVT0079486,BMW00671,WBA00000000000671,2026-10-03 23:45:00,80.4,28.6,47.94,33.780308,26.640832
EVT0040273,BMW00638,WBA00000000000638,2026-05-20 20:00:00,32.48,69.95,-8.77,18.531919,-93.231801
EVT0065552,BMW00377,WBA00000000000377,2026-08-16 14:35:00,19.64,57.53,50.33,11.142499,-24.104244
EVT0052583,BMW00891,WBA00000000000891,2026-07-02 13:50:00,63.74,71.94,-3.18,41.322704,53.576181
EVT0040960,BMW00023,WBA00000000000023,2026-05-23 05:15:00,93.07,54.97,-4.12,30.364942,-51.685202
EVT0097817,BMW00443,WBA00000000000443,2026-12-06 15:20:00,80.38,140.33,31.28,48.259495,145.647553
EVT0085487,BMW00118,WBA00000000000118,2026-10-24 19:50:00,32.32,40.48,39.07,33.983498,79.583369
EVT0026078,BMW00589,WBA00000000000589,2026-04-01 13:05:00,18.62,1.96,-4.83,48.956597,-10.650644
EVT0029441,BMW00761,WBA00000000000761,2026-04-13 05:20:00,57.77,10.88,33.38,19.045507,123.769121
EVT0047375,BMW00408,WBA00000000000408,2026-06-14 11:50:00,60.18,81.68,7.76,47.709913,69.011572
EVT0050185,BMW00726,WBA00000000000726,2026-06-24 06:00:00,40.96,52.46,0.26,51.515217,128.435966
EVT0070595,BMW00963,WBA00000000000963,2026-09-03 02:50:00,59.37,21.37,15.82,24.230896,-112.984668
EVT0034453,BMW00797,WBA00000000000797,2026-04-30 15:00:00,64.25,154.62,23.89,20.083762,142.258211
EVT0050138,BMW00340,WBA00000000000340,2026-06-24 02:05:00,47.37,116.49,21.02,23.043694,-21.721764
EVT0031078,BMW00870,WBA00000000000870,2026-04-18 21:45:00,97.55,138.97,10.18,13.427344,-58.251361
EVT0087897,BMW00934,WBA00000000000934,2026-11-02 04:40:00,78.49,23.25,3.22,40.669493,-94.675661
EVT0076545,BMW00361,WBA00000000000361,2026-09-23 18:40:00,45.64,79.08,44.73,19.290349,11.499688
EVT0059896,BMW00054,WBA00000000000054,2026-07-27 23:15:00,87.3,61.15,31.93,15.022288,-95.274299
EVT0095588,BMW00566,WBA00000000000566,2026-11-28 21:35:00,52.89,51.07,14.94,49.410182,-29.940647
EVT0051774,BMW00104,WBA00000000000104,2026-06-29 18:25:00,45.25,143.77,27.66,29.419707,67.085532
EVT0063089,BMW00855,WBA00000000000855,2026-08-08 01:20:00,35.89,33.72,13.09,30.104809,-86.147463
EVT0029539,BMW00368,WBA00000000000368,2026-04-13 13:30:00,94.26,130.51,30.64,28.908331,124.639702
EVT0036922,BMW00519,WBA00000000000519,2026-05-09 04:45:00,24.08,9.13,8.78,24.930363,13.773246
EVT0019941,BMW00166,WBA00000000000166,2026-03-11 05:40:00,14.77,146.46,12.45,22.234777,-78.899822
EVT0088722,BMW00559,WBA00000000000559,2026-11-05 01:25:00,72.18,95.33,51.57,51.315848,83.092446
EVT0042615,BMW00709,WBA00000000000709,2026-05-28 23:10:00,57.74,89.67,30.02,10.090159,-55.251497
EVT0051044,BMW00501,WBA00000000000501,2026-06-27 05:35:00,20.01,92.53,51.9,17.096699,22.219654
EVT0022031,BMW00129,WBA00000000000129,2026-03-18 11:50:00,38.83,50.8,3.79,52.162672,49.038107
EVT0065746,BMW00674,WBA00000000000674,2026-08-17 06:45:00,52.65,32.12,-5.55,46.08937,-48.053689
EVT0094001,BMW00562,WBA00000000000562,2026-11-23 09:20:00,98.89,108.31,37.87,50.077274,103.103034
EVT0004365,BMW00342,WBA00000000000342,2026-01-16 03:40:00,26.53,7.51,16.61,15.689319,24.207523
EVT0071349,BMW00461,WBA00000000000461,2026-09-05 17:40:00,81.02,61.71,53.57,26.118583,22.221547
EVT0010159,BMW00817,WBA00000000000817,2026-02-05 06:30:00,89.12,102.72,4.75,47.516891,13.959208
EVT0054222,BMW00253,WBA00000000000253,2026-07-08 06:25:00,44.34,111.97,-7.89,35.49634,-83.112212
EVT0096024,BMW00933,WBA00000000000933,2026-11-30 09:55:00,36.71,8.35,-7.95,22.335675,10.810732
EVT0019113,BMW00203,WBA00000000000203,2026-03-08 08:40:00,35.1,155.91,6.07,30.520544,135.175782
EVT0036638,BMW00676,WBA00000000000676,2026-05-08 05:05:00,62.23,24.25,2.78,49.903624,29.789324
EVT0036370,BMW00070,WBA00000000000070,2026-05-07 06:45:00,29.49,146.54,51.04,14.587494,-88.749371
EVT0018017,BMW00896,WBA00000000000896,2026-03-04 13:20:00,13.46,82.56,50.76,32.118481,-46.54401
EVT0033878,BMW00219,WBA00000000000219,2026-04-28 15:05:00,72.09,82.93,34.74,15.326662,-83.736125
EVT0032172,BMW00297,WBA00000000000297,2026-04-22 16:55:00,33.48,13.01,-4.38,42.400683,143.187873
EVT0044423,BMW00711,WBA00000000000711,2026-06-04 05:50:00,39.53,79.34,-6.67,45.410921,-115.802906
EVT0069583,BMW00199,WBA00000000000199,2026-08-30 14:30:00,75.61,142.93,52.13,53.153271,-119.016211
EVT0095924,BMW00261,WBA00000000000261,2026-11-30 01:35:00,99.83,79.17,6.29,33.701891,96.992785
EVT0047781,BMW00745,WBA00000000000745,2026-06-15 21:40:00,99.2,120.33,24.1,25.58683,-59.196864
EVT0047736,BMW00497,WBA00000000000497,2026-06-15 17:55:00,71.7,147.83,13.13,34.456357,-31.066418
EVT0012587,BMW00556,WBA00000000000556,2026-02-13 16:50:00,36.86,113.62,49.57,24.948081,-112.623057
EVT0079648,BMW00576,WBA00000000000576,2026-10-04 13:15:00,55.7,135.71,53.02,20.700947,29.826674
EVT0095485,BMW00645,WBA00000000000645,2026-11-28 13:00:00,71.75,6.0,26.55,29.454436,85.507409
EVT0069571,BMW00439,WBA00000000000439,2026-08-30 13:30:00,37.92,3.73,38.86,50.691453,119.574809
EVT0099816,BMW00894,WBA00000000000894,2026-12-13 13:55:00,51.67,134.2,-0.9,30.076532,107.815365
EVT0078910,BMW00829,WBA00000000000829,2026-10-01 23:45:00,65.24,105.87,12.7,14.834085,-65.527053
EVT0037864,BMW00861,WBA00000000000861,2026-05-12 11:15:00,99.88,10.2,30.66,12.696703,-92.846625
EVT0036303,BMW00361,WBA00000000000361,2026-05-07 01:10:00,78.28,120.82,5.62,24.243215,120.344855
EVT0036917,BMW00023,WBA00000000000023,2026-05-09 04:20:00,18.95,51.17,-2.83,38.363166,31.384475
EVT0084510,BMW00032,WBA00000000000032,2026-10-21 10:25:00,85.9,61.31,-6.59,26.936637,79.895827
EVT0081484,BMW00324,WBA00000000000324,2026-10-10 22:15:00,70.33,1.35,-7.15,24.647477,3.533439
EVT0063761,BMW00654,WBA00000000000654,2026-08-10 09:20:00,71.77,148.27,6.17,33.932334,-117.825489
EVT0095821,BMW00252,WBA00000000000252,2026-11-29 17:00:00,43.25,18.2,11.96,21.179054,62.23035
EVT0092144,BMW00786,WBA00000000000786,2026-11-16 22:35:00,11.99,87.13,29.94,21.411913,-108.689514
EVT0036076,BMW00465,WBA00000000000465,2026-05-06 06:15:00,65.54,137.28,40.48,35.122302,127.133769
EVT0085481,BMW00463,WBA00000000000463,2026-10-24 19:20:00,87.68,23.54,24.0,47.404838,-33.642868
EVT0063982,BMW00258,WBA00000000000258,2026-08-11 03:45:00,66.06,77.69,-5.8,38.682999,-36.529641
EVT0088503,BMW00619,WBA00000000000619,2026-11-04 07:10:00,25.15,62.57,50.14,36.123448,117.233142
EVT0045630,BMW00632,WBA00000000000632,2026-06-08 10:25:00,20.1,78.48,3.4,33.401867,-6.877178
EVT0041767,BMW00694,WBA00000000000694,2026-05-26 00:30:00,37.02,25.85,5.94,8.989178,-85.818631
EVT0087268,BMW00332,WBA00000000000332,2026-10-31 00:15:00,92.9,139.55,3.64,27.882271,137.076257
EVT0046056,BMW00577,WBA00000000000577,2026-06-09 21:55:00,74.64,62.98,40.52,14.274101,97.301929
EVT0086177,BMW00456,WBA00000000000456,2026-10-27 05:20:00,26.98,34.33,22.25,24.59963,-46.868453
EVT0093578,BMW00236,WBA00000000000236,2026-11-21 22:05:00,56.95,104.12,53.11,14.832674,-57.7732
EVT0032306,BMW00833,WBA00000000000833,2026-04-23 04:05:00,40.07,100.07,3.44,34.58399,-83.778492
EVT0047580,BMW00193,WBA00000000000193,2026-06-15 04:55:00,51.04,5.45,2.88,35.93835,-58.921181
EVT0052015,BMW00890,WBA00000000000890,2026-06-30 14:30:00,93.99,61.1,12.53,31.57627,-6.406504
EVT0014271,BMW00316,WBA00000000000316,2026-02-19 13:10:00,16.39,92.19,10.46,16.068767,45.596703
EVT0006626,BMW00680,WBA00000000000680,2026-01-24 00:05:00,92.8,115.57,19.66,43.370605,48.556789
EVT0011223,BMW00652,WBA00000000000652,2026-02-08 23:10:00,71.44,141.22,43.35,21.487906,-112.226013
EVT0070145,BMW00593,WBA00000000000593,2026-09-01 13:20:00,30.22,107.88,1.36,34.272821,109.613265
EVT0084763,BMW00929,WBA00000000000929,2026-10-22 07:30:00,43.07,97.05,23.21,54.564296,-46.875878
EVT0094409,BMW00542,WBA00000000000542,2026-11-24 19:20:00,99.94,85.66,9.37,48.466756,89.035421
EVT0044946,BMW00907,WBA00000000000907,2026-06-06 01:25:00,31.7,6.38,-2.26,32.24557,-106.535119
EVT0065864,BMW00383,WBA00000000000383,2026-08-17 16:35:00,79.6,54.43,47.41,14.413488,-62.076191
EVT0059153,BMW00799,WBA00000000000799,2026-07-25 09:20:00,33.47,38.72,-2.99,49.134834,122.746058
EVT0070339,BMW00804,WBA00000000000804,2026-09-02 05:30:00,94.08,94.64,24.61,44.647119,-87.049462
EVT0022521,BMW00630,WBA00000000000630,2026-03-20 04:40:00,65.64,18.2,13.09,52.320034,49.486634
EVT0086129,BMW00504,WBA00000000000504,2026-10-27 01:20:00,88.28,67.59,8.84,33.829309,-31.618819
EVT0087961,BMW00931,WBA00000000000931,2026-11-02 10:00:00,54.8,97.41,9.8,19.847353,-13.59111
EVT0017665,BMW00636,WBA00000000000636,2026-03-03 08:00:00,44.25,4.34,-4.73,23.653084,-16.723668
EVT0002422,BMW00868,WBA00000000000868,2026-01-09 09:45:00,47.66,99.97,18.32,36.043763,-105.810201
EVT0003657,BMW00378,WBA00000000000378,2026-01-13 16:40:00,38.98,117.49,31.42,50.790588,50.091156
EVT0068091,BMW00263,WBA00000000000263,2026-08-25 10:10:00,39.89,137.87,21.65,40.801558,2.214721
EVT0048281,BMW00475,WBA00000000000475,2026-06-17 15:20:00,21.77,113.25,0.03,37.648672,-81.226437
EVT0017163,BMW00990,WBA00000000000990,2026-03-01 14:10:00,68.73,31.83,23.92,52.078711,-60.040985
EVT0027190,BMW00950,WBA00000000000950,2026-04-05 09:45:00,78.44,121.02,-0.31,19.444891,-32.405432
EVT0015056,BMW00162,WBA00000000000162,2026-02-22 06:35:00,58.49,153.92,2.39,48.765905,-51.770238
EVT0098750,BMW00746,WBA00000000000746,2026-12-09 21:05:00,12.47,15.26,-6.63,22.959955,-115.37549
EVT0030470,BMW00934,WBA00000000000934,2026-04-16 19:05:00,28.55,37.36,13.5,26.151769,-37.614807
EVT0060593,BMW00338,WBA00000000000338,2026-07-30 09:20:00,13.97,118.29,51.93,35.690326,-85.01029
EVT0075968,BMW00897,WBA00000000000897,2026-09-21 18:35:00,43.78,83.73,33.75,32.61415,44.132045
EVT0070398,BMW00608,WBA00000000000608,2026-09-02 10:25:00,91.62,128.55,24.12,8.302466,-87.508236
EVT0089945,BMW00146,WBA00000000000146,2026-11-09 07:20:00,57.95,150.14,42.67,28.332346,-107.338705
EVT0014334,BMW00966,WBA00000000000966,2026-02-19 18:25:00,21.34,79.22,9.09,34.563164,-16.309953
EVT0074177,BMW00270,WBA00000000000270,2026-09-15 13:20:00,96.21,20.78,45.96,16.927773,145.213409
EVT0034446,BMW00318,WBA00000000000318,2026-04-30 14:25:00,92.33,27.48,48.76,44.347741,-92.302071
EVT0031628,BMW00208,WBA00000000000208,2026-04-20 19:35:00,16.09,87.52,39.35,26.512458,4.453194
EVT0051720,BMW00877,WBA00000000000877,2026-06-29 13:55:00,81.15,90.29,41.77,49.508018,43.025182
EVT0056489,BMW00708,WBA00000000000708,2026-07-16 03:20:00,94.75,16.01,53.54,52.319436,76.780562
EVT0055130,BMW00689,WBA00000000000689,2026-07-11 10:05:00,12.24,57.71,53.03,24.84482,2.719631
EVT0019612,BMW00377,WBA00000000000377,2026-03-10 02:15:00,70.5,34.19,46.7,11.499426,129.848756
EVT0097924,BMW00916,WBA00000000000916,2026-12-07 00:15:00,50.05,114.52,28.41,14.680853,98.522854
EVT0008260,BMW00700,WBA00000000000700,2026-01-29 16:15:00,79.28,112.58,1.87,30.92531,22.955319
EVT0053587,BMW00436,WBA00000000000436,2026-07-06 01:30:00,80.01,128.24,3.27,15.2286,-83.069399
EVT0039436,BMW00387,WBA00000000000387,2026-05-17 22:15:00,11.32,99.88,-3.57,16.9992,45.785349
EVT0095134,BMW00675,WBA00000000000675,2026-11-27 07:45:00,49.65,114.06,2.57,31.941417,-52.247461
EVT0027366,BMW00469,WBA00000000000469,2026-04-06 00:25:00,70.47,123.68,16.33,10.87891,39.480123
EVT0040419,BMW00493,WBA00000000000493,2026-05-21 08:10:00,22.21,116.08,-5.95,47.658935,-59.944875
EVT0088059,BMW00517,WBA00000000000517,2026-11-02 18:10:00,37.86,70.01,-4.1,43.268115,-24.727247
EVT0077181,BMW00658,WBA00000000000658,2026-09-25 23:40:00,63.12,118.22,27.59,20.695165,133.790789
EVT0066718,BMW00048,WBA00000000000048,2026-08-20 15:45:00,11.07,5.85,18.25,16.090417,65.161753
EVT0008536,BMW00476,WBA00000000000476,2026-01-30 15:15:00,87.82,123.45,53.3,24.647446,-58.590523
EVT0021371,BMW00027,WBA00000000000027,2026-03-16 04:50:00,65.9,57.73,31.46,28.627438,-118.642751
EVT0004022,BMW00589,WBA00000000000589,2026-01-14 23:05:00,39.8,101.16,-4.72,27.651825,7.374482
EVT0040361,BMW00792,WBA00000000000792,2026-05-21 03:20:00,62.82,75.66,17.81,12.809626,19.632176
EVT0088529,BMW00330,WBA00000000000330,2026-11-04 09:20:00,31.16,54.77,-3.34,34.413973,-23.025715
EVT0006178,BMW00490,WBA00000000000490,2026-01-22 10:45:00,14.56,127.6,52.29,10.046624,-67.245767
EVT0044295,BMW00565,WBA00000000000565,2026-06-03 19:10:00,11.82,7.68,33.21,11.497363,25.460296
EVT0019934,BMW00289,WBA00000000000289,2026-03-11 05:05:00,14.05,35.39,-3.49,33.79624,105.821451
EVT0087255,BMW00339,WBA00000000000339,2026-10-30 23:10:00,63.0,150.62,31.82,37.380245,63.589719
EVT0087510,BMW00860,WBA00000000000860,2026-10-31 20:25:00,78.01,36.18,-2.06,24.427393,1.044896
EVT0087439,BMW00226,WBA00000000000226,2026-10-31 14:30:00,32.35,16.59,-5.27,50.154377,60.419287
EVT0062961,BMW00895,WBA00000000000895,2026-08-07 14:40:00,33.78,66.45,6.37,34.386696,23.63551
EVT0083550,BMW00482,WBA00000000000482,2026-10-18 02:25:00,52.69,66.25,23.84,34.209933,107.153918
EVT0044773,BMW00315,WBA00000000000315,2026-06-05 11:00:00,35.43,83.48,50.96,53.968438,40.938148
EVT0028839,BMW00324,WBA00000000000324,2026-04-11 03:10:00,41.94,3.01,31.48,50.746569,25.174956
EVT0043891,BMW00818,WBA00000000000818,2026-06-02 09:30:00,14.62,94.86,25.52,21.079489,54.083815
EVT0009440,BMW00196,WBA00000000000196,2026-02-02 18:35:00,19.8,99.13,16.33,40.652287,-2.354096
EVT0048746,BMW00520,WBA00000000000520,2026-06-19 06:05:00,70.35,72.67,-5.05,17.793919,146.673052
EVT0065092,BMW00959,WBA00000000000959,2026-08-15 00:15:00,63.12,32.31,33.75,27.260649,62.680579
EVT0066890,BMW00957,WBA00000000000957,2026-08-21 06:05:00,46.77,24.97,25.42,9.141784,-93.354453
EVT0035132,BMW00624,WBA00000000000624,2026-05-02 23:35:00,31.76,81.08,30.69,26.872188,76.214678
EVT0085472,BMW00766,WBA00000000000766,2026-10-24 18:35:00,11.02,139.49,38.82,50.428299,-104.709213
EVT0091672,BMW00817,WBA00000000000817,2026-11-15 07:15:00,64.03,109.12,49.53,35.026356,-18.064345
EVT0077490,BMW00060,WBA00000000000060,2026-09-27 01:25:00,33.91,50.75,9.7,20.637323,-117.718079
EVT0083368,BMW00120,WBA00000000000120,2026-10-17 11:15:00,15.4,16.91,-8.52,43.076754,-116.723621
EVT0086661,BMW00948,WBA00000000000948,2026-10-28 21:40:00,21.13,40.88,45.53,24.807003,-26.004341
EVT0059149,BMW00073,WBA00000000000073,2026-07-25 09:00:00,69.39,99.11,17.11,27.34683,-101.940481
EVT0000263,BMW00589,WBA00000000000589,2026-01-01 21:50:00,41.09,62.09,0.81,27.382085,-58.800857
EVT0076126,BMW00001,WBA00000000000001,2026-09-22 07:45:00,21.7,12.0,39.55,22.767001,-112.444096
EVT0053363,BMW00728,WBA00000000000728,2026-07-05 06:50:00,54.81,6.83,-4.06,50.545638,-26.363611
EVT0033062,BMW00664,WBA00000000000664,2026-04-25 19:05:00,57.74,38.83,40.73,36.632611,-48.635477
EVT0012901,BMW00231,WBA00000000000231,2026-02-14 19:00:00,92.14,10.85,23.21,21.03232,3.80488
EVT0046892,BMW00269,WBA00000000000269,2026-06-12 19:35:00,84.86,123.47,15.21,47.712012,113.109201
EVT0094762,BMW00176,WBA00000000000176,2026-11-26 00:45:00,75.1,84.87,21.73,45.557037,-33.409305
EVT0094268,BMW00502,WBA00000000000502,2026-11-24 07:35:00,48.01,13.28,29.65,34.764091,120.21756
EVT0041162,BMW00574,WBA00000000000574,2026-05-23 22:05:00,28.39,64.3,49.55,14.094628,117.03659
EVT0052769,BMW00053,WBA00000000000053,2026-07-03 05:20:00,71.86,24.16,-6.48,23.410916,-118.29865
EVT0002608,BMW00179,WBA00000000000179,2026-01-10 01:15:00,25.52,35.63,29.1,37.056799,79.493968
EVT0026520,BMW00272,WBA00000000000272,2026-04-03 01:55:00,38.49,17.58,42.7,49.79454,-112.456919
EVT0042355,BMW00707,WBA00000000000707,2026-05-28 01:30:00,84.23,112.65,22.92,36.267974,12.081414
EVT0018526,BMW00070,WBA00000000000070,2026-03-06 07:45:00,38.91,19.12,-8.42,10.372909,-66.688269
EVT0084295,BMW00152,WBA00000000000152,2026-10-20 16:30:00,96.18,31.18,39.34,28.783676,-55.168034
EVT0061541,BMW00017,WBA00000000000017,2026-08-02 16:20:00,27.73,137.94,-2.43,35.444519,80.809817
EVT0099220,BMW00847,WBA00000000000847,2026-12-11 12:15:00,14.07,107.47,2.3,51.56719,43.003362
EVT0098706,BMW00286,WBA00000000000286,2026-12-09 17:25:00,79.72,44.59,9.8,23.325913,69.757007
EVT0024866,BMW00831,WBA00000000000831,2026-03-28 08:05:00,63.54,132.5,8.91,51.416647,20.428682
EVT0041135,BMW00087,WBA00000000000087,2026-05-23 19:50:00,33.54,110.03,15.92,15.800663,111.48936
EVT0061082,BMW00395,WBA00000000000395,2026-08-01 02:05:00,61.32,119.24,46.77,14.549097,-82.930432
EVT0009058,BMW00613,WBA00000000000613,2026-02-01 10:45:00,33.29,159.61,-7.26,42.756819,60.404477
EVT0068134,BMW00528,WBA00000000000528,2026-08-25 13:45:00,83.1,88.37,39.4,52.809766,-100.538274
EVT0033123,BMW00019,WBA00000000000019,2026-04-26 00:10:00,76.1,13.66,-9.38,11.655331,100.653148
EVT0090342,BMW00369,WBA00000000000369,2026-11-10 16:25:00,47.53,36.7,-2.45,34.270916,132.107897
EVT0086102,BMW00723,WBA00000000000723,2026-10-26 23:05:00,93.27,156.25,54.14,13.859248,42.75589
EVT0072533,BMW00703,WBA00000000000703,2026-09-09 20:20:00,11.77,46.26,25.81,8.878463,9.104759
EVT0096017,BMW00202,WBA00000000000202,2026-11-30 09:20:00,40.63,72.98,47.17,49.931653,14.428411
EVT0005380,BMW00573,WBA00000000000573,2026-01-19 16:15:00,15.68,148.82,26.57,29.519072,-33.686011
EVT0097287,BMW00651,WBA00000000000651,2026-12-04 19:10:00,84.65,135.24,-1.98,35.643956,112.349776
EVT0015696,BMW00565,WBA00000000000565,2026-02-24 11:55:00,87.78,24.75,-8.49,34.913294,-32.449355
EVT0047182,BMW00067,WBA00000000000067,2026-06-13 19:45:00,93.96,152.03,54.62,27.219291,-16.248825
EVT0064526,BMW00028,WBA00000000000028,2026-08-13 01:05:00,81.28,87.87,14.23,46.005253,70.708631
EVT0017622,BMW00404,WBA00000000000404,2026-03-03 04:25:00,62.08,137.54,5.93,13.090351,-63.438918
EVT0039377,BMW00901,WBA00000000000901,2026-05-17 17:20:00,45.31,135.84,30.91,51.798064,-96.578513
EVT0058126,BMW00586,WBA00000000000586,2026-07-21 19:45:00,62.26,66.42,45.72,15.770488,97.918357
EVT0073695,BMW00682,WBA00000000000682,2026-09-13 21:10:00,70.88,145.0,49.67,48.207742,-83.98476
EVT0034107,BMW00584,WBA00000000000584,2026-04-29 10:10:00,43.87,15.22,10.12,18.765683,138.23644
EVT0047150,BMW00834,WBA00000000000834,2026-06-13 17:05:00,70.3,88.86,11.57,51.712512,99.648646
EVT0076857,BMW00748,WBA00000000000748,2026-09-24 20:40:00,45.61,65.45,9.58,12.801509,-35.106812
EVT0074701,BMW00715,WBA00000000000715,2026-09-17 09:00:00,27.88,123.82,29.67,48.948247,60.958762
EVT0084014,BMW00145,WBA00000000000145,2026-10-19 17:05:00,53.55,18.53,-3.15,27.302348,144.567022
EVT0031262,BMW00563,WBA00000000000563,2026-04-19 13:05:00,68.48,57.14,7.72,40.216201,-83.791329
EVT0008345,BMW00639,WBA00000000000639,2026-01-29 23:20:00,45.78,20.63,1.13,26.504329,49.644668
EVT0061367,BMW00918,WBA00000000000918,2026-08-02 01:50:00,41.27,35.23,37.2,41.9688,16.122688
EVT0024443,BMW00870,WBA00000000000870,2026-03-26 20:50:00,20.62,54.09,4.93,18.530346,73.977988
EVT0090619,BMW00005,WBA00000000000005,2026-11-11 15:30:00,30.85,146.77,2.59,37.187553,-85.148019
EVT0026532,BMW00291,WBA00000000000291,2026-04-03 02:55:00,16.93,75.82,-2.21,35.515232,-69.540581
EVT0013278,BMW00316,WBA00000000000316,2026-02-16 02:25:00,29.17,107.96,19.52,23.739379,34.159567
EVT0064058,BMW00867,WBA00000000000867,2026-08-11 10:05:00,76.39,118.13,38.44,9.321515,-28.00469
EVT0051767,BMW00568,WBA00000000000568,2026-06-29 17:50:00,92.13,32.04,36.21,16.829782,-45.160749
EVT0047535,BMW00784,WBA00000000000784,2026-06-15 01:10:00,91.89,41.8,-1.05,24.641713,45.703897
EVT0084314,BMW00292,WBA00000000000292,2026-10-20 18:05:00,27.99,98.02,48.23,42.414412,128.517034
EVT0010561,BMW00078,WBA00000000000078,2026-02-06 16:00:00,37.49,157.34,34.43,32.073498,128.097614
EVT0008289,BMW00736,WBA00000000000736,2026-01-29 18:40:00,13.65,98.98,29.49,41.836556,83.162129
EVT0070098,BMW00402,WBA00000000000402,2026-09-01 09:25:00,19.47,30.75,42.22,14.013172,-84.494185
EVT0089483,BMW00735,WBA00000000000735,2026-11-07 16:50:00,89.08,118.05,40.61,27.057791,-37.526428
EVT0027528,BMW00044,WBA00000000000044,2026-04-06 13:55:00,64.3,49.66,-9.36,17.126244,-74.758508
EVT0012307,BMW00414,WBA00000000000414,2026-02-12 17:30:00,71.42,40.48,-4.02,51.732211,91.745444
EVT0099521,BMW00048,WBA00000000000048,2026-12-12 13:20:00,64.61,35.16,1.94,36.751666,26.583855
EVT0066614,BMW00159,WBA00000000000159,2026-08-20 07:05:00,59.79,62.71,-5.87,31.56444,55.515339
EVT0094646,BMW00408,WBA00000000000408,2026-11-25 15:05:00,34.4,94.4,21.65,20.456668,-94.067305
EVT0084042,BMW00917,WBA00000000000917,2026-10-19 19:25:00,47.12,95.38,21.72,31.111504,75.027288
EVT0078576,BMW00449,WBA00000000000449,2026-09-30 19:55:00,35.51,31.65,43.45,25.789396,85.408558
EVT0019352,BMW00333,WBA00000000000333,2026-03-09 04:35:00,56.6,49.72,53.73,39.991461,61.082816
EVT0022767,BMW00691,WBA00000000000691,2026-03-21 01:10:00,16.34,133.39,-2.35,41.545722,-54.366229
EVT0066615,BMW00066,WBA00000000000066,2026-08-20 07:10:00,27.36,141.6,18.19,35.764263,104.888873
EVT0026601,BMW00627,WBA00000000000627,2026-04-03 08:40:00,55.76,37.63,42.09,11.921933,-41.613775
EVT0087196,BMW00150,WBA00000000000150,2026-10-30 18:15:00,21.78,138.46,52.15,33.375182,-56.544715
EVT0017158,BMW00228,WBA00000000000228,2026-03-01 13:45:00,37.57,63.35,38.4,30.673842,-51.702322
EVT0026907,BMW00612,WBA00000000000612,2026-04-04 10:10:00,41.43,5.91,37.21,20.066179,-57.371927
EVT0028697,BMW00775,WBA00000000000775,2026-04-10 15:20:00,54.24,63.38,45.21,9.250338,114.175779
EVT0053709,BMW00996,WBA00000000000996,2026-07-06 11:40:00,37.29,53.41,29.9,52.292936,-116.438873
EVT0050608,BMW00483,WBA00000000000483,2026-06-25 17:15:00,93.99,86.06,45.23,15.297153,7.003784
EVT0051076,BMW00340,WBA00000000000340,2026-06-27 08:15:00,15.36,23.6,49.55,8.120586,-86.470409
EVT0015938,BMW00468,WBA00000000000468,2026-02-25 08:05:00,98.82,123.09,34.71,38.578288,139.062316
EVT0075198,BMW00259,WBA00000000000259,2026-09-19 02:25:00,26.79,92.84,21.85,20.012254,20.042195
EVT0097041,BMW00589,WBA00000000000589,2026-12-03 22:40:00,36.6,125.62,8.57,53.067442,-93.22522
EVT0030688,BMW00533,WBA00000000000533,2026-04-17 13:15:00,85.87,92.1,54.91,50.141889,109.600142
EVT0041841,BMW00163,WBA00000000000163,2026-05-26 06:40:00,19.1,93.01,16.44,51.071196,-79.329262
EVT0060861,BMW00009,WBA00000000000009,2026-07-31 07:40:00,94.45,159.67,-6.32,27.012265,-20.771527
EVT0071850,BMW00315,WBA00000000000315,2026-09-07 11:25:00,16.2,99.51,18.2,21.180193,17.88908
EVT0063541,BMW00222,WBA00000000000222,2026-08-09 15:00:00,35.6,47.56,-7.25,28.032175,120.500659
EVT0073415,BMW00373,WBA00000000000373,2026-09-12 21:50:00,43.42,74.26,-9.51,19.307555,-77.806016
EVT0043838,BMW00605,WBA00000000000605,2026-06-02 05:05:00,63.78,55.71,34.01,17.876654,-30.123329
EVT0013036,BMW00392,WBA00000000000392,2026-02-15 06:15:00,29.21,49.09,49.26,27.731283,-37.229156
EVT0026795,BMW00495,WBA00000000000495,2026-04-04 00:50:00,91.69,146.72,29.24,9.594869,65.663547
EVT0066824,BMW00996,WBA00000000000996,2026-08-21 00:35:00,17.77,42.61,-1.94,19.265996,-62.316338
EVT0018861,BMW00409,WBA00000000000409,2026-03-07 11:40:00,23.39,47.08,-3.69,37.424804,53.306324
EVT0001623,BMW00806,WBA00000000000806,2026-01-06 15:10:00,11.54,58.66,25.08,37.304098,-19.135218
EVT0054997,BMW00419,WBA00000000000419,2026-07-10 23:00:00,71.52,95.14,15.03,23.585528,-7.588055
EVT0016810,BMW00246,WBA00000000000246,2026-02-28 08:45:00,21.41,46.72,40.75,18.716595,55.298729
EVT0052970,BMW00610,WBA00000000000610,2026-07-03 22:05:00,42.12,58.69,-0.6,35.230492,94.909571
EVT0056179,BMW00067,WBA00000000000067,2026-07-15 01:30:00,20.9,146.72,7.67,13.440553,-29.672787
EVT0076292,BMW00717,WBA00000000000717,2026-09-22 21:35:00,63.77,0.19,42.03,10.325881,66.978956
EVT0042701,BMW00932,WBA00000000000932,2026-05-29 06:20:00,30.22,110.05,15.31,42.648612,114.242694
EVT0014043,BMW00845,WBA00000000000845,2026-02-18 18:10:00,92.21,2.57,53.0,52.031245,-94.027192
EVT0063837,BMW00045,WBA00000000000045,2026-08-10 15:40:00,89.46,46.63,45.66,8.728653,35.143892
EVT0030218,BMW00701,WBA00000000000701,2026-04-15 22:05:00,97.1,84.41,22.85,32.986751,148.431564
EVT0005847,BMW00029,WBA00000000000029,2026-01-21 07:10:00,45.12,0.4,51.28,35.632,99.858665
EVT0025890,BMW00907,WBA00000000000907,2026-03-31 21:25:00,48.74,152.78,32.11,23.989832,101.946391
EVT0087199,BMW00022,WBA00000000000022,2026-10-30 18:30:00,68.57,88.15,40.41,15.799073,11.525881
EVT0086749,BMW00221,WBA00000000000221,2026-10-29 05:00:00,89.01,139.71,48.54,10.954913,45.343202
EVT0012770,BMW00500,WBA00000000000500,2026-02-14 08:05:00,32.92,76.38,16.19,16.28847,-118.591139
EVT0061126,BMW00330,WBA00000000000330,2026-08-01 05:45:00,10.63,117.79,39.83,33.135477,25.457527
EVT0078182,BMW00903,WBA00000000000903,2026-09-29 11:05:00,59.42,43.28,33.21,28.320319,95.451697
EVT0095096,BMW00581,WBA00000000000581,2026-11-27 04:35:00,19.25,19.24,8.76,23.186564,-5.645392
EVT0021599,BMW00450,WBA00000000000450,2026-03-16 23:50:00,50.89,158.24,13.75,16.016192,99.945195
EVT0038107,BMW00302,WBA00000000000302,2026-05-13 07:30:00,32.09,123.32,25.51,13.121369,91.972226
EVT0085799,BMW00871,WBA00000000000871,2026-10-25 21:50:00,59.78,61.87,20.51,15.952028,64.577544
EVT0048334,BMW00080,WBA00000000000080,2026-06-17 19:45:00,44.98,38.6,29.95,38.445775,-112.374943
EVT0097873,BMW00702,WBA00000000000702,2026-12-06 20:00:00,61.67,93.45,4.74,28.779121,98.421014
EVT0076264,BMW00496,WBA00000000000496,2026-09-22 19:15:00,23.93,12.04,27.44,27.102439,102.942358
EVT0032616,BMW00014,WBA00000000000014,2026-04-24 05:55:00,58.63,147.93,41.0,53.150656,-30.967046
EVT0099797,BMW00944,WBA00000000000944,2026-12-13 12:20:00,97.3,21.27,6.45,41.294335,-0.18166
EVT0034246,BMW00822,WBA00000000000822,2026-04-29 21:45:00,33.95,105.1,36.17,51.011154,120.441212
EVT0053730,BMW00704,WBA00000000000704,2026-07-06 13:25:00,25.87,18.68,18.22,54.795847,-20.326688
EVT0014724,BMW00501,WBA00000000000501,2026-02-21 02:55:00,13.3,112.15,20.51,45.557249,-103.765685
EVT0091283,BMW00259,WBA00000000000259,2026-11-13 22:50:00,94.25,11.77,9.91,9.461307,112.030074
EVT0084484,BMW00590,WBA00000000000590,2026-10-21 08:15:00,11.23,12.11,12.66,37.481765,122.016577
EVT0089738,BMW00502,WBA00000000000502,2026-11-08 14:05:00,26.92,75.63,54.25,38.403858,-55.230447
EVT0087786,BMW00368,WBA00000000000368,2026-11-01 19:25:00,70.23,146.9,10.64,21.591134,91.595334
EVT0058064,BMW00105,WBA00000000000105,2026-07-21 14:35:00,89.59,3.04,16.88,8.030012,7.774583
EVT0056660,BMW00935,WBA00000000000935,2026-07-16 17:35:00,45.48,30.35,-4.22,17.779423,-63.872177
EVT0086297,BMW00941,WBA00000000000941,2026-10-27 15:20:00,84.63,50.5,53.8,50.239364,-5.22378
EVT0053671,BMW00815,WBA00000000000815,2026-07-06 08:30:00,65.41,7.18,-0.47,32.943037,-110.233535
EVT0072990,BMW00769,WBA00000000000769,2026-09-11 10:25:00,35.47,102.4,53.25,20.810588,20.921153
EVT0002911,BMW00047,WBA00000000000047,2026-01-11 02:30:00,82.21,74.19,25.11,18.71056,5.768587
EVT0078330,BMW00453,WBA00000000000453,2026-09-29 23:25:00,74.73,146.7,10.62,28.202776,139.672504
EVT0044251,BMW00142,WBA00000000000142,2026-06-03 15:30:00,59.22,61.49,12.68,50.459127,88.403601
EVT0078624,BMW00926,WBA00000000000926,2026-09-30 23:55:00,10.23,5.71,20.73,31.291059,116.206609
EVT0097905,BMW00489,WBA00000000000489,2026-12-06 22:40:00,46.25,13.39,9.4,41.374706,-81.858319
EVT0038031,BMW00544,WBA00000000000544,2026-05-13 01:10:00,73.67,78.9,36.63,52.955255,-44.874361
EVT0012339,BMW00244,WBA00000000000244,2026-02-12 20:10:00,94.46,8.16,-2.48,8.969133,-118.188515
EVT0081382,BMW00165,WBA00000000000165,2026-10-10 13:45:00,88.25,69.02,31.32,19.444055,129.693373
EVT0022752,BMW00277,WBA00000000000277,2026-03-20 23:55:00,27.41,40.47,-2.83,18.83895,43.046251
EVT0021951,BMW00289,WBA00000000000289,2026-03-18 05:10:00,27.92,100.4,36.23,13.780298,51.466583
EVT0013284,BMW00944,WBA00000000000944,2026-02-16 02:55:00,23.24,92.6,41.68,52.78466,73.064145
EVT0072006,BMW00116,WBA00000000000116,2026-09-08 00:25:00,98.76,127.24,32.17,37.678065,95.911717
EVT0033142,BMW00495,WBA00000000000495,2026-04-26 01:45:00,40.51,96.85,31.28,39.777895,46.540417
EVT0099200,BMW00926,WBA00000000000926,2026-12-11 10:35:00,94.8,70.74,-7.98,33.139914,54.460178
EVT0099871,BMW00424,WBA00000000000424,2026-12-13 18:30:00,10.4,123.12,-1.67,21.202474,-96.634191
EVT0024538,BMW00192,WBA00000000000192,2026-03-27 04:45:00,90.78,121.17,-7.57,47.103735,138.858693
EVT0083817,BMW00783,WBA00000000000783,2026-10-19 00:40:00,82.59,11.34,18.3,13.92983,-79.54863
EVT0082808,BMW00290,WBA00000000000290,2026-10-15 12:35:00,15.02,61.86,30.92,46.524241,-11.976322
EVT0006625,BMW00645,WBA00000000000645,2026-01-24 00:00:00,75.68,159.1,-1.07,48.586567,51.178602
EVT0016877,BMW00937,WBA00000000000937,2026-02-28 14:20:00,22.88,129.55,3.15,13.80456,-109.486515
EVT0078777,BMW00038,WBA00000000000038,2026-10-01 12:40:00,61.28,57.82,8.5,48.694238,128.918319
EVT0023421,BMW00235,WBA00000000000235,2026-03-23 07:40:00,77.1,116.93,20.13,30.811734,40.901751
EVT0063392,BMW00962,WBA00000000000962,2026-08-09 02:35:00,46.18,65.09,-3.44,27.430599,88.747684
EVT0023215,BMW00514,WBA00000000000514,2026-03-22 14:30:00,28.63,87.53,-4.27,51.592667,77.101038
EVT0065475,BMW00816,WBA00000000000816,2026-08-16 08:10:00,95.94,53.57,-9.43,27.919879,-23.610744
EVT0091483,BMW00941,WBA00000000000941,2026-11-14 15:30:00,91.02,90.36,18.56,9.139979,-75.85208
EVT0049884,BMW00575,WBA00000000000575,2026-06-23 04:55:00,61.45,142.68,51.77,18.990946,-69.208638
EVT0004158,BMW00490,WBA00000000000490,2026-01-15 10:25:00,70.25,50.88,5.69,25.21791,-84.590919
EVT0037191,BMW00166,WBA00000000000166,2026-05-10 03:10:00,39.0,17.2,48.01,41.836978,-79.096331
EVT0009198,BMW00235,WBA00000000000235,2026-02-01 22:25:00,18.24,45.18,5.93,14.019239,-0.097215
EVT0097223,BMW00611,WBA00000000000611,2026-12-04 13:50:00,93.87,55.45,0.76,24.09952,-111.382257
EVT0010247,BMW00678,WBA00000000000678,2026-02-05 13:50:00,75.61,110.81,42.82,19.86442,-93.733332
EVT0096855,BMW00740,WBA00000000000740,2026-12-03 07:10:00,92.51,87.62,9.84,17.456824,-117.664486
EVT0046355,BMW00359,WBA00000000000359,2026-06-10 22:50:00,43.66,92.23,32.62,12.284999,-119.905565
EVT0082113,BMW00654,WBA00000000000654,2026-10-13 02:40:00,77.12,154.04,18.63,22.280119,47.794201
EVT0025078,BMW00392,WBA00000000000392,2026-03-29 01:45:00,36.78,25.16,27.53,48.148769,63.124361
EVT0009359,BMW00587,WBA00000000000587,2026-02-02 11:50:00,10.74,30.23,-7.44,43.397507,50.060649
EVT0066007,BMW00571,WBA00000000000571,2026-08-18 04:30:00,24.27,56.81,31.33,13.881309,-24.126852
EVT0070785,BMW00450,WBA00000000000450,2026-09-03 18:40:00,70.61,58.27,52.35,28.506504,38.932179
EVT0066879,BMW00833,WBA00000000000833,2026-08-21 05:10:00,29.46,9.8,6.32,10.513669,140.676797
EVT0090976,BMW00965,WBA00000000000965,2026-11-12 21:15:00,81.25,21.27,44.48,44.009768,-21.333033
EVT0080434,BMW00698,WBA00000000000698,2026-10-07 06:45:00,37.87,45.11,41.89,43.028435,60.663161
EVT0021480,BMW00115,WBA00000000000115,2026-03-16 13:55:00,26.05,29.2,-5.5,12.394225,68.020243
EVT0020002,BMW00737,WBA00000000000737,2026-03-11 10:45:00,61.05,104.55,23.85,9.463235,101.914582
EVT0055787,BMW00727,WBA00000000000727,2026-07-13 16:50:00,17.19,34.42,5.2,13.320181,116.283209
EVT0076065,BMW00725,WBA00000000000725,2026-09-22 02:40:00,30.17,29.35,28.74,15.965367,125.87656
EVT0050962,BMW00159,WBA00000000000159,2026-06-26 22:45:00,35.01,37.99,52.37,51.180801,-23.554648
EVT0029038,BMW00666,WBA00000000000666,2026-04-11 19:45:00,53.34,27.55,16.48,46.777298,121.118039
EVT0030664,BMW00149,WBA00000000000149,2026-04-17 11:15:00,25.49,116.33,50.45,21.889898,143.245085
EVT0008109,BMW00803,WBA00000000000803,2026-01-29 03:40:00,51.66,124.09,-1.58,15.158831,-102.264515
EVT0084755,BMW00734,WBA00000000000734,2026-10-22 06:50:00,14.24,159.17,50.55,36.372526,-55.070286
EVT0013725,BMW00028,WBA00000000000028,2026-02-17 15:40:00,78.52,80.43,33.36,51.287433,133.621414
EVT0095885,BMW00645,WBA00000000000645,2026-11-29 22:20:00,19.26,94.0,14.15,47.764314,98.520489
EVT0001470,BMW00165,WBA00000000000165,2026-01-06 02:25:00,50.24,53.74,31.4,37.036591,47.353988
EVT0047671,BMW00662,WBA00000000000662,2026-06-15 12:30:00,36.43,47.07,-9.97,12.045282,-116.041503
EVT0082654,BMW00557,WBA00000000000557,2026-10-14 23:45:00,71.99,121.87,-1.01,12.077289,-52.467274
EVT0091269,BMW00851,WBA00000000000851,2026-11-13 21:40:00,72.96,26.52,0.08,28.395532,-51.106505
EVT0014653,BMW00848,WBA00000000000848,2026-02-20 21:00:00,96.89,104.74,23.83,15.041695,-117.15759
EVT0013620,BMW00643,WBA00000000000643,2026-02-17 06:55:00,32.9,143.44,11.65,53.104347,118.628606
EVT0049774,BMW00961,WBA00000000000961,2026-06-22 19:45:00,48.98,8.18,-5.05,11.506283,91.990171
EVT0036784,BMW00245,WBA00000000000245,2026-05-08 17:15:00,38.8,79.12,15.34,46.160253,85.237384
EVT0098322,BMW00748,WBA00000000000748,2026-12-08 09:25:00,57.84,6.06,10.65,44.386036,-39.150505
EVT0055362,BMW00297,WBA00000000000297,2026-07-12 05:25:00,98.93,70.36,27.62,38.894143,132.494036
EVT0044131,BMW00617,WBA00000000000617,2026-06-03 05:30:00,28.7,98.84,31.43,20.948332,53.447437
EVT0099981,BMW00506,WBA00000000000506,2026-12-14 03:40:00,20.12,12.63,37.88,41.527572,-2.945539
EVT0080661,BMW00248,WBA00000000000248,2026-10-08 01:40:00,52.89,93.36,6.14,28.516967,-9.836034
EVT0048393,BMW00089,WBA00000000000089,2026-06-18 00:40:00,57.77,1.15,21.03,42.382747,-83.800393
EVT0097992,BMW00880,WBA00000000000880,2026-12-07 05:55:00,51.22,63.97,27.19,43.053699,36.648851
EVT0054212,BMW00668,WBA00000000000668,2026-07-08 05:35:00,85.3,89.68,45.81,26.862912,18.402568
EVT0003900,BMW00021,WBA00000000000021,2026-01-14 12:55:00,17.03,80.03,45.45,30.293676,22.432988
EVT0073475,BMW00401,WBA00000000000401,2026-09-13 02:50:00,82.0,83.04,37.22,25.780996,86.69438
EVT0069058,BMW00732,WBA00000000000732,2026-08-28 18:45:00,21.53,61.39,-0.23,31.680773,113.855921
EVT0070973,BMW00585,WBA00000000000585,2026-09-04 10:20:00,23.78,103.99,53.66,45.698667,135.675342
EVT0023101,BMW00793,WBA00000000000793,2026-03-22 05:00:00,81.39,152.21,11.34,50.301163,-102.25555
EVT0041453,BMW00755,WBA00000000000755,2026-05-24 22:20:00,20.1,85.33,41.02,14.360866,126.335178
EVT0030186,BMW00111,WBA00000000000111,2026-04-15 19:25:00,40.26,90.91,24.13,15.366458,27.521173
EVT0026006,BMW00417,WBA00000000000417,2026-04-01 07:05:00,81.79,47.72,3.98,42.325361,-80.460839
EVT0005003,BMW00521,WBA00000000000521,2026-01-18 08:50:00,35.1,89.38,14.28,24.33078,-28.373
EVT0085293,BMW00734,WBA00000000000734,2026-10-24 03:40:00,17.18,65.25,-2.58,33.875265,8.41377
EVT0093328,BMW00785,WBA00000000000785,2026-11-21 01:15:00,59.3,88.47,14.35,54.19357,105.77916
EVT0086273,BMW00022,WBA00000000000022,2026-10-27 13:20:00,66.19,84.97,7.57,27.71381,-36.261998
EVT0007066,BMW00125,WBA00000000000125,2026-01-25 12:45:00,79.67,107.29,47.05,35.232036,-27.858375
EVT0083759,BMW00903,WBA00000000000903,2026-10-18 19:50:00,19.68,28.32,27.46,20.482855,91.23838
EVT0012067,BMW00974,WBA00000000000974,2026-02-11 21:30:00,76.82,38.08,29.0,46.834678,142.544609
EVT0024856,BMW00810,WBA00000000000810,2026-03-28 07:15:00,94.96,32.03,42.4,23.279728,-98.299561
EVT0095075,BMW00197,WBA00000000000197,2026-11-27 02:50:00,65.07,50.95,46.33,10.786804,-69.514155
EVT0097567,BMW00071,WBA00000000000071,2026-12-05 18:30:00,14.18,100.59,14.84,19.388289,-47.468299
EVT0096930,BMW00177,WBA00000000000177,2026-12-03 13:25:00,67.4,47.71,33.0,31.891088,-100.674043
EVT0058388,BMW00163,WBA00000000000163,2026-07-22 17:35:00,64.38,138.37,54.49,20.952082,7.282257
EVT0085801,BMW00420,WBA00000000000420,2026-10-25 22:00:00,97.8,113.69,-3.9,44.087596,68.903227
EVT0024894,BMW00014,WBA00000000000014,2026-03-28 10:25:00,76.06,68.21,24.1,48.527039,-36.996071
EVT0025524,BMW00942,WBA00000000000942,2026-03-30 14:55:00,12.97,141.97,45.34,32.059257,-114.97
EVT0086205,BMW00600,WBA00000000000600,2026-10-27 07:40:00,72.2,14.58,33.59,47.693652,27.4115
EVT0021661,BMW00688,WBA00000000000688,2026-03-17 05:00:00,92.2,112.29,3.44,13.455662,84.464051
EVT0008852,BMW00170,WBA00000000000170,2026-01-31 17:35:00,25.66,68.07,20.08,20.810802,48.731459
EVT0018089,BMW00641,WBA00000000000641,2026-03-04 19:20:00,40.67,16.13,52.01,52.923344,114.99323
EVT0034666,BMW00632,WBA00000000000632,2026-05-01 08:45:00,36.48,153.98,34.95,17.172715,52.511943
EVT0011423,BMW00136,WBA00000000000136,2026-02-09 15:50:00,90.88,41.11,5.72,48.453785,55.172802
EVT0024981,BMW00656,WBA00000000000656,2026-03-28 17:40:00,16.28,48.53,52.99,41.030105,141.178371
EVT0063015,BMW00707,WBA00000000000707,2026-08-07 19:10:00,19.02,114.39,15.84,28.937743,-47.205243
EVT0003304,BMW00538,WBA00000000000538,2026-01-12 11:15:00,11.37,121.31,22.3,33.596411,135.890417
EVT0072668,BMW00452,WBA00000000000452,2026-09-10 07:35:00,79.46,122.35,11.24,53.856379,140.870721
EVT0099128,BMW00562,WBA00000000000562,2026-12-11 04:35:00,80.37,101.64,36.19,11.237129,-36.295202
EVT0071233,BMW00366,WBA00000000000366,2026-09-05 08:00:00,84.07,31.67,34.61,38.180852,12.090711
EVT0009081,BMW00114,WBA00000000000114,2026-02-01 12:40:00,55.27,136.31,53.97,54.973173,-0.856368
EVT0014603,BMW00541,WBA00000000000541,2026-02-20 16:50:00,56.07,143.91,28.03,14.135798,43.216722
EVT0096580,BMW00717,WBA00000000000717,2026-12-02 08:15:00,77.6,133.55,21.65,20.725544,-10.741775
EVT0042271,BMW00984,WBA00000000000984,2026-05-27 18:30:00,56.49,122.39,22.06,26.466155,-96.988536
EVT0043114,BMW00073,WBA00000000000073,2026-05-30 16:45:00,78.22,30.04,21.36,47.238591,-14.379588
EVT0057035,BMW00955,WBA00000000000955,2026-07-18 00:50:00,62.46,79.88,5.22,16.332037,21.219483
EVT0022025,BMW00357,WBA00000000000357,2026-03-18 11:20:00,92.32,102.56,16.22,18.411673,-22.700764
EVT0030886,BMW00011,WBA00000000000011,2026-04-18 05:45:00,67.25,20.93,38.83,16.881486,-68.498923
EVT0068020,BMW00848,WBA00000000000848,2026-08-25 04:15:00,17.93,43.34,29.51,44.768122,116.261472
EVT0077737,BMW00150,WBA00000000000150,2026-09-27 22:00:00,53.35,63.74,21.57,45.471047,113.333605
EVT0044675,BMW00352,WBA00000000000352,2026-06-05 02:50:00,52.05,68.4,-6.84,10.251421,-89.761865
EVT0014884,BMW00230,WBA00000000000230,2026-02-21 16:15:00,52.27,6.38,4.48,34.794098,88.04727
EVT0055859,BMW00205,WBA00000000000205,2026-07-13 22:50:00,96.72,1.8,26.41,14.779424,-40.791665
EVT0061276,BMW00493,WBA00000000000493,2026-08-01 18:15:00,41.62,111.78,23.91,25.302262,128.263143
EVT0011179,BMW00235,WBA00000000000235,2026-02-08 19:30:00,65.86,103.65,27.23,38.272418,69.528559
EVT0064310,BMW00520,WBA00000000000520,2026-08-12 07:05:00,48.2,33.53,-2.05,47.659497,53.568243
EVT0062241,BMW00314,WBA00000000000314,2026-08-05 02:40:00,60.16,16.09,53.8,14.31814,59.183857
EVT0099625,BMW00777,WBA00000000000777,2026-12-12 22:00:00,96.7,149.6,32.96,24.926701,65.389161
EVT0025684,BMW00980,WBA00000000000980,2026-03-31 04:15:00,34.3,73.09,42.45,48.045196,39.97053
EVT0077003,BMW00077,WBA00000000000077,2026-09-25 08:50:00,91.75,139.11,-5.46,52.676558,-48.469711
EVT0089885,BMW00921,WBA00000000000921,2026-11-09 02:20:00,91.24,94.99,24.48,43.668068,81.57048
EVT0081643,BMW00097,WBA00000000000097,2026-10-11 11:30:00,35.95,114.29,5.59,18.069453,41.766607
EVT0073164,BMW00119,WBA00000000000119,2026-09-12 00:55:00,39.91,14.71,54.19,35.312781,143.486058
EVT0015556,BMW00470,WBA00000000000470,2026-02-24 00:15:00,21.12,118.24,-5.81,33.802754,93.699344
EVT0065631,BMW00170,WBA00000000000170,2026-08-16 21:10:00,33.25,86.09,-5.58,51.696055,38.589547
EVT0019444,BMW00516,WBA00000000000516,2026-03-09 12:15:00,32.99,0.53,26.74,28.306654,-100.469258
EVT0062515,BMW00638,WBA00000000000638,2026-08-06 01:30:00,71.87,45.83,44.72,34.959583,11.578251
EVT0092676,BMW00657,WBA00000000000657,2026-11-18 18:55:00,13.3,79.51,29.61,41.779709,-114.216423
EVT0035945,BMW00788,WBA00000000000788,2026-05-05 19:20:00,54.55,131.48,31.59,18.59032,-32.298687
EVT0000845,BMW00874,WBA00000000000874,2026-01-03 22:20:00,80.71,111.2,26.84,38.365057,76.825769
EVT0088828,BMW00213,WBA00000000000213,2026-11-05 10:15:00,18.64,100.56,20.98,34.065142,6.873476
EVT0064929,BMW00450,WBA00000000000450,2026-08-14 10:40:00,14.92,104.43,44.04,48.410903,60.758614
EVT0040531,BMW00512,WBA00000000000512,2026-05-21 17:30:00,60.81,103.6,15.32,19.609476,-53.526808
EVT0062546,BMW00982,WBA00000000000982,2026-08-06 04:05:00,61.03,36.79,51.17,43.46068,68.851323
EVT0001306,BMW00354,WBA00000000000354,2026-01-05 12:45:00,10.62,37.45,-2.79,47.530664,10.514892
EVT0088771,BMW00747,WBA00000000000747,2026-11-05 05:30:00,61.5,105.09,19.61,48.556578,-18.62953
EVT0090685,BMW00118,WBA00000000000118,2026-11-11 21:00:00,32.78,69.41,45.92,8.766918,18.395578
EVT0007908,BMW00274,WBA00000000000274,2026-01-28 10:55:00,92.16,71.28,28.6,8.198699,47.119268
EVT0075289,BMW00921,WBA00000000000921,2026-09-19 10:00:00,51.15,122.11,31.85,14.778895,111.908721
EVT0011490,BMW00944,WBA00000000000944,2026-02-09 21:25:00,55.1,88.33,30.77,27.101728,28.185455
EVT0087359,BMW00871,WBA00000000000871,2026-10-31 07:50:00,11.44,127.17,39.62,33.251617,-99.509428
EVT0063958,BMW00862,WBA00000000000862,2026-08-11 01:45:00,94.27,8.92,-4.19,27.004399,-41.99954
EVT0013001,BMW00728,WBA00000000000728,2026-02-15 03:20:00,65.24,109.98,25.63,37.918484,81.818921
EVT0055238,BMW00061,WBA00000000000061,2026-07-11 19:05:00,14.55,117.77,54.24,40.915561,-17.720887
EVT0028556,BMW00435,WBA00000000000435,2026-04-10 03:35:00,91.17,126.77,19.07,54.593828,91.506372
EVT0009379,BMW00564,WBA00000000000564,2026-02-02 13:30:00,89.06,114.18,19.64,21.795745,-115.035855
EVT0074186,BMW00361,WBA00000000000361,2026-09-15 14:05:00,61.27,17.08,51.92,31.752526,-106.353008
EVT0086674,BMW00473,WBA00000000000473,2026-10-28 22:45:00,32.57,78.99,14.39,52.63828,86.612297
EVT0053585,BMW00665,WBA00000000000665,2026-07-06 01:20:00,85.61,7.82,38.56,52.865974,-58.78952
EVT0043117,BMW00535,WBA00000000000535,2026-05-30 17:00:00,66.04,61.18,-8.39,24.921092,140.096036
EVT0032837,BMW00729,WBA00000000000729,2026-04-25 00:20:00,79.93,144.13,15.37,11.455578,-35.088299
EVT0044521,BMW00129,WBA00000000000129,2026-06-04 14:00:00,17.71,107.26,17.79,11.741567,14.800944
EVT0063901,BMW00228,WBA00000000000228,2026-08-10 21:00:00,16.75,132.93,8.94,9.830496,149.758732
EVT0076960,BMW00990,WBA00000000000990,2026-09-25 05:15:00,79.43,57.34,24.16,37.709281,-103.17593
EVT0091164,BMW00613,WBA00000000000613,2026-11-13 12:55:00,93.21,5.23,5.96,18.286369,-33.311876
EVT0003798,BMW00158,WBA00000000000158,2026-01-14 04:25:00,66.91,69.87,41.71,22.599883,-50.818804
EVT0015162,BMW00516,WBA00000000000516,2026-02-22 15:25:00,57.22,120.52,25.91,36.822771,-117.328554
EVT0057548,BMW00325,WBA00000000000325,2026-07-19 19:35:00,62.25,92.33,9.27,51.210573,-47.299276
EVT0035252,BMW00948,WBA00000000000948,2026-05-03 09:35:00,52.18,51.28,29.14,26.406696,78.608465
EVT0045620,BMW00964,WBA00000000000964,2026-06-08 09:35:00,12.3,3.32,6.38,45.358858,-17.563389
EVT0042935,BMW00233,WBA00000000000233,2026-05-30 01:50:00,96.0,64.85,37.57,13.184986,-102.218878
EVT0070855,BMW00101,WBA00000000000101,2026-09-04 00:30:00,99.94,89.48,31.6,23.406783,147.953014
EVT0018492,BMW00903,WBA00000000000903,2026-03-06 04:55:00,77.02,36.09,54.88,41.601921,11.601001
EVT0089461,BMW00385,WBA00000000000385,2026-11-07 15:00:00,20.45,77.24,30.42,8.845351,-57.794523
EVT0014864,BMW00681,WBA00000000000681,2026-02-21 14:35:00,11.7,31.83,48.15,32.89456,11.866245
EVT0024811,BMW00757,WBA00000000000757,2026-03-28 03:30:00,44.66,46.7,26.76,40.428202,-22.490155
EVT0046212,BMW00410,WBA00000000000410,2026-06-10 10:55:00,77.3,1.79,10.96,54.897254,31.765848
EVT0091942,BMW00699,WBA00000000000699,2026-11-16 05:45:00,32.87,33.51,-4.35,22.326989,145.644226
EVT0006393,BMW00176,WBA00000000000176,2026-01-23 04:40:00,43.9,127.36,-4.65,9.699607,76.872176
EVT0071959,BMW00673,WBA00000000000673,2026-09-07 20:30:00,46.74,92.27,-5.6,47.901266,62.87574
EVT0016021,BMW00039,WBA00000000000039,2026-02-25 15:00:00,70.4,73.72,-3.02,45.435999,144.98816
EVT0055674,BMW00857,WBA00000000000857,2026-07-13 07:25:00,27.49,133.33,38.42,46.551447,-7.511654
EVT0009701,BMW00082,WBA00000000000082,2026-02-03 16:20:00,29.65,149.67,38.01,37.910276,-104.288087
EVT0094794,BMW00181,WBA00000000000181,2026-11-26 03:25:00,61.35,54.9,31.25,41.500234,-5.499716
EVT0024231,BMW00368,WBA00000000000368,2026-03-26 03:10:00,36.89,156.8,42.68,10.151958,20.852238
EVT0032751,BMW00316,WBA00000000000316,2026-04-24 17:10:00,53.43,9.3,40.43,8.652867,101.36743
EVT0009329,BMW00022,WBA00000000000022,2026-02-02 09:20:00,85.71,85.25,15.47,10.074432,110.133389
EVT0049846,BMW00373,WBA00000000000373,2026-06-23 01:45:00,63.32,106.05,53.43,36.558674,-91.140134
EVT0092468,BMW00473,WBA00000000000473,2026-11-18 01:35:00,59.35,96.45,50.84,14.246767,-68.137399
EVT0025463,BMW00736,WBA00000000000736,2026-03-30 09:50:00,64.54,35.43,17.52,10.077795,98.471043
EVT0079926,BMW00058,WBA00000000000058,2026-10-05 12:25:00,46.68,42.69,29.78,17.606657,17.570984
EVT0075200,BMW00831,WBA00000000000831,2026-09-19 02:35:00,30.08,138.24,0.11,52.437495,3.068703
EVT0034711,BMW00287,WBA00000000000287,2026-05-01 12:30:00,26.75,145.81,24.19,23.761688,57.651467
EVT0098497,BMW00968,WBA00000000000968,2026-12-09 00:00:00,70.74,140.99,19.35,8.395131,-96.183195
EVT0027546,BMW00076,WBA00000000000076,2026-04-06 15:25:00,89.81,80.27,44.64,50.087847,-51.755453
EVT0038488,BMW00794,WBA00000000000794,2026-05-14 15:15:00,52.09,47.49,-3.91,34.365027,1.408622
EVT0025886,BMW00701,WBA00000000000701,2026-03-31 21:05:00,28.9,111.47,-4.83,23.591871,0.085259
EVT0014244,BMW00733,WBA00000000000733,2026-02-19 10:55:00,51.57,106.22,33.14,38.935183,-70.097096
EVT0089020,BMW00622,WBA00000000000622,2026-11-06 02:15:00,19.63,81.16,-4.92,19.586507,-26.828965
EVT0009463,BMW00096,WBA00000000000096,2026-02-02 20:30:00,44.63,142.88,-2.16,49.935286,-72.096434
EVT0011023,BMW00557,WBA00000000000557,2026-02-08 06:30:00,34.43,114.88,36.28,22.46749,-7.851205
EVT0068561,BMW00746,WBA00000000000746,2026-08-27 01:20:00,12.11,101.94,7.05,24.484875,139.073647
EVT0064259,BMW00475,WBA00000000000475,2026-08-12 02:50:00,57.92,9.7,-1.49,17.682521,109.892065
EVT0063469,BMW00254,WBA00000000000254,2026-08-09 09:00:00,51.86,30.96,46.83,36.047047,-81.934883
EVT0036061,BMW00040,WBA00000000000040,2026-05-06 05:00:00,49.31,148.13,53.12,44.762102,53.793846
EVT0023217,BMW00173,WBA00000000000173,2026-03-22 14:40:00,59.73,74.75,13.32,21.43285,38.488244
EVT0033031,BMW00761,WBA00000000000761,2026-04-25 16:30:00,29.98,134.26,46.33,44.964342,129.096744
EVT0051717,BMW00484,WBA00000000000484,2026-06-29 13:40:00,10.14,86.78,8.33,43.771554,-4.968364
EVT0072545,BMW00049,WBA00000000000049,2026-09-09 21:20:00,24.29,26.42,35.55,27.941832,1.608328
EVT0007141,BMW00334,WBA00000000000334,2026-01-25 19:00:00,71.17,133.79,52.26,27.137712,-92.536347
EVT0034944,BMW00839,WBA00000000000839,2026-05-02 07:55:00,14.41,69.26,17.72,36.687558,17.227963
EVT0004786,BMW00443,WBA00000000000443,2026-01-17 14:45:00,44.44,44.1,42.86,52.728275,35.284279
EVT0058134,BMW00068,WBA00000000000068,2026-07-21 20:25:00,75.57,137.69,10.09,23.630984,33.040051
EVT0049683,BMW00384,WBA00000000000384,2026-06-22 12:10:00,65.16,82.08,40.75,34.705921,-48.616763
EVT0005752,BMW00682,WBA00000000000682,2026-01-20 23:15:00,32.28,81.06,34.84,15.063653,-41.007586
EVT0029242,BMW00348,WBA00000000000348,2026-04-12 12:45:00,15.41,35.31,-3.04,22.131187,-21.138614
EVT0026960,BMW00980,WBA00000000000980,2026-04-04 14:35:00,80.38,153.87,16.22,34.64161,37.47116
EVT0036578,BMW00979,WBA00000000000979,2026-05-08 00:05:00,53.88,76.32,10.77,27.775868,136.248088
EVT0083935,BMW00231,WBA00000000000231,2026-10-19 10:30:00,70.71,40.87,29.6,24.882533,-20.751572
EVT0024369,BMW00498,WBA00000000000498,2026-03-26 14:40:00,68.36,67.67,24.52,16.219119,77.629324
EVT0078240,BMW00794,WBA00000000000794,2026-09-29 15:55:00,37.9,70.78,14.85,30.89752,146.63942
EVT0022698,BMW00877,WBA00000000000877,2026-03-20 19:25:00,34.82,82.86,40.51,17.042879,28.56839
EVT0040920,BMW00913,WBA00000000000913,2026-05-23 01:55:00,32.75,6.51,-8.75,40.530925,46.128964
EVT0069025,BMW00279,WBA00000000000279,2026-08-28 16:00:00,63.01,34.55,6.51,13.809643,-84.253665
EVT0037164,BMW00725,WBA00000000000725,2026-05-10 00:55:00,83.08,124.45,6.29,31.457011,-34.522344
EVT0039711,BMW00772,WBA00000000000772,2026-05-18 21:10:00,36.24,108.05,22.17,21.111798,90.945807
EVT0043734,BMW00153,WBA00000000000153,2026-06-01 20:25:00,62.59,125.39,40.05,43.963325,-72.12381
EVT0030609,BMW00380,WBA00000000000380,2026-04-17 06:40:00,61.41,13.43,-9.34,9.026179,60.535601
EVT0064389,BMW00080,WBA00000000000080,2026-08-12 13:40:00,39.35,104.59,8.72,50.929377,-117.005221
EVT0076042,BMW00828,WBA00000000000828,2026-09-22 00:45:00,28.64,91.13,21.74,27.862345,138.442756
EVT0090713,BMW00770,WBA00000000000770,2026-11-11 23:20:00,40.31,145.47,38.33,23.28353,58.588916
EVT0086849,BMW00752,WBA00000000000752,2026-10-29 13:20:00,74.21,60.53,46.36,32.459649,-113.096201
EVT0062545,BMW00742,WBA00000000000742,2026-08-06 04:00:00,78.95,104.16,2.12,48.970798,107.292557
EVT0049325,BMW00567,WBA00000000000567,2026-06-21 06:20:00,26.35,79.81,54.57,23.304776,24.95012
EVT0020731,BMW00659,WBA00000000000659,2026-03-13 23:30:00,93.7,7.51,48.93,44.154164,-67.078899
EVT0053380,BMW00620,WBA00000000000620,2026-07-05 08:15:00,46.57,134.03,42.9,35.826266,-32.457784
EVT0015985,BMW00286,WBA00000000000286,2026-02-25 12:00:00,72.42,18.69,33.88,42.958844,98.18633
EVT0074690,BMW00259,WBA00000000000259,2026-09-17 08:05:00,57.65,127.79,38.45,38.46193,30.947492
EVT0052321,BMW00525,WBA00000000000525,2026-07-01 16:00:00,73.62,17.7,19.05,34.029462,69.888948
EVT0045910,BMW00008,WBA00000000000008,2026-06-09 09:45:00,34.01,42.8,2.8,33.667761,149.207722
EVT0003529,BMW00929,WBA00000000000929,2026-01-13 06:00:00,19.45,37.53,42.76,49.057951,113.018119
EVT0025783,BMW00266,WBA00000000000266,2026-03-31 12:30:00,40.99,9.47,20.68,39.628083,114.976861
EVT0001275,BMW00563,WBA00000000000563,2026-01-05 10:10:00,77.69,108.23,28.1,33.299345,49.009306
EVT0030773,BMW00486,WBA00000000000486,2026-04-17 20:20:00,82.01,80.34,17.71,47.070636,145.317851
EVT0084270,BMW00626,WBA00000000000626,2026-10-20 14:25:00,20.27,43.56,50.76,44.80144,-51.464588
EVT0000944,BMW00651,WBA00000000000651,2026-01-04 06:35:00,31.82,68.04,-8.08,36.127348,43.283474
EVT0024263,BMW00811,WBA00000000000811,2026-03-26 05:50:00,54.02,122.83,43.62,47.661269,-72.116457
EVT0086682,BMW00892,WBA00000000000892,2026-10-28 23:25:00,99.08,61.77,46.46,37.007795,36.165908
EVT0086416,BMW00913,WBA00000000000913,2026-10-28 01:15:00,65.32,105.79,28.32,10.778048,-86.045704
EVT0006363,BMW00524,WBA00000000000524,2026-01-23 02:10:00,58.68,123.36,10.25,49.269752,0.096991
EVT0002359,BMW00878,WBA00000000000878,2026-01-09 04:30:00,32.18,46.84,24.48,54.490931,5.851927
EVT0080255,BMW00391,WBA00000000000391,2026-10-06 15:50:00,36.98,93.68,8.05,37.8303,137.464925
EVT0008018,BMW00589,WBA00000000000589,2026-01-28 20:05:00,74.46,87.6,30.92,38.014366,-89.753707
EVT0062435,BMW00212,WBA00000000000212,2026-08-05 18:50:00,22.63,135.55,8.62,13.569988,-12.54425
EVT0048274,BMW00801,WBA00000000000801,2026-06-17 14:45:00,19.45,109.06,6.27,19.570529,90.116989
EVT0007834,BMW00450,WBA00000000000450,2026-01-28 04:45:00,42.83,51.36,6.56,36.765168,3.028145
EVT0039770,BMW00953,WBA00000000000953,2026-05-19 02:05:00,17.36,7.25,4.07,53.437579,-84.854277
EVT0074714,BMW00818,WBA00000000000818,2026-09-17 10:05:00,67.55,35.83,27.18,21.945308,134.866717
EVT0003903,BMW00570,WBA00000000000570,2026-01-14 13:10:00,50.33,134.77,47.36,33.353212,-76.204632
EVT0025560,BMW00977,WBA00000000000977,2026-03-30 17:55:00,96.85,39.69,22.11,22.197551,9.809943
EVT0038301,BMW00590,WBA00000000000590,2026-05-13 23:40:00,60.04,88.73,51.85,17.843655,76.929061
EVT0010522,BMW00352,WBA00000000000352,2026-02-06 12:45:00,74.89,20.64,48.01,39.098794,-57.790179
EVT0065194,BMW00534,WBA00000000000534,2026-08-15 08:45:00,23.11,113.66,-0.43,45.955336,92.495847
EVT0030518,BMW00244,WBA00000000000244,2026-04-16 23:05:00,25.7,20.05,37.34,37.677412,-35.440193
EVT0045568,BMW00078,WBA00000000000078,2026-06-08 05:15:00,15.28,134.01,25.31,26.204241,-34.798748
EVT0068678,BMW00838,WBA00000000000838,2026-08-27 11:05:00,31.34,34.67,0.85,53.386437,132.936417
EVT0031097,BMW00214,WBA00000000000214,2026-04-18 23:20:00,34.59,105.74,25.47,23.494325,-116.595605
EVT0064308,BMW00236,WBA00000000000236,2026-08-12 06:55:00,53.33,113.53,16.53,41.935468,17.899273
EVT0035119,BMW00650,WBA00000000000650,2026-05-02 22:30:00,63.67,27.0,3.29,42.189673,103.726674
EVT0085133,BMW00315,WBA00000000000315,2026-10-23 14:20:00,88.17,25.95,50.43,23.29806,96.730575
EVT0058622,BMW00221,WBA00000000000221,2026-07-23 13:05:00,69.73,39.59,5.95,41.657324,99.091295
EVT0066664,BMW00361,WBA00000000000361,2026-08-20 11:15:00,25.82,27.49,38.24,16.939714,-112.132182
EVT0058153,BMW00363,WBA00000000000363,2026-07-21 22:00:00,59.65,66.73,24.97,51.756778,72.082624
EVT0089656,BMW00483,WBA00000000000483,2026-11-08 07:15:00,84.94,71.43,17.17,40.863093,37.466525
EVT0065145,BMW00676,WBA00000000000676,2026-08-15 04:40:00,52.39,134.6,15.71,30.867722,-13.468492
EVT0005125,BMW00907,WBA00000000000907,2026-01-18 19:00:00,51.03,142.35,43.68,46.066508,-23.3805
EVT0098465,BMW00427,WBA00000000000427,2026-12-08 21:20:00,45.38,39.88,-1.53,52.097981,-82.60714
EVT0040683,BMW00677,WBA00000000000677,2026-05-22 06:10:00,92.47,44.48,16.28,48.268598,106.856474
EVT0086238,BMW00639,WBA00000000000639,2026-10-27 10:25:00,98.74,78.44,14.29,25.984579,143.940465
EVT0037066,BMW00067,WBA00000000000067,2026-05-09 16:45:00,43.87,54.96,26.79,38.512298,20.270204
EVT0056904,BMW00852,WBA00000000000852,2026-07-17 13:55:00,30.18,1.57,54.06,51.750398,24.379999
EVT0022271,BMW00490,WBA00000000000490,2026-03-19 07:50:00,14.09,87.21,3.32,9.197995,-12.989493
EVT0039382,BMW00679,WBA00000000000679,2026-05-17 17:45:00,58.2,128.86,21.38,44.521949,3.642949
EVT0002247,BMW00148,WBA00000000000148,2026-01-08 19:10:00,68.75,89.23,45.24,35.487966,14.452634
EVT0036018,BMW00841,WBA00000000000841,2026-05-06 01:25:00,94.67,21.15,30.35,45.962399,102.680826
EVT0084638,BMW00766,WBA00000000000766,2026-10-21 21:05:00,74.43,93.43,-2.21,32.546068,-114.587207
EVT0069676,BMW00081,WBA00000000000081,2026-08-30 22:15:00,96.27,103.25,-0.19,50.675474,-49.571218
EVT0083936,BMW00687,WBA00000000000687,2026-10-19 10:35:00,76.21,126.38,54.89,43.567436,-0.653135
EVT0001896,BMW00757,WBA00000000000757,2026-01-07 13:55:00,92.89,122.2,-3.05,12.829077,138.057895
EVT0016990,BMW00848,WBA00000000000848,2026-02-28 23:45:00,15.13,111.9,51.91,23.732664,2.305894
EVT0036491,BMW00364,WBA00000000000364,2026-05-07 16:50:00,46.39,58.61,1.07,32.581089,118.34845
EVT0089846,BMW00357,WBA00000000000357,2026-11-08 23:05:00,10.83,32.78,50.9,14.092037,98.690458
EVT0079048,BMW00825,WBA00000000000825,2026-10-02 11:15:00,14.38,146.73,44.1,38.92298,145.676331
EVT0088639,BMW00314,WBA00000000000314,2026-11-04 18:30:00,65.43,9.9,44.8,51.527509,105.546598
EVT0021197,BMW00532,WBA00000000000532,2026-03-15 14:20:00,33.81,149.25,-5.28,30.659801,95.925704
EVT0005828,BMW00189,WBA00000000000189,2026-01-21 05:35:00,46.38,3.55,47.01,54.032823,101.930488
EVT0044632,BMW00011,WBA00000000000011,2026-06-04 23:15:00,78.2,115.58,39.66,37.907997,-45.109222
EVT0089024,BMW00130,WBA00000000000130,2026-11-06 02:35:00,54.97,45.65,53.52,43.235961,115.500898
EVT0070224,BMW00113,WBA00000000000113,2026-09-01 19:55:00,75.65,137.66,1.37,35.198003,-20.770728
EVT0062656,BMW00683,WBA00000000000683,2026-08-06 13:15:00,53.47,51.7,1.6,49.654768,146.334249
EVT0000093,BMW00047,WBA00000000000047,2026-01-01 07:40:00,26.22,64.1,53.38,15.321982,-59.965725
EVT0065243,BMW00694,WBA00000000000694,2026-08-15 12:50:00,54.67,23.5,45.61,18.479069,1.518964
EVT0014733,BMW00576,WBA00000000000576,2026-02-21 03:40:00,39.99,146.82,24.93,37.571692,90.961995
EVT0035200,BMW00355,WBA00000000000355,2026-05-03 05:15:00,69.37,39.93,-4.74,36.883831,10.236436
EVT0092906,BMW00176,WBA00000000000176,2026-11-19 14:05:00,43.84,111.65,18.59,53.760755,-3.33855
EVT0029880,BMW00876,WBA00000000000876,2026-04-14 17:55:00,80.34,71.47,3.09,44.272543,-16.322162
EVT0089747,BMW00076,WBA00000000000076,2026-11-08 14:50:00,26.11,119.65,51.78,41.275752,-16.901945
EVT0027414,BMW00952,WBA00000000000952,2026-04-06 04:25:00,36.04,103.3,9.88,38.533751,104.22358
EVT0025117,BMW00994,WBA00000000000994,2026-03-29 05:00:00,59.75,31.76,45.8,32.373569,142.301113
EVT0054244,BMW00004,WBA00000000000004,2026-07-08 08:15:00,97.83,1.38,13.2,22.268775,84.997492
EVT0041753,BMW00061,WBA00000000000061,2026-05-25 23:20:00,85.64,21.1,5.7,44.35972,-75.281543
EVT0023904,BMW00912,WBA00000000000912,2026-03-24 23:55:00,55.84,35.7,36.09,37.817572,10.852249
EVT0017996,BMW00989,WBA00000000000989,2026-03-04 11:35:00,88.27,39.56,26.73,47.407106,97.23148
EVT0092452,BMW00345,WBA00000000000345,2026-11-18 00:15:00,41.88,121.03,27.47,21.775951,-78.829859
EVT0055646,BMW00062,WBA00000000000062,2026-07-13 05:05:00,31.36,118.6,51.25,46.607934,131.992548
EVT0093604,BMW00137,WBA00000000000137,2026-11-22 00:15:00,78.86,38.97,11.58,48.345229,-28.330361
EVT0035127,BMW00875,WBA00000000000875,2026-05-02 23:10:00,96.86,72.08,29.35,26.763505,21.563072
EVT0045355,BMW00587,WBA00000000000587,2026-06-07 11:30:00,83.42,69.52,3.14,40.927234,49.263037
EVT0088269,BMW00218,WBA00000000000218,2026-11-03 11:40:00,36.53,127.76,3.46,53.522741,-116.78958
EVT0011679,BMW00408,WBA00000000000408,2026-02-10 13:10:00,71.6,144.76,3.64,28.627408,-89.021273
EVT0065715,BMW00007,WBA00000000000007,2026-08-17 04:10:00,54.44,40.29,44.56,31.421817,-52.943758
EVT0036250,BMW00536,WBA00000000000536,2026-05-06 20:45:00,13.31,50.65,49.83,29.602437,-63.184396
EVT0041785,BMW00753,WBA00000000000753,2026-05-26 02:00:00,12.7,83.44,40.64,39.123335,-54.33223
EVT0001112,BMW00496,WBA00000000000496,2026-01-04 20:35:00,89.76,48.3,7.5,11.687472,106.447258
EVT0086951,BMW00440,WBA00000000000440,2026-10-29 21:50:00,65.25,144.65,-1.13,31.917409,-100.512219
EVT0082611,BMW00442,WBA00000000000442,2026-10-14 20:10:00,93.41,159.86,2.71,28.082593,31.075122
EVT0058408,BMW00041,WBA00000000000041,2026-07-22 19:15:00,85.17,153.57,13.63,47.686148,36.947134
EVT0039809,BMW00135,WBA00000000000135,2026-05-19 05:20:00,29.88,11.37,52.01,39.274052,40.658037
EVT0023396,BMW00314,WBA00000000000314,2026-03-23 05:35:00,82.24,96.38,54.88,52.256075,-72.04941
EVT0080511,BMW00379,WBA00000000000379,2026-10-07 13:10:00,50.08,159.1,6.58,44.273567,149.07577
EVT0020010,BMW00577,WBA00000000000577,2026-03-11 11:25:00,45.07,94.75,3.71,8.984805,56.574429
EVT0096669,BMW00398,WBA00000000000398,2026-12-02 15:40:00,32.72,119.21,49.75,23.381628,63.549889
EVT0041880,BMW00576,WBA00000000000576,2026-05-26 09:55:00,81.71,35.08,19.04,45.309004,-84.472794
EVT0006224,BMW00711,WBA00000000000711,2026-01-22 14:35:00,34.45,122.93,-1.13,45.448842,65.592235
EVT0038017,BMW00285,WBA00000000000285,2026-05-13 00:00:00,75.22,48.12,49.96,44.57638,109.688549
EVT0004757,BMW00322,WBA00000000000322,2026-01-17 12:20:00,36.44,141.25,51.99,46.045556,118.837916
EVT0007785,BMW00986,WBA00000000000986,2026-01-28 00:40:00,17.03,48.7,4.74,18.971039,49.945398
EVT0017949,BMW00257,WBA00000000000257,2026-03-04 07:40:00,31.43,134.24,48.42,8.476006,71.005713
EVT0060417,BMW00692,WBA00000000000692,2026-07-29 18:40:00,12.08,135.37,10.46,35.558289,90.639744
EVT0029870,BMW00281,WBA00000000000281,2026-04-14 17:05:00,61.92,140.21,-8.76,30.060842,-50.830254
EVT0075861,BMW00849,WBA00000000000849,2026-09-21 09:40:00,56.73,157.12,16.56,54.964481,-27.003269
EVT0022334,BMW00579,WBA00000000000579,2026-03-19 13:05:00,96.18,142.14,-0.82,49.245841,-22.68354
EVT0015923,BMW00707,WBA00000000000707,2026-02-25 06:50:00,74.11,93.23,9.45,19.199009,138.408558
EVT0048227,BMW00553,WBA00000000000553,2026-06-17 10:50:00,26.03,157.96,3.22,26.993616,111.808294
EVT0031781,BMW00075,WBA00000000000075,2026-04-21 08:20:00,43.59,66.88,-9.47,27.787117,-117.9849
EVT0035910,BMW00159,WBA00000000000159,2026-05-05 16:25:00,95.05,61.47,2.35,36.187037,-1.455007
EVT0085969,BMW00696,WBA00000000000696,2026-10-26 12:00:00,52.21,146.48,20.66,31.402979,3.315892
EVT0004107,BMW00474,WBA00000000000474,2026-01-15 06:10:00,62.78,101.57,32.33,33.512101,-81.793194
EVT0091167,BMW00107,WBA00000000000107,2026-11-13 13:10:00,58.04,124.37,7.04,35.864074,82.944692
EVT0047601,BMW00359,WBA00000000000359,2026-06-15 06:40:00,78.26,88.18,51.35,11.566374,118.007057
EVT0014537,BMW00397,WBA00000000000397,2026-02-20 11:20:00,80.02,76.29,40.01,15.917644,87.907493
EVT0012197,BMW00659,WBA00000000000659,2026-02-12 08:20:00,15.09,97.92,16.65,53.263391,-99.544725
EVT0091253,BMW00912,WBA00000000000912,2026-11-13 20:20:00,15.62,49.94,35.98,16.532254,134.849582
EVT0029424,BMW00792,WBA00000000000792,2026-04-13 03:55:00,98.13,123.8,46.42,46.059861,-86.228766
EVT0099177,BMW00947,WBA00000000000947,2026-12-11 08:40:00,61.75,140.49,22.72,19.394438,50.474566
EVT0067226,BMW00536,WBA00000000000536,2026-08-22 10:05:00,86.96,65.06,41.59,10.136255,124.952169
EVT0045652,BMW00654,WBA00000000000654,2026-06-08 12:15:00,84.8,68.36,8.39,26.705465,105.179456
EVT0022431,BMW00270,WBA00000000000270,2026-03-19 21:10:00,83.73,7.26,41.01,10.136981,76.851021
EVT0044752,BMW00892,WBA00000000000892,2026-06-05 09:15:00,27.31,91.91,-5.43,46.935728,-104.47814
EVT0099936,BMW00158,WBA00000000000158,2026-12-13 23:55:00,58.87,32.89,48.69,12.583359,24.256793
EVT0048561,BMW00805,WBA00000000000805,2026-06-18 14:40:00,90.49,144.44,9.29,37.666061,126.568211
EVT0062882,BMW00327,WBA00000000000327,2026-08-07 08:05:00,80.08,66.39,-0.33,45.33923,-42.86563
EVT0077079,BMW00615,WBA00000000000615,2026-09-25 15:10:00,19.19,101.21,27.16,38.832679,21.933709
EVT0034347,BMW00992,WBA00000000000992,2026-04-30 06:10:00,27.95,6.99,-5.93,47.092229,25.811482
EVT0065241,BMW00541,WBA00000000000541,2026-08-15 12:40:00,13.66,61.6,25.31,13.141842,-106.535314
EVT0041681,BMW00714,WBA00000000000714,2026-05-25 17:20:00,32.69,86.06,-1.78,32.874503,-116.581962
EVT0006784,BMW00589,WBA00000000000589,2026-01-24 13:15:00,45.52,148.68,31.46,49.89817,-93.121429
EVT0085983,BMW00920,WBA00000000000920,2026-10-26 13:10:00,96.98,85.89,9.7,27.139243,89.059147
EVT0088800,BMW00424,WBA00000000000424,2026-11-05 07:55:00,45.18,157.49,-7.74,18.865243,-10.849744
EVT0079026,BMW00567,WBA00000000000567,2026-10-02 09:25:00,43.6,108.75,-4.72,31.599897,12.253095
EVT0048698,BMW00311,WBA00000000000311,2026-06-19 02:05:00,33.47,107.83,-5.61,27.454226,99.468187
EVT0073380,BMW00459,WBA00000000000459,2026-09-12 18:55:00,69.31,139.34,11.29,52.702878,-60.064014
EVT0021086,BMW00108,WBA00000000000108,2026-03-15 05:05:00,64.77,18.75,18.98,30.48366,-52.128674
EVT0005986,BMW00238,WBA00000000000238,2026-01-21 18:45:00,51.41,11.95,26.79,9.970312,-59.037764
EVT0091614,BMW00806,WBA00000000000806,2026-11-15 02:25:00,41.48,20.53,-4.64,16.141701,58.338574
EVT0012384,BMW00327,WBA00000000000327,2026-02-12 23:55:00,82.1,149.43,39.47,41.095896,67.78475
EVT0088016,BMW00359,WBA00000000000359,2026-11-02 14:35:00,11.51,22.01,-8.05,50.193622,121.263167
EVT0023391,BMW00251,WBA00000000000251,2026-03-23 05:10:00,57.97,112.41,49.9,50.027802,51.110523
EVT0089840,BMW00381,WBA00000000000381,2026-11-08 22:35:00,28.03,149.39,31.9,25.946328,118.040358
EVT0021232,BMW00836,WBA00000000000836,2026-03-15 17:15:00,56.72,122.81,47.34,20.401515,133.945611
EVT0056709,BMW00530,WBA00000000000530,2026-07-16 21:40:00,82.6,133.33,51.12,31.041334,60.489856
EVT0040613,BMW00497,WBA00000000000497,2026-05-22 00:20:00,65.51,1.77,11.94,41.708622,107.674021
EVT0045804,BMW00902,WBA00000000000902,2026-06-09 00:55:00,74.12,11.11,6.89,27.301521,50.199301
EVT0063112,BMW00803,WBA00000000000803,2026-08-08 03:15:00,32.5,40.98,37.23,33.119049,103.964965
EVT0045137,BMW00760,WBA00000000000760,2026-06-06 17:20:00,78.54,23.67,32.7,12.415091,65.78378
EVT0084704,BMW00960,WBA00000000000960,2026-10-22 02:35:00,57.76,55.33,23.7,35.631741,-103.18622
EVT0057597,BMW00193,WBA00000000000193,2026-07-19 23:40:00,30.21,61.96,49.78,15.147729,83.552839
EVT0092974,BMW00900,WBA00000000000900,2026-11-19 19:45:00,24.68,148.29,32.34,50.300002,-86.306338
EVT0002245,BMW00729,WBA00000000000729,2026-01-08 19:00:00,14.7,80.38,10.4,36.361685,-35.461273
EVT0001102,BMW00887,WBA00000000000887,2026-01-04 19:45:00,76.18,13.3,-5.52,37.43628,-100.556429
EVT0081371,BMW00218,WBA00000000000218,2026-10-10 12:50:00,77.55,17.94,37.31,50.389426,74.887012
EVT0092538,BMW00946,WBA00000000000946,2026-11-18 07:25:00,44.62,99.14,4.01,33.728149,91.805315
EVT0092674,BMW00147,WBA00000000000147,2026-11-18 18:45:00,62.89,61.65,37.82,35.00184,102.709328
EVT0048421,BMW00410,WBA00000000000410,2026-06-18 03:00:00,63.78,95.16,30.17,40.588902,-37.97475
EVT0067422,BMW00068,WBA00000000000068,2026-08-23 02:25:00,64.33,26.32,41.3,52.100862,30.447413
EVT0068597,BMW00731,WBA00000000000731,2026-08-27 04:20:00,74.14,134.88,31.84,8.883062,92.134029
EVT0027298,BMW00248,WBA00000000000248,2026-04-05 18:45:00,32.75,72.41,54.48,11.09524,-112.552641
EVT0032613,BMW00913,WBA00000000000913,2026-04-24 05:40:00,53.59,105.27,31.07,27.623093,15.700346
EVT0045008,BMW00444,WBA00000000000444,2026-06-06 06:35:00,59.52,119.56,47.24,11.582575,73.717469
EVT0003644,BMW00551,WBA00000000000551,2026-01-13 15:35:00,10.34,48.01,26.53,43.241688,127.696879
EVT0017749,BMW00844,WBA00000000000844,2026-03-03 15:00:00,96.86,84.91,41.9,27.599418,103.069293
EVT0079479,BMW00435,WBA00000000000435,2026-10-03 23:10:00,27.95,41.91,2.75,8.158458,-75.884881
EVT0093504,BMW00191,WBA00000000000191,2026-11-21 15:55:00,40.08,43.21,-8.76,15.760685,126.182424
EVT0066272,BMW00691,WBA00000000000691,2026-08-19 02:35:00,81.31,63.0,-7.17,27.481603,68.257385
EVT0014025,BMW00134,WBA00000000000134,2026-02-18 16:40:00,60.16,130.39,52.27,49.819287,-108.007263
EVT0093543,BMW00733,WBA00000000000733,2026-11-21 19:10:00,62.51,96.24,52.23,27.610776,-0.713907
EVT0082941,BMW00582,WBA00000000000582,2026-10-15 23:40:00,63.0,121.33,52.33,34.553308,87.753479
EVT0051427,BMW00022,WBA00000000000022,2026-06-28 13:30:00,95.1,21.9,2.36,23.909568,-47.281843
EVT0024141,BMW00081,WBA00000000000081,2026-03-25 19:40:00,34.08,13.83,3.42,21.79294,-117.754751
EVT0074841,BMW00338,WBA00000000000338,2026-09-17 20:40:00,14.44,90.53,13.87,40.853705,-74.933073
EVT0021174,BMW00357,WBA00000000000357,2026-03-15 12:25:00,73.54,129.27,19.05,46.296877,125.886019
EVT0069927,BMW00923,WBA00000000000923,2026-08-31 19:10:00,16.15,12.04,50.45,44.98963,-62.409456
EVT0026917,BMW00204,WBA00000000000204,2026-04-04 11:00:00,13.73,97.69,33.97,52.996686,-118.385703
EVT0017668,BMW00416,WBA00000000000416,2026-03-03 08:15:00,95.31,115.25,34.55,22.364081,-23.247572
EVT0095748,BMW00909,WBA00000000000909,2026-11-29 10:55:00,47.2,87.5,21.2,18.543545,61.290627
EVT0023876,BMW00699,WBA00000000000699,2026-03-24 21:35:00,81.6,132.36,5.79,20.025509,-61.086517
EVT0020336,BMW00698,WBA00000000000698,2026-03-12 14:35:00,71.08,149.43,26.81,20.544389,45.495206
EVT0018800,BMW00952,WBA00000000000952,2026-03-07 06:35:00,94.44,16.01,-9.49,18.730006,2.778068
EVT0041478,BMW00897,WBA00000000000897,2026-05-25 00:25:00,79.32,104.12,37.25,17.981163,62.196725
EVT0016659,BMW00933,WBA00000000000933,2026-02-27 20:10:00,94.83,77.26,23.15,17.240508,-86.463777
EVT0076788,BMW00967,WBA00000000000967,2026-09-24 14:55:00,95.37,49.13,28.21,26.995235,94.353596
EVT0012938,BMW00913,WBA00000000000913,2026-02-14 22:05:00,53.27,86.37,52.68,44.267671,-28.95079
EVT0076412,BMW00937,WBA00000000000937,2026-09-23 07:35:00,56.19,68.5,28.98,27.731839,65.307598
EVT0077071,BMW00410,WBA00000000000410,2026-09-25 14:30:00,92.2,108.87,20.3,35.366598,33.802645
EVT0019637,BMW00040,WBA00000000000040,2026-03-10 04:20:00,24.67,13.82,3.09,34.471397,-99.685042
EVT0094058,BMW00558,WBA00000000000558,2026-11-23 14:05:00,47.25,81.8,28.78,28.069304,132.447079
EVT0086557,BMW00014,WBA00000000000014,2026-10-28 13:00:00,16.48,9.93,26.33,47.363158,-32.608181
EVT0036218,BMW00067,WBA00000000000067,2026-05-06 18:05:00,15.45,74.49,21.84,25.10327,-38.912851
EVT0022910,BMW00974,WBA00000000000974,2026-03-21 13:05:00,92.09,16.11,15.61,24.910933,134.577971
EVT0022684,BMW00599,WBA00000000000599,2026-03-20 18:15:00,78.52,48.86,46.41,33.035303,-107.256155
EVT0071068,BMW00450,WBA00000000000450,2026-09-04 18:15:00,79.71,120.16,22.13,36.995328,-75.035443
EVT0011672,BMW00685,WBA00000000000685,2026-02-10 12:35:00,10.72,65.48,52.77,45.326456,-48.410104
EVT0005972,BMW00913,WBA00000000000913,2026-01-21 17:35:00,93.39,122.62,2.59,45.345827,57.84076
EVT0024558,BMW00919,WBA00000000000919,2026-03-27 06:25:00,29.84,155.56,-4.84,52.254091,111.47696
EVT0076956,BMW00875,WBA00000000000875,2026-09-25 04:55:00,78.87,137.19,23.51,30.25127,22.168729
EVT0054320,BMW00801,WBA00000000000801,2026-07-08 14:35:00,15.86,145.79,-9.94,33.316627,135.720628
EVT0060558,BMW00883,WBA00000000000883,2026-07-30 06:25:00,13.97,110.55,52.21,36.747417,-53.192582
EVT0079551,BMW00691,WBA00000000000691,2026-10-04 05:10:00,81.53,6.28,-5.99,16.302742,26.049725
EVT0018116,BMW00962,WBA00000000000962,2026-03-04 21:35:00,40.01,12.03,53.28,45.719352,-102.069768
EVT0032217,BMW00110,WBA00000000000110,2026-04-22 20:40:00,12.53,141.25,13.28,15.535249,88.869524
EVT0078492,BMW00709,WBA00000000000709,2026-09-30 12:55:00,65.86,1.94,50.53,44.924966,26.898756
EVT0027159,BMW00664,WBA00000000000664,2026-04-05 07:10:00,96.9,78.51,51.52,25.730125,-9.440119
EVT0089959,BMW00704,WBA00000000000704,2026-11-09 08:30:00,37.88,120.43,-7.9,9.002375,-81.184272
EVT0034348,BMW00220,WBA00000000000220,2026-04-30 06:15:00,83.54,14.67,51.25,9.291212,-113.262352
EVT0012678,BMW00175,WBA00000000000175,2026-02-14 00:25:00,66.77,75.34,19.31,40.224464,-71.023881
EVT0022117,BMW00604,WBA00000000000604,2026-03-18 19:00:00,59.9,155.68,33.02,51.182606,94.942349
EVT0030880,BMW00768,WBA00000000000768,2026-04-18 05:15:00,20.54,156.01,10.64,35.809827,-94.411382
EVT0097632,BMW00895,WBA00000000000895,2026-12-05 23:55:00,34.73,115.59,-2.49,54.383126,81.197551
EVT0015966,BMW00796,WBA00000000000796,2026-02-25 10:25:00,56.31,32.77,21.56,26.726681,13.47995
EVT0065790,BMW00927,WBA00000000000927,2026-08-17 10:25:00,35.94,142.21,43.1,11.705945,134.75776
EVT0011274,BMW00554,WBA00000000000554,2026-02-09 03:25:00,32.25,62.86,-8.53,47.536199,-102.849427
EVT0052463,BMW00760,WBA00000000000760,2026-07-02 03:50:00,51.17,115.19,31.16,23.391306,58.063723
EVT0049610,BMW00079,WBA00000000000079,2026-06-22 06:05:00,89.11,83.08,-9.42,35.117871,-29.274225
EVT0098035,BMW00705,WBA00000000000705,2026-12-07 09:30:00,58.88,15.33,40.91,26.786586,-19.698476
EVT0010107,BMW00633,WBA00000000000633,2026-02-05 02:10:00,34.98,11.23,46.18,29.234055,-44.071624
EVT0073797,BMW00736,WBA00000000000736,2026-09-14 05:40:00,81.01,34.27,31.6,40.684187,-57.420134
EVT0053505,BMW00301,WBA00000000000301,2026-07-05 18:40:00,15.68,103.37,-3.99,17.761254,52.343938
EVT0078894,BMW00106,WBA00000000000106,2026-10-01 22:25:00,35.27,81.83,9.74,27.056616,-104.914406
EVT0069230,BMW00817,WBA00000000000817,2026-08-29 09:05:00,12.1,42.53,13.21,43.160034,-74.775093
EVT0059045,BMW00162,WBA00000000000162,2026-07-25 00:20:00,81.02,98.52,25.17,24.482607,22.030205
EVT0056978,BMW00499,WBA00000000000499,2026-07-17 20:05:00,17.44,87.66,42.05,54.428649,-57.961566
EVT0051416,BMW00969,WBA00000000000969,2026-06-28 12:35:00,42.34,16.96,19.58,15.403678,63.947999
EVT0069415,BMW00208,WBA00000000000208,2026-08-30 00:30:00,40.5,15.84,51.32,49.689297,-105.67299
EVT0091660,BMW00155,WBA00000000000155,2026-11-15 06:15:00,61.09,136.86,10.4,13.56531,-43.516229
EVT0047659,BMW00778,WBA00000000000778,2026-06-15 11:30:00,95.13,18.46,23.3,14.015732,91.811677
EVT0049496,BMW00418,WBA00000000000418,2026-06-21 20:35:00,71.96,80.86,41.26,54.602099,96.135074
EVT0013669,BMW00376,WBA00000000000376,2026-02-17 11:00:00,25.84,4.08,52.18,29.45311,68.369668
EVT0069255,BMW00640,WBA00000000000640,2026-08-29 11:10:00,99.47,33.82,50.85,43.102845,-31.637749
EVT0005508,BMW00805,WBA00000000000805,2026-01-20 02:55:00,38.92,67.09,6.1,50.932003,-41.159087
EVT0070474,BMW00996,WBA00000000000996,2026-09-02 16:45:00,96.97,36.97,14.49,47.632484,138.329513
EVT0014022,BMW00592,WBA00000000000592,2026-02-18 16:25:00,48.67,100.26,31.67,24.900587,123.697063
EVT0078429,BMW00181,WBA00000000000181,2026-09-30 07:40:00,65.22,103.68,37.85,15.281364,-71.468411
EVT0032544,BMW00433,WBA00000000000433,2026-04-23 23:55:00,66.21,97.15,39.72,22.443657,-14.33083
EVT0029014,BMW00798,WBA00000000000798,2026-04-11 17:45:00,37.36,47.09,21.64,21.902139,85.471661
EVT0082418,BMW00365,WBA00000000000365,2026-10-14 04:05:00,96.65,97.27,26.39,52.716843,3.471904
EVT0011307,BMW00520,WBA00000000000520,2026-02-09 06:10:00,16.05,134.5,31.02,44.175803,10.364911
EVT0000264,BMW00497,WBA00000000000497,2026-01-01 21:55:00,15.85,128.88,15.72,27.021739,-114.837351
EVT0012967,BMW00944,WBA00000000000944,2026-02-15 00:30:00,99.91,89.7,38.71,10.97933,50.638872
EVT0086833,BMW00967,WBA00000000000967,2026-10-29 12:00:00,93.08,54.63,17.46,10.54037,-75.97248
EVT0059562,BMW00493,WBA00000000000493,2026-07-26 19:25:00,62.06,98.71,18.76,34.701995,17.664491
EVT0090121,BMW00253,WBA00000000000253,2026-11-09 22:00:00,85.16,88.65,52.6,14.574339,-65.802957
EVT0080329,BMW00361,WBA00000000000361,2026-10-06 22:00:00,39.67,19.8,2.81,10.668055,-95.529821
EVT0088547,BMW00478,WBA00000000000478,2026-11-04 10:50:00,28.44,11.22,45.34,46.126294,-109.47125
EVT0073499,BMW00878,WBA00000000000878,2026-09-13 04:50:00,33.15,11.71,44.6,41.796061,-86.02387
EVT0014330,BMW00077,WBA00000000000077,2026-02-19 18:05:00,66.58,9.12,-4.97,52.572499,40.670307
EVT0078137,BMW00350,WBA00000000000350,2026-09-29 07:20:00,20.64,114.69,47.28,39.517919,-119.647355
EVT0042182,BMW00624,WBA00000000000624,2026-05-27 11:05:00,49.81,41.95,14.68,50.886606,54.318061
EVT0078245,BMW00674,WBA00000000000674,2026-09-29 16:20:00,15.38,132.42,18.04,22.634287,58.947403
EVT0071581,BMW00421,WBA00000000000421,2026-09-06 13:00:00,83.68,23.9,26.57,47.16225,-38.126689
EVT0019662,BMW00269,WBA00000000000269,2026-03-10 06:25:00,56.62,14.94,7.29,10.958042,-74.819353
EVT0002190,BMW00045,WBA00000000000045,2026-01-08 14:25:00,30.75,112.61,40.85,13.303655,-77.871428
EVT0008747,BMW00125,WBA00000000000125,2026-01-31 08:50:00,51.83,124.46,39.14,48.902199,-101.724719
EVT0070375,BMW00028,WBA00000000000028,2026-09-02 08:30:00,96.03,96.76,51.63,54.128065,0.834299
EVT0092899,BMW00904,WBA00000000000904,2026-11-19 13:30:00,13.72,99.81,-5.51,39.116089,-9.915796
EVT0010269,BMW00361,WBA00000000000361,2026-02-05 15:40:00,24.74,30.92,40.55,47.086109,-69.505824
EVT0050359,BMW00060,WBA00000000000060,2026-06-24 20:30:00,32.2,131.33,48.79,16.03191,-64.234328
EVT0030558,BMW00068,WBA00000000000068,2026-04-17 02:25:00,31.94,4.59,-9.22,46.689767,-105.591172
EVT0052501,BMW00438,WBA00000000000438,2026-07-02 07:00:00,73.88,127.11,41.18,29.696695,66.222843
EVT0068819,BMW00671,WBA00000000000671,2026-08-27 22:50:00,63.95,56.99,35.56,49.752686,37.952699
EVT0032826,BMW00987,WBA00000000000987,2026-04-24 23:25:00,42.9,37.55,22.11,19.142569,60.511757
EVT0040279,BMW00274,WBA00000000000274,2026-05-20 20:30:00,44.89,70.19,39.76,14.563822,76.272755
EVT0090190,BMW00927,WBA00000000000927,2026-11-10 03:45:00,54.39,66.28,34.51,21.069478,-40.488887
EVT0025735,BMW00700,WBA00000000000700,2026-03-31 08:30:00,46.82,96.95,35.95,41.42815,33.597294
EVT0015515,BMW00248,WBA00000000000248,2026-02-23 20:50:00,49.99,97.45,-3.52,13.548873,-39.735105
EVT0075838,BMW00870,WBA00000000000870,2026-09-21 07:45:00,50.3,147.06,14.79,36.703081,102.301146
EVT0028990,BMW00271,WBA00000000000271,2026-04-11 15:45:00,47.41,157.69,12.21,44.28706,-56.695891
EVT0041925,BMW00904,WBA00000000000904,2026-05-26 13:40:00,78.49,65.9,-6.84,18.415854,138.037194
EVT0098007,BMW00040,WBA00000000000040,2026-12-07 07:10:00,86.62,100.36,5.9,9.788211,129.612914
EVT0047906,BMW00239,WBA00000000000239,2026-06-16 08:05:00,73.52,8.13,-0.84,9.280245,64.95024
EVT0085757,BMW00661,WBA00000000000661,2026-10-25 18:20:00,43.4,14.77,35.23,50.19595,23.113136
EVT0042887,BMW00985,WBA00000000000985,2026-05-29 21:50:00,33.29,102.31,42.77,17.41457,99.577661
EVT0041360,BMW00838,WBA00000000000838,2026-05-24 14:35:00,21.04,76.74,38.38,10.058839,-106.49397
EVT0023879,BMW00928,WBA00000000000928,2026-03-24 21:50:00,89.76,57.9,-8.09,51.458959,-119.138639
EVT0005413,BMW00984,WBA00000000000984,2026-01-19 19:00:00,91.03,108.19,42.14,36.10712,62.041073
EVT0096209,BMW00388,WBA00000000000388,2026-12-01 01:20:00,11.55,135.23,-5.98,26.287046,106.726743
EVT0000913,BMW00689,WBA00000000000689,2026-01-04 04:00:00,11.95,154.31,31.72,18.891987,47.240748
EVT0053183,BMW00236,WBA00000000000236,2026-07-04 15:50:00,34.65,99.64,38.18,34.953952,78.01003
EVT0074695,BMW00257,WBA00000000000257,2026-09-17 08:30:00,40.35,12.52,24.99,43.762413,117.563443
EVT0018389,BMW00190,WBA00000000000190,2026-03-05 20:20:00,22.96,46.04,-5.28,49.613167,-45.519572
EVT0059813,BMW00484,WBA00000000000484,2026-07-27 16:20:00,11.79,134.3,25.48,50.581052,13.301669
EVT0045085,BMW00345,WBA00000000000345,2026-06-06 13:00:00,58.77,68.34,20.78,43.443135,14.17268
EVT0047382,BMW00454,WBA00000000000454,2026-06-14 12:25:00,26.56,58.64,45.38,16.719669,-5.913019
EVT0034268,BMW00167,WBA00000000000167,2026-04-29 23:35:00,92.55,117.48,37.18,47.926441,42.649489
EVT0070701,BMW00396,WBA00000000000396,2026-09-03 11:40:00,16.5,102.11,33.2,48.905695,106.238919
EVT0052549,BMW00256,WBA00000000000256,2026-07-02 11:00:00,39.91,115.59,2.11,51.999958,-45.19938
EVT0049757,BMW00415,WBA00000000000415,2026-06-22 18:20:00,30.75,55.81,-8.71,48.347814,26.859187
EVT0057411,BMW00038,WBA00000000000038,2026-07-19 08:10:00,41.38,88.05,-7.07,46.439608,139.426845
EVT0013393,BMW00396,WBA00000000000396,2026-02-16 12:00:00,31.69,123.96,45.97,46.677954,-29.935293
EVT0039712,BMW00315,WBA00000000000315,2026-05-18 21:15:00,40.32,17.6,-4.91,16.064221,66.722897
EVT0043311,BMW00567,WBA00000000000567,2026-05-31 09:10:00,23.56,126.36,25.57,48.14152,54.536644
EVT0085975,BMW00397,WBA00000000000397,2026-10-26 12:30:00,30.78,85.59,18.85,30.584853,-43.954141
EVT0023026,BMW00788,WBA00000000000788,2026-03-21 22:45:00,14.74,59.82,25.76,41.077903,11.05233
EVT0032509,BMW00922,WBA00000000000922,2026-04-23 21:00:00,14.76,53.8,23.72,46.60711,-43.624636
EVT0066910,BMW00421,WBA00000000000421,2026-08-21 07:45:00,60.36,35.69,25.83,28.485643,-73.762002
EVT0001663,BMW00483,WBA00000000000483,2026-01-06 18:30:00,46.64,53.03,35.13,12.789269,129.771375
EVT0098615,BMW00573,WBA00000000000573,2026-12-09 09:50:00,74.99,111.99,6.07,42.673634,124.045733
EVT0019034,BMW00999,WBA00000000000999,2026-03-08 02:05:00,81.67,46.83,7.15,30.566543,95.846976
EVT0007468,BMW00226,WBA00000000000226,2026-01-26 22:15:00,12.23,68.49,-7.99,18.428753,-88.982317
EVT0010501,BMW00445,WBA00000000000445,2026-02-06 11:00:00,37.35,43.45,34.41,28.035888,37.407837
EVT0038513,BMW00244,WBA00000000000244,2026-05-14 17:20:00,87.5,96.95,7.26,36.755279,87.380661
EVT0014961,BMW00419,WBA00000000000419,2026-02-21 22:40:00,69.59,109.81,-7.17,43.373738,-42.757937
EVT0012910,BMW00475,WBA00000000000475,2026-02-14 19:45:00,37.6,83.7,51.75,8.43425,77.310405
EVT0020313,BMW00171,WBA00000000000171,2026-03-12 12:40:00,78.07,120.08,6.47,24.507641,108.465362
EVT0005348,BMW00047,WBA00000000000047,2026-01-19 13:35:00,79.64,19.99,27.69,28.689494,2.944876
EVT0033382,BMW00938,WBA00000000000938,2026-04-26 21:45:00,78.33,81.86,24.16,19.981096,-60.56347
EVT0084697,BMW00244,WBA00000000000244,2026-10-22 02:00:00,38.27,45.11,-5.26,53.51799,90.87297
EVT0039054,BMW00369,WBA00000000000369,2026-05-16 14:25:00,95.7,153.92,-3.83,31.550271,-110.067096
EVT0082618,BMW00162,WBA00000000000162,2026-10-14 20:45:00,53.54,126.23,-4.68,36.550279,145.674629
EVT0047749,BMW00197,WBA00000000000197,2026-06-15 19:00:00,62.72,144.98,46.0,40.670404,14.782221
EVT0009176,BMW00272,WBA00000000000272,2026-02-01 20:35:00,46.03,13.93,41.27,40.015368,-108.433853
EVT0075324,BMW00971,WBA00000000000971,2026-09-19 12:55:00,70.87,129.15,20.36,46.451844,135.062201
EVT0068165,BMW00036,WBA00000000000036,2026-08-25 16:20:00,66.16,124.17,32.25,53.543551,28.253494
EVT0049079,BMW00905,WBA00000000000905,2026-06-20 09:50:00,18.81,150.98,2.88,53.046608,69.63
EVT0051450,BMW00105,WBA00000000000105,2026-06-28 15:25:00,65.9,20.91,17.92,30.504294,64.804042
EVT0091625,BMW00111,WBA00000000000111,2026-11-15 03:20:00,79.84,96.72,39.55,11.443032,-7.046587
EVT0067180,BMW00334,WBA00000000000334,2026-08-22 06:15:00,52.87,14.63,18.44,10.894414,30.64456
EVT0010332,BMW00451,WBA00000000000451,2026-02-05 20:55:00,23.72,3.93,22.93,45.272561,-17.801802
EVT0089682,BMW00173,WBA00000000000173,2026-11-08 09:25:00,85.34,49.65,21.74,51.544976,53.066332
EVT0044058,BMW00398,WBA00000000000398,2026-06-02 23:25:00,62.65,82.05,-9.95,11.479419,-108.255987
EVT0017297,BMW00233,WBA00000000000233,2026-03-02 01:20:00,37.69,67.27,8.82,31.647867,132.618456
EVT0019917,BMW00311,WBA00000000000311,2026-03-11 03:40:00,86.72,52.63,-6.7,53.906048,-21.560207
EVT0039173,BMW00785,WBA00000000000785,2026-05-17 00:20:00,47.44,73.75,18.83,51.14517,61.187501
EVT0093707,BMW00001,WBA00000000000001,2026-11-22 08:50:00,16.34,3.03,33.97,43.9216,-12.220324
EVT0034491,BMW00063,WBA00000000000063,2026-04-30 18:10:00,87.21,28.02,40.23,13.943268,40.440884
EVT0021628,BMW00779,WBA00000000000779,2026-03-17 02:15:00,98.99,110.02,-4.79,12.028827,103.810907
EVT0061371,BMW00859,WBA00000000000859,2026-08-02 02:10:00,38.66,18.53,-3.18,28.762211,-80.292775
EVT0081673,BMW00828,WBA00000000000828,2026-10-11 14:00:00,28.01,35.29,9.8,26.40094,14.364341
EVT0009600,BMW00644,WBA00000000000644,2026-02-03 07:55:00,69.72,155.55,1.06,14.44222,-15.21348
EVT0074525,BMW00936,WBA00000000000936,2026-09-16 18:20:00,17.66,124.15,9.05,12.118934,-65.896971
EVT0023790,BMW00738,WBA00000000000738,2026-03-24 14:25:00,66.24,10.93,34.86,51.021936,36.869061
EVT0087691,BMW00384,WBA00000000000384,2026-11-01 11:30:00,65.03,92.36,49.84,28.979707,-111.123758
EVT0053099,BMW00132,WBA00000000000132,2026-07-04 08:50:00,65.6,34.26,44.56,46.316823,13.01992
EVT0030862,BMW00413,WBA00000000000413,2026-04-18 03:45:00,93.22,18.8,22.35,52.338582,2.777161
EVT0030593,BMW00221,WBA00000000000221,2026-04-17 05:20:00,66.99,9.13,35.21,13.020448,98.105642
EVT0098196,BMW00669,WBA00000000000669,2026-12-07 22:55:00,50.48,18.45,41.03,41.867503,-106.09488
EVT0052782,BMW00635,WBA00000000000635,2026-07-03 06:25:00,37.58,64.72,50.47,46.832329,-5.249511
EVT0097660,BMW00488,WBA00000000000488,2026-12-06 02:15:00,98.3,75.31,36.77,35.032294,-55.906519
EVT0010507,BMW00590,WBA00000000000590,2026-02-06 11:30:00,87.57,93.81,21.98,29.509855,-66.02249
EVT0099489,BMW00689,WBA00000000000689,2026-12-12 10:40:00,94.53,0.21,35.67,39.454726,22.428415
EVT0009318,BMW00194,WBA00000000000194,2026-02-02 08:25:00,24.61,13.15,42.47,27.090895,44.606235
EVT0015920,BMW00626,WBA00000000000626,2026-02-25 06:35:00,75.68,119.65,36.06,32.734529,-81.205845
EVT0056677,BMW00262,WBA00000000000262,2026-07-16 19:00:00,36.86,7.05,16.07,23.308555,-109.990791
EVT0014746,BMW00657,WBA00000000000657,2026-02-21 04:45:00,55.89,11.31,4.54,31.453901,48.610634
EVT0075351,BMW00107,WBA00000000000107,2026-09-19 15:10:00,63.07,75.64,39.68,35.215291,31.322807
EVT0011745,BMW00273,WBA00000000000273,2026-02-10 18:40:00,52.87,88.89,34.24,15.100967,57.696649
EVT0092486,BMW00831,WBA00000000000831,2026-11-18 03:05:00,86.13,140.56,54.64,31.644276,98.292145
EVT0076399,BMW00904,WBA00000000000904,2026-09-23 06:30:00,11.57,24.8,28.59,31.838708,-115.670067
EVT0079733,BMW00206,WBA00000000000206,2026-10-04 20:20:00,14.11,112.37,8.4,51.504602,-47.289613
EVT0001656,BMW00849,WBA00000000000849,2026-01-06 17:55:00,23.63,59.81,-2.94,10.234382,59.630918
EVT0020519,BMW00615,WBA00000000000615,2026-03-13 05:50:00,93.29,104.89,22.64,33.105445,144.000529
EVT0070882,BMW00369,WBA00000000000369,2026-09-04 02:45:00,58.03,43.87,-2.87,15.211265,129.340401
EVT0038593,BMW00499,WBA00000000000499,2026-05-15 00:00:00,86.79,52.93,2.11,27.451486,78.190917
EVT0097236,BMW00260,WBA00000000000260,2026-12-04 14:55:00,90.84,157.97,30.71,12.056028,20.49182
EVT0000255,BMW00346,WBA00000000000346,2026-01-01 21:10:00,55.21,40.53,-4.27,29.67146,-52.77497
EVT0081557,BMW00342,WBA00000000000342,2026-10-11 04:20:00,96.56,5.08,22.21,47.197566,9.271824
EVT0089328,BMW00089,WBA00000000000089,2026-11-07 03:55:00,40.15,16.86,18.35,23.835788,109.417835
EVT0006136,BMW00157,WBA00000000000157,2026-01-22 07:15:00,13.07,130.22,42.58,40.96716,-39.119752
EVT0027727,BMW00264,WBA00000000000264,2026-04-07 06:30:00,37.9,151.9,1.6,47.590894,-31.806742
EVT0052594,BMW00518,WBA00000000000518,2026-07-02 14:45:00,69.48,138.53,-7.41,22.605585,105.85946
EVT0051215,BMW00265,WBA00000000000265,2026-06-27 19:50:00,66.2,149.92,-0.75,22.318037,131.328911
EVT0028345,BMW00725,WBA00000000000725,2026-04-09 10:00:00,99.82,159.11,38.81,26.651156,-109.48359
EVT0046774,BMW00341,WBA00000000000341,2026-06-12 09:45:00,36.52,35.74,11.85,14.035033,26.890811
EVT0033953,BMW00643,WBA00000000000643,2026-04-28 21:20:00,87.3,116.38,32.76,34.143355,14.556231
EVT0069968,BMW00565,WBA00000000000565,2026-08-31 22:35:00,94.99,42.18,-5.81,23.007058,-72.705311
EVT0013650,BMW00470,WBA00000000000470,2026-02-17 09:25:00,71.49,98.06,31.55,51.54127,104.609404
EVT0089775,BMW00845,WBA00000000000845,2026-11-08 17:10:00,91.75,78.33,36.59,42.124327,-14.870211
EVT0050219,BMW00891,WBA00000000000891,2026-06-24 08:50:00,57.33,148.15,-6.72,24.792733,-33.186592
EVT0055534,BMW00303,WBA00000000000303,2026-07-12 19:45:00,57.09,96.64,22.57,49.535974,103.303212
EVT0066812,BMW00622,WBA00000000000622,2026-08-20 23:35:00,25.72,52.27,30.09,49.737884,87.588622
EVT0004281,BMW00548,WBA00000000000548,2026-01-15 20:40:00,29.12,54.65,38.73,28.807072,-47.031478
EVT0033836,BMW00298,WBA00000000000298,2026-04-28 11:35:00,67.7,16.35,10.72,50.31809,-104.206811
EVT0001902,BMW00692,WBA00000000000692,2026-01-07 14:25:00,36.94,129.43,28.08,44.683995,59.4953
EVT0011105,BMW00953,WBA00000000000953,2026-02-08 13:20:00,60.73,107.36,36.29,49.574724,-66.739471
EVT0066134,BMW00623,WBA00000000000623,2026-08-18 15:05:00,63.33,80.43,-1.24,32.385884,24.758733
EVT0002907,BMW00751,WBA00000000000751,2026-01-11 02:10:00,65.39,42.34,1.26,50.304934,120.544747
EVT0097224,BMW00096,WBA00000000000096,2026-12-04 13:55:00,64.75,121.95,50.89,16.564158,26.760212
EVT0009269,BMW00026,WBA00000000000026,2026-02-02 04:20:00,37.24,123.6,48.7,54.012811,86.865366
EVT0098901,BMW00406,WBA00000000000406,2026-12-10 09:40:00,74.87,130.0,50.27,47.132915,-78.676496
EVT0090008,BMW00390,WBA00000000000390,2026-11-09 12:35:00,92.32,32.09,50.95,36.275229,-54.077299
EVT0024398,BMW00462,WBA00000000000462,2026-03-26 17:05:00,77.82,25.58,39.62,32.349432,-79.002178
EVT0027768,BMW00086,WBA00000000000086,2026-04-07 09:55:00,11.51,6.65,16.2,46.337581,-5.106767
EVT0039463,BMW00249,WBA00000000000249,2026-05-18 00:30:00,30.39,15.38,27.94,38.049434,-86.996137
EVT0008827,BMW00422,WBA00000000000422,2026-01-31 15:30:00,18.87,35.07,4.04,10.644583,114.34955
EVT0030004,BMW00963,WBA00000000000963,2026-04-15 04:15:00,24.25,100.38,22.64,51.987352,32.205885
EVT0007375,BMW00130,WBA00000000000130,2026-01-26 14:30:00,93.63,147.1,48.0,46.352513,49.351527
EVT0002496,BMW00877,WBA00000000000877,2026-01-09 15:55:00,61.07,66.2,31.0,36.77011,17.924444
EVT0018343,BMW00166,WBA00000000000166,2026-03-05 16:30:00,28.81,119.65,13.99,14.355554,44.207115
EVT0079594,BMW00132,WBA00000000000132,2026-10-04 08:45:00,47.61,97.96,8.75,12.56142,-29.887664
EVT0091166,BMW00731,WBA00000000000731,2026-11-13 13:05:00,56.81,145.64,51.45,47.781116,32.890075
EVT0018957,BMW00792,WBA00000000000792,2026-03-07 19:40:00,88.12,55.48,27.26,22.686815,119.293389
EVT0069227,BMW00280,WBA00000000000280,2026-08-29 08:50:00,21.78,140.31,42.68,34.739851,7.333041
EVT0028323,BMW00747,WBA00000000000747,2026-04-09 08:10:00,96.03,28.3,50.37,25.752596,57.328885
EVT0018508,BMW00568,WBA00000000000568,2026-03-06 06:15:00,75.77,52.85,33.25,8.641949,138.056519
EVT0072555,BMW00086,WBA00000000000086,2026-09-09 22:10:00,50.79,48.55,39.38,10.460571,11.174193
EVT0020906,BMW00240,WBA00000000000240,2026-03-14 14:05:00,68.27,40.74,6.78,10.453634,-105.348333
EVT0064202,BMW00237,WBA00000000000237,2026-08-11 22:05:00,83.01,97.96,-1.88,32.570249,21.809456
EVT0048447,BMW00292,WBA00000000000292,2026-06-18 05:10:00,36.19,83.65,2.97,16.441395,51.680765
EVT0083545,BMW00861,WBA00000000000861,2026-10-18 02:00:00,29.8,67.63,-7.06,17.773855,98.79546
EVT0025529,BMW00472,WBA00000000000472,2026-03-30 15:20:00,24.84,67.84,5.13,46.392844,133.078428
EVT0014952,BMW00111,WBA00000000000111,2026-02-21 21:55:00,88.07,95.31,12.54,16.337186,69.461295
EVT0068064,BMW00619,WBA00000000000619,2026-08-25 07:55:00,89.97,6.21,9.42,8.367789,-119.929316
EVT0041003,BMW00550,WBA00000000000550,2026-05-23 08:50:00,59.97,30.56,44.4,36.104246,19.481755
EVT0010919,BMW00320,WBA00000000000320,2026-02-07 21:50:00,87.7,44.78,26.36,33.882558,51.077562
EVT0044236,BMW00641,WBA00000000000641,2026-06-03 14:15:00,54.72,70.54,22.98,28.061747,107.117606
EVT0085163,BMW00323,WBA00000000000323,2026-10-23 16:50:00,15.57,8.14,-0.6,45.71606,-27.855601
EVT0081443,BMW00711,WBA00000000000711,2026-10-10 18:50:00,65.32,82.43,-9.8,20.506961,-59.245597
EVT0079023,BMW00444,WBA00000000000444,2026-10-02 09:10:00,22.61,21.03,23.29,41.291302,-19.503156
EVT0020780,BMW00453,WBA00000000000453,2026-03-14 03:35:00,24.82,108.58,-1.4,22.527385,-48.854384
EVT0013825,BMW00053,WBA00000000000053,2026-02-18 00:00:00,47.75,55.02,14.16,47.228719,-103.007428
EVT0086523,BMW00223,WBA00000000000223,2026-10-28 10:10:00,23.84,20.58,51.49,35.935535,124.770761
EVT0067078,BMW00572,WBA00000000000572,2026-08-21 21:45:00,51.77,112.34,7.79,42.815191,48.521922
EVT0024210,BMW00888,WBA00000000000888,2026-03-26 01:25:00,69.13,32.42,-9.05,41.871007,-80.764812
EVT0094765,BMW00938,WBA00000000000938,2026-11-26 01:00:00,64.69,55.41,9.19,48.141716,131.477393
EVT0051095,BMW00760,WBA00000000000760,2026-06-27 09:50:00,30.78,121.88,52.25,49.819896,61.752827
EVT0088913,BMW00892,WBA00000000000892,2026-11-05 17:20:00,86.54,3.58,12.8,10.539344,12.077915
EVT0060076,BMW00716,WBA00000000000716,2026-07-28 14:15:00,91.35,97.63,5.55,31.093494,-29.923237
EVT0008258,BMW00202,WBA00000000000202,2026-01-29 16:05:00,33.37,153.26,31.19,18.44257,63.79403
EVT0096797,BMW00526,WBA00000000000526,2026-12-03 02:20:00,73.62,143.43,33.2,43.654117,135.608273
EVT0041604,BMW00960,WBA00000000000960,2026-05-25 10:55:00,75.11,107.33,32.23,25.968978,54.819286
EVT0067883,BMW00206,WBA00000000000206,2026-08-24 16:50:00,64.49,19.76,47.6,43.10854,40.314331
EVT0091048,BMW00556,WBA00000000000556,2026-11-13 03:15:00,86.04,101.92,19.93,12.286646,35.995569
EVT0042209,BMW00433,WBA00000000000433,2026-05-27 13:20:00,81.47,147.52,36.77,19.506203,66.860692
EVT0010586,BMW00177,WBA00000000000177,2026-02-06 18:05:00,90.37,147.91,3.17,22.069399,7.435896
EVT0015402,BMW00652,WBA00000000000652,2026-02-23 11:25:00,29.52,57.99,51.43,37.686177,-64.413608
EVT0031102,BMW00929,WBA00000000000929,2026-04-18 23:45:00,25.2,65.33,2.89,19.491335,69.736637
EVT0095755,BMW00913,WBA00000000000913,2026-11-29 11:30:00,45.73,86.18,16.79,16.078189,20.744211
EVT0078023,BMW00313,WBA00000000000313,2026-09-28 21:50:00,82.42,152.03,23.63,19.20936,-60.566267
EVT0049422,BMW00271,WBA00000000000271,2026-06-21 14:25:00,70.74,130.37,46.75,46.940218,120.246209
EVT0081158,BMW00265,WBA00000000000265,2026-10-09 19:05:00,56.65,121.13,2.99,33.445326,-104.242216
EVT0082480,BMW00022,WBA00000000000022,2026-10-14 09:15:00,48.52,118.93,46.5,12.710619,-48.412378
EVT0000939,BMW00993,WBA00000000000993,2026-01-04 06:10:00,29.26,15.35,31.6,20.925385,66.899838
EVT0091064,BMW00352,WBA00000000000352,2026-11-13 04:35:00,49.87,71.4,-2.97,53.072855,-75.859438
EVT0013372,BMW00986,WBA00000000000986,2026-02-16 10:15:00,53.38,44.08,14.02,9.393418,-87.565018
EVT0021855,BMW00144,WBA00000000000144,2026-03-17 21:10:00,47.42,52.68,45.28,19.943611,47.994424
EVT0016287,BMW00589,WBA00000000000589,2026-02-26 13:10:00,93.64,17.95,10.38,23.240024,-109.609033
EVT0005090,BMW00246,WBA00000000000246,2026-01-18 16:05:00,35.46,46.81,15.58,24.652441,74.900126
EVT0085625,BMW00360,WBA00000000000360,2026-10-25 07:20:00,74.98,77.55,28.43,43.283934,128.779617
EVT0072383,BMW00148,WBA00000000000148,2026-09-09 07:50:00,37.23,113.88,19.64,11.830305,144.801497
EVT0020468,BMW00861,WBA00000000000861,2026-03-13 01:35:00,32.0,51.49,-4.83,26.412516,-66.740945
EVT0054858,BMW00550,WBA00000000000550,2026-07-10 11:25:00,47.57,118.95,30.99,39.486161,142.123405
EVT0096536,BMW00865,WBA00000000000865,2026-12-02 04:35:00,67.48,40.09,54.93,33.847247,-102.684424
EVT0071591,BMW00047,WBA00000000000047,2026-09-06 13:50:00,13.78,157.7,-0.8,31.21953,131.124198
EVT0097674,BMW00116,WBA00000000000116,2026-12-06 03:25:00,36.08,14.68,-2.01,24.192022,9.516292
EVT0096728,BMW00772,WBA00000000000772,2026-12-02 20:35:00,20.91,151.51,-7.29,43.759241,77.578053
EVT0090950,BMW00206,WBA00000000000206,2026-11-12 19:05:00,45.89,67.16,7.67,30.456902,140.48842
EVT0069143,BMW00333,WBA00000000000333,2026-08-29 01:50:00,20.35,15.19,12.98,27.215486,66.691846
EVT0026831,BMW00236,WBA00000000000236,2026-04-04 03:50:00,17.22,7.76,48.92,41.109349,52.843589
EVT0046614,BMW00848,WBA00000000000848,2026-06-11 20:25:00,89.64,133.14,46.52,22.510543,-111.919614
EVT0022273,BMW00046,WBA00000000000046,2026-03-19 08:00:00,98.21,32.93,-0.5,53.225113,110.447377
EVT0019229,BMW00960,WBA00000000000960,2026-03-08 18:20:00,20.14,63.59,-0.32,33.708376,-23.095681
EVT0054209,BMW00514,WBA00000000000514,2026-07-08 05:20:00,98.38,55.18,6.07,35.923129,-65.638085
EVT0080494,BMW00004,WBA00000000000004,2026-10-07 11:45:00,68.44,23.79,13.14,11.95129,-118.341945
EVT0079383,BMW00759,WBA00000000000759,2026-10-03 15:10:00,18.24,9.65,4.03,52.028422,-98.652097
EVT0098294,BMW00966,WBA00000000000966,2026-12-08 07:05:00,98.73,117.54,-7.43,11.832937,127.955645
EVT0061054,BMW00820,WBA00000000000820,2026-07-31 23:45:00,74.67,79.7,9.69,43.574977,-27.491656
EVT0001250,BMW00191,WBA00000000000191,2026-01-05 08:05:00,11.07,9.16,9.18,46.180295,149.021599
EVT0095915,BMW00814,WBA00000000000814,2026-11-30 00:50:00,53.98,71.55,-6.54,46.710291,94.926039
EVT0045500,BMW00965,WBA00000000000965,2026-06-07 23:35:00,77.86,80.22,19.0,29.676609,-42.379415
EVT0087007,BMW00155,WBA00000000000155,2026-10-30 02:30:00,55.55,128.62,24.33,40.765069,103.952481
EVT0062787,BMW00792,WBA00000000000792,2026-08-07 00:10:00,93.46,5.16,5.89,34.670077,145.983177
EVT0044489,BMW00007,WBA00000000000007,2026-06-04 11:20:00,63.37,55.45,33.64,41.667834,110.930877
EVT0032388,BMW00472,WBA00000000000472,2026-04-23 10:55:00,25.85,1.19,25.6,38.618414,-13.045453
EVT0072245,BMW00776,WBA00000000000776,2026-09-08 20:20:00,97.9,58.46,15.34,25.866145,-112.00031
EVT0052243,BMW00791,WBA00000000000791,2026-07-01 09:30:00,85.29,75.18,49.92,42.163588,70.342178
EVT0097425,BMW00642,WBA00000000000642,2026-12-05 06:40:00,93.11,150.34,46.86,49.34447,-103.253087
EVT0072586,BMW00678,WBA00000000000678,2026-09-10 00:45:00,62.44,95.56,-7.82,10.946174,91.87086
EVT0085612,BMW00732,WBA00000000000732,2026-10-25 06:15:00,78.24,54.63,17.96,54.76293,26.233485
EVT0060498,BMW00844,WBA00000000000844,2026-07-30 01:25:00,14.5,75.91,15.59,8.988496,131.955655
EVT0037970,BMW00597,WBA00000000000597,2026-05-12 20:05:00,95.89,152.45,54.66,9.912942,93.165559
EVT0035393,BMW00608,WBA00000000000608,2026-05-03 21:20:00,91.67,10.17,39.71,46.249529,29.624917
EVT0068820,BMW00081,WBA00000000000081,2026-08-27 22:55:00,85.01,73.07,5.51,10.611354,108.77403
EVT0010056,BMW00772,WBA00000000000772,2026-02-04 21:55:00,30.56,10.46,48.25,44.183394,44.337829
EVT0044334,BMW00410,WBA00000000000410,2026-06-03 22:25:00,69.09,109.83,10.37,8.802793,78.61801
EVT0079258,BMW00320,WBA00000000000320,2026-10-03 04:45:00,71.89,113.51,-8.25,31.533724,20.698236
EVT0024176,BMW00287,WBA00000000000287,2026-03-25 22:35:00,47.48,119.6,21.74,35.420356,79.32994
EVT0053642,BMW00856,WBA00000000000856,2026-07-06 06:05:00,94.23,140.74,19.51,41.215075,73.623378
EVT0047773,BMW00981,WBA00000000000981,2026-06-15 21:00:00,18.39,44.94,42.83,46.863661,140.675404
EVT0063434,BMW00892,WBA00000000000892,2026-08-09 06:05:00,83.37,36.46,25.48,31.614027,36.49767
EVT0032318,BMW00357,WBA00000000000357,2026-04-23 05:05:00,24.2,4.56,27.18,13.438481,74.229092
EVT0065505,BMW00596,WBA00000000000596,2026-08-16 10:40:00,52.62,159.51,39.43,10.619151,-73.862464
EVT0068282,BMW00549,WBA00000000000549,2026-08-26 02:05:00,84.66,97.34,3.72,35.912187,-108.174771
EVT0014108,BMW00104,WBA00000000000104,2026-02-18 23:35:00,66.7,100.32,44.31,27.968539,33.521088
EVT0068553,BMW00570,WBA00000000000570,2026-08-27 00:40:00,45.23,101.79,4.14,52.36332,28.721069
EVT0035111,BMW00351,WBA00000000000351,2026-05-02 21:50:00,52.68,122.11,-6.03,26.752197,-111.175577
EVT0055247,BMW00552,WBA00000000000552,2026-07-11 19:50:00,75.49,11.6,1.72,21.621333,15.013056
EVT0098450,BMW00986,WBA00000000000986,2026-12-08 20:05:00,93.42,153.07,-0.61,19.747532,69.545187
EVT0098756,BMW00598,WBA00000000000598,2026-12-09 21:35:00,73.6,119.98,51.96,49.417427,-68.911049
EVT0045262,BMW00223,WBA00000000000223,2026-06-07 03:45:00,64.17,99.76,16.08,18.175433,146.751273
EVT0016921,BMW00340,WBA00000000000340,2026-02-28 18:00:00,12.67,9.35,20.35,52.47227,-104.601888
EVT0063671,BMW00515,WBA00000000000515,2026-08-10 01:50:00,38.46,101.15,36.75,13.543198,-62.013793
EVT0077710,BMW00738,WBA00000000000738,2026-09-27 19:45:00,36.1,15.73,21.26,43.503554,-77.981633
EVT0031438,BMW00382,WBA00000000000382,2026-04-20 03:45:00,58.39,111.46,19.89,19.723866,37.824472
EVT0013649,BMW00973,WBA00000000000973,2026-02-17 09:20:00,47.01,147.44,17.5,28.388435,143.603017
EVT0040988,BMW00008,WBA00000000000008,2026-05-23 07:35:00,69.79,33.44,18.96,15.446464,10.266566
EVT0044145,BMW00668,WBA00000000000668,2026-06-03 06:40:00,90.67,75.46,21.38,26.486011,70.396744
EVT0096493,BMW00106,WBA00000000000106,2026-12-02 01:00:00,85.97,83.21,31.94,45.876939,84.058224
EVT0001421,BMW00627,WBA00000000000627,2026-01-05 22:20:00,40.42,107.72,11.74,45.583732,-17.664734
EVT0052812,BMW00799,WBA00000000000799,2026-07-03 08:55:00,29.63,13.43,39.37,36.424469,60.852746
EVT0016427,BMW00818,WBA00000000000818,2026-02-27 00:50:00,45.02,46.35,1.58,28.266287,42.570512
EVT0003167,BMW00107,WBA00000000000107,2026-01-11 23:50:00,67.97,98.35,18.73,17.508431,136.520799
EVT0031523,BMW00647,WBA00000000000647,2026-04-20 10:50:00,96.45,61.96,46.83,23.981862,-115.497743
EVT0092095,BMW00608,WBA00000000000608,2026-11-16 18:30:00,21.4,137.62,32.84,32.526716,-78.055347
EVT0064517,BMW00295,WBA00000000000295,2026-08-13 00:20:00,37.96,19.21,16.52,14.952941,-55.211482
EVT0034971,BMW00738,WBA00000000000738,2026-05-02 10:10:00,83.31,140.08,-6.5,30.128753,63.110685
EVT0006151,BMW00005,WBA00000000000005,2026-01-22 08:30:00,37.03,85.35,1.45,26.346785,-70.296391
EVT0089828,BMW00729,WBA00000000000729,2026-11-08 21:35:00,56.43,136.67,53.03,52.139909,41.51934
EVT0002098,BMW00115,WBA00000000000115,2026-01-08 06:45:00,87.28,113.07,38.75,42.159817,-74.377603
EVT0074851,BMW00775,WBA00000000000775,2026-09-17 21:30:00,13.65,8.41,31.01,33.32982,16.557961
EVT0022525,BMW00943,WBA00000000000943,2026-03-20 05:00:00,74.37,136.0,11.65,47.241819,72.640587
EVT0078823,BMW00186,WBA00000000000186,2026-10-01 16:30:00,34.97,90.16,-9.64,26.10535,57.200559
EVT0015358,BMW00269,WBA00000000000269,2026-02-23 07:45:00,28.03,75.87,11.0,26.364527,-12.159771
EVT0086379,BMW00771,WBA00000000000771,2026-10-27 22:10:00,45.97,120.09,15.99,37.787066,4.840914
EVT0078232,BMW00421,WBA00000000000421,2026-09-29 15:15:00,47.54,129.52,49.08,44.162282,-20.680697
EVT0029720,BMW00880,WBA00000000000880,2026-04-14 04:35:00,71.44,62.37,-9.9,21.411237,61.758372
EVT0003140,BMW00182,WBA00000000000182,2026-01-11 21:35:00,49.28,103.37,17.08,54.513256,-84.405678
EVT0066956,BMW00224,WBA00000000000224,2026-08-21 11:35:00,23.99,120.84,-3.88,14.468009,54.116175
EVT0046248,BMW00232,WBA00000000000232,2026-06-10 13:55:00,18.29,151.63,36.62,46.654412,116.664324
EVT0086854,BMW00103,WBA00000000000103,2026-10-29 13:45:00,22.9,47.34,44.65,34.992051,-83.537274
EVT0030721,BMW00262,WBA00000000000262,2026-04-17 16:00:00,99.27,64.58,45.08,29.849343,62.320861
EVT0092865,BMW00268,WBA00000000000268,2026-11-19 10:40:00,60.25,69.66,-4.71,10.740078,96.86248
EVT0091264,BMW00891,WBA00000000000891,2026-11-13 21:15:00,54.13,96.52,20.23,44.998645,5.94822
EVT0099086,BMW00647,WBA00000000000647,2026-12-11 01:05:00,44.44,18.28,53.16,49.177647,110.091182
EVT0071513,BMW00454,WBA00000000000454,2026-09-06 07:20:00,55.87,104.7,41.6,24.121075,78.939232
EVT0043283,BMW00573,WBA00000000000573,2026-05-31 06:50:00,50.17,16.03,34.18,10.201961,-94.420667
EVT0009074,BMW00103,WBA00000000000103,2026-02-01 12:05:00,78.81,93.46,13.88,39.864605,66.039802
EVT0043784,BMW00107,WBA00000000000107,2026-06-02 00:35:00,16.74,145.11,39.47,9.717073,-49.994314
EVT0086827,BMW00587,WBA00000000000587,2026-10-29 11:30:00,66.17,101.75,18.83,20.729621,-4.419011
EVT0029304,BMW00082,WBA00000000000082,2026-04-12 17:55:00,89.61,22.78,26.6,39.869638,7.855965
EVT0065217,BMW00567,WBA00000000000567,2026-08-15 10:40:00,92.68,1.83,10.93,24.329077,-119.443934
EVT0040306,BMW00676,WBA00000000000676,2026-05-20 22:45:00,33.82,64.62,51.24,28.006086,-33.89765
EVT0046398,BMW00764,WBA00000000000764,2026-06-11 02:25:00,63.5,48.53,-1.71,20.96902,-21.897144
EVT0001170,BMW00761,WBA00000000000761,2026-01-05 01:25:00,14.23,151.89,42.82,42.1259,-15.024786
EVT0011951,BMW00388,WBA00000000000388,2026-02-11 11:50:00,75.69,16.13,34.63,20.852765,93.406267
EVT0028963,BMW00228,WBA00000000000228,2026-04-11 13:30:00,82.42,89.62,28.59,19.534923,107.536231
EVT0079684,BMW00207,WBA00000000000207,2026-10-04 16:15:00,86.5,108.82,5.32,17.205079,64.240412
EVT0092702,BMW00523,WBA00000000000523,2026-11-18 21:05:00,88.86,39.6,43.77,30.480341,60.009222
EVT0095587,BMW00571,WBA00000000000571,2026-11-28 21:30:00,78.86,99.03,17.45,19.682597,32.348081
EVT0013718,BMW00606,WBA00000000000606,2026-02-17 15:05:00,28.34,107.03,-6.06,45.048491,-36.514006
EVT0079353,BMW00696,WBA00000000000696,2026-10-03 12:40:00,43.94,45.16,29.97,48.473051,-47.946902
EVT0066860,BMW00948,WBA00000000000948,2026-08-21 03:35:00,66.85,30.72,7.45,17.494943,13.425434
EVT0021402,BMW00828,WBA00000000000828,2026-03-16 07:25:00,40.72,78.86,8.43,54.035632,63.345517
EVT0053315,BMW00545,WBA00000000000545,2026-07-05 02:50:00,79.75,79.28,9.12,19.549987,-23.792106
EVT0006539,BMW00833,WBA00000000000833,2026-01-23 16:50:00,73.06,130.11,48.95,12.506483,42.780785
EVT0028698,BMW00161,WBA00000000000161,2026-04-10 15:25:00,69.3,83.97,49.1,9.169517,122.621937
EVT0010859,BMW00217,WBA00000000000217,2026-02-07 16:50:00,41.42,62.3,31.96,30.940299,-43.279032
EVT0045972,BMW00179,WBA00000000000179,2026-06-09 14:55:00,25.43,138.6,-3.97,10.571241,-21.623344
EVT0035846,BMW00779,WBA00000000000779,2026-05-05 11:05:00,19.92,128.47,45.73,45.961208,-81.563494
EVT0082135,BMW00909,WBA00000000000909,2026-10-13 04:30:00,12.88,18.73,-9.33,41.763138,34.741164
EVT0012155,BMW00635,WBA00000000000635,2026-02-12 04:50:00,54.98,98.9,10.19,28.627686,-94.874969
EVT0039814,BMW00772,WBA00000000000772,2026-05-19 05:45:00,40.08,89.35,34.48,9.641796,-93.411391
EVT0019587,BMW00898,WBA00000000000898,2026-03-10 00:10:00,88.96,153.45,37.36,9.44254,110.490891
EVT0049653,BMW00801,WBA00000000000801,2026-06-22 09:40:00,27.62,120.62,22.28,50.835614,43.727771
EVT0080791,BMW00793,WBA00000000000793,2026-10-08 12:30:00,43.51,38.56,-4.38,44.312498,-79.576185
EVT0074748,BMW00322,WBA00000000000322,2026-09-17 12:55:00,59.99,123.43,-9.2,34.41852,144.397443
EVT0033549,BMW00513,WBA00000000000513,2026-04-27 11:40:00,26.33,23.04,27.15,46.11834,126.09835
EVT0095788,BMW00169,WBA00000000000169,2026-11-29 14:15:00,18.33,76.39,-3.18,54.030237,-19.518415
EVT0084138,BMW00730,WBA00000000000730,2026-10-20 03:25:00,67.1,50.74,38.02,11.095728,-27.423455
EVT0016616,BMW00294,WBA00000000000294,2026-02-27 16:35:00,38.09,64.47,29.01,35.872638,33.525358
EVT0014599,BMW00179,WBA00000000000179,2026-02-20 16:30:00,94.08,150.93,44.67,12.273355,-9.227954
EVT0094572,BMW00123,WBA00000000000123,2026-11-25 08:55:00,17.59,45.76,46.56,22.774732,-62.435766
EVT0009046,BMW00338,WBA00000000000338,2026-02-01 09:45:00,60.76,7.28,2.44,22.788425,-105.655303
EVT0087447,BMW00960,WBA00000000000960,2026-10-31 15:10:00,24.65,120.59,33.81,32.658352,-61.589985
EVT0083863,BMW00692,WBA00000000000692,2026-10-19 04:30:00,49.1,81.49,5.54,46.290738,-103.545606
EVT0054464,BMW00266,WBA00000000000266,2026-07-09 02:35:00,89.95,36.04,33.27,48.210649,-105.877204
EVT0071520,BMW00354,WBA00000000000354,2026-09-06 07:55:00,44.53,55.32,4.62,23.965249,117.395097
EVT0085069,BMW00850,WBA00000000000850,2026-10-23 09:00:00,83.41,11.33,48.32,9.391759,101.968546
EVT0012684,BMW00138,WBA00000000000138,2026-02-14 00:55:00,86.68,47.03,25.86,20.037632,-14.486317
EVT0047907,BMW00205,WBA00000000000205,2026-06-16 08:10:00,56.02,8.12,22.31,54.653597,-56.076732
EVT0047471,BMW00748,WBA00000000000748,2026-06-14 19:50:00,87.95,118.41,2.9,39.82161,16.933967
EVT0032632,BMW00910,WBA00000000000910,2026-04-24 07:15:00,64.37,73.61,4.17,9.400768,-59.44179
EVT0020871,BMW00097,WBA00000000000097,2026-03-14 11:10:00,42.53,118.78,-5.36,33.94111,-50.128301
EVT0002052,BMW00433,WBA00000000000433,2026-01-08 02:55:00,74.83,151.52,34.26,16.058684,135.694548
EVT0023544,BMW00802,WBA00000000000802,2026-03-23 17:55:00,71.94,51.99,-7.38,30.026942,-71.112121
EVT0088689,BMW00026,WBA00000000000026,2026-11-04 22:40:00,64.28,155.54,20.07,18.732553,5.17337
EVT0004731,BMW00911,WBA00000000000911,2026-01-17 10:10:00,34.58,49.58,47.27,38.15307,5.073564
EVT0081622,BMW00325,WBA00000000000325,2026-10-11 09:45:00,42.19,109.56,18.97,51.055242,-108.803993
EVT0065692,BMW00662,WBA00000000000662,2026-08-17 02:15:00,49.08,107.74,44.23,43.197532,23.101606
EVT0004697,BMW00429,WBA00000000000429,2026-01-17 07:20:00,89.68,134.1,-4.85,51.887032,118.381686
EVT0038152,BMW00280,WBA00000000000280,2026-05-13 11:15:00,95.03,118.63,6.85,14.192629,66.150332
EVT0001234,BMW00160,WBA00000000000160,2026-01-05 06:45:00,37.26,131.45,41.79,16.903249,113.47671
EVT0012250,BMW00344,WBA00000000000344,2026-02-12 12:45:00,28.38,100.65,30.66,43.121975,-102.231238
EVT0068098,BMW00773,WBA00000000000773,2026-08-25 10:45:00,36.25,4.32,35.49,17.127537,84.093293
EVT0053609,BMW00525,WBA00000000000525,2026-07-06 03:20:00,62.8,73.32,34.94,40.834416,-7.291564
EVT0055876,BMW00273,WBA00000000000273,2026-07-14 00:15:00,55.35,80.32,4.8,26.254273,-68.455896
EVT0033312,BMW00896,WBA00000000000896,2026-04-26 15:55:00,51.45,130.0,31.71,11.743866,129.765832
EVT0029460,BMW00795,WBA00000000000795,2026-04-13 06:55:00,93.55,150.09,30.83,52.105476,-52.274024
EVT0076586,BMW00955,WBA00000000000955,2026-09-23 22:05:00,81.68,111.44,3.86,9.442326,-114.235707
EVT0078510,BMW00672,WBA00000000000672,2026-09-30 14:25:00,99.75,148.21,18.11,31.711919,32.892221
EVT0033589,BMW00516,WBA00000000000516,2026-04-27 15:00:00,72.71,95.16,53.35,27.612461,129.457894
EVT0091686,BMW00629,WBA00000000000629,2026-11-15 08:25:00,68.55,115.63,52.79,12.571196,83.039991
EVT0037873,BMW00160,WBA00000000000160,2026-05-12 12:00:00,82.97,4.96,30.41,29.023137,94.975659
EVT0088514,BMW00072,WBA00000000000072,2026-11-04 08:05:00,48.35,77.31,26.81,51.860168,-17.153662
EVT0080512,BMW00736,WBA00000000000736,2026-10-07 13:15:00,38.96,21.12,46.92,38.85007,-33.407502
EVT0050857,BMW00274,WBA00000000000274,2026-06-26 14:00:00,83.47,41.07,-5.0,40.28859,115.628097
EVT0084610,BMW00982,WBA00000000000982,2026-10-21 18:45:00,50.73,96.65,30.11,20.005458,40.830629
EVT0093125,BMW00208,WBA00000000000208,2026-11-20 08:20:00,24.41,31.87,49.85,26.180664,48.607625
EVT0010264,BMW00702,WBA00000000000702,2026-02-05 15:15:00,17.92,155.05,34.69,54.991293,51.174211
EVT0003760,BMW00027,WBA00000000000027,2026-01-14 01:15:00,24.46,20.29,5.69,27.390325,-96.943228
EVT0023734,BMW00876,WBA00000000000876,2026-03-24 09:45:00,17.43,94.93,4.66,54.753688,107.752191
EVT0051127,BMW00101,WBA00000000000101,2026-06-27 12:30:00,75.58,99.96,-4.5,50.476004,53.387642
EVT0039137,BMW00467,WBA00000000000467,2026-05-16 21:20:00,10.81,78.39,8.49,37.803506,-8.944518
EVT0063514,BMW00154,WBA00000000000154,2026-08-09 12:45:00,90.47,56.63,4.64,44.815127,-8.761171
EVT0087849,BMW00853,WBA00000000000853,2026-11-02 00:40:00,43.96,136.88,15.76,44.734158,83.792789
EVT0068411,BMW00670,WBA00000000000670,2026-08-26 12:50:00,69.71,20.84,14.65,35.461551,-56.825406
EVT0077300,BMW00175,WBA00000000000175,2026-09-26 09:35:00,91.81,133.68,30.18,35.557159,3.63219
EVT0094983,BMW00580,WBA00000000000580,2026-11-26 19:10:00,26.93,87.45,2.85,26.467208,-55.175033
EVT0085796,BMW00182,WBA00000000000182,2026-10-25 21:35:00,37.24,139.07,12.81,10.517641,-50.2474
EVT0066679,BMW00454,WBA00000000000454,2026-08-20 12:30:00,23.6,125.87,36.32,39.749044,31.13362
EVT0019039,BMW00934,WBA00000000000934,2026-03-08 02:30:00,83.32,112.86,-9.22,18.384672,-15.539956
EVT0013494,BMW00471,WBA00000000000471,2026-02-16 20:25:00,10.92,58.18,31.51,13.292602,52.042216
EVT0016235,BMW00181,WBA00000000000181,2026-02-26 08:50:00,88.85,49.79,20.03,41.102706,-64.362093
EVT0030996,BMW00595,WBA00000000000595,2026-04-18 14:55:00,40.32,132.81,42.68,39.533254,-34.102875
EVT0099907,BMW00409,WBA00000000000409,2026-12-13 21:30:00,51.92,137.31,25.56,52.29732,-76.32024
EVT0096153,BMW00210,WBA00000000000210,2026-11-30 20:40:00,18.26,115.97,1.85,36.883662,-111.199495
EVT0049229,BMW00682,WBA00000000000682,2026-06-20 22:20:00,86.27,40.27,39.86,37.226979,90.66334
EVT0043966,BMW00273,WBA00000000000273,2026-06-02 15:45:00,88.4,16.32,39.93,20.507276,140.894675
EVT0077308,BMW00431,WBA00000000000431,2026-09-26 10:15:00,98.15,143.03,-3.64,10.695735,54.653615
EVT0036150,BMW00359,WBA00000000000359,2026-05-06 12:25:00,53.48,41.15,21.66,54.529504,-63.316327
EVT0096447,BMW00081,WBA00000000000081,2026-12-01 21:10:00,65.99,66.91,18.03,38.222237,104.562224
EVT0012949,BMW00131,WBA00000000000131,2026-02-14 23:00:00,40.52,57.77,34.51,47.468352,-57.709936
EVT0043840,BMW00809,WBA00000000000809,2026-06-02 05:15:00,50.66,154.29,44.98,45.600056,94.954485
EVT0074113,BMW00452,WBA00000000000452,2026-09-15 08:00:00,67.83,119.66,-4.72,45.217111,-21.558073
EVT0065773,BMW00791,WBA00000000000791,2026-08-17 09:00:00,92.72,22.09,23.11,31.63228,-82.797438
EVT0038724,BMW00869,WBA00000000000869,2026-05-15 10:55:00,40.97,56.06,3.84,27.747533,-6.697202
EVT0026498,BMW00515,WBA00000000000515,2026-04-03 00:05:00,18.61,97.03,21.24,44.357548,-80.133716
EVT0033236,BMW00297,WBA00000000000297,2026-04-26 09:35:00,31.65,18.14,-6.47,12.608851,32.997121
EVT0001001,BMW00620,WBA00000000000620,2026-01-04 11:20:00,78.87,50.78,1.06,37.525167,-107.198972
EVT0066222,BMW00216,WBA00000000000216,2026-08-18 22:25:00,61.79,41.3,20.29,27.492804,100.907768
EVT0061704,BMW00815,WBA00000000000815,2026-08-03 05:55:00,32.83,20.09,36.08,28.489941,-45.813642
EVT0050627,BMW00541,WBA00000000000541,2026-06-25 18:50:00,10.19,147.42,1.62,51.486989,-107.115386
EVT0057882,BMW00538,WBA00000000000538,2026-07-20 23:25:00,23.84,10.76,21.55,38.942651,-105.770919
EVT0007503,BMW00185,WBA00000000000185,2026-01-27 01:10:00,87.9,63.92,49.21,24.181181,-48.542368
EVT0026428,BMW00713,WBA00000000000713,2026-04-02 18:15:00,28.68,146.33,9.69,38.347319,137.848102
EVT0059965,BMW00131,WBA00000000000131,2026-07-28 05:00:00,88.15,32.01,39.76,16.377958,-52.385663
EVT0008791,BMW00103,WBA00000000000103,2026-01-31 12:30:00,63.08,88.61,38.95,51.115631,102.650352
EVT0026238,BMW00209,WBA00000000000209,2026-04-02 02:25:00,91.09,135.63,39.84,39.109802,-68.194821
EVT0049473,BMW00650,WBA00000000000650,2026-06-21 18:40:00,10.59,23.03,22.79,42.461681,148.314822
EVT0075822,BMW00230,WBA00000000000230,2026-09-21 06:25:00,53.53,83.78,18.42,14.897414,-76.930742
EVT0088785,BMW00482,WBA00000000000482,2026-11-05 06:40:00,62.51,158.95,12.5,34.13959,-35.825089
EVT0053877,BMW00904,WBA00000000000904,2026-07-07 01:40:00,11.38,118.96,38.88,37.332253,-81.843826
EVT0076515,BMW00344,WBA00000000000344,2026-09-23 16:10:00,78.49,131.92,15.23,9.069917,141.373311
EVT0060854,BMW00256,WBA00000000000256,2026-07-31 07:05:00,22.93,132.0,7.73,49.958025,78.271258
EVT0029218,BMW00438,WBA00000000000438,2026-04-12 10:45:00,58.0,96.22,31.02,21.71378,-38.744296
EVT0098755,BMW00022,WBA00000000000022,2026-12-09 21:30:00,55.17,96.26,6.18,43.201744,31.578625
EVT0080197,BMW00100,WBA00000000000100,2026-10-06 11:00:00,62.91,102.89,19.28,33.476747,-6.9888
EVT0025514,BMW00712,WBA00000000000712,2026-03-30 14:05:00,85.96,98.97,49.96,26.638382,-33.988084
EVT0055884,BMW00490,WBA00000000000490,2026-07-14 00:55:00,26.72,155.38,41.76,36.550982,112.934327
EVT0011075,BMW00046,WBA00000000000046,2026-02-08 10:50:00,73.87,79.89,29.08,23.918199,113.158406
EVT0077202,BMW00070,WBA00000000000070,2026-09-26 01:25:00,50.45,116.28,46.3,8.156109,-112.35782
EVT0044586,BMW00975,WBA00000000000975,2026-06-04 19:25:00,37.45,128.57,42.66,15.393225,115.973923
EVT0002968,BMW00235,WBA00000000000235,2026-01-11 07:15:00,74.32,107.55,47.41,25.6877,113.49931
EVT0059403,BMW00376,WBA00000000000376,2026-07-26 06:10:00,57.66,128.01,44.05,8.029145,-119.762185
EVT0097052,BMW00216,WBA00000000000216,2026-12-03 23:35:00,12.57,109.79,39.25,14.306336,72.083713
EVT0071912,BMW00220,WBA00000000000220,2026-09-07 16:35:00,76.28,26.18,22.58,30.264322,130.93985
EVT0080053,BMW00475,WBA00000000000475,2026-10-05 23:00:00,24.15,153.6,1.63,10.507365,48.533598
EVT0052693,BMW00436,WBA00000000000436,2026-07-02 23:00:00,77.98,73.23,24.63,13.325522,5.923421
EVT0019167,BMW00005,WBA00000000000005,2026-03-08 13:10:00,14.89,54.98,47.43,16.612799,16.356756
EVT0058322,BMW00017,WBA00000000000017,2026-07-22 12:05:00,21.32,74.18,45.29,39.364005,-79.830989
EVT0010704,BMW00840,WBA00000000000840,2026-02-07 03:55:00,82.58,99.93,14.73,54.701904,-85.725479
EVT0008363,BMW00142,WBA00000000000142,2026-01-30 00:50:00,85.34,85.32,43.94,12.892517,-118.450986
EVT0053650,BMW00964,WBA00000000000964,2026-07-06 06:45:00,97.79,105.65,-1.78,25.904374,29.716264
EVT0093711,BMW00623,WBA00000000000623,2026-11-22 09:10:00,48.91,82.55,-8.41,26.106615,112.350507
EVT0018098,BMW00277,WBA00000000000277,2026-03-04 20:05:00,19.67,49.39,48.25,52.688369,43.130342
EVT0085378,BMW00499,WBA00000000000499,2026-10-24 10:45:00,13.51,99.32,3.59,16.356235,20.617726
EVT0072738,BMW00549,WBA00000000000549,2026-09-10 13:25:00,72.28,97.16,30.76,40.853578,-41.961809
EVT0065160,BMW00403,WBA00000000000403,2026-08-15 05:55:00,89.75,24.31,27.24,14.279372,38.80695
EVT0047255,BMW00115,WBA00000000000115,2026-06-14 01:50:00,29.94,137.45,32.51,24.5856,-51.021934
EVT0024723,BMW00311,WBA00000000000311,2026-03-27 20:10:00,61.47,83.74,8.47,46.670039,-52.842139
EVT0075365,BMW00632,WBA00000000000632,2026-09-19 16:20:00,22.45,50.65,41.26,53.336037,-22.04109
EVT0026542,BMW00959,WBA00000000000959,2026-04-03 03:45:00,32.33,4.18,-2.59,10.973241,-113.521233
EVT0077170,BMW00787,WBA00000000000787,2026-09-25 22:45:00,77.52,33.38,35.48,10.822978,3.275588
EVT0063556,BMW00539,WBA00000000000539,2026-08-09 16:15:00,67.44,140.36,-7.26,18.310731,92.906803
EVT0015101,BMW00491,WBA00000000000491,2026-02-22 10:20:00,38.31,130.86,12.25,32.063468,-73.002949
EVT0098339,BMW00533,WBA00000000000533,2026-12-08 10:50:00,12.92,140.09,-6.72,31.562396,4.304117
EVT0052602,BMW00356,WBA00000000000356,2026-07-02 15:25:00,16.16,59.66,23.15,10.134945,99.281684
EVT0010890,BMW00598,WBA00000000000598,2026-02-07 19:25:00,59.48,105.29,18.61,41.548547,-24.208561
EVT0020750,BMW00363,WBA00000000000363,2026-03-14 01:05:00,79.49,83.47,9.34,53.476174,85.359183
EVT0021279,BMW00643,WBA00000000000643,2026-03-15 21:10:00,94.6,151.85,-4.5,43.857052,-3.337752
EVT0062834,BMW00502,WBA00000000000502,2026-08-07 04:05:00,86.54,78.36,24.7,45.166859,-9.722889
EVT0066677,BMW00095,WBA00000000000095,2026-08-20 12:20:00,58.8,123.47,45.46,16.251122,-66.116293
EVT0065388,BMW00312,WBA00000000000312,2026-08-16 00:55:00,31.74,155.19,29.58,22.219468,64.728064
EVT0069902,BMW00334,WBA00000000000334,2026-08-31 17:05:00,49.85,90.06,51.19,35.675337,33.77951
EVT0001259,BMW00734,WBA00000000000734,2026-01-05 08:50:00,80.34,144.51,35.32,36.71406,-107.944561
EVT0061739,BMW00413,WBA00000000000413,2026-08-03 08:50:00,88.24,0.46,19.79,10.289425,-12.810269
EVT0023589,BMW00419,WBA00000000000419,2026-03-23 21:40:00,76.78,150.03,-3.43,26.567515,142.350467
EVT0086745,BMW00267,WBA00000000000267,2026-10-29 04:40:00,13.67,38.51,10.49,14.829119,-98.718337
EVT0068278,BMW00840,WBA00000000000840,2026-08-26 01:45:00,29.78,49.54,11.18,20.863974,-100.120231
EVT0052485,BMW00956,WBA00000000000956,2026-07-02 05:40:00,96.51,10.33,28.93,36.416209,86.474009
EVT0087815,BMW00431,WBA00000000000431,2026-11-01 21:50:00,78.95,21.93,12.39,31.158156,123.665275
EVT0029327,BMW00054,WBA00000000000054,2026-04-12 19:50:00,58.94,144.02,44.99,46.035934,-13.87649
EVT0071295,BMW00659,WBA00000000000659,2026-09-05 13:10:00,35.5,135.77,43.74,14.94589,26.410121
EVT0062944,BMW00399,WBA00000000000399,2026-08-07 13:15:00,96.61,50.33,45.25,8.122608,87.307402
EVT0004478,BMW00132,WBA00000000000132,2026-01-16 13:05:00,39.07,87.22,49.44,16.661499,116.945015
EVT0064758,BMW00412,WBA00000000000412,2026-08-13 20:25:00,10.75,125.98,24.58,8.999422,-91.929181
EVT0060365,BMW00268,WBA00000000000268,2026-07-29 14:20:00,43.2,126.01,43.75,54.561362,64.891464
EVT0001651,BMW00201,WBA00000000000201,2026-01-06 17:30:00,34.45,37.15,29.96,51.328281,21.210513
EVT0095626,BMW00412,WBA00000000000412,2026-11-29 00:45:00,82.03,5.27,2.89,10.401512,38.780717
EVT0030896,BMW00536,WBA00000000000536,2026-04-18 06:35:00,40.31,156.6,4.03,19.761023,-52.080472
EVT0048947,BMW00088,WBA00000000000088,2026-06-19 22:50:00,31.84,131.02,36.0,54.105343,107.87596
EVT0027315,BMW00085,WBA00000000000085,2026-04-05 20:10:00,34.38,45.8,54.8,42.990291,51.972118
EVT0014458,BMW00608,WBA00000000000608,2026-02-20 04:45:00,50.18,12.56,51.03,42.909847,7.34992
EVT0098194,BMW00488,WBA00000000000488,2026-12-07 22:45:00,73.56,75.75,29.86,30.968217,-101.758976
EVT0094661,BMW00591,WBA00000000000591,2026-11-25 16:20:00,80.44,134.19,22.27,53.491267,147.900516
EVT0025961,BMW00330,WBA00000000000330,2026-04-01 03:20:00,17.67,7.98,28.55,23.819405,-20.05432
EVT0054489,BMW00496,WBA00000000000496,2026-07-09 04:40:00,58.35,138.16,53.59,23.896514,-100.90326
EVT0052052,BMW00763,WBA00000000000763,2026-06-30 17:35:00,56.27,50.43,21.77,38.401671,136.594038
EVT0052832,BMW00148,WBA00000000000148,2026-07-03 10:35:00,80.73,142.98,54.04,37.306964,-44.17381
EVT0049431,BMW00871,WBA00000000000871,2026-06-21 15:10:00,41.07,151.82,8.07,51.269089,28.933853
EVT0099047,BMW00410,WBA00000000000410,2026-12-10 21:50:00,15.59,71.76,10.85,14.587132,77.574567
EVT0046883,BMW00696,WBA00000000000696,2026-06-12 18:50:00,29.5,71.03,15.25,28.324802,-64.338892
EVT0069913,BMW00078,WBA00000000000078,2026-08-31 18:00:00,97.66,13.61,9.98,17.003627,-70.50005
EVT0054132,BMW00959,WBA00000000000959,2026-07-07 22:55:00,63.38,129.13,49.76,22.549949,-16.143455
EVT0002278,BMW00805,WBA00000000000805,2026-01-08 21:45:00,16.35,78.83,10.41,28.12536,136.044879
EVT0071282,BMW00352,WBA00000000000352,2026-09-05 12:05:00,60.95,32.09,20.73,51.149887,6.326971
EVT0007027,BMW00171,WBA00000000000171,2026-01-25 09:30:00,23.18,71.49,21.89,20.504152,-5.567445
EVT0040030,BMW00490,WBA00000000000490,2026-05-19 23:45:00,39.05,153.53,38.51,16.056372,94.048564
EVT0005718,BMW00364,WBA00000000000364,2026-01-20 20:25:00,64.87,155.26,43.16,28.323663,63.885631
EVT0055421,BMW00536,WBA00000000000536,2026-07-12 10:20:00,23.13,55.18,35.75,20.137685,111.735402
EVT0005383,BMW00208,WBA00000000000208,2026-01-19 16:30:00,93.75,143.5,50.3,44.73731,102.32463
EVT0014817,BMW00507,WBA00000000000507,2026-02-21 10:40:00,87.31,142.56,7.28,13.392081,75.508168
EVT0067065,BMW00559,WBA00000000000559,2026-08-21 20:40:00,63.05,39.14,47.46,49.699315,104.209121
EVT0060891,BMW00132,WBA00000000000132,2026-07-31 10:10:00,78.58,131.21,22.71,18.954785,30.997024
EVT0056046,BMW00654,WBA00000000000654,2026-07-14 14:25:00,51.57,131.14,-1.58,23.13918,108.621094
EVT0045831,BMW00836,WBA00000000000836,2026-06-09 03:10:00,51.78,37.52,-2.32,23.371135,-59.1652
EVT0054902,BMW00528,WBA00000000000528,2026-07-10 15:05:00,72.07,43.51,36.14,34.690011,-18.360818
EVT0045702,BMW00207,WBA00000000000207,2026-06-08 16:25:00,52.93,65.65,8.78,21.982951,16.947021
EVT0009760,BMW00351,WBA00000000000351,2026-02-03 21:15:00,55.19,0.52,27.82,9.747633,-100.130544
EVT0023208,BMW00992,WBA00000000000992,2026-03-22 13:55:00,76.98,34.13,49.18,45.019955,98.179755
EVT0097359,BMW00376,WBA00000000000376,2026-12-05 01:10:00,52.22,131.87,13.01,10.600164,-0.897385
EVT0093994,BMW00796,WBA00000000000796,2026-11-23 08:45:00,64.41,9.03,19.69,53.558669,136.218818
EVT0084991,BMW00912,WBA00000000000912,2026-10-23 02:30:00,84.13,87.42,42.28,32.479084,139.117203
EVT0039426,BMW00186,WBA00000000000186,2026-05-17 21:25:00,42.98,13.0,44.66,24.106641,-0.473802
EVT0006352,BMW00904,WBA00000000000904,2026-01-23 01:15:00,77.44,5.01,26.34,13.19823,67.257159
EVT0076859,BMW00444,WBA00000000000444,2026-09-24 20:50:00,34.93,156.16,-8.23,20.49299,33.117007
EVT0025749,BMW00860,WBA00000000000860,2026-03-31 09:40:00,59.88,142.74,-2.55,46.672029,8.199407
EVT0009732,BMW00092,WBA00000000000092,2026-02-03 18:55:00,56.41,33.38,4.94,45.918431,-117.060764
EVT0025049,BMW00869,WBA00000000000869,2026-03-28 23:20:00,54.39,109.41,50.35,49.905788,77.109288
EVT0070967,BMW00262,WBA00000000000262,2026-09-04 09:50:00,42.49,84.68,49.07,37.358948,149.041125
EVT0035491,BMW00720,WBA00000000000720,2026-05-04 05:30:00,64.01,114.88,21.31,13.974287,1.173968
EVT0061266,BMW00211,WBA00000000000211,2026-08-01 17:25:00,58.95,14.24,-0.15,17.476752,144.404959
EVT0042398,BMW00654,WBA00000000000654,2026-05-28 05:05:00,14.57,2.84,32.93,36.558238,51.154359
EVT0048976,BMW00777,WBA00000000000777,2026-06-20 01:15:00,55.19,83.42,-4.43,51.43482,107.578749
EVT0026149,BMW00507,WBA00000000000507,2026-04-01 19:00:00,64.28,10.16,38.54,32.15524,11.689724
EVT0099672,BMW00565,WBA00000000000565,2026-12-13 01:55:00,23.21,110.05,0.44,52.642794,-100.49304
EVT0097221,BMW00298,WBA00000000000298,2026-12-04 13:40:00,85.17,104.45,-8.12,41.422103,-19.390909
EVT0016330,BMW00224,WBA00000000000224,2026-02-26 16:45:00,67.17,90.98,15.27,27.541833,96.401392
EVT0097828,BMW00812,WBA00000000000812,2026-12-06 16:15:00,41.46,136.17,11.58,31.640671,109.41402
EVT0072741,BMW00940,WBA00000000000940,2026-09-10 13:40:00,57.12,155.31,17.23,22.637018,93.52697
EVT0062183,BMW00551,WBA00000000000551,2026-08-04 21:50:00,81.17,158.12,30.98,34.058579,113.554433
EVT0056463,BMW00239,WBA00000000000239,2026-07-16 01:10:00,88.16,67.51,44.62,34.995491,-106.609911
EVT0028119,BMW00624,WBA00000000000624,2026-04-08 15:10:00,66.96,134.31,-8.03,20.417288,-29.294524
EVT0036956,BMW00609,WBA00000000000609,2026-05-09 07:35:00,24.62,134.37,52.82,32.353989,40.537554
EVT0083629,BMW00246,WBA00000000000246,2026-10-18 09:00:00,68.06,65.76,-3.7,23.052977,85.166299
EVT0037344,BMW00831,WBA00000000000831,2026-05-10 15:55:00,28.66,115.12,13.79,38.109482,-80.138922
EVT0075892,BMW00001,WBA00000000000001,2026-09-21 12:15:00,51.6,130.96,44.34,42.885448,35.808886
EVT0050838,BMW00593,WBA00000000000593,2026-06-26 12:25:00,24.19,82.8,26.0,16.803966,62.442798
EVT0065331,BMW00571,WBA00000000000571,2026-08-15 20:10:00,56.38,79.5,13.81,17.557988,47.427387
EVT0015601,BMW00816,WBA00000000000816,2026-02-24 04:00:00,23.41,54.98,23.07,13.977793,-27.771782
EVT0050771,BMW00636,WBA00000000000636,2026-06-26 06:50:00,28.62,86.97,12.21,12.58841,-83.226029
EVT0093270,BMW00573,WBA00000000000573,2026-11-20 20:25:00,69.96,92.92,-1.98,26.360971,125.317023
EVT0038316,BMW00460,WBA00000000000460,2026-05-14 00:55:00,17.4,26.22,-2.85,17.418472,-103.637616
EVT0096489,BMW00341,WBA00000000000341,2026-12-02 00:40:00,89.14,76.13,-7.2,23.911544,107.101631
EVT0013978,BMW00957,WBA00000000000957,2026-02-18 12:45:00,77.81,155.35,-9.66,13.728183,5.329915
EVT0070692,BMW00257,WBA00000000000257,2026-09-03 10:55:00,60.52,48.9,34.96,42.724298,55.523396
EVT0020197,BMW00563,WBA00000000000563,2026-03-12 03:00:00,55.77,67.69,15.94,10.511442,-76.766122
EVT0082195,BMW00402,WBA00000000000402,2026-10-13 09:30:00,90.83,113.56,2.36,45.852766,-57.332265
EVT0094269,BMW00855,WBA00000000000855,2026-11-24 07:40:00,54.66,11.6,41.47,51.944656,137.493974
EVT0004353,BMW00039,WBA00000000000039,2026-01-16 02:40:00,68.63,159.34,6.75,53.67284,-109.372949
EVT0052328,BMW00174,WBA00000000000174,2026-07-01 16:35:00,13.27,84.28,44.25,25.097362,83.329042
EVT0010074,BMW00508,WBA00000000000508,2026-02-04 23:25:00,45.38,54.18,-0.68,19.284914,69.244035
EVT0047895,BMW00899,WBA00000000000899,2026-06-16 07:10:00,65.86,15.56,-1.17,47.753123,-79.72633
EVT0041474,BMW00825,WBA00000000000825,2026-05-25 00:05:00,51.58,123.57,0.98,9.786686,-30.963398
EVT0077680,BMW00940,WBA00000000000940,2026-09-27 17:15:00,94.58,101.77,-5.81,31.698432,-73.423297
EVT0093106,BMW00814,WBA00000000000814,2026-11-20 06:45:00,70.87,129.17,-4.74,33.084105,19.314084
EVT0012634,BMW00864,WBA00000000000864,2026-02-13 20:45:00,57.36,82.44,26.31,25.835464,63.328365
EVT0003846,BMW00614,WBA00000000000614,2026-01-14 08:25:00,50.91,124.1,23.28,52.156385,-42.454323
EVT0023359,BMW00458,WBA00000000000458,2026-03-23 02:30:00,60.06,33.83,-2.51,29.198278,-110.392792
EVT0005683,BMW00698,WBA00000000000698,2026-01-20 17:30:00,91.16,65.83,43.09,46.991923,-78.783838
EVT0032446,BMW00825,WBA00000000000825,2026-04-23 15:45:00,12.28,56.48,28.53,24.017859,35.932368
EVT0073658,BMW00431,WBA00000000000431,2026-09-13 18:05:00,57.46,101.59,44.81,34.019498,58.177484
EVT0032647,BMW00081,WBA00000000000081,2026-04-24 08:30:00,65.25,116.95,5.03,10.54752,130.294838
EVT0031748,BMW00426,WBA00000000000426,2026-04-21 05:35:00,21.34,26.06,-3.84,47.034484,74.41764
EVT0099919,BMW00369,WBA00000000000369,2026-12-13 22:30:00,27.96,152.77,12.9,9.761167,53.524898
EVT0053426,BMW00312,WBA00000000000312,2026-07-05 12:05:00,87.77,85.27,2.9,14.710031,131.070368
EVT0087686,BMW00268,WBA00000000000268,2026-11-01 11:05:00,67.88,116.76,34.96,19.92125,-55.098248
EVT0096955,BMW00357,WBA00000000000357,2026-12-03 15:30:00,84.46,143.92,24.93,26.587509,117.206482
EVT0058201,BMW00057,WBA00000000000057,2026-07-22 02:00:00,63.33,82.35,23.81,23.752445,132.144585
EVT0060961,BMW00660,WBA00000000000660,2026-07-31 16:00:00,36.92,76.09,22.31,21.496577,114.852496
EVT0065297,BMW00202,WBA00000000000202,2026-08-15 17:20:00,11.84,50.4,27.27,28.908146,-49.360941
EVT0017889,BMW00412,WBA00000000000412,2026-03-04 02:40:00,86.52,44.98,20.25,53.664083,85.95508
EVT0010838,BMW00930,WBA00000000000930,2026-02-07 15:05:00,68.55,21.27,0.48,18.680039,-69.218049
EVT0043877,BMW00112,WBA00000000000112,2026-06-02 08:20:00,85.74,11.45,14.25,17.698891,108.456135
EVT0027347,BMW00259,WBA00000000000259,2026-04-05 22:50:00,24.53,21.61,50.11,27.984004,73.245642
EVT0008580,BMW00847,WBA00000000000847,2026-01-30 18:55:00,95.17,93.82,35.37,18.824504,-75.172553
EVT0056163,BMW00620,WBA00000000000620,2026-07-15 00:10:00,85.04,104.06,52.5,34.36755,-83.445817
EVT0038057,BMW00263,WBA00000000000263,2026-05-13 03:20:00,73.06,111.71,54.25,15.265171,19.128113
EVT0036707,BMW00552,WBA00000000000552,2026-05-08 10:50:00,28.41,61.31,28.79,33.408469,148.847634
EVT0017480,BMW00138,WBA00000000000138,2026-03-02 16:35:00,28.83,20.81,16.83,33.131849,138.605858
EVT0086967,BMW00749,WBA00000000000749,2026-10-29 23:10:00,53.04,24.08,-6.29,50.682738,11.10894
EVT0042350,BMW00526,WBA00000000000526,2026-05-28 01:05:00,38.22,61.16,32.05,36.969328,134.039436
EVT0000343,BMW00567,WBA00000000000567,2026-01-02 04:30:00,14.42,43.68,48.92,36.586126,-100.113217
EVT0071853,BMW00418,WBA00000000000418,2026-09-07 11:40:00,92.35,58.9,-9.81,34.661067,128.747445
EVT0019144,BMW00158,WBA00000000000158,2026-03-08 11:15:00,31.29,102.65,8.47,28.973846,24.711118
EVT0086988,BMW00402,WBA00000000000402,2026-10-30 00:55:00,93.8,101.94,46.54,28.891715,-22.400352
EVT0044708,BMW00360,WBA00000000000360,2026-06-05 05:35:00,77.62,107.01,26.64,24.544103,-102.682009
EVT0021591,BMW00934,WBA00000000000934,2026-03-16 23:10:00,39.22,112.21,3.04,29.789624,-19.18749
EVT0043813,BMW00375,WBA00000000000375,2026-06-02 03:00:00,44.44,22.62,46.38,27.716447,-90.685899
EVT0018637,BMW00912,WBA00000000000912,2026-03-06 17:00:00,97.49,8.28,-6.34,11.920281,-29.915033
EVT0093032,BMW00309,WBA00000000000309,2026-11-20 00:35:00,83.81,82.01,13.83,11.331677,99.093272
EVT0076161,BMW00207,WBA00000000000207,2026-09-22 10:40:00,69.4,155.65,3.18,10.467846,17.81954
EVT0064126,BMW00713,WBA00000000000713,2026-08-11 15:45:00,20.44,95.64,39.91,25.211309,65.691854
EVT0000933,BMW00339,WBA00000000000339,2026-01-04 05:40:00,27.48,12.35,43.75,50.984747,-57.575647
EVT0077169,BMW00183,WBA00000000000183,2026-09-25 22:40:00,96.27,0.01,43.75,51.146034,88.521905
EVT0046402,BMW00683,WBA00000000000683,2026-06-11 02:45:00,39.57,117.09,17.3,40.106697,-89.580896
EVT0020917,BMW00823,WBA00000000000823,2026-03-14 15:00:00,84.58,44.99,40.04,11.659699,-98.182109
EVT0026435,BMW00110,WBA00000000000110,2026-04-02 18:50:00,65.3,26.89,23.95,37.950708,-14.750812
EVT0046797,BMW00540,WBA00000000000540,2026-06-12 11:40:00,86.4,81.76,10.62,9.574867,-35.017122
EVT0073561,BMW00860,WBA00000000000860,2026-09-13 10:00:00,72.43,9.31,43.9,31.87918,-52.315763
EVT0034445,BMW00449,WBA00000000000449,2026-04-30 14:20:00,93.56,26.87,44.27,37.452388,145.077877
EVT0021935,BMW00121,WBA00000000000121,2026-03-18 03:50:00,11.57,84.41,-4.8,18.166172,75.953349
EVT0052717,BMW00802,WBA00000000000802,2026-07-03 01:00:00,99.26,14.9,22.23,29.950084,-104.891064
EVT0083718,BMW00483,WBA00000000000483,2026-10-18 16:25:00,17.38,65.43,52.34,43.422439,126.296951
EVT0040840,BMW00174,WBA00000000000174,2026-05-22 19:15:00,75.71,108.74,2.6,14.360625,-50.954965
EVT0031968,BMW00683,WBA00000000000683,2026-04-21 23:55:00,70.1,19.29,19.72,36.24556,16.344212
EVT0077467,BMW00037,WBA00000000000037,2026-09-26 23:30:00,39.04,36.73,18.7,20.638166,-75.602556
EVT0057200,BMW00666,WBA00000000000666,2026-07-18 14:35:00,87.76,126.46,-2.38,47.427782,-66.803075
EVT0066964,BMW00405,WBA00000000000405,2026-08-21 12:15:00,44.18,66.26,31.94,48.597709,120.68115
EVT0096094,BMW00926,WBA00000000000926,2026-11-30 15:45:00,76.86,121.36,33.95,10.731936,123.690472
EVT0033984,BMW00804,WBA00000000000804,2026-04-28 23:55:00,78.71,116.63,28.2,37.423538,-53.228858
EVT0062262,BMW00841,WBA00000000000841,2026-08-05 04:25:00,48.41,120.11,39.39,48.63701,-119.701622
EVT0081587,BMW00468,WBA00000000000468,2026-10-11 06:50:00,86.99,9.63,41.87,43.100222,-78.67463
EVT0004445,BMW00747,WBA00000000000747,2026-01-16 10:20:00,39.4,109.45,8.64,53.417731,18.370715
EVT0018564,BMW00531,WBA00000000000531,2026-03-06 10:55:00,29.05,80.64,43.28,8.010308,51.349177
EVT0027746,BMW00892,WBA00000000000892,2026-04-07 08:05:00,86.74,129.41,47.15,29.253672,-99.310747
EVT0001272,BMW00762,WBA00000000000762,2026-01-05 09:55:00,53.7,139.08,30.37,33.583185,132.555855
EVT0088477,BMW00753,WBA00000000000753,2026-11-04 05:00:00,46.25,42.42,1.01,24.01638,-3.416694
EVT0015298,BMW00418,WBA00000000000418,2026-02-23 02:45:00,81.72,103.21,19.44,30.389657,-19.086881
EVT0029389,BMW00615,WBA00000000000615,2026-04-13 01:00:00,52.03,158.66,20.62,21.706298,-18.097024
EVT0084589,BMW00844,WBA00000000000844,2026-10-21 17:00:00,32.96,58.84,8.33,28.809349,144.871946
EVT0088499,BMW00944,WBA00000000000944,2026-11-04 06:50:00,22.13,40.01,-1.47,28.099747,-32.521929
EVT0017099,BMW00706,WBA00000000000706,2026-03-01 08:50:00,37.66,136.51,4.59,34.556479,-110.685249
EVT0075981,BMW00539,WBA00000000000539,2026-09-21 19:40:00,87.72,110.83,39.66,54.323453,-104.035973
EVT0004512,BMW00545,WBA00000000000545,2026-01-16 15:55:00,45.17,0.29,39.72,17.4153,-68.926438
EVT0010772,BMW00360,WBA00000000000360,2026-02-07 09:35:00,22.4,110.68,21.06,32.482376,-21.834391
EVT0021988,BMW00402,WBA00000000000402,2026-03-18 08:15:00,59.49,16.77,24.14,22.925993,30.673114
EVT0018196,BMW00477,WBA00000000000477,2026-03-05 04:15:00,64.1,17.3,0.8,25.851841,47.268188
EVT0008979,BMW00571,WBA00000000000571,2026-02-01 04:10:00,33.89,11.92,51.33,20.029194,49.999826
EVT0019373,BMW00142,WBA00000000000142,2026-03-09 06:20:00,65.04,34.01,10.03,15.564276,-76.367793
EVT0082089,BMW00426,WBA00000000000426,2026-10-13 00:40:00,69.36,24.74,48.0,37.028049,35.163532
EVT0096143,BMW00531,WBA00000000000531,2026-11-30 19:50:00,29.92,132.78,43.79,42.773415,-61.114673
EVT0014037,BMW00317,WBA00000000000317,2026-02-18 17:40:00,48.22,45.9,26.03,27.788342,-83.510273
EVT0056955,BMW00763,WBA00000000000763,2026-07-17 18:10:00,57.78,74.09,5.34,42.142446,20.19462
EVT0028456,BMW00194,WBA00000000000194,2026-04-09 19:15:00,70.93,155.03,14.18,51.770582,-104.975263
EVT0068179,BMW00057,WBA00000000000057,2026-08-25 17:30:00,56.54,2.64,23.21,46.987783,-52.529427
EVT0000748,BMW00250,WBA00000000000250,2026-01-03 14:15:00,67.55,63.73,45.07,35.19545,53.472437
EVT0053170,BMW00148,WBA00000000000148,2026-07-04 14:45:00,52.38,95.47,36.46,20.077046,-4.910877
EVT0050612,BMW00571,WBA00000000000571,2026-06-25 17:35:00,19.99,0.85,42.38,50.411649,124.063175
EVT0043382,BMW00769,WBA00000000000769,2026-05-31 15:05:00,83.0,129.77,29.4,39.166827,126.527524
EVT0034794,BMW00673,WBA00000000000673,2026-05-01 19:25:00,92.99,112.59,45.74,34.714752,44.962388
EVT0030762,BMW00434,WBA00000000000434,2026-04-17 19:25:00,74.39,50.32,21.93,14.299144,4.979085
EVT0034232,BMW00276,WBA00000000000276,2026-04-29 20:35:00,61.07,92.07,26.16,44.156927,18.952684
EVT0083142,BMW00852,WBA00000000000852,2026-10-16 16:25:00,88.36,4.0,22.34,8.987945,16.139164
EVT0031135,BMW00902,WBA00000000000902,2026-04-19 02:30:00,53.78,66.88,52.2,16.287101,-62.815764
EVT0055317,BMW00243,WBA00000000000243,2026-07-12 01:40:00,42.09,77.99,44.81,31.515326,79.288705
EVT0002090,BMW00331,WBA00000000000331,2026-01-08 06:05:00,54.28,116.05,-5.62,37.544511,-82.970802
EVT0027144,BMW00430,WBA00000000000430,2026-04-05 05:55:00,81.68,14.28,22.2,51.730653,8.275517
EVT0099380,BMW00341,WBA00000000000341,2026-12-12 01:35:00,23.47,136.27,15.32,45.814187,50.166853
EVT0077607,BMW00687,WBA00000000000687,2026-09-27 11:10:00,78.74,145.75,-5.95,24.928463,-35.776086
EVT0062122,BMW00721,WBA00000000000721,2026-08-04 16:45:00,35.15,95.66,20.22,48.527353,22.577723
EVT0039178,BMW00200,WBA00000000000200,2026-05-17 00:45:00,83.86,61.21,28.13,18.996082,-9.173252
EVT0069082,BMW00148,WBA00000000000148,2026-08-28 20:45:00,72.04,141.46,-2.02,27.033093,32.001727
EVT0025789,BMW00350,WBA00000000000350,2026-03-31 13:00:00,18.34,145.46,47.82,17.460764,-51.300447
EVT0063769,BMW00730,WBA00000000000730,2026-08-10 10:00:00,98.96,112.76,8.85,40.303354,-71.4551
EVT0051120,BMW00157,WBA00000000000157,2026-06-27 11:55:00,26.2,108.02,26.54,13.026483,-35.047973
EVT0034257,BMW00290,WBA00000000000290,2026-04-29 22:40:00,29.39,75.68,48.09,50.904207,57.807115
EVT0077038,BMW00609,WBA00000000000609,2026-09-25 11:45:00,40.17,102.44,39.82,35.275375,-20.0511
EVT0030188,BMW00558,WBA00000000000558,2026-04-15 19:35:00,66.53,156.16,34.68,28.950183,29.753675
EVT0037578,BMW00265,WBA00000000000265,2026-05-11 11:25:00,80.56,106.87,-3.7,20.520904,114.174884
EVT0044381,BMW00242,WBA00000000000242,2026-06-04 02:20:00,68.31,106.66,30.7,22.374685,128.453623
EVT0062297,BMW00546,WBA00000000000546,2026-08-05 07:20:00,16.49,86.76,-2.24,54.324384,-67.350708
EVT0007120,BMW00887,WBA00000000000887,2026-01-25 17:15:00,49.38,74.3,8.15,9.396208,59.659552
EVT0028007,BMW00276,WBA00000000000276,2026-04-08 05:50:00,92.27,97.72,6.56,52.780244,-111.660612
EVT0093102,BMW00981,WBA00000000000981,2026-11-20 06:25:00,74.48,8.41,39.96,15.535105,60.809873
EVT0060957,BMW00323,WBA00000000000323,2026-07-31 15:40:00,41.78,124.98,-4.57,31.130465,33.996007
EVT0021221,BMW00751,WBA00000000000751,2026-03-15 16:20:00,66.12,12.95,7.8,35.464135,101.677678
EVT0059797,BMW00420,WBA00000000000420,2026-07-27 15:00:00,59.33,119.87,28.67,43.123678,-68.769134
EVT0086825,BMW00810,WBA00000000000810,2026-10-29 11:20:00,33.97,33.67,1.44,40.925439,-112.874781
EVT0035969,BMW00505,WBA00000000000505,2026-05-05 21:20:00,31.49,19.24,5.15,8.775133,52.493724
EVT0017989,BMW00401,WBA00000000000401,2026-03-04 11:00:00,67.34,28.63,13.97,9.787148,-28.909837
EVT0005678,BMW00830,WBA00000000000830,2026-01-20 17:05:00,41.23,148.36,49.51,16.36165,-96.868764
EVT0098151,BMW00819,WBA00000000000819,2026-12-07 19:10:00,40.88,52.22,53.86,40.95145,119.372297
EVT0072824,BMW00115,WBA00000000000115,2026-09-10 20:35:00,52.53,111.53,15.88,26.462758,40.590481
EVT0025285,BMW00652,WBA00000000000652,2026-03-29 19:00:00,46.78,140.27,26.26,34.433337,-91.393681
EVT0026060,BMW00286,WBA00000000000286,2026-04-01 11:35:00,52.81,86.74,34.49,53.418985,49.609956
EVT0070226,BMW00226,WBA00000000000226,2026-09-01 20:05:00,28.58,122.56,18.62,34.014454,26.378835
EVT0047365,BMW00197,WBA00000000000197,2026-06-14 11:00:00,79.94,115.01,16.72,21.488996,-99.178023
EVT0096082,BMW00771,WBA00000000000771,2026-11-30 14:45:00,54.04,136.2,16.83,38.427508,-81.148633
EVT0050413,BMW00255,WBA00000000000255,2026-06-25 01:00:00,93.65,134.76,17.35,26.579443,-0.136722
EVT0081403,BMW00870,WBA00000000000870,2026-10-10 15:30:00,20.35,3.27,18.19,49.216286,-107.79643
EVT0090583,BMW00390,WBA00000000000390,2026-11-11 12:30:00,83.1,48.15,28.61,39.288326,-86.650378
EVT0099773,BMW00101,WBA00000000000101,2026-12-13 10:20:00,26.44,117.67,37.45,41.390403,50.949627
EVT0069592,BMW00750,WBA00000000000750,2026-08-30 15:15:00,59.6,156.86,26.21,10.167876,-109.380622
EVT0009994,BMW00333,WBA00000000000333,2026-02-04 16:45:00,12.89,87.02,-0.84,50.094298,-115.805925
EVT0009437,BMW00927,WBA00000000000927,2026-02-02 18:20:00,65.31,12.13,37.41,35.034708,103.11737
EVT0043385,BMW00515,WBA00000000000515,2026-05-31 15:20:00,78.55,21.43,-1.73,45.074535,-118.941446
EVT0046803,BMW00898,WBA00000000000898,2026-06-12 12:10:00,43.42,89.4,41.95,39.505937,-24.559775
EVT0094835,BMW00859,WBA00000000000859,2026-11-26 06:50:00,20.92,97.83,28.51,28.318338,90.320512
EVT0085349,BMW00604,WBA00000000000604,2026-10-24 08:20:00,62.72,124.52,36.98,18.985374,-104.808001
EVT0025086,BMW00101,WBA00000000000101,2026-03-29 02:25:00,14.31,88.49,12.98,24.133285,5.292022
EVT0043416,BMW00787,WBA00000000000787,2026-05-31 17:55:00,66.01,159.57,-3.93,30.876102,-73.075521
EVT0011905,BMW00968,WBA00000000000968,2026-02-11 08:00:00,63.97,12.5,-0.51,24.330394,10.062553
EVT0014873,BMW00132,WBA00000000000132,2026-02-21 15:20:00,13.69,41.37,14.03,18.948118,-59.454184
EVT0037056,BMW00555,WBA00000000000555,2026-05-09 15:55:00,52.42,62.19,12.82,29.912563,-7.651578
EVT0044664,BMW00143,WBA00000000000143,2026-06-05 01:55:00,61.1,90.71,44.36,9.657363,-88.483348
EVT0086394,BMW00375,WBA00000000000375,2026-10-27 23:25:00,99.9,70.26,32.93,54.438803,106.550675
EVT0061906,BMW00414,WBA00000000000414,2026-08-03 22:45:00,55.12,34.09,49.38,35.980253,27.4816
EVT0055605,BMW00796,WBA00000000000796,2026-07-13 01:40:00,94.47,131.35,0.04,36.822781,81.447857
EVT0048622,BMW00727,WBA00000000000727,2026-06-18 19:45:00,36.91,119.69,54.02,19.146358,-57.757514
EVT0052324,BMW00744,WBA00000000000744,2026-07-01 16:15:00,10.2,62.01,4.44,21.970782,125.919569
EVT0005281,BMW00714,WBA00000000000714,2026-01-19 08:00:00,28.81,3.49,38.98,42.529762,-17.152493
EVT0083854,BMW00260,WBA00000000000260,2026-10-19 03:45:00,63.18,90.2,51.43,44.231374,-42.829142
EVT0048588,BMW00380,WBA00000000000380,2026-06-18 16:55:00,57.6,71.63,10.92,51.031824,76.882727
EVT0076251,BMW00724,WBA00000000000724,2026-09-22 18:10:00,11.64,50.6,-5.7,48.959734,41.605555
EVT0062651,BMW00179,WBA00000000000179,2026-08-06 12:50:00,44.35,134.79,2.8,14.971025,-55.017326
EVT0020264,BMW00729,WBA00000000000729,2026-03-12 08:35:00,69.78,97.33,14.13,54.164293,5.036463
EVT0042173,BMW00769,WBA00000000000769,2026-05-27 10:20:00,17.06,148.61,46.09,22.224816,131.721046
EVT0021156,BMW00782,WBA00000000000782,2026-03-15 10:55:00,37.77,103.76,38.1,21.376479,-115.263226
EVT0079488,BMW00183,WBA00000000000183,2026-10-03 23:55:00,39.79,40.77,18.86,17.023817,72.962638
EVT0059327,BMW00543,WBA00000000000543,2026-07-25 23:50:00,14.49,27.79,23.39,9.193168,98.788057
EVT0093127,BMW00467,WBA00000000000467,2026-11-20 08:30:00,99.48,28.66,0.49,34.883549,123.131059
EVT0055734,BMW00572,WBA00000000000572,2026-07-13 12:25:00,81.07,70.7,-5.17,33.436181,-50.728198
EVT0017349,BMW00895,WBA00000000000895,2026-03-02 05:40:00,23.66,92.29,16.72,30.358762,22.011214
EVT0008798,BMW00602,WBA00000000000602,2026-01-31 13:05:00,94.25,70.91,5.6,23.408099,8.998937
EVT0080423,BMW00879,WBA00000000000879,2026-10-07 05:50:00,87.41,59.4,44.42,36.005863,-10.830408
EVT0021672,BMW00381,WBA00000000000381,2026-03-17 05:55:00,77.35,151.12,9.62,33.394173,51.21323
EVT0009453,BMW00734,WBA00000000000734,2026-02-02 19:40:00,92.65,129.49,7.36,26.393701,-103.841739
EVT0074558,BMW00059,WBA00000000000059,2026-09-16 21:05:00,20.3,147.77,-0.99,41.25388,84.808986
EVT0099367,BMW00480,WBA00000000000480,2026-12-12 00:30:00,67.27,1.07,16.27,31.259965,8.076863
EVT0043362,BMW00985,WBA00000000000985,2026-05-31 13:25:00,66.88,147.98,37.33,29.531683,74.683095
EVT0011969,BMW00377,WBA00000000000377,2026-02-11 13:20:00,32.53,103.08,49.4,45.880263,-17.870355
EVT0030098,BMW00543,WBA00000000000543,2026-04-15 12:05:00,74.0,153.2,34.04,27.815574,-35.272148
EVT0095179,BMW00355,WBA00000000000355,2026-11-27 11:30:00,89.0,87.1,46.7,52.548457,-63.701606
EVT0010870,BMW00623,WBA00000000000623,2026-02-07 17:45:00,69.54,23.5,0.52,37.853007,46.021812
EVT0027209,BMW00474,WBA00000000000474,2026-04-05 11:20:00,52.26,37.69,-6.32,33.282402,-68.788345
EVT0022365,BMW00131,WBA00000000000131,2026-03-19 15:40:00,50.36,61.19,5.77,49.56299,122.589081
EVT0019332,BMW00082,WBA00000000000082,2026-03-09 02:55:00,53.23,46.17,52.55,16.242105,107.148943
EVT0054713,BMW00650,WBA00000000000650,2026-07-09 23:20:00,84.72,6.81,25.38,18.314682,9.642398
EVT0060545,BMW00794,WBA00000000000794,2026-07-30 05:20:00,58.64,117.13,31.87,42.332891,74.665283
EVT0009398,BMW00705,WBA00000000000705,2026-02-02 15:05:00,21.33,73.13,42.02,19.537957,-77.559489
EVT0020304,BMW00761,WBA00000000000761,2026-03-12 11:55:00,34.51,109.62,54.31,28.905369,-119.534781
EVT0031923,BMW00578,WBA00000000000578,2026-04-21 20:10:00,61.17,44.17,-4.02,39.231557,103.984453
EVT0052847,BMW00868,WBA00000000000868,2026-07-03 11:50:00,81.33,118.66,17.23,47.812843,113.631711
EVT0060739,BMW00123,WBA00000000000123,2026-07-30 21:30:00,81.14,40.5,5.1,25.465737,-113.819783
EVT0021140,BMW00626,WBA00000000000626,2026-03-15 09:35:00,90.42,141.54,-2.62,24.223145,132.957492
EVT0037100,BMW00196,WBA00000000000196,2026-05-09 19:35:00,90.09,92.95,20.37,44.489649,-66.781396
EVT0084643,BMW00920,WBA00000000000920,2026-10-21 21:30:00,20.55,44.03,-2.35,24.770489,137.073962
EVT0002680,BMW00283,WBA00000000000283,2026-01-10 07:15:00,60.91,47.33,42.25,33.068351,-74.889315
EVT0022335,BMW00524,WBA00000000000524,2026-03-19 13:10:00,20.86,154.29,45.69,29.078294,-112.611945
EVT0007295,BMW00732,WBA00000000000732,2026-01-26 07:50:00,33.99,79.73,27.0,42.276949,87.617168
EVT0088082,BMW00118,WBA00000000000118,2026-11-02 20:05:00,38.4,139.56,32.33,19.216469,70.745357
EVT0045784,BMW00675,WBA00000000000675,2026-06-08 23:15:00,49.51,89.61,48.93,33.646247,20.413388
EVT0077524,BMW00481,WBA00000000000481,2026-09-27 04:15:00,83.51,34.86,17.45,44.466711,11.885794
EVT0009132,BMW00811,WBA00000000000811,2026-02-01 16:55:00,41.0,17.99,14.16,12.350115,36.096584
EVT0010884,BMW00363,WBA00000000000363,2026-02-07 18:55:00,70.87,1.8,47.55,39.40082,53.989963
EVT0037523,BMW00489,WBA00000000000489,2026-05-11 06:50:00,96.08,8.56,-0.99,39.823871,-111.232155
EVT0029206,BMW00861,WBA00000000000861,2026-04-12 09:45:00,15.91,97.84,3.58,13.018426,135.967236
EVT0060907,BMW00321,WBA00000000000321,2026-07-31 11:30:00,68.78,27.64,52.77,42.856257,108.137408
EVT0049175,BMW00797,WBA00000000000797,2026-06-20 17:50:00,20.87,141.46,9.45,49.559549,45.585786
EVT0033424,BMW00242,WBA00000000000242,2026-04-27 01:15:00,84.35,111.52,41.15,25.706397,-105.831622
EVT0011169,BMW00774,WBA00000000000774,2026-02-08 18:40:00,29.2,132.64,-5.26,27.250353,-68.745873
EVT0008750,BMW00227,WBA00000000000227,2026-01-31 09:05:00,83.38,53.79,25.07,43.173039,-8.623842
EVT0078886,BMW00856,WBA00000000000856,2026-10-01 21:45:00,85.2,97.01,38.95,50.478165,-74.881078
EVT0082438,BMW00503,WBA00000000000503,2026-10-14 05:45:00,73.62,76.2,14.95,53.474504,-84.39029
EVT0054922,BMW00257,WBA00000000000257,2026-07-10 16:45:00,81.59,83.76,30.59,8.883406,25.926554
EVT0099242,BMW00005,WBA00000000000005,2026-12-11 14:05:00,35.59,73.4,47.31,51.99173,-113.650702
EVT0097568,BMW00165,WBA00000000000165,2026-12-05 18:35:00,69.53,97.39,-7.84,39.911974,-22.193877
EVT0094534,BMW00017,WBA00000000000017,2026-11-25 05:45:00,61.54,97.48,18.44,20.125549,51.921232
EVT0077648,BMW00891,WBA00000000000891,2026-09-27 14:35:00,21.29,38.72,46.37,10.570315,149.916165
EVT0077682,BMW00003,WBA00000000000003,2026-09-27 17:25:00,14.22,151.64,31.24,19.647726,142.156488
EVT0002217,BMW00613,WBA00000000000613,2026-01-08 16:40:00,48.84,32.04,41.81,9.070925,90.333669
EVT0013675,BMW00804,WBA00000000000804,2026-02-17 11:30:00,94.98,49.29,19.75,22.310981,-69.686816
EVT0070411,BMW00984,WBA00000000000984,2026-09-02 11:30:00,24.09,64.03,14.81,15.665267,-2.368012
EVT0014941,BMW00869,WBA00000000000869,2026-02-21 21:00:00,44.75,128.36,46.76,16.382753,-27.372184
EVT0032074,BMW00307,WBA00000000000307,2026-04-22 08:45:00,96.32,153.91,26.37,18.408003,18.313193
EVT0017239,BMW00967,WBA00000000000967,2026-03-01 20:30:00,45.75,32.09,-9.71,11.299298,75.412782
EVT0035878,BMW00378,WBA00000000000378,2026-05-05 13:45:00,22.74,17.91,45.77,17.99304,96.81081
EVT0075259,BMW00377,WBA00000000000377,2026-09-19 07:30:00,77.94,47.13,3.93,29.528455,-19.987655
EVT0069417,BMW00792,WBA00000000000792,2026-08-30 00:40:00,47.4,118.42,45.98,21.654611,23.394171
EVT0036075,BMW00687,WBA00000000000687,2026-05-06 06:10:00,51.97,131.74,53.35,15.728266,-5.303449
EVT0030763,BMW00533,WBA00000000000533,2026-04-17 19:30:00,60.37,129.32,24.13,45.630603,1.124889
EVT0060877,BMW00194,WBA00000000000194,2026-07-31 09:00:00,98.52,112.85,2.03,12.352365,-4.108195
EVT0058435,BMW00820,WBA00000000000820,2026-07-22 21:30:00,90.25,29.64,-5.92,8.331545,-107.822915
EVT0037933,BMW00867,WBA00000000000867,2026-05-12 17:00:00,21.92,33.52,-2.4,20.29155,8.817464
EVT0098611,BMW00164,WBA00000000000164,2026-12-09 09:30:00,88.33,41.62,2.32,23.541302,-75.304734
EVT0000409,BMW00560,WBA00000000000560,2026-01-02 10:00:00,87.55,19.15,27.16,23.901152,129.51894
EVT0060444,BMW00234,WBA00000000000234,2026-07-29 20:55:00,21.53,85.76,32.71,36.713297,-45.201787
EVT0020763,BMW00456,WBA00000000000456,2026-03-14 02:10:00,41.91,17.28,19.66,13.453124,99.278238
EVT0014399,BMW00315,WBA00000000000315,2026-02-19 23:50:00,93.11,92.74,27.42,15.403136,-79.084409
EVT0020557,BMW00277,WBA00000000000277,2026-03-13 09:00:00,63.15,112.47,-0.34,21.861577,-102.441686
EVT0079553,BMW00469,WBA00000000000469,2026-10-04 05:20:00,82.92,78.52,51.85,17.733794,52.331894
EVT0011938,BMW00523,WBA00000000000523,2026-02-11 10:45:00,20.41,46.26,7.48,28.891955,-85.733221
EVT0004989,BMW00662,WBA00000000000662,2026-01-18 07:40:00,99.58,26.99,-0.21,47.406734,106.203309
EVT0079912,BMW00209,WBA00000000000209,2026-10-05 11:15:00,39.52,135.86,14.8,31.54954,8.017638
EVT0051917,BMW00639,WBA00000000000639,2026-06-30 06:20:00,12.96,151.46,48.19,50.514301,146.479876
EVT0082436,BMW00569,WBA00000000000569,2026-10-14 05:35:00,22.33,146.52,26.23,19.046674,37.71905
EVT0068525,BMW00713,WBA00000000000713,2026-08-26 22:20:00,85.24,83.57,19.16,35.121864,-12.671521
EVT0028304,BMW00785,WBA00000000000785,2026-04-09 06:35:00,32.0,90.54,-8.81,37.042165,69.560193
EVT0045524,BMW00113,WBA00000000000113,2026-06-08 01:35:00,36.41,123.35,53.97,35.052763,90.236962
EVT0045105,BMW00825,WBA00000000000825,2026-06-06 14:40:00,74.83,57.41,53.17,19.768584,110.944569
EVT0048729,BMW00128,WBA00000000000128,2026-06-19 04:40:00,61.68,54.5,8.36,27.249032,33.401643
EVT0093626,BMW00745,WBA00000000000745,2026-11-22 02:05:00,38.83,74.03,21.55,34.824842,86.338757
EVT0086359,BMW00271,WBA00000000000271,2026-10-27 20:30:00,70.22,50.57,14.32,50.797977,56.539707
EVT0014991,BMW00962,WBA00000000000962,2026-02-22 01:10:00,30.52,142.93,-4.35,41.447669,-117.254584
EVT0051454,BMW00919,WBA00000000000919,2026-06-28 15:45:00,82.46,151.76,6.99,20.709207,115.035804
EVT0055251,BMW00019,WBA00000000000019,2026-07-11 20:10:00,24.31,112.5,22.6,49.095122,28.3167
EVT0042022,BMW00881,WBA00000000000881,2026-05-26 21:45:00,99.17,120.51,21.53,53.548541,96.990993
EVT0028902,BMW00874,WBA00000000000874,2026-04-11 08:25:00,75.99,88.23,36.81,49.828498,-85.728469
EVT0057473,BMW00877,WBA00000000000877,2026-07-19 13:20:00,87.06,110.01,44.14,10.808586,53.60911
EVT0095356,BMW00927,WBA00000000000927,2026-11-28 02:15:00,84.09,139.47,6.78,41.077379,-43.056449
EVT0021581,BMW00581,WBA00000000000581,2026-03-16 22:20:00,88.05,79.62,-5.67,34.404677,-2.653815
EVT0055951,BMW00712,WBA00000000000712,2026-07-14 06:30:00,52.67,106.09,17.54,34.454825,-86.52501
EVT0099188,BMW00213,WBA00000000000213,2026-12-11 09:35:00,19.67,111.28,21.4,52.73072,-60.865155
EVT0053011,BMW00163,WBA00000000000163,2026-07-04 01:30:00,34.16,78.1,3.58,50.598548,-118.882802
EVT0086208,BMW00339,WBA00000000000339,2026-10-27 07:55:00,54.47,57.23,21.99,48.62495,-18.02513
EVT0014965,BMW00357,WBA00000000000357,2026-02-21 23:00:00,67.04,6.9,48.68,49.420148,116.407815
EVT0063550,BMW00312,WBA00000000000312,2026-08-09 15:45:00,85.6,35.37,18.77,38.026368,127.449416
EVT0058390,BMW00951,WBA00000000000951,2026-07-22 17:45:00,31.62,124.41,36.39,30.743128,121.967572
EVT0047719,BMW00311,WBA00000000000311,2026-06-15 16:30:00,93.82,19.59,-6.96,44.721581,148.447113
EVT0046156,BMW00658,WBA00000000000658,2026-06-10 06:15:00,49.24,51.57,-6.92,49.877091,-93.512057
EVT0013965,BMW00948,WBA00000000000948,2026-02-18 11:40:00,72.53,106.92,35.34,42.35251,58.989008
EVT0015277,BMW00692,WBA00000000000692,2026-02-23 01:00:00,35.64,95.75,1.38,41.020774,7.69489
EVT0012867,BMW00532,WBA00000000000532,2026-02-14 16:10:00,64.84,157.12,7.11,12.588846,-12.398268
EVT0020920,BMW00846,WBA00000000000846,2026-03-14 15:15:00,74.3,51.93,33.46,52.756444,-80.632671
EVT0041957,BMW00521,WBA00000000000521,2026-05-26 16:20:00,27.43,130.38,17.31,24.133602,-110.75377
EVT0091605,BMW00397,WBA00000000000397,2026-11-15 01:40:00,99.96,147.61,30.6,47.616121,-111.837937
EVT0078496,BMW00266,WBA00000000000266,2026-09-30 13:15:00,35.82,42.16,14.59,13.235974,101.711631
EVT0048876,BMW00680,WBA00000000000680,2026-06-19 16:55:00,97.82,71.7,47.64,26.440394,3.516148
EVT0002282,BMW00277,WBA00000000000277,2026-01-08 22:05:00,63.23,149.11,48.47,21.35301,-33.71659
EVT0044117,BMW00251,WBA00000000000251,2026-06-03 04:20:00,76.15,24.4,7.06,51.200988,-34.682901
EVT0075772,BMW00288,WBA00000000000288,2026-09-21 02:15:00,76.8,46.91,31.2,36.266475,-116.847629
EVT0092373,BMW00931,WBA00000000000931,2026-11-17 17:40:00,12.32,28.55,17.58,16.319032,-52.312374
EVT0098694,BMW00091,WBA00000000000091,2026-12-09 16:25:00,60.67,37.62,-0.53,9.671583,-3.128658
EVT0027689,BMW00391,WBA00000000000391,2026-04-07 03:20:00,49.47,0.55,43.37,39.569888,108.689966
EVT0051873,BMW00548,WBA00000000000548,2026-06-30 02:40:00,87.05,60.79,25.77,29.509709,30.409072
EVT0012304,BMW00949,WBA00000000000949,2026-02-12 17:15:00,69.05,100.29,-7.46,38.326565,100.810605
EVT0089351,BMW00102,WBA00000000000102,2026-11-07 05:50:00,85.72,109.97,53.13,8.208551,42.341087
EVT0002932,BMW00091,WBA00000000000091,2026-01-11 04:15:00,57.2,139.63,20.83,8.067974,40.493721
EVT0017847,BMW00928,WBA00000000000928,2026-03-03 23:10:00,27.11,131.56,1.28,32.534505,60.995252
EVT0017318,BMW00185,WBA00000000000185,2026-03-02 03:05:00,83.85,53.88,34.02,16.693692,-61.523279
EVT0026673,BMW00194,WBA00000000000194,2026-04-03 14:40:00,84.98,108.09,49.95,34.330241,137.570891
EVT0042491,BMW00253,WBA00000000000253,2026-05-28 12:50:00,66.14,127.56,42.65,45.703979,135.759533
EVT0079339,BMW00702,WBA00000000000702,2026-10-03 11:30:00,37.31,156.23,27.28,37.672307,-50.037284
EVT0054747,BMW00905,WBA00000000000905,2026-07-10 02:10:00,10.72,19.31,52.31,54.565899,12.220384
EVT0043727,BMW00262,WBA00000000000262,2026-06-01 19:50:00,79.59,120.2,24.83,13.004625,-21.482031
EVT0009950,BMW00388,WBA00000000000388,2026-02-04 13:05:00,52.65,18.9,40.16,43.034978,-71.600486
EVT0050953,BMW00688,WBA00000000000688,2026-06-26 22:00:00,45.82,138.35,46.35,35.237279,-21.621627
EVT0009874,BMW00090,WBA00000000000090,2026-02-04 06:45:00,56.51,159.92,32.47,49.267401,-15.689942
EVT0047221,BMW00818,WBA00000000000818,2026-06-13 23:00:00,23.26,99.56,38.52,13.805508,-22.993903
EVT0023748,BMW00123,WBA00000000000123,2026-03-24 10:55:00,43.6,150.07,33.14,45.016472,139.3891
EVT0044310,BMW00855,WBA00000000000855,2026-06-03 20:25:00,93.89,99.15,44.33,25.875918,108.576425
EVT0055039,BMW00566,WBA00000000000566,2026-07-11 02:30:00,79.35,158.22,3.08,34.625155,7.764463
EVT0033313,BMW00794,WBA00000000000794,2026-04-26 16:00:00,34.75,136.52,33.5,32.690635,107.539486
EVT0029110,BMW00482,WBA00000000000482,2026-04-12 01:45:00,95.31,56.23,28.3,49.577398,-52.976112
EVT0098145,BMW00699,WBA00000000000699,2026-12-07 18:40:00,66.16,1.56,20.03,33.922299,50.060235
EVT0032134,BMW00628,WBA00000000000628,2026-04-22 13:45:00,76.18,125.45,-7.91,12.394692,128.228814
EVT0040544,BMW00088,WBA00000000000088,2026-05-21 18:35:00,97.86,114.19,-6.86,46.287648,112.517391
EVT0037902,BMW00131,WBA00000000000131,2026-05-12 14:25:00,21.7,144.33,21.04,31.887496,11.669817
EVT0022559,BMW00316,WBA00000000000316,2026-03-20 07:50:00,71.92,33.75,24.39,43.197837,118.425471
EVT0092247,BMW00532,WBA00000000000532,2026-11-17 07:10:00,57.98,61.69,45.37,48.474191,-64.405565
EVT0016929,BMW00797,WBA00000000000797,2026-02-28 18:40:00,30.85,155.28,10.74,16.813193,-98.667387
EVT0041154,BMW00850,WBA00000000000850,2026-05-23 21:25:00,34.92,21.81,-1.72,12.22327,-57.881653
EVT0041326,BMW00411,WBA00000000000411,2026-05-24 11:45:00,89.77,27.27,30.31,12.728358,70.183924
EVT0067784,BMW00626,WBA00000000000626,2026-08-24 08:35:00,98.25,41.48,11.71,9.138935,139.973611
EVT0082155,BMW00736,WBA00000000000736,2026-10-13 06:10:00,11.26,44.75,-8.66,16.506437,103.248965
EVT0090869,BMW00886,WBA00000000000886,2026-11-12 12:20:00,90.93,123.45,54.32,53.154241,145.972049
EVT0093083,BMW00523,WBA00000000000523,2026-11-20 04:50:00,56.8,22.93,21.04,21.070766,128.48572
EVT0042525,BMW00817,WBA00000000000817,2026-05-28 15:40:00,69.65,18.2,-7.11,47.929351,-7.134637
EVT0064288,BMW00740,WBA00000000000740,2026-08-12 05:15:00,91.57,57.91,43.64,54.683449,-49.758359
EVT0024534,BMW00077,WBA00000000000077,2026-03-27 04:25:00,90.95,68.62,-3.38,52.687482,70.647448
EVT0076085,BMW00383,WBA00000000000383,2026-09-22 04:20:00,95.21,94.95,34.49,34.888727,34.616978
EVT0064910,BMW00225,WBA00000000000225,2026-08-14 09:05:00,76.25,137.59,14.76,14.96306,-12.138739
EVT0017667,BMW00967,WBA00000000000967,2026-03-03 08:10:00,23.97,33.79,25.03,48.582579,-86.103801
EVT0072845,BMW00838,WBA00000000000838,2026-09-10 22:20:00,46.79,60.3,-4.82,23.302239,55.732584
EVT0029069,BMW00392,WBA00000000000392,2026-04-11 22:20:00,38.63,72.87,46.02,11.90821,54.93553
EVT0000608,BMW00596,WBA00000000000596,2026-01-03 02:35:00,96.85,133.2,21.67,34.502496,55.300201
EVT0067075,BMW00339,WBA00000000000339,2026-08-21 21:30:00,63.74,95.82,12.75,48.95027,-77.88279
EVT0090335,BMW00655,WBA00000000000655,2026-11-10 15:50:00,48.14,127.91,21.3,50.204433,23.217356
EVT0039801,BMW00163,WBA00000000000163,2026-05-19 04:40:00,14.86,110.39,15.99,38.170732,59.010256
EVT0023153,BMW00995,WBA00000000000995,2026-03-22 09:20:00,34.38,124.85,17.16,29.694364,36.175197
EVT0043331,BMW00807,WBA00000000000807,2026-05-31 10:50:00,95.06,10.2,21.16,54.492178,39.257819
EVT0078351,BMW00301,WBA00000000000301,2026-09-30 01:10:00,41.06,37.09,-1.88,49.463537,71.417417
EVT0002160,BMW00074,WBA00000000000074,2026-01-08 11:55:00,34.78,108.75,-9.47,45.454577,83.489767
EVT0000340,BMW00468,WBA00000000000468,2026-01-02 04:15:00,90.52,29.97,26.1,43.440143,13.726309
EVT0090174,BMW00066,WBA00000000000066,2026-11-10 02:25:00,84.81,140.03,44.84,23.403645,-57.872242
EVT0068085,BMW00661,WBA00000000000661,2026-08-25 09:40:00,19.84,26.66,31.4,10.431524,34.64791
EVT0097032,BMW00135,WBA00000000000135,2026-12-03 21:55:00,79.75,78.94,33.89,31.237743,-85.88175
EVT0017916,BMW00054,WBA00000000000054,2026-03-04 04:55:00,47.48,153.97,3.5,31.264214,45.45273
EVT0009916,BMW00808,WBA00000000000808,2026-02-04 10:15:00,20.29,83.52,54.83,43.167848,16.607951
EVT0014554,BMW00119,WBA00000000000119,2026-02-20 12:45:00,17.74,60.82,7.8,36.254393,-112.461138
EVT0063301,BMW00998,WBA00000000000998,2026-08-08 19:00:00,29.03,4.91,0.63,54.225932,62.42916
EVT0040547,BMW00482,WBA00000000000482,2026-05-21 18:50:00,30.7,120.91,27.14,25.082999,42.57054
EVT0071715,BMW00453,WBA00000000000453,2026-09-07 00:10:00,21.07,68.99,21.27,19.986875,8.257704
EVT0057128,BMW00027,WBA00000000000027,2026-07-18 08:35:00,54.85,26.16,22.36,45.499056,-32.639731
EVT0062832,BMW00700,WBA00000000000700,2026-08-07 03:55:00,22.05,79.3,40.0,39.504708,-99.424332
EVT0069992,BMW00895,WBA00000000000895,2026-09-01 00:35:00,78.73,47.87,-4.07,35.407325,128.945065
EVT0035379,BMW00061,WBA00000000000061,2026-05-03 20:10:00,22.06,51.93,52.6,19.208188,34.039736
EVT0033751,BMW00755,WBA00000000000755,2026-04-28 04:30:00,32.32,26.86,50.26,38.781923,-92.045597
EVT0017457,BMW00210,WBA00000000000210,2026-03-02 14:40:00,85.77,101.13,-3.88,21.522141,53.191853
EVT0085212,BMW00162,WBA00000000000162,2026-10-23 20:55:00,20.31,55.1,0.06,15.441528,147.070486
EVT0065639,BMW00760,WBA00000000000760,2026-08-16 21:50:00,15.84,24.88,-6.54,14.216399,-49.194691
EVT0039259,BMW00992,WBA00000000000992,2026-05-17 07:30:00,83.26,79.62,-5.57,28.694597,81.533912
EVT0054882,BMW00014,WBA00000000000014,2026-07-10 13:25:00,59.74,126.52,13.33,34.086108,118.851464
EVT0076902,BMW00292,WBA00000000000292,2026-09-25 00:25:00,98.88,79.03,-6.26,39.199844,-21.830797
EVT0072648,BMW00379,WBA00000000000379,2026-09-10 05:55:00,97.0,78.04,49.39,16.962157,-9.588878
EVT0099335,BMW00987,WBA00000000000987,2026-12-11 21:50:00,58.58,106.0,35.35,30.977697,4.132182
EVT0096396,BMW00930,WBA00000000000930,2026-12-01 16:55:00,29.73,11.61,26.96,26.380359,62.000833
EVT0051174,BMW00271,WBA00000000000271,2026-06-27 16:25:00,79.31,123.74,43.0,47.378064,133.462108
EVT0038898,BMW00375,WBA00000000000375,2026-05-16 01:25:00,50.66,78.13,40.06,15.034996,134.63424
EVT0019056,BMW00477,WBA00000000000477,2026-03-08 03:55:00,93.55,19.62,-1.19,31.474816,93.245533
EVT0094569,BMW00473,WBA00000000000473,2026-11-25 08:40:00,61.59,6.88,28.31,48.012966,-54.065596
EVT0098875,BMW00630,WBA00000000000630,2026-12-10 07:30:00,89.21,31.83,-0.88,26.142491,-28.442098
EVT0053357,BMW00443,WBA00000000000443,2026-07-05 06:20:00,51.57,39.24,5.81,54.927436,138.593655
EVT0029628,BMW00909,WBA00000000000909,2026-04-13 20:55:00,60.16,105.65,39.47,53.291436,87.183565
EVT0090700,BMW00615,WBA00000000000615,2026-11-11 22:15:00,70.68,73.02,2.85,12.26461,-50.222907
EVT0061179,BMW00481,WBA00000000000481,2026-08-01 10:10:00,92.32,153.45,36.29,8.579196,-67.686669
EVT0023173,BMW00750,WBA00000000000750,2026-03-22 11:00:00,79.13,155.95,25.41,20.878617,90.204148
EVT0060576,BMW00503,WBA00000000000503,2026-07-30 07:55:00,16.12,6.36,1.89,9.372649,-66.294636
EVT0037455,BMW00278,WBA00000000000278,2026-05-11 01:10:00,55.41,123.71,43.35,19.962671,-10.57133
EVT0015425,BMW00866,WBA00000000000866,2026-02-23 13:20:00,56.8,136.38,25.3,18.627054,-0.586374
EVT0004160,BMW00076,WBA00000000000076,2026-01-15 10:35:00,21.96,97.17,1.98,26.743304,131.319442
EVT0063313,BMW00590,WBA00000000000590,2026-08-08 20:00:00,41.84,115.72,46.65,45.664916,121.542394
EVT0031907,BMW00671,WBA00000000000671,2026-04-21 18:50:00,35.67,91.31,17.69,22.676429,-87.989395
EVT0099052,BMW00732,WBA00000000000732,2026-12-10 22:15:00,96.56,40.84,54.92,48.184724,14.749964
EVT0005370,BMW00055,WBA00000000000055,2026-01-19 15:25:00,96.69,65.65,44.88,40.703063,-105.34668
EVT0019372,BMW00391,WBA00000000000391,2026-03-09 06:15:00,25.59,11.62,43.49,20.869088,-114.617048
EVT0095199,BMW00938,WBA00000000000938,2026-11-27 13:10:00,53.81,118.87,8.96,38.298039,-37.070587
EVT0003796,BMW00757,WBA00000000000757,2026-01-14 04:15:00,91.71,0.16,13.54,44.862706,-33.197146
EVT0018923,BMW00399,WBA00000000000399,2026-03-07 16:50:00,99.02,124.93,52.36,30.177336,84.914672
EVT0049020,BMW00734,WBA00000000000734,2026-06-20 04:55:00,27.91,12.27,52.44,44.048162,-80.412626
EVT0067873,BMW00995,WBA00000000000995,2026-08-24 16:00:00,54.56,151.02,16.34,16.525438,92.569258
EVT0016362,BMW00499,WBA00000000000499,2026-02-26 19:25:00,47.55,141.95,-4.48,16.367301,139.106373
EVT0027053,BMW00285,WBA00000000000285,2026-04-04 22:20:00,37.09,112.81,11.64,20.831669,-109.530098
EVT0079617,BMW00643,WBA00000000000643,2026-10-04 10:40:00,29.84,104.53,-6.95,49.351709,-98.572078
EVT0074012,BMW00363,WBA00000000000363,2026-09-14 23:35:00,19.33,85.66,22.27,27.866264,82.167008
EVT0079431,BMW00776,WBA00000000000776,2026-10-03 19:10:00,38.02,67.75,15.85,16.98961,-8.026659
EVT0036559,BMW00697,WBA00000000000697,2026-05-07 22:30:00,52.89,40.44,13.95,22.008697,-51.62113
EVT0047359,BMW00916,WBA00000000000916,2026-06-14 10:30:00,20.0,127.06,20.9,49.238706,-0.236917
EVT0060436,BMW00879,WBA00000000000879,2026-07-29 20:15:00,95.25,119.82,37.92,27.083662,-46.007612
EVT0035581,BMW00363,WBA00000000000363,2026-05-04 13:00:00,66.61,146.82,38.44,36.021354,89.152467
EVT0027652,BMW00497,WBA00000000000497,2026-04-07 00:15:00,17.21,65.27,0.84,9.274793,-62.187951
EVT0036782,BMW00596,WBA00000000000596,2026-05-08 17:05:00,56.73,53.66,28.52,23.067629,-105.578474
EVT0062765,BMW00532,WBA00000000000532,2026-08-06 22:20:00,99.74,92.59,43.77,9.106467,28.119021
EVT0019095,BMW00748,WBA00000000000748,2026-03-08 07:10:00,68.63,88.78,33.34,54.409664,-12.661257
EVT0050506,BMW00111,WBA00000000000111,2026-06-25 08:45:00,81.69,26.24,4.71,41.951837,3.036959
EVT0068129,BMW00377,WBA00000000000377,2026-08-25 13:20:00,16.43,127.7,22.99,18.821936,-58.96268
EVT0010591,BMW00158,WBA00000000000158,2026-02-06 18:30:00,49.34,15.72,2.55,25.58102,69.134777
EVT0039321,BMW00099,WBA00000000000099,2026-05-17 12:40:00,15.53,47.97,40.88,22.751537,75.192255
EVT0042864,BMW00529,WBA00000000000529,2026-05-29 19:55:00,16.39,77.43,11.45,43.23673,-30.232368
EVT0082787,BMW00577,WBA00000000000577,2026-10-15 10:50:00,80.65,107.9,17.8,24.342426,148.825802
EVT0066553,BMW00643,WBA00000000000643,2026-08-20 02:00:00,59.72,119.56,48.65,36.218833,-106.23049
EVT0070207,BMW00374,WBA00000000000374,2026-09-01 18:30:00,58.18,82.35,13.21,27.893114,18.349336
EVT0009052,BMW00523,WBA00000000000523,2026-02-01 10:15:00,60.41,43.28,2.94,39.702682,12.147987
EVT0051973,BMW00193,WBA00000000000193,2026-06-30 11:00:00,87.96,77.5,23.78,48.248818,2.956639
EVT0032656,BMW00403,WBA00000000000403,2026-04-24 09:15:00,81.99,118.79,17.03,26.055161,-2.745141
EVT0008441,BMW00841,WBA00000000000841,2026-01-30 07:20:00,78.95,144.89,39.34,37.525502,95.859294
EVT0001009,BMW00070,WBA00000000000070,2026-01-04 12:00:00,35.72,117.89,23.84,8.10831,134.4604
EVT0008010,BMW00773,WBA00000000000773,2026-01-28 19:25:00,85.23,76.95,44.8,51.017419,116.412121
EVT0041902,BMW00699,WBA00000000000699,2026-05-26 11:45:00,85.29,64.33,-4.21,26.247767,-12.461809
EVT0020690,BMW00180,WBA00000000000180,2026-03-13 20:05:00,96.15,94.47,9.81,27.82832,25.20478
EVT0013848,BMW00204,WBA00000000000204,2026-02-18 01:55:00,51.31,81.54,44.54,46.548102,26.334881
EVT0050792,BMW00612,WBA00000000000612,2026-06-26 08:35:00,27.85,74.34,38.75,23.053769,-38.136794
EVT0089330,BMW00744,WBA00000000000744,2026-11-07 04:05:00,17.77,83.26,53.37,44.094039,-58.084054
EVT0004936,BMW00319,WBA00000000000319,2026-01-18 03:15:00,18.48,5.75,30.53,12.444249,111.41569
EVT0000801,BMW00125,WBA00000000000125,2026-01-03 18:40:00,50.54,10.0,26.33,25.445606,64.408961
EVT0048713,BMW00475,WBA00000000000475,2026-06-19 03:20:00,78.6,8.02,42.39,31.53217,11.083724
EVT0030038,BMW00375,WBA00000000000375,2026-04-15 07:05:00,10.62,39.83,53.8,25.81202,-60.561768
EVT0019759,BMW00544,WBA00000000000544,2026-03-10 14:30:00,39.71,7.53,13.69,43.05371,64.28747
EVT0081542,BMW00086,WBA00000000000086,2026-10-11 03:05:00,68.98,10.34,35.0,35.851911,138.970123
EVT0044841,BMW00190,WBA00000000000190,2026-06-05 16:40:00,16.14,63.7,-3.24,24.218238,60.406584
EVT0043711,BMW00086,WBA00000000000086,2026-06-01 18:30:00,97.81,59.36,33.17,17.701213,31.806772
EVT0031825,BMW00621,WBA00000000000621,2026-04-21 12:00:00,32.66,35.25,26.33,31.632632,-91.635823
EVT0077339,BMW00214,WBA00000000000214,2026-09-26 12:50:00,47.15,53.51,-9.64,33.087811,68.360456
EVT0087486,BMW00525,WBA00000000000525,2026-10-31 18:25:00,15.64,92.8,0.98,32.041858,10.479943
EVT0024915,BMW00758,WBA00000000000758,2026-03-28 12:10:00,30.4,77.2,46.91,36.745095,12.448502
EVT0077322,BMW00080,WBA00000000000080,2026-09-26 11:25:00,46.12,46.66,54.45,10.830382,-62.271724
EVT0035748,BMW00460,WBA00000000000460,2026-05-05 02:55:00,16.04,86.92,50.65,52.571542,16.422379
EVT0055572,BMW00189,WBA00000000000189,2026-07-12 22:55:00,36.93,147.93,11.55,10.444488,-110.306429
EVT0080296,BMW00730,WBA00000000000730,2026-10-06 19:15:00,98.21,123.07,-9.25,28.231442,-8.483617
EVT0036015,BMW00151,WBA00000000000151,2026-05-06 01:10:00,58.65,69.07,50.38,52.449487,81.41674
EVT0017991,BMW00847,WBA00000000000847,2026-03-04 11:10:00,76.19,21.96,42.22,9.798137,23.677623
EVT0009957,BMW00356,WBA00000000000356,2026-02-04 13:40:00,42.67,14.31,38.78,54.307074,-81.904762
EVT0089408,BMW00779,WBA00000000000779,2026-11-07 10:35:00,86.44,73.83,50.01,20.3869,-64.983939
EVT0009231,BMW00597,WBA00000000000597,2026-02-02 01:10:00,24.88,112.45,6.54,44.180287,54.515343
EVT0064822,BMW00300,WBA00000000000300,2026-08-14 01:45:00,78.27,58.39,-2.77,15.243216,106.138573
EVT0088293,BMW00738,WBA00000000000738,2026-11-03 13:40:00,23.45,88.93,-2.88,28.302828,119.061486
EVT0028130,BMW00978,WBA00000000000978,2026-04-08 16:05:00,60.64,9.96,-6.32,51.605224,68.60647
EVT0079828,BMW00246,WBA00000000000246,2026-10-05 04:15:00,94.8,88.04,1.99,46.862116,78.867648
EVT0046255,BMW00178,WBA00000000000178,2026-06-10 14:30:00,73.15,114.48,26.37,14.564654,-102.769011
EVT0040210,BMW00253,WBA00000000000253,2026-05-20 14:45:00,61.27,87.7,45.11,9.546984,99.729237
EVT0037778,BMW00836,WBA00000000000836,2026-05-12 04:05:00,47.19,90.96,31.24,23.003873,-102.262553
EVT0085336,BMW00049,WBA00000000000049,2026-10-24 07:15:00,40.66,79.69,52.68,11.018759,-58.599183
EVT0005764,BMW00697,WBA00000000000697,2026-01-21 00:15:00,85.83,26.55,49.01,46.258211,-62.635731
EVT0043631,BMW00403,WBA00000000000403,2026-06-01 11:50:00,62.88,14.36,14.83,32.559216,-76.416302
EVT0029669,BMW00563,WBA00000000000563,2026-04-14 00:20:00,61.32,97.86,40.36,26.439159,99.148342
EVT0041963,BMW00111,WBA00000000000111,2026-05-26 16:50:00,17.76,155.61,41.42,36.569767,-51.131746
EVT0052952,BMW00680,WBA00000000000680,2026-07-03 20:35:00,36.38,43.22,14.96,52.671729,50.832827
EVT0044810,BMW00152,WBA00000000000152,2026-06-05 14:05:00,43.8,128.1,28.62,25.872718,-32.324229
EVT0079131,BMW00708,WBA00000000000708,2026-10-02 18:10:00,66.35,47.06,26.35,38.311423,-81.065267
EVT0073623,BMW00857,WBA00000000000857,2026-09-13 15:10:00,25.01,51.9,-4.91,15.352727,54.689869
EVT0011406,BMW00260,WBA00000000000260,2026-02-09 14:25:00,43.07,61.61,39.6,36.789869,53.229236
EVT0013296,BMW00452,WBA00000000000452,2026-02-16 03:55:00,51.33,27.28,54.43,14.569509,-43.261751
EVT0081448,BMW00438,WBA00000000000438,2026-10-10 19:15:00,55.11,51.6,8.85,50.510849,-13.791162
EVT0067950,BMW00879,WBA00000000000879,2026-08-24 22:25:00,60.05,104.6,18.06,34.241378,112.162929
EVT0048639,BMW00310,WBA00000000000310,2026-06-18 21:10:00,31.8,123.61,18.57,34.046643,-46.388302
EVT0096517,BMW00241,WBA00000000000241,2026-12-02 03:00:00,64.07,121.08,10.47,49.896857,4.912888
EVT0059863,BMW00687,WBA00000000000687,2026-07-27 20:30:00,18.33,132.45,4.29,27.4228,48.395885
EVT0060562,BMW00631,WBA00000000000631,2026-07-30 06:45:00,46.19,63.17,24.86,46.691324,102.88391
EVT0071979,BMW00970,WBA00000000000970,2026-09-07 22:10:00,82.36,156.82,-8.29,36.262475,-1.030391
EVT0079425,BMW00076,WBA00000000000076,2026-10-03 18:40:00,57.42,84.98,29.76,53.208032,-111.104809
EVT0060426,BMW00195,WBA00000000000195,2026-07-29 19:25:00,63.96,93.26,47.04,47.10114,-91.639593
EVT0040437,BMW00688,WBA00000000000688,2026-05-21 09:40:00,66.55,33.45,9.32,51.825466,96.0811
EVT0005942,BMW00633,WBA00000000000633,2026-01-21 15:05:00,11.1,18.85,49.65,39.203704,-110.269087
EVT0079717,BMW00790,WBA00000000000790,2026-10-04 19:00:00,46.77,73.89,38.04,20.90406,11.916912
EVT0028876,BMW00572,WBA00000000000572,2026-04-11 06:15:00,51.96,146.4,40.74,30.240544,149.918545
EVT0019398,BMW00537,WBA00000000000537,2026-03-09 08:25:00,26.76,93.02,6.76,13.080453,-42.885567
EVT0077647,BMW00984,WBA00000000000984,2026-09-27 14:30:00,77.71,106.77,43.73,24.19687,147.124512
EVT0000483,BMW00302,WBA00000000000302,2026-01-02 16:10:00,46.67,110.33,5.23,33.439647,-113.991283
EVT0058936,BMW00614,WBA00000000000614,2026-07-24 15:15:00,30.31,44.38,20.34,18.196453,2.183223
EVT0099172,BMW00525,WBA00000000000525,2026-12-11 08:15:00,36.61,81.86,35.7,28.641197,7.647671
EVT0005528,BMW00886,WBA00000000000886,2026-01-20 04:35:00,30.37,88.0,52.04,33.830167,79.808164
EVT0037739,BMW00575,WBA00000000000575,2026-05-12 00:50:00,84.51,141.96,4.28,40.306114,-103.289783
EVT0058774,BMW00235,WBA00000000000235,2026-07-24 01:45:00,99.29,16.79,42.87,52.842589,-67.015251
EVT0030270,BMW01000,WBA00000000001000,2026-04-16 02:25:00,36.39,16.42,-0.48,24.000303,-71.22247
EVT0012631,BMW00353,WBA00000000000353,2026-02-13 20:30:00,39.1,29.96,9.56,28.831942,64.199224
EVT0018982,BMW00922,WBA00000000000922,2026-03-07 21:45:00,94.69,120.43,41.94,14.700328,37.7591
EVT0014031,BMW00527,WBA00000000000527,2026-02-18 17:10:00,32.49,18.27,40.06,8.930395,10.13952
EVT0090680,BMW00498,WBA00000000000498,2026-11-11 20:35:00,37.15,37.11,22.37,22.586856,81.624985
EVT0084114,BMW00176,WBA00000000000176,2026-10-20 01:25:00,88.89,74.38,38.07,41.132504,-76.873734
EVT0055122,BMW00534,WBA00000000000534,2026-07-11 09:25:00,26.19,158.43,43.06,51.888418,91.379774
EVT0079705,BMW00997,WBA00000000000997,2026-10-04 18:00:00,55.11,51.31,-6.01,14.781341,21.545546
EVT0086571,BMW00469,WBA00000000000469,2026-10-28 14:10:00,61.09,119.36,25.35,48.279845,-47.662006
EVT0060177,BMW00194,WBA00000000000194,2026-07-28 22:40:00,72.49,26.22,8.1,50.44277,122.840299
EVT0018520,BMW00582,WBA00000000000582,2026-03-06 07:15:00,68.94,118.32,36.96,10.14707,-109.925641
EVT0097228,BMW00584,WBA00000000000584,2026-12-04 14:15:00,14.28,14.98,38.19,12.33581,-7.815353
EVT0015832,BMW00966,WBA00000000000966,2026-02-24 23:15:00,56.01,4.67,-9.2,45.773961,122.49084
EVT0062057,BMW00895,WBA00000000000895,2026-08-04 11:20:00,48.65,48.2,13.17,32.469479,-73.471033
EVT0068498,BMW00640,WBA00000000000640,2026-08-26 20:05:00,67.66,114.25,0.64,44.481358,-37.269097
EVT0051950,BMW00324,WBA00000000000324,2026-06-30 09:05:00,27.04,10.75,4.47,16.401442,133.813262
EVT0005094,BMW00230,WBA00000000000230,2026-01-18 16:25:00,76.21,7.65,-6.55,52.03867,17.691787
EVT0031117,BMW00552,WBA00000000000552,2026-04-19 01:00:00,99.11,92.56,2.57,54.386755,33.922463
EVT0036198,BMW00782,WBA00000000000782,2026-05-06 16:25:00,48.92,101.71,43.57,19.819792,-8.187976
EVT0033910,BMW00570,WBA00000000000570,2026-04-28 17:45:00,73.35,112.89,15.64,9.964706,138.249229
EVT0027093,BMW00910,WBA00000000000910,2026-04-05 01:40:00,73.64,111.31,54.7,38.019959,104.306112
EVT0091700,BMW00687,WBA00000000000687,2026-11-15 09:35:00,99.5,19.69,28.73,15.556727,-0.33398
EVT0035024,BMW00861,WBA00000000000861,2026-05-02 14:35:00,50.13,88.06,-8.84,32.871386,-54.1875
EVT0036958,BMW00485,WBA00000000000485,2026-05-09 07:45:00,48.13,121.77,4.95,33.616658,83.291792
EVT0037426,BMW00255,WBA00000000000255,2026-05-10 22:45:00,23.1,25.38,33.24,36.281983,-55.947145
EVT0084646,BMW00237,WBA00000000000237,2026-10-21 21:45:00,42.23,154.41,12.54,29.280929,11.484109
EVT0096793,BMW00554,WBA00000000000554,2026-12-03 02:00:00,57.84,53.85,-8.09,13.038484,75.018768
EVT0017682,BMW00613,WBA00000000000613,2026-03-03 09:25:00,69.55,3.86,37.27,53.220428,-61.230995
EVT0019342,BMW00519,WBA00000000000519,2026-03-09 03:45:00,17.87,99.59,-7.85,28.620895,113.693849
EVT0016928,BMW00690,WBA00000000000690,2026-02-28 18:35:00,78.29,52.94,43.04,44.48695,-33.795708
EVT0061939,BMW00683,WBA00000000000683,2026-08-04 01:30:00,36.91,107.36,1.09,30.823282,-33.545729
EVT0016484,BMW00790,WBA00000000000790,2026-02-27 05:35:00,21.72,16.59,54.36,17.495522,-73.892312
EVT0084382,BMW00630,WBA00000000000630,2026-10-20 23:45:00,81.62,31.0,-4.98,47.145182,-21.479791
EVT0075847,BMW00446,WBA00000000000446,2026-09-21 08:30:00,35.19,148.35,4.58,20.765298,-116.944519
EVT0000138,BMW00655,WBA00000000000655,2026-01-01 11:25:00,59.05,86.53,25.65,38.150504,137.527538
EVT0011335,BMW00552,WBA00000000000552,2026-02-09 08:30:00,49.25,85.54,7.05,44.488848,131.673819
EVT0052296,BMW00431,WBA00000000000431,2026-07-01 13:55:00,92.34,46.0,6.51,29.520939,62.640207
EVT0036518,BMW00247,WBA00000000000247,2026-05-07 19:05:00,90.32,127.56,28.89,16.926302,2.040578
EVT0082460,BMW00459,WBA00000000000459,2026-10-14 07:35:00,21.82,43.04,-6.94,18.17071,-69.073707
EVT0050074,BMW00213,WBA00000000000213,2026-06-23 20:45:00,66.41,54.07,10.72,49.431215,-84.663938
EVT0075346,BMW00403,WBA00000000000403,2026-09-19 14:45:00,28.9,55.07,47.43,21.615293,-111.340427
EVT0007074,BMW00913,WBA00000000000913,2026-01-25 13:25:00,20.27,129.06,0.06,53.603275,-67.293554
EVT0052192,BMW00627,WBA00000000000627,2026-07-01 05:15:00,63.91,133.83,-3.33,43.957824,-93.779693
EVT0063993,BMW00904,WBA00000000000904,2026-08-11 04:40:00,47.49,65.99,21.91,54.788852,-72.054235
EVT0039346,BMW00907,WBA00000000000907,2026-05-17 14:45:00,12.55,116.65,49.28,39.958035,149.490065
EVT0032312,BMW00610,WBA00000000000610,2026-04-23 04:35:00,22.24,17.69,43.25,45.964789,68.097788
EVT0051368,BMW00974,WBA00000000000974,2026-06-28 08:35:00,71.67,128.48,40.71,16.532616,19.15365
EVT0075245,BMW00379,WBA00000000000379,2026-09-19 06:20:00,64.25,119.34,26.0,45.076933,5.959715
EVT0037901,BMW00696,WBA00000000000696,2026-05-12 14:20:00,24.51,133.38,32.11,31.627928,-28.115849
EVT0022217,BMW00924,WBA00000000000924,2026-03-19 03:20:00,27.18,98.51,31.11,17.391635,86.884176
EVT0095195,BMW00145,WBA00000000000145,2026-11-27 12:50:00,97.72,93.43,1.58,24.384755,-70.507858
EVT0093075,BMW00684,WBA00000000000684,2026-11-20 04:10:00,17.27,157.46,38.46,29.292179,-18.983206
EVT0098458,BMW00659,WBA00000000000659,2026-12-08 20:45:00,52.37,38.5,36.6,13.887336,-90.561383
EVT0071865,BMW00148,WBA00000000000148,2026-09-07 12:40:00,60.48,44.0,29.17,30.382985,76.199357
EVT0081659,BMW00733,WBA00000000000733,2026-10-11 12:50:00,52.99,4.33,35.88,45.472403,148.358256
EVT0036289,BMW00840,WBA00000000000840,2026-05-07 00:00:00,65.36,70.55,1.7,9.264467,-98.905001
EVT0094751,BMW00785,WBA00000000000785,2026-11-25 23:50:00,98.37,97.94,21.43,17.305586,22.787628
EVT0001643,BMW00973,WBA00000000000973,2026-01-06 16:50:00,21.32,76.69,6.68,27.469445,24.793413
EVT0073762,BMW00769,WBA00000000000769,2026-09-14 02:45:00,99.02,7.12,5.99,23.431047,112.072297
EVT0090248,BMW00776,WBA00000000000776,2026-11-10 08:35:00,43.67,24.11,50.19,51.407941,98.889358
EVT0006768,BMW00960,WBA00000000000960,2026-01-24 11:55:00,40.41,58.54,23.7,31.93737,-96.176959
EVT0005740,BMW00316,WBA00000000000316,2026-01-20 22:15:00,13.32,87.43,-7.52,41.564038,24.989253
EVT0035957,BMW00334,WBA00000000000334,2026-05-05 20:20:00,81.5,63.18,28.43,13.119998,44.033503
EVT0044825,BMW00370,WBA00000000000370,2026-06-05 15:20:00,16.71,25.69,31.71,26.266006,62.860393
EVT0091645,BMW00287,WBA00000000000287,2026-11-15 05:00:00,74.14,114.73,53.2,35.131299,69.594921
EVT0029461,BMW00391,WBA00000000000391,2026-04-13 07:00:00,20.12,75.75,25.35,51.468692,6.225968
EVT0005416,BMW00930,WBA00000000000930,2026-01-19 19:15:00,72.49,83.66,45.6,38.572689,-25.571075
EVT0034992,BMW00813,WBA00000000000813,2026-05-02 11:55:00,95.04,42.61,21.69,47.023134,-54.477599
EVT0044591,BMW00304,WBA00000000000304,2026-06-04 19:50:00,72.98,20.77,-0.26,48.832557,20.464646
EVT0098961,BMW00855,WBA00000000000855,2026-12-10 14:40:00,80.78,135.69,40.35,54.16794,12.372493
EVT0035762,BMW00620,WBA00000000000620,2026-05-05 04:05:00,99.53,90.77,28.28,8.071005,139.721792
EVT0052113,BMW00973,WBA00000000000973,2026-06-30 22:40:00,94.38,26.96,8.05,11.358922,138.662124
EVT0098338,BMW00852,WBA00000000000852,2026-12-08 10:45:00,87.45,75.27,42.21,34.761983,-75.51376
EVT0093516,BMW00838,WBA00000000000838,2026-11-21 16:55:00,71.5,79.77,35.32,9.814561,69.436694
EVT0043302,BMW00343,WBA00000000000343,2026-05-31 08:25:00,56.74,58.08,51.88,23.458806,146.961329
EVT0023229,BMW00112,WBA00000000000112,2026-03-22 15:40:00,68.57,130.86,28.38,21.043484,-114.766592
EVT0096674,BMW00014,WBA00000000000014,2026-12-02 16:05:00,93.95,37.38,29.35,13.999242,70.404029
EVT0015181,BMW00659,WBA00000000000659,2026-02-22 17:00:00,39.64,157.11,-4.89,46.501241,129.04697
EVT0032841,BMW00112,WBA00000000000112,2026-04-25 00:40:00,79.51,21.59,-5.67,18.601748,-13.907896
EVT0099619,BMW00193,WBA00000000000193,2026-12-12 21:30:00,23.08,63.96,12.59,13.087642,133.99489
EVT0089729,BMW00075,WBA00000000000075,2026-11-08 13:20:00,48.76,10.27,51.01,25.63637,139.309565
EVT0055606,BMW00557,WBA00000000000557,2026-07-13 01:45:00,77.89,135.71,13.06,21.500234,92.966731
EVT0005330,BMW00649,WBA00000000000649,2026-01-19 12:05:00,47.78,25.17,-9.44,39.228705,63.087954
EVT0016166,BMW00510,WBA00000000000510,2026-02-26 03:05:00,19.28,153.92,28.85,34.130449,-78.094424
EVT0066475,BMW00583,WBA00000000000583,2026-08-19 19:30:00,53.15,140.29,7.46,8.556019,-40.934114
EVT0016838,BMW00803,WBA00000000000803,2026-02-28 11:05:00,70.78,78.67,7.12,32.8709,-22.480159
EVT0089514,BMW00132,WBA00000000000132,2026-11-07 19:25:00,85.37,81.63,-1.07,49.513878,116.523439
EVT0099257,BMW00690,WBA00000000000690,2026-12-11 15:20:00,80.48,35.09,16.53,12.925385,110.384567
EVT0082343,BMW00807,WBA00000000000807,2026-10-13 21:50:00,78.31,155.9,42.48,35.862518,55.796608
EVT0016841,BMW00247,WBA00000000000247,2026-02-28 11:20:00,44.36,127.26,-5.38,37.015294,102.494638
EVT0039087,BMW00431,WBA00000000000431,2026-05-16 17:10:00,22.25,52.0,51.78,45.999876,-92.504088
EVT0087910,BMW00214,WBA00000000000214,2026-11-02 05:45:00,64.33,155.26,11.81,24.702809,138.115959
EVT0072062,BMW00222,WBA00000000000222,2026-09-08 05:05:00,72.41,136.95,40.6,54.141418,1.344156
EVT0042062,BMW00689,WBA00000000000689,2026-05-27 01:05:00,93.6,82.37,-4.02,8.341005,82.278004
EVT0055257,BMW00513,WBA00000000000513,2026-07-11 20:40:00,49.99,56.12,25.42,33.292143,112.051411
EVT0047277,BMW00479,WBA00000000000479,2026-06-14 03:40:00,27.12,95.35,48.5,43.909361,-95.433474
EVT0092428,BMW00419,WBA00000000000419,2026-11-17 22:15:00,25.84,47.64,50.53,12.617091,-66.320986
EVT0045493,BMW00665,WBA00000000000665,2026-06-07 23:00:00,99.84,149.28,32.52,30.002083,89.626496
EVT0036406,BMW00548,WBA00000000000548,2026-05-07 09:45:00,49.7,2.68,-3.11,44.544727,2.182348
EVT0033865,BMW00531,WBA00000000000531,2026-04-28 14:00:00,19.61,105.83,53.79,25.728498,133.905104
EVT0020056,BMW00012,WBA00000000000012,2026-03-11 15:15:00,11.23,31.75,-3.96,28.424822,-80.607462
EVT0046141,BMW00890,WBA00000000000890,2026-06-10 05:00:00,11.25,143.68,19.31,27.499722,-15.75176
EVT0084129,BMW00035,WBA00000000000035,2026-10-20 02:40:00,22.72,111.59,-3.4,36.134124,-79.10696
EVT0012060,BMW00265,WBA00000000000265,2026-02-11 20:55:00,35.73,82.86,30.14,47.029946,-61.365365
EVT0097452,BMW00377,WBA00000000000377,2026-12-05 08:55:00,81.39,58.91,-1.69,15.027605,-8.300484
EVT0038585,BMW00771,WBA00000000000771,2026-05-14 23:20:00,72.64,92.63,42.25,50.806474,-108.221419
EVT0032996,BMW00458,WBA00000000000458,2026-04-25 13:35:00,30.56,152.02,41.17,32.340486,-112.02903
EVT0052502,BMW00338,WBA00000000000338,2026-07-02 07:05:00,83.87,155.82,32.2,27.349255,7.426613
EVT0016828,BMW00653,WBA00000000000653,2026-02-28 10:15:00,75.02,12.77,-3.05,13.061652,132.781328
EVT0056765,BMW00362,WBA00000000000362,2026-07-17 02:20:00,45.87,7.91,-0.83,40.633307,109.070423
EVT0067415,BMW00673,WBA00000000000673,2026-08-23 01:50:00,21.49,43.16,41.29,22.761029,136.207091
EVT0002599,BMW00016,WBA00000000000016,2026-01-10 00:30:00,21.17,126.27,31.52,52.873138,36.160912
EVT0039473,BMW00017,WBA00000000000017,2026-05-18 01:20:00,63.93,68.32,-5.24,20.841286,41.435193
EVT0064686,BMW00666,WBA00000000000666,2026-08-13 14:25:00,99.15,2.67,32.18,47.854986,88.841
EVT0033801,BMW00697,WBA00000000000697,2026-04-28 08:40:00,13.12,128.25,0.73,23.531596,-65.63549
EVT0080762,BMW00225,WBA00000000000225,2026-10-08 10:05:00,84.6,155.47,41.44,49.043343,-13.278847
EVT0090965,BMW00935,WBA00000000000935,2026-11-12 20:20:00,82.92,148.26,50.68,43.889924,-19.284633
EVT0050616,BMW00453,WBA00000000000453,2026-06-25 17:55:00,99.01,33.17,43.82,10.955742,-9.073097
EVT0061475,BMW00240,WBA00000000000240,2026-08-02 10:50:00,41.67,151.04,37.07,21.648738,-9.774551
EVT0049635,BMW00259,WBA00000000000259,2026-06-22 08:10:00,29.11,120.84,17.62,12.512481,50.205022
EVT0065744,BMW00497,WBA00000000000497,2026-08-17 06:35:00,49.75,92.65,32.22,46.809099,60.271537
EVT0099516,BMW00882,WBA00000000000882,2026-12-12 12:55:00,29.52,158.37,51.58,18.994602,-71.791352
EVT0034039,BMW00668,WBA00000000000668,2026-04-29 04:30:00,27.6,37.42,15.69,19.325597,-88.316961
EVT0092232,BMW00671,WBA00000000000671,2026-11-17 05:55:00,49.7,74.94,15.17,54.67064,-102.126103
EVT0022160,BMW00281,WBA00000000000281,2026-03-18 22:35:00,66.28,147.14,17.7,21.14698,120.277433
EVT0071206,BMW00409,WBA00000000000409,2026-09-05 05:45:00,33.0,93.24,33.3,34.109322,36.396147
EVT0090312,BMW00560,WBA00000000000560,2026-11-10 13:55:00,41.36,64.49,43.82,15.125832,111.589477
EVT0009073,BMW00180,WBA00000000000180,2026-02-01 12:00:00,62.83,5.93,53.1,14.309513,96.825257
EVT0063635,BMW00269,WBA00000000000269,2026-08-09 22:50:00,92.13,59.85,27.18,54.927817,-50.523231
EVT0028067,BMW00489,WBA00000000000489,2026-04-08 10:50:00,51.09,89.52,12.24,54.995779,61.400211
EVT0021016,BMW00426,WBA00000000000426,2026-03-14 23:15:00,94.91,19.5,13.47,44.624162,132.647279
EVT0091664,BMW00546,WBA00000000000546,2026-11-15 06:35:00,39.52,137.21,50.55,33.542245,-75.073822
EVT0033017,BMW00552,WBA00000000000552,2026-04-25 15:20:00,82.21,65.56,22.91,23.708819,-54.571107
EVT0061244,BMW00502,WBA00000000000502,2026-08-01 15:35:00,55.24,106.02,22.85,24.183628,10.265352
EVT0012412,BMW00421,WBA00000000000421,2026-02-13 02:15:00,26.18,105.84,3.0,21.41202,117.58597
EVT0085088,BMW00823,WBA00000000000823,2026-10-23 10:35:00,45.44,110.05,49.63,18.015559,55.234579
EVT0059891,BMW00144,WBA00000000000144,2026-07-27 22:50:00,58.27,86.56,24.19,30.037617,21.432279
EVT0045330,BMW00899,WBA00000000000899,2026-06-07 09:25:00,88.88,76.01,32.25,40.859542,89.513356
EVT0047269,BMW00365,WBA00000000000365,2026-06-14 03:00:00,23.28,125.02,-4.97,40.37615,108.58703
EVT0091350,BMW00057,WBA00000000000057,2026-11-14 04:25:00,81.59,4.31,19.26,50.818919,140.244707
EVT0074409,BMW00813,WBA00000000000813,2026-09-16 08:40:00,53.28,51.63,-2.88,21.460061,-93.253582
EVT0021902,BMW00414,WBA00000000000414,2026-03-18 01:05:00,56.94,128.64,35.14,36.516173,-58.157925
EVT0038726,BMW00358,WBA00000000000358,2026-05-15 11:05:00,50.7,5.66,-1.57,10.701879,-62.084756
EVT0008743,BMW00379,WBA00000000000379,2026-01-31 08:30:00,87.09,75.38,10.49,40.025498,-70.282856
EVT0074116,BMW00440,WBA00000000000440,2026-09-15 08:15:00,27.12,55.95,32.59,9.634875,4.421249
EVT0006524,BMW00911,WBA00000000000911,2026-01-23 15:35:00,68.19,86.73,16.93,11.70595,118.0861
EVT0083694,BMW00676,WBA00000000000676,2026-10-18 14:25:00,11.49,56.83,40.62,10.347465,49.238144
EVT0096670,BMW00484,WBA00000000000484,2026-12-02 15:45:00,70.47,105.4,-1.37,30.83468,11.492881
EVT0003632,BMW00620,WBA00000000000620,2026-01-13 14:35:00,59.36,1.59,32.28,32.575027,-63.99839
EVT0019329,BMW00230,WBA00000000000230,2026-03-09 02:40:00,96.23,25.98,24.75,14.276473,-96.807686
EVT0054006,BMW00618,WBA00000000000618,2026-07-07 12:25:00,59.31,77.92,12.65,9.368959,54.439946
EVT0001620,BMW00072,WBA00000000000072,2026-01-06 14:55:00,70.54,49.47,10.46,12.268831,40.416836
EVT0066970,BMW00921,WBA00000000000921,2026-08-21 12:45:00,45.74,138.56,13.61,19.962761,147.861889
EVT0032624,BMW00757,WBA00000000000757,2026-04-24 06:35:00,70.32,1.79,19.23,52.933511,148.174724
EVT0099777,BMW00428,WBA00000000000428,2026-12-13 10:40:00,36.13,51.54,2.21,12.206817,-21.58576
EVT0021802,BMW00226,WBA00000000000226,2026-03-17 16:45:00,16.76,21.75,-2.39,44.156686,-1.853786
EVT0084210,BMW00610,WBA00000000000610,2026-10-20 09:25:00,64.69,19.95,41.84,23.965062,95.853639
EVT0087700,BMW00734,WBA00000000000734,2026-11-01 12:15:00,80.83,85.78,29.21,34.920716,-60.251125
EVT0042435,BMW00931,WBA00000000000931,2026-05-28 08:10:00,66.2,56.62,-0.11,54.454823,-79.229431
EVT0022492,BMW00876,WBA00000000000876,2026-03-20 02:15:00,70.38,27.62,47.05,19.154563,-53.244769
EVT0017274,BMW00862,WBA00000000000862,2026-03-01 23:25:00,13.43,118.99,-8.32,31.42118,115.086557
EVT0047286,BMW00126,WBA00000000000126,2026-06-14 04:25:00,41.78,125.33,43.91,43.761208,-39.739509
EVT0096822,BMW00378,WBA00000000000378,2026-12-03 04:25:00,95.31,150.1,40.96,31.943146,26.267892
EVT0042492,BMW00669,WBA00000000000669,2026-05-28 12:55:00,21.11,158.78,42.66,31.486849,13.690723
EVT0098542,BMW00999,WBA00000000000999,2026-12-09 03:45:00,33.71,154.55,52.11,38.395818,69.579301
EVT0078122,BMW00666,WBA00000000000666,2026-09-29 06:05:00,33.59,156.17,11.6,38.47913,35.338318
EVT0087210,BMW00767,WBA00000000000767,2026-10-30 19:25:00,47.1,113.95,54.2,32.820518,-69.288903
EVT0018153,BMW00684,WBA00000000000684,2026-03-05 00:40:00,28.13,23.17,36.07,30.757797,81.782715
EVT0054182,BMW00809,WBA00000000000809,2026-07-08 03:05:00,77.04,3.61,32.77,36.420722,-91.477654
EVT0092568,BMW00620,WBA00000000000620,2026-11-18 09:55:00,89.84,6.99,42.59,52.061368,148.477789
EVT0056394,BMW00977,WBA00000000000977,2026-07-15 19:25:00,96.16,64.5,51.11,30.973092,-100.343959
EVT0014471,BMW00637,WBA00000000000637,2026-02-20 05:50:00,93.98,21.67,8.72,18.823209,-107.638238
EVT0061689,BMW00489,WBA00000000000489,2026-08-03 04:40:00,32.81,107.43,51.39,26.399021,-107.228459
EVT0049585,BMW00247,WBA00000000000247,2026-06-22 04:00:00,42.98,83.89,36.65,12.040384,146.442485
EVT0050429,BMW00168,WBA00000000000168,2026-06-25 02:20:00,41.91,44.44,52.66,16.083083,-107.324783
EVT0043176,BMW00768,WBA00000000000768,2026-05-30 21:55:00,75.48,33.07,52.91,44.642818,25.73923
EVT0009342,BMW00504,WBA00000000000504,2026-02-02 10:25:00,21.78,33.89,43.0,10.24665,-10.444644
EVT0090203,BMW00464,WBA00000000000464,2026-11-10 04:50:00,30.69,4.96,51.21,41.191019,-2.105327
EVT0010803,BMW00703,WBA00000000000703,2026-02-07 12:10:00,14.5,64.62,-1.73,50.928241,53.363183
EVT0066550,BMW00122,WBA00000000000122,2026-08-20 01:45:00,64.71,114.6,22.75,29.617082,-72.167008
EVT0090957,BMW00075,WBA00000000000075,2026-11-12 19:40:00,43.11,109.72,-0.56,54.485094,-38.470207
EVT0056079,BMW00566,WBA00000000000566,2026-07-14 17:10:00,55.75,131.64,-7.43,21.684741,-111.817288
EVT0081972,BMW00968,WBA00000000000968,2026-10-12 14:55:00,38.6,79.2,43.1,50.965996,67.247226
EVT0084190,BMW00441,WBA00000000000441,2026-10-20 07:45:00,39.86,112.81,33.43,29.594372,-68.008458
EVT0015477,BMW00516,WBA00000000000516,2026-02-23 17:40:00,16.12,2.15,49.74,21.500534,2.99494
EVT0014939,BMW00192,WBA00000000000192,2026-02-21 20:50:00,64.86,118.57,46.99,12.736668,141.348301
EVT0030638,BMW00447,WBA00000000000447,2026-04-17 09:05:00,94.85,112.7,16.16,14.0557,-16.25346
EVT0099891,BMW00243,WBA00000000000243,2026-12-13 20:10:00,10.45,48.8,18.29,47.319262,70.679086
EVT0032246,BMW00016,WBA00000000000016,2026-04-22 23:05:00,43.54,122.5,47.21,43.384777,12.743552
EVT0027172,BMW00536,WBA00000000000536,2026-04-05 08:15:00,32.49,9.65,14.21,33.420897,-49.39973
EVT0071911,BMW00900,WBA00000000000900,2026-09-07 16:30:00,46.13,22.36,17.63,47.323069,31.326762
EVT0010512,BMW00910,WBA00000000000910,2026-02-06 11:55:00,49.16,17.43,51.51,47.134784,-69.374426
EVT0097459,BMW00824,WBA00000000000824,2026-12-05 09:30:00,17.52,12.76,2.64,9.850035,61.212408
EVT0019619,BMW00635,WBA00000000000635,2026-03-10 02:50:00,36.53,21.74,12.6,23.047668,-79.051355
EVT0097149,BMW00103,WBA00000000000103,2026-12-04 07:40:00,43.01,130.14,48.72,33.92849,33.184534
EVT0040966,BMW00780,WBA00000000000780,2026-05-23 05:45:00,89.95,18.38,4.13,50.397482,12.384991
EVT0059828,BMW00602,WBA00000000000602,2026-07-27 17:35:00,60.93,72.43,48.97,15.916695,-45.602038
EVT0099571,BMW00464,WBA00000000000464,2026-12-12 17:30:00,47.53,63.25,51.24,23.02481,23.360482
EVT0042147,BMW00866,WBA00000000000866,2026-05-27 08:10:00,56.7,144.02,27.89,15.069464,-53.106916
EVT0047958,BMW00758,WBA00000000000758,2026-06-16 12:25:00,42.78,135.63,42.18,24.78397,37.24149
EVT0000763,BMW00195,WBA00000000000195,2026-01-03 15:30:00,43.7,42.55,28.08,41.785472,-12.171014
EVT0080151,BMW00129,WBA00000000000129,2026-10-06 07:10:00,75.85,108.83,-5.95,11.165972,129.650565
EVT0092598,BMW00520,WBA00000000000520,2026-11-18 12:25:00,70.38,39.97,3.83,29.573739,-76.142825
EVT0086852,BMW00617,WBA00000000000617,2026-10-29 13:35:00,38.83,104.35,35.77,34.187864,43.000339
EVT0026868,BMW00956,WBA00000000000956,2026-04-04 06:55:00,77.89,86.88,44.12,40.711,-18.373313
EVT0033928,BMW00073,WBA00000000000073,2026-04-28 19:15:00,46.73,136.5,34.7,17.353959,-80.62416
EVT0002004,BMW00571,WBA00000000000571,2026-01-07 22:55:00,47.56,89.09,32.96,32.796257,-62.297136
EVT0048752,BMW00751,WBA00000000000751,2026-06-19 06:35:00,14.83,31.6,27.29,21.964372,-67.548617
EVT0093532,BMW00970,WBA00000000000970,2026-11-21 18:15:00,42.55,66.7,54.78,37.503793,-70.226372
EVT0081306,BMW00680,WBA00000000000680,2026-10-10 07:25:00,35.32,152.32,46.74,40.399193,-50.163871
EVT0010382,BMW00032,WBA00000000000032,2026-02-06 01:05:00,37.31,153.38,0.16,18.962903,113.697307
EVT0010576,BMW00847,WBA00000000000847,2026-02-06 17:15:00,34.61,19.83,47.5,42.182011,-85.706027
EVT0083488,BMW00553,WBA00000000000553,2026-10-17 21:15:00,16.94,52.29,7.42,41.348871,-105.787518
EVT0072115,BMW00765,WBA00000000000765,2026-09-08 09:30:00,17.03,38.7,6.41,33.243383,126.919513
EVT0048263,BMW00291,WBA00000000000291,2026-06-17 13:50:00,34.86,38.75,49.78,34.228272,116.188587
EVT0066169,BMW00204,WBA00000000000204,2026-08-18 18:00:00,44.75,139.87,16.5,35.860055,-23.605626
EVT0006807,BMW00783,WBA00000000000783,2026-01-24 15:10:00,68.25,114.33,-1.91,32.320688,95.686134
EVT0013899,BMW00378,WBA00000000000378,2026-02-18 06:10:00,98.82,29.15,50.16,41.425821,66.088484
EVT0055265,BMW00029,WBA00000000000029,2026-07-11 21:20:00,12.31,19.85,12.45,22.796671,82.987278
EVT0061229,BMW00711,WBA00000000000711,2026-08-01 14:20:00,65.47,126.25,4.32,13.155287,-8.707617
EVT0099297,BMW00120,WBA00000000000120,2026-12-11 18:40:00,43.81,75.64,24.33,34.969615,11.037577
EVT0029163,BMW00355,WBA00000000000355,2026-04-12 06:10:00,64.15,87.39,2.42,48.939758,-20.75356
EVT0098555,BMW00560,WBA00000000000560,2026-12-09 04:50:00,37.63,18.99,48.8,19.34626,109.168183
EVT0090900,BMW00331,WBA00000000000331,2026-11-12 14:55:00,41.07,151.96,5.55,38.078189,101.084358
EVT0011812,BMW00826,WBA00000000000826,2026-02-11 00:15:00,90.21,49.64,-3.37,16.570768,-99.329824
EVT0082612,BMW00845,WBA00000000000845,2026-10-14 20:15:00,97.45,124.73,24.46,30.401783,-89.955676
EVT0017046,BMW00966,WBA00000000000966,2026-03-01 04:25:00,55.22,76.87,-9.95,12.425596,103.813197
EVT0019325,BMW00927,WBA00000000000927,2026-03-09 02:20:00,91.94,47.84,4.01,23.891869,-98.092205
EVT0097317,BMW00424,WBA00000000000424,2026-12-04 21:40:00,83.73,14.66,38.79,46.418846,-54.79487
EVT0036601,BMW00241,WBA00000000000241,2026-05-08 02:00:00,55.38,121.68,-7.71,43.147891,-113.869195
EVT0025929,BMW00195,WBA00000000000195,2026-04-01 00:40:00,52.42,124.53,-8.56,24.511639,20.506403
EVT0032627,BMW00038,WBA00000000000038,2026-04-24 06:50:00,87.1,158.77,35.64,42.073838,-111.306405
EVT0095262,BMW00114,WBA00000000000114,2026-11-27 18:25:00,29.87,61.44,11.22,25.686244,-7.102826
EVT0073857,BMW00324,WBA00000000000324,2026-09-14 10:40:00,21.44,92.79,13.11,29.07824,-116.745479
EVT0035354,BMW00673,WBA00000000000673,2026-05-03 18:05:00,95.85,71.07,-0.94,13.206318,-12.582003
EVT0064614,BMW00783,WBA00000000000783,2026-08-13 08:25:00,23.3,87.03,34.98,21.861332,50.992618
EVT0035426,BMW00027,WBA00000000000027,2026-05-04 00:05:00,80.8,64.56,6.96,39.444178,48.664422
EVT0015300,BMW00676,WBA00000000000676,2026-02-23 02:55:00,19.63,83.45,6.79,49.582116,-30.376768
EVT0030995,BMW00842,WBA00000000000842,2026-04-18 14:50:00,71.6,115.72,14.64,37.774232,-103.584151
EVT0042113,BMW00996,WBA00000000000996,2026-05-27 05:20:00,25.06,93.44,-6.57,26.409042,39.689441
EVT0024651,BMW00365,WBA00000000000365,2026-03-27 14:10:00,15.95,116.28,35.61,12.607237,51.505746
EVT0043394,BMW00888,WBA00000000000888,2026-05-31 16:05:00,94.09,83.53,17.76,15.454023,-119.387892
EVT0096647,BMW00883,WBA00000000000883,2026-12-02 13:50:00,34.62,103.37,25.18,54.743,-53.86311
EVT0011017,BMW00405,WBA00000000000405,2026-02-08 06:00:00,41.11,66.26,32.61,24.313739,-51.369773
EVT0096638,BMW00810,WBA00000000000810,2026-12-02 13:05:00,82.69,45.52,-1.01,37.776515,-66.000626
EVT0007300,BMW00734,WBA00000000000734,2026-01-26 08:15:00,44.12,122.06,-3.52,11.526326,-101.323681
EVT0095246,BMW00379,WBA00000000000379,2026-11-27 17:05:00,73.85,17.21,18.69,20.263947,-102.684136
EVT0000077,BMW00330,WBA00000000000330,2026-01-01 06:20:00,56.54,28.16,43.56,39.499212,111.044725
EVT0038511,BMW00831,WBA00000000000831,2026-05-14 17:10:00,23.2,125.67,-9.15,50.672442,121.692289
EVT0059061,BMW00330,WBA00000000000330,2026-07-25 01:40:00,80.61,4.77,12.86,47.002302,74.659352
EVT0072089,BMW00068,WBA00000000000068,2026-09-08 07:20:00,46.26,62.46,-5.46,43.174788,66.508414
EVT0076338,BMW00363,WBA00000000000363,2026-09-23 01:25:00,16.46,43.9,11.76,50.018043,-106.253967
EVT0001996,BMW00759,WBA00000000000759,2026-01-07 22:15:00,17.79,96.9,37.44,37.274227,-49.008434
EVT0088553,BMW00893,WBA00000000000893,2026-11-04 11:20:00,64.13,100.36,-2.21,33.185601,-49.583231
EVT0092479,BMW00519,WBA00000000000519,2026-11-18 02:30:00,79.38,110.28,-9.06,25.99697,50.353816
EVT0096685,BMW00924,WBA00000000000924,2026-12-02 17:00:00,14.61,132.09,0.42,50.60082,65.577152
EVT0078340,BMW00463,WBA00000000000463,2026-09-30 00:15:00,12.62,60.82,35.42,40.456193,8.038663
EVT0006855,BMW00730,WBA00000000000730,2026-01-24 19:10:00,18.68,11.3,17.01,29.450254,84.064976
EVT0028835,BMW00854,WBA00000000000854,2026-04-11 02:50:00,93.1,90.01,43.17,49.201035,-59.580598
EVT0086712,BMW00578,WBA00000000000578,2026-10-29 01:55:00,25.55,86.92,2.73,18.249895,-59.222542
EVT0094713,BMW00971,WBA00000000000971,2026-11-25 20:40:00,63.47,136.09,-5.33,49.23208,-10.192124
EVT0061972,BMW00321,WBA00000000000321,2026-08-04 04:15:00,25.75,64.23,4.56,29.845038,10.511418
EVT0093173,BMW00899,WBA00000000000899,2026-11-20 12:20:00,85.16,138.0,2.36,8.120444,-110.864175
EVT0023007,BMW00967,WBA00000000000967,2026-03-21 21:10:00,35.03,78.25,-9.29,44.390099,92.299751
EVT0075451,BMW00267,WBA00000000000267,2026-09-19 23:30:00,29.98,118.83,49.69,49.781908,2.309056
EVT0023431,BMW00294,WBA00000000000294,2026-03-23 08:30:00,64.53,19.58,37.95,13.57973,39.40236
EVT0038955,BMW00796,WBA00000000000796,2026-05-16 06:10:00,84.8,64.46,-9.78,40.537664,-54.929676
EVT0069505,BMW00913,WBA00000000000913,2026-08-30 08:00:00,46.08,28.26,21.38,50.672334,80.105365
EVT0079252,BMW00710,WBA00000000000710,2026-10-03 04:15:00,42.55,132.84,14.94,38.038946,89.578141
EVT0002107,BMW00148,WBA00000000000148,2026-01-08 07:30:00,27.78,104.7,1.83,10.742431,-68.074866
EVT0040816,BMW00397,WBA00000000000397,2026-05-22 17:15:00,71.49,38.81,40.14,10.271609,97.263841
EVT0011249,BMW00939,WBA00000000000939,2026-02-09 01:20:00,65.92,151.38,-1.62,50.681546,-5.185803
EVT0098559,BMW00448,WBA00000000000448,2026-12-09 05:10:00,25.25,39.29,18.34,19.203676,-17.521149
EVT0058147,BMW00190,WBA00000000000190,2026-07-21 21:30:00,28.03,2.89,-0.22,35.131326,-92.319917
EVT0035797,BMW00560,WBA00000000000560,2026-05-05 07:00:00,70.72,65.18,35.07,20.022032,-93.083907
EVT0077765,BMW00138,WBA00000000000138,2026-09-28 00:20:00,94.49,94.35,45.94,28.818225,-94.481629
EVT0085205,BMW00042,WBA00000000000042,2026-10-23 20:20:00,65.62,155.21,41.51,37.849925,69.244694
EVT0006710,BMW00044,WBA00000000000044,2026-01-24 07:05:00,99.18,74.12,27.93,48.384412,10.449669
EVT0075231,BMW00706,WBA00000000000706,2026-09-19 05:10:00,76.41,14.39,22.74,26.466736,-49.133433
EVT0066355,BMW00035,WBA00000000000035,2026-08-19 09:30:00,34.81,112.83,53.26,51.511019,-53.461881
EVT0077060,BMW00268,WBA00000000000268,2026-09-25 13:35:00,78.73,71.84,21.27,43.258211,-30.862205
EVT0046485,BMW00066,WBA00000000000066,2026-06-11 09:40:00,67.14,27.3,-3.11,44.543183,44.235002
EVT0013546,BMW00922,WBA00000000000922,2026-02-17 00:45:00,99.33,111.07,5.66,45.656578,-12.377378
EVT0072414,BMW00113,WBA00000000000113,2026-09-09 10:25:00,62.63,120.01,28.45,50.04232,-6.507255
EVT0045631,BMW00805,WBA00000000000805,2026-06-08 10:30:00,65.72,24.61,3.45,47.88643,133.32077
EVT0042559,BMW00266,WBA00000000000266,2026-05-28 18:30:00,82.85,83.23,4.16,52.121827,132.791752
EVT0019137,BMW00044,WBA00000000000044,2026-03-08 10:40:00,69.78,69.73,18.37,42.086799,-108.096853
EVT0075614,BMW00786,WBA00000000000786,2026-09-20 13:05:00,22.44,109.12,2.88,21.496258,-5.077859
EVT0059620,BMW00746,WBA00000000000746,2026-07-27 00:15:00,97.08,73.03,43.15,49.642614,-114.671544
EVT0062995,BMW00978,WBA00000000000978,2026-08-07 17:30:00,15.34,25.48,34.08,29.007793,-55.68247
EVT0036044,BMW00162,WBA00000000000162,2026-05-06 03:35:00,94.42,93.18,31.9,11.789693,-85.581764
EVT0008908,BMW00632,WBA00000000000632,2026-01-31 22:15:00,10.01,37.08,-2.6,11.720687,69.74691
EVT0054959,BMW00955,WBA00000000000955,2026-07-10 19:50:00,66.18,133.77,-2.71,16.690079,49.052894
EVT0020832,BMW00935,WBA00000000000935,2026-03-14 07:55:00,46.83,119.26,30.0,26.418031,88.481149
EVT0014605,BMW00177,WBA00000000000177,2026-02-20 17:00:00,21.23,100.65,44.82,44.759052,21.187678
EVT0014928,BMW00977,WBA00000000000977,2026-02-21 19:55:00,92.5,30.26,28.29,38.672027,-41.760092
EVT0065403,BMW00350,WBA00000000000350,2026-08-16 02:10:00,80.48,68.17,-1.05,29.925572,30.32897
EVT0093319,BMW00654,WBA00000000000654,2026-11-21 00:30:00,64.7,73.62,12.53,17.000164,-37.62237
EVT0086642,BMW00798,WBA00000000000798,2026-10-28 20:05:00,94.19,32.91,0.47,34.234172,4.074747
EVT0091532,BMW00224,WBA00000000000224,2026-11-14 19:35:00,13.69,43.93,30.25,25.271415,119.070409
EVT0089217,BMW00608,WBA00000000000608,2026-11-06 18:40:00,39.56,137.57,15.41,36.912609,-89.877075
EVT0012068,BMW00933,WBA00000000000933,2026-02-11 21:35:00,37.14,120.08,26.02,33.85985,-47.076479
EVT0014776,BMW00774,WBA00000000000774,2026-02-21 07:15:00,84.48,100.55,35.24,25.734918,-14.672767
EVT0015772,BMW00309,WBA00000000000309,2026-02-24 18:15:00,94.0,107.3,39.65,42.763109,-3.354973
EVT0086826,BMW00631,WBA00000000000631,2026-10-29 11:25:00,45.53,144.51,13.32,41.302411,-12.175641
EVT0075354,BMW00803,WBA00000000000803,2026-09-19 15:25:00,30.56,148.87,13.65,20.75564,-6.65648
EVT0015114,BMW00014,WBA00000000000014,2026-02-22 11:25:00,39.64,68.35,0.62,38.465593,144.093261
EVT0067700,BMW00778,WBA00000000000778,2026-08-24 01:35:00,90.75,106.27,44.74,22.95811,-26.959131
EVT0083758,BMW00961,WBA00000000000961,2026-10-18 19:45:00,79.02,116.16,51.39,40.98947,78.538527
EVT0064832,BMW00401,WBA00000000000401,2026-08-14 02:35:00,71.41,148.23,11.84,38.769053,66.405554
EVT0054032,BMW00853,WBA00000000000853,2026-07-07 14:35:00,45.69,134.98,53.92,23.39536,-104.018344
EVT0055967,BMW00637,WBA00000000000637,2026-07-14 07:50:00,37.93,98.61,-1.23,43.230044,6.304584
EVT0077983,BMW00226,WBA00000000000226,2026-09-28 18:30:00,48.07,148.02,-5.18,50.671758,89.354664
EVT0047203,BMW00991,WBA00000000000991,2026-06-13 21:30:00,25.31,106.97,10.68,8.088593,110.460811
EVT0037897,BMW00780,WBA00000000000780,2026-05-12 14:00:00,52.09,76.77,36.48,14.86896,54.386428
EVT0092543,BMW00034,WBA00000000000034,2026-11-18 07:50:00,62.86,127.51,22.92,21.001073,48.301334
EVT0077093,BMW00786,WBA00000000000786,2026-09-25 16:20:00,89.29,83.66,11.82,11.989454,109.158351
EVT0073657,BMW00930,WBA00000000000930,2026-09-13 18:00:00,18.97,47.59,8.77,32.513828,22.683969
EVT0007988,BMW00161,WBA00000000000161,2026-01-28 17:35:00,34.13,92.27,30.61,11.908806,-59.790626
EVT0015251,BMW00232,WBA00000000000232,2026-02-22 22:50:00,96.76,56.82,45.8,37.730957,-18.249621
EVT0054383,BMW00263,WBA00000000000263,2026-07-08 19:50:00,74.92,121.12,32.54,19.292826,-51.586878
EVT0054624,BMW00287,WBA00000000000287,2026-07-09 15:55:00,71.52,109.3,51.97,34.264728,-30.133247
EVT0037183,BMW00814,WBA00000000000814,2026-05-10 02:30:00,91.75,70.39,7.67,19.963605,-7.373958
EVT0057814,BMW00486,WBA00000000000486,2026-07-20 17:45:00,32.99,99.98,5.39,44.35984,-102.354327
EVT0083230,BMW00746,WBA00000000000746,2026-10-16 23:45:00,49.98,14.53,-4.06,9.839034,-64.78947
EVT0072862,BMW00550,WBA00000000000550,2026-09-10 23:45:00,81.28,98.84,-9.99,50.400469,-108.30313
EVT0027705,BMW00660,WBA00000000000660,2026-04-07 04:40:00,79.8,80.19,34.16,19.469053,19.995111
EVT0097594,BMW00452,WBA00000000000452,2026-12-05 20:45:00,74.18,20.8,-4.76,44.227206,71.652262
EVT0007419,BMW00147,WBA00000000000147,2026-01-26 18:10:00,39.86,129.79,50.6,30.191273,16.53184
EVT0067907,BMW00769,WBA00000000000769,2026-08-24 18:50:00,87.58,121.61,-7.25,30.723196,29.521358
EVT0001911,BMW00635,WBA00000000000635,2026-01-07 15:10:00,67.05,54.34,42.68,14.14506,42.277909
EVT0055306,BMW00035,WBA00000000000035,2026-07-12 00:45:00,52.68,111.82,18.98,50.13006,12.9378
EVT0042909,BMW00763,WBA00000000000763,2026-05-29 23:40:00,23.77,133.07,0.16,26.134841,100.095932
EVT0062244,BMW00729,WBA00000000000729,2026-08-05 02:55:00,18.1,89.38,45.12,26.987781,144.249498
EVT0093480,BMW00118,WBA00000000000118,2026-11-21 13:55:00,68.85,145.23,17.89,45.109766,94.992369
EVT0040438,BMW00268,WBA00000000000268,2026-05-21 09:45:00,26.1,78.47,0.5,11.290634,80.028984
EVT0089687,BMW00962,WBA00000000000962,2026-11-08 09:50:00,42.84,50.4,13.71,39.137101,138.537494
EVT0067811,BMW00585,WBA00000000000585,2026-08-24 10:50:00,35.0,33.52,3.67,45.949191,-99.08992
EVT0092902,BMW00934,WBA00000000000934,2026-11-19 13:45:00,96.61,42.13,19.76,17.967214,-70.667415
EVT0090548,BMW00127,WBA00000000000127,2026-11-11 09:35:00,36.88,87.19,36.35,41.973735,-53.96481
EVT0040627,BMW00644,WBA00000000000644,2026-05-22 01:30:00,92.07,139.96,49.35,27.198666,65.125714
EVT0085078,BMW00767,WBA00000000000767,2026-10-23 09:45:00,35.5,149.32,35.67,46.104543,137.46515
EVT0027984,BMW00046,WBA00000000000046,2026-04-08 03:55:00,19.28,1.88,23.37,21.056565,-74.610977
EVT0011437,BMW00124,WBA00000000000124,2026-02-09 17:00:00,86.86,86.91,1.93,49.661345,-89.087413
EVT0079917,BMW00080,WBA00000000000080,2026-10-05 11:40:00,20.15,119.66,-2.94,9.964505,-113.015738
EVT0035822,BMW00015,WBA00000000000015,2026-05-05 09:05:00,14.85,152.45,13.0,53.572484,-116.196935
EVT0011427,BMW00834,WBA00000000000834,2026-02-09 16:10:00,43.19,93.97,10.19,21.314729,-76.316054
EVT0062153,BMW00173,WBA00000000000173,2026-08-04 19:20:00,69.51,130.26,5.92,22.082057,18.06142
EVT0045424,BMW00979,WBA00000000000979,2026-06-07 17:15:00,56.42,69.27,48.33,20.683307,58.493979
EVT0042003,BMW00523,WBA00000000000523,2026-05-26 20:10:00,18.37,40.0,-1.5,42.442207,59.338589
EVT0056539,BMW00060,WBA00000000000060,2026-07-16 07:30:00,30.25,60.55,-7.89,40.5649,93.40661
EVT0088161,BMW00982,WBA00000000000982,2026-11-03 02:40:00,94.1,15.58,17.03,43.655605,108.507212
EVT0050083,BMW00974,WBA00000000000974,2026-06-23 21:30:00,56.03,125.73,3.88,15.971874,-84.126286
EVT0040787,BMW00614,WBA00000000000614,2026-05-22 14:50:00,14.42,132.16,49.47,9.956013,-67.32549
EVT0099428,BMW00687,WBA00000000000687,2026-12-12 05:35:00,35.53,155.31,53.39,44.247674,-73.000276
EVT0010436,BMW00831,WBA00000000000831,2026-02-06 05:35:00,70.33,100.02,8.3,39.97068,-29.072535
EVT0035811,BMW00015,WBA00000000000015,2026-05-05 08:10:00,87.71,75.95,20.64,34.793897,145.106383
EVT0082397,BMW00258,WBA00000000000258,2026-10-14 02:20:00,10.18,53.0,35.07,30.30197,149.221222
EVT0063143,BMW00867,WBA00000000000867,2026-08-08 05:50:00,23.8,28.21,34.43,34.130733,9.265243
EVT0024627,BMW00588,WBA00000000000588,2026-03-27 12:10:00,27.93,134.11,28.43,26.395393,123.435673
EVT0082772,BMW00295,WBA00000000000295,2026-10-15 09:35:00,29.39,59.41,1.05,53.554228,28.102552
EVT0031635,BMW00159,WBA00000000000159,2026-04-20 20:10:00,22.7,7.59,-6.15,44.955251,-77.780724
EVT0048547,BMW00258,WBA00000000000258,2026-06-18 13:30:00,70.36,83.49,45.21,47.262098,32.696405
EVT0098840,BMW00752,WBA00000000000752,2026-12-10 04:35:00,91.92,79.18,-3.69,51.753883,-4.829217
EVT0005454,BMW00138,WBA00000000000138,2026-01-19 22:25:00,59.81,14.5,13.22,46.735017,54.322194
EVT0006124,BMW00364,WBA00000000000364,2026-01-22 06:15:00,28.08,74.35,-2.54,40.355895,9.953838
EVT0045684,BMW00225,WBA00000000000225,2026-06-08 14:55:00,60.79,66.55,45.77,27.381797,7.021444
EVT0072868,BMW00182,WBA00000000000182,2026-09-11 00:15:00,45.73,53.8,31.29,23.696247,100.775754
EVT0065228,BMW00592,WBA00000000000592,2026-08-15 11:35:00,43.09,140.85,54.92,13.084787,-88.108664
EVT0075595,BMW00654,WBA00000000000654,2026-09-20 11:30:00,41.89,121.2,18.21,33.377521,-98.388721
EVT0075582,BMW00407,WBA00000000000407,2026-09-20 10:25:00,47.31,118.26,12.78,36.388839,102.704736
EVT0045985,BMW00101,WBA00000000000101,2026-06-09 16:00:00,36.28,27.61,51.33,29.800278,54.340415
EVT0001415,BMW00234,WBA00000000000234,2026-01-05 21:50:00,12.37,99.52,0.6,45.72291,-106.390356
EVT0037658,BMW00510,WBA00000000000510,2026-05-11 18:05:00,49.31,82.73,23.26,43.449087,-49.473465
EVT0022381,BMW00895,WBA00000000000895,2026-03-19 17:00:00,97.68,36.39,53.8,18.101697,90.792471
EVT0047257,BMW00682,WBA00000000000682,2026-06-14 02:00:00,37.17,113.95,9.8,23.440419,81.745016
EVT0011668,BMW00585,WBA00000000000585,2026-02-10 12:15:00,51.4,5.2,45.12,17.261265,-84.786685
EVT0044630,BMW00800,WBA00000000000800,2026-06-04 23:05:00,65.77,13.88,20.81,40.381949,120.912991
EVT0088631,BMW00838,WBA00000000000838,2026-11-04 17:50:00,17.37,155.79,27.83,50.815447,25.98222
EVT0076022,BMW00729,WBA00000000000729,2026-09-21 23:05:00,13.16,129.9,43.24,12.206758,-39.13706
EVT0091495,BMW00842,WBA00000000000842,2026-11-14 16:30:00,54.82,67.3,43.43,50.095167,-31.210916
EVT0012355,BMW00229,WBA00000000000229,2026-02-12 21:30:00,92.57,0.56,28.62,10.231867,134.987134
EVT0014238,BMW00596,WBA00000000000596,2026-02-19 10:25:00,94.04,27.94,-5.52,11.723607,-12.477467
EVT0057353,BMW00563,WBA00000000000563,2026-07-19 03:20:00,54.7,27.91,-2.57,34.962889,-88.14604
EVT0059939,BMW00725,WBA00000000000725,2026-07-28 02:50:00,76.95,34.99,0.22,44.004195,63.345183
EVT0029360,BMW00030,WBA00000000000030,2026-04-12 22:35:00,12.83,118.94,30.81,24.96905,-114.138524
EVT0061474,BMW00077,WBA00000000000077,2026-08-02 10:45:00,75.19,60.08,1.02,10.431804,0.794136
EVT0043545,BMW00686,WBA00000000000686,2026-06-01 04:40:00,59.55,139.46,45.33,19.200651,-109.528913
EVT0045554,BMW00830,WBA00000000000830,2026-06-08 04:05:00,26.39,43.94,26.24,54.704344,-94.29052
EVT0081888,BMW00536,WBA00000000000536,2026-10-12 07:55:00,61.91,132.65,47.69,40.977102,-54.797178
EVT0049309,BMW00636,WBA00000000000636,2026-06-21 05:00:00,99.53,42.53,21.35,48.113513,-60.486771
EVT0012586,BMW00331,WBA00000000000331,2026-02-13 16:45:00,44.79,57.95,45.14,8.681265,148.595825
EVT0007353,BMW00527,WBA00000000000527,2026-01-26 12:40:00,81.87,84.58,52.74,27.215745,-45.167692
EVT0039742,BMW00118,WBA00000000000118,2026-05-18 23:45:00,90.97,138.15,10.61,28.391027,3.498679
EVT0079216,BMW00763,WBA00000000000763,2026-10-03 01:15:00,78.72,105.04,2.62,15.908413,-113.653531
EVT0041331,BMW00707,WBA00000000000707,2026-05-24 12:10:00,86.25,72.26,42.55,44.636331,98.469265
EVT0005877,BMW00047,WBA00000000000047,2026-01-21 09:40:00,99.36,153.52,52.25,47.333854,91.60986
EVT0018878,BMW00360,WBA00000000000360,2026-03-07 13:05:00,52.26,36.94,-2.45,18.103211,-85.530881
EVT0049573,BMW00501,WBA00000000000501,2026-06-22 03:00:00,94.22,17.71,30.93,13.684759,-65.873727
EVT0066853,BMW00146,WBA00000000000146,2026-08-21 03:00:00,19.08,12.1,15.07,53.93889,75.073771
EVT0058245,BMW00331,WBA00000000000331,2026-07-22 05:40:00,90.64,126.09,33.36,11.973924,6.610368
EVT0007601,BMW00817,WBA00000000000817,2026-01-27 09:20:00,51.58,82.94,54.05,34.638366,-19.782184
EVT0049220,BMW00419,WBA00000000000419,2026-06-20 21:35:00,97.75,19.29,49.21,43.43399,64.781532
EVT0069842,BMW00469,WBA00000000000469,2026-08-31 12:05:00,36.07,142.42,15.68,27.061809,25.751452
EVT0025989,BMW00157,WBA00000000000157,2026-04-01 05:40:00,74.31,24.63,23.69,22.730203,-109.482874
EVT0078528,BMW00243,WBA00000000000243,2026-09-30 15:55:00,14.28,99.49,52.49,36.309852,114.764122
EVT0082814,BMW00708,WBA00000000000708,2026-10-15 13:05:00,52.15,26.0,39.95,44.277429,103.172153
EVT0001964,BMW00706,WBA00000000000706,2026-01-07 19:35:00,83.74,93.88,26.66,27.157015,135.390057
EVT0074807,BMW00968,WBA00000000000968,2026-09-17 17:50:00,98.84,81.01,51.43,31.610844,148.773063
EVT0010241,BMW00549,WBA00000000000549,2026-02-05 13:20:00,86.62,18.33,36.22,31.722894,39.289459
EVT0050882,BMW00825,WBA00000000000825,2026-06-26 16:05:00,69.81,83.08,43.37,11.553574,91.571541
EVT0047004,BMW00980,WBA00000000000980,2026-06-13 04:55:00,45.21,19.51,31.9,16.801573,-74.511211
EVT0059505,BMW00156,WBA00000000000156,2026-07-26 14:40:00,66.33,92.32,-2.8,47.198296,2.522641
EVT0097780,BMW00207,WBA00000000000207,2026-12-06 12:15:00,52.46,124.4,48.53,23.740856,101.541255
EVT0096348,BMW00442,WBA00000000000442,2026-12-01 12:55:00,84.34,80.51,31.42,11.493619,-109.318226
EVT0093478,BMW00112,WBA00000000000112,2026-11-21 13:45:00,32.58,77.61,20.94,10.74705,-34.46441
EVT0006620,BMW00755,WBA00000000000755,2026-01-23 23:35:00,80.85,101.84,33.84,8.650024,48.190308
EVT0085842,BMW00881,WBA00000000000881,2026-10-26 01:25:00,80.21,118.82,-1.85,51.412111,44.153943
EVT0074309,BMW00726,WBA00000000000726,2026-09-16 00:20:00,59.71,55.72,-4.14,42.291801,89.580179
EVT0096456,BMW00024,WBA00000000000024,2026-12-01 21:55:00,15.4,1.04,42.47,29.369628,28.045319
EVT0098042,BMW00680,WBA00000000000680,2026-12-07 10:05:00,73.62,5.77,27.39,44.440976,-49.229517
EVT0000829,BMW00119,WBA00000000000119,2026-01-03 21:00:00,48.9,81.84,50.15,47.948308,-19.053504
EVT0011707,BMW00740,WBA00000000000740,2026-02-10 15:30:00,13.01,10.71,30.91,37.978233,-72.121111
EVT0078629,BMW00549,WBA00000000000549,2026-10-01 00:20:00,32.5,62.59,54.38,45.351547,101.495995
EVT0033401,BMW00610,WBA00000000000610,2026-04-26 23:20:00,53.79,8.49,10.9,53.312566,-54.030028
EVT0065896,BMW00839,WBA00000000000839,2026-08-17 19:15:00,75.15,150.23,45.25,48.797171,-57.225804
EVT0000905,BMW00188,WBA00000000000188,2026-01-04 03:20:00,11.68,75.59,32.54,28.360476,142.35327
EVT0043215,BMW00252,WBA00000000000252,2026-05-31 01:10:00,17.71,60.53,42.97,31.12182,-79.372522
EVT0008388,BMW00819,WBA00000000000819,2026-01-30 02:55:00,87.32,16.11,18.93,45.393539,129.852878
EVT0087999,BMW00280,WBA00000000000280,2026-11-02 13:10:00,99.68,145.03,22.02,22.604153,20.294771
EVT0053247,BMW00683,WBA00000000000683,2026-07-04 21:10:00,45.36,84.32,-0.53,12.93038,71.456227
EVT0046148,BMW00852,WBA00000000000852,2026-06-10 05:35:00,86.0,149.1,53.89,12.7416,15.324349
EVT0077554,BMW00551,WBA00000000000551,2026-09-27 06:45:00,33.85,39.39,26.59,45.209663,110.026531
EVT0090048,BMW00971,WBA00000000000971,2026-11-09 15:55:00,83.79,127.72,0.1,35.829045,72.257508
EVT0068426,BMW00278,WBA00000000000278,2026-08-26 14:05:00,57.34,152.04,27.65,26.730665,-14.125231
EVT0061501,BMW00073,WBA00000000000073,2026-08-02 13:00:00,19.2,75.7,-4.67,52.404016,137.80213
EVT0044166,BMW00709,WBA00000000000709,2026-06-03 08:25:00,84.89,29.51,1.38,30.509784,57.779041
EVT0091596,BMW00604,WBA00000000000604,2026-11-15 00:55:00,60.46,10.31,-2.51,52.64943,58.501862
EVT0032191,BMW00259,WBA00000000000259,2026-04-22 18:30:00,27.73,140.79,35.92,50.201174,144.652012
EVT0074277,BMW00251,WBA00000000000251,2026-09-15 21:40:00,91.03,47.83,30.51,8.93974,97.109546
EVT0065930,BMW00240,WBA00000000000240,2026-08-17 22:05:00,34.25,61.57,13.7,12.984266,68.344576
EVT0051022,BMW00156,WBA00000000000156,2026-06-27 03:45:00,37.84,85.9,28.67,53.915123,-65.029612
EVT0098550,BMW00735,WBA00000000000735,2026-12-09 04:25:00,66.98,64.34,37.24,36.218652,104.792712
EVT0001732,BMW00331,WBA00000000000331,2026-01-07 00:15:00,42.38,11.48,52.47,43.873676,68.725815
EVT0003395,BMW00098,WBA00000000000098,2026-01-12 18:50:00,35.63,70.56,51.21,31.137959,120.586454
EVT0002161,BMW00046,WBA00000000000046,2026-01-08 12:00:00,69.54,44.04,14.28,9.518384,146.710996
EVT0087534,BMW00167,WBA00000000000167,2026-10-31 22:25:00,15.38,2.1,48.04,47.91132,93.485302
EVT0045840,BMW00665,WBA00000000000665,2026-06-09 03:55:00,93.13,73.0,11.23,22.640979,90.294739
EVT0001136,BMW00182,WBA00000000000182,2026-01-04 22:35:00,88.01,107.13,34.23,19.786982,-80.984712
EVT0090126,BMW00966,WBA00000000000966,2026-11-09 22:25:00,61.29,127.78,35.64,13.03129,60.836652
EVT0003169,BMW00468,WBA00000000000468,2026-01-12 00:00:00,27.41,126.47,25.79,8.185864,-29.401454
EVT0013694,BMW00400,WBA00000000000400,2026-02-17 13:05:00,69.73,9.76,6.02,14.248732,43.617993
EVT0098889,BMW00526,WBA00000000000526,2026-12-10 08:40:00,96.6,40.98,11.12,39.666433,-58.493662
EVT0096075,BMW00130,WBA00000000000130,2026-11-30 14:10:00,38.75,47.51,26.25,31.622688,2.097695
EVT0087349,BMW00139,WBA00000000000139,2026-10-31 07:00:00,59.67,97.3,3.38,52.824511,-89.416664
EVT0037747,BMW00560,WBA00000000000560,2026-05-12 01:30:00,57.17,96.0,33.05,30.783684,96.081236
EVT0080303,BMW00671,WBA00000000000671,2026-10-06 19:50:00,48.2,69.25,2.62,18.781254,-33.984323
EVT0049284,BMW00055,WBA00000000000055,2026-06-21 02:55:00,84.28,62.95,17.91,38.445709,130.642888
EVT0056603,BMW00930,WBA00000000000930,2026-07-16 12:50:00,56.92,45.32,54.99,21.622522,58.349636
EVT0028204,BMW00238,WBA00000000000238,2026-04-08 22:15:00,71.35,56.01,24.07,46.911145,31.442308
EVT0073342,BMW00915,WBA00000000000915,2026-09-12 15:45:00,22.73,97.87,11.72,12.942024,-3.750486
EVT0084184,BMW00771,WBA00000000000771,2026-10-20 07:15:00,40.78,31.89,11.75,37.674434,144.312399
EVT0007395,BMW00606,WBA00000000000606,2026-01-26 16:10:00,90.69,63.65,-6.97,25.291679,-61.416487
EVT0011300,BMW00093,WBA00000000000093,2026-02-09 05:35:00,18.94,13.97,-9.66,41.391471,109.074379
EVT0012861,BMW00873,WBA00000000000873,2026-02-14 15:40:00,47.66,56.08,48.5,52.882757,-109.476666
EVT0004229,BMW00810,WBA00000000000810,2026-01-15 16:20:00,58.03,142.47,25.58,19.278558,15.141371
EVT0014812,BMW00709,WBA00000000000709,2026-02-21 10:15:00,25.25,13.54,43.06,38.019591,-5.925482
EVT0059890,BMW00042,WBA00000000000042,2026-07-27 22:45:00,43.94,0.16,52.47,40.034935,91.363536
EVT0040077,BMW00477,WBA00000000000477,2026-05-20 03:40:00,50.38,88.42,52.86,41.571431,10.433671
EVT0003718,BMW00487,WBA00000000000487,2026-01-13 21:45:00,95.82,22.98,38.64,28.559545,58.992934
EVT0076407,BMW00261,WBA00000000000261,2026-09-23 07:10:00,99.44,141.85,49.76,38.070189,45.052787
EVT0015928,BMW00706,WBA00000000000706,2026-02-25 07:15:00,24.02,47.87,43.18,27.462234,-47.88108
EVT0057574,BMW00258,WBA00000000000258,2026-07-19 21:45:00,69.23,75.2,34.49,24.863564,-30.039997
EVT0088575,BMW00638,WBA00000000000638,2026-11-04 13:10:00,34.0,149.92,39.97,46.692194,-37.898768
EVT0062180,BMW00486,WBA00000000000486,2026-08-04 21:35:00,76.54,67.3,0.48,18.963031,103.556946
EVT0052682,BMW00980,WBA00000000000980,2026-07-02 22:05:00,17.73,154.22,-8.21,28.182175,78.372103
EVT0002303,BMW00943,WBA00000000000943,2026-01-08 23:50:00,69.51,39.72,50.05,10.943632,42.807734
EVT0081865,BMW00932,WBA00000000000932,2026-10-12 06:00:00,80.75,154.03,15.71,51.025317,-96.980195
EVT0064124,BMW00758,WBA00000000000758,2026-08-11 15:35:00,89.74,142.69,43.0,10.337213,118.53767
EVT0042024,BMW00711,WBA00000000000711,2026-05-26 21:55:00,75.11,106.89,3.01,20.644237,96.398168
EVT0067153,BMW00603,WBA00000000000603,2026-08-22 04:00:00,90.88,19.92,40.29,29.764614,4.625868
EVT0085477,BMW00907,WBA00000000000907,2026-10-24 19:00:00,50.36,71.36,47.03,23.808661,-79.222044
EVT0098320,BMW00931,WBA00000000000931,2026-12-08 09:15:00,20.64,93.1,-9.82,51.444966,-74.345489
EVT0068660,BMW00412,WBA00000000000412,2026-08-27 09:35:00,43.57,16.88,13.07,16.96984,147.935189
EVT0098782,BMW00640,WBA00000000000640,2026-12-09 23:45:00,44.02,79.38,2.57,39.033083,74.183525
EVT0018399,BMW00303,WBA00000000000303,2026-03-05 21:10:00,91.92,81.18,47.47,18.745524,97.432816
EVT0049238,BMW00678,WBA00000000000678,2026-06-20 23:05:00,31.58,129.46,41.67,39.757243,56.510844
EVT0051204,BMW00712,WBA00000000000712,2026-06-27 18:55:00,88.7,83.95,28.13,33.506493,91.599608
EVT0016130,BMW00629,WBA00000000000629,2026-02-26 00:05:00,16.25,110.63,35.34,15.404075,-84.127716
EVT0076439,BMW00510,WBA00000000000510,2026-09-23 09:50:00,77.06,35.64,41.69,13.031955,-67.572955
EVT0090122,BMW00330,WBA00000000000330,2026-11-09 22:05:00,55.82,96.04,4.28,8.264797,-103.400172
EVT0079281,BMW00100,WBA00000000000100,2026-10-03 06:40:00,47.22,117.27,37.47,18.967264,45.254364
EVT0071024,BMW00168,WBA00000000000168,2026-09-04 14:35:00,49.59,79.9,39.86,54.180595,123.001206
EVT0064085,BMW00303,WBA00000000000303,2026-08-11 12:20:00,31.39,66.19,-7.83,12.658617,-60.464037
EVT0023295,BMW00273,WBA00000000000273,2026-03-22 21:10:00,11.88,99.93,-9.69,45.957638,0.510646
EVT0098992,BMW00797,WBA00000000000797,2026-12-10 17:15:00,18.7,32.64,38.23,32.487307,-41.00379
EVT0057845,BMW00511,WBA00000000000511,2026-07-20 20:20:00,20.96,82.56,37.21,48.533499,-22.178196
EVT0079731,BMW00019,WBA00000000000019,2026-10-04 20:10:00,41.21,84.42,44.66,36.079203,138.089396
EVT0016300,BMW00232,WBA00000000000232,2026-02-26 14:15:00,47.07,76.78,-0.04,32.150503,-26.913777
EVT0038005,BMW00185,WBA00000000000185,2026-05-12 23:00:00,58.12,140.56,10.11,9.374691,-100.507171
EVT0025722,BMW00841,WBA00000000000841,2026-03-31 07:25:00,27.22,108.14,25.05,17.790529,-74.211758
EVT0000283,BMW00827,WBA00000000000827,2026-01-01 23:30:00,21.78,6.42,29.9,36.477384,134.524937
EVT0045584,BMW00953,WBA00000000000953,2026-06-08 06:35:00,78.37,11.54,48.6,40.477534,109.410991
EVT0021579,BMW00869,WBA00000000000869,2026-03-16 22:10:00,59.03,1.2,12.28,14.453534,127.444484
EVT0024084,BMW00978,WBA00000000000978,2026-03-25 14:55:00,84.6,104.93,30.62,47.110088,55.890818
EVT0003382,BMW00081,WBA00000000000081,2026-01-12 17:45:00,42.24,3.31,16.74,22.642509,-26.186759
EVT0030947,BMW00459,WBA00000000000459,2026-04-18 10:50:00,61.25,57.32,31.45,18.670235,84.497116
EVT0060571,BMW00182,WBA00000000000182,2026-07-30 07:30:00,52.28,146.55,3.46,53.354521,121.025613
EVT0095256,BMW00785,WBA00000000000785,2026-11-27 17:55:00,32.18,127.3,43.44,41.066458,64.479178
EVT0037802,BMW00567,WBA00000000000567,2026-05-12 06:05:00,99.03,107.42,4.59,24.680295,-8.783668
EVT0067008,BMW00090,WBA00000000000090,2026-08-21 15:55:00,76.35,114.56,28.28,17.925394,124.641306
EVT0022438,BMW00614,WBA00000000000614,2026-03-19 21:45:00,29.75,24.74,-7.35,47.649914,1.144143
EVT0066354,BMW00490,WBA00000000000490,2026-08-19 09:25:00,84.22,34.67,30.34,50.374845,139.715898
EVT0014552,BMW00108,WBA00000000000108,2026-02-20 12:35:00,52.94,91.6,35.16,9.931204,72.411575
EVT0088808,BMW00846,WBA00000000000846,2026-11-05 08:35:00,47.9,0.82,47.62,41.66727,81.345486
EVT0093836,BMW00503,WBA00000000000503,2026-11-22 19:35:00,68.13,1.03,35.05,14.943089,57.361133
EVT0002837,BMW00388,WBA00000000000388,2026-01-10 20:20:00,73.99,50.11,42.65,14.452271,-103.79261
EVT0098797,BMW00040,WBA00000000000040,2026-12-10 01:00:00,87.31,69.88,3.55,12.743342,-58.230706
EVT0001028,BMW00699,WBA00000000000699,2026-01-04 13:35:00,70.76,72.19,29.75,54.195458,-109.523385
EVT0040055,BMW00768,WBA00000000000768,2026-05-20 01:50:00,56.29,82.9,35.31,30.381549,-70.163606
EVT0092847,BMW00941,WBA00000000000941,2026-11-19 09:10:00,77.78,21.65,42.72,38.726375,-0.516925
EVT0053676,BMW00440,WBA00000000000440,2026-07-06 08:55:00,28.08,152.79,22.18,43.449844,-55.520959
EVT0013937,BMW00928,WBA00000000000928,2026-02-18 09:20:00,59.9,79.78,9.68,18.878724,76.804797
EVT0040942,BMW00029,WBA00000000000029,2026-05-23 03:45:00,64.93,32.23,-9.84,15.473947,-54.095347
EVT0073768,BMW00257,WBA00000000000257,2026-09-14 03:15:00,48.72,124.69,0.99,14.277309,-118.00368
EVT0065245,BMW00335,WBA00000000000335,2026-08-15 13:00:00,34.28,148.77,-7.58,29.877878,0.949799
EVT0001038,BMW00327,WBA00000000000327,2026-01-04 14:25:00,93.56,137.46,15.37,37.931575,112.387029
EVT0056102,BMW00416,WBA00000000000416,2026-07-14 19:05:00,97.82,147.66,-4.05,17.591754,134.702542
EVT0081981,BMW00852,WBA00000000000852,2026-10-12 15:40:00,36.93,99.48,54.17,26.033422,-104.364499
EVT0069857,BMW00140,WBA00000000000140,2026-08-31 13:20:00,84.1,114.05,41.2,25.626351,101.296157
EVT0045274,BMW00754,WBA00000000000754,2026-06-07 04:45:00,70.07,105.46,37.58,27.80938,143.394502
EVT0068963,BMW00823,WBA00000000000823,2026-08-28 10:50:00,72.53,24.31,33.38,49.650082,53.373562
EVT0087845,BMW00302,WBA00000000000302,2026-11-02 00:20:00,28.3,101.21,11.82,21.73527,8.114206
EVT0028512,BMW00500,WBA00000000000500,2026-04-09 23:55:00,29.76,34.27,54.07,39.551294,14.047869
EVT0022985,BMW00023,WBA00000000000023,2026-03-21 19:20:00,87.52,46.84,-8.02,35.39579,-109.891391
EVT0082258,BMW00254,WBA00000000000254,2026-10-13 14:45:00,75.34,157.41,-9.08,22.910335,129.429261
EVT0090920,BMW00325,WBA00000000000325,2026-11-12 16:35:00,11.66,94.57,26.08,38.610183,46.496574
EVT0016115,BMW00556,WBA00000000000556,2026-02-25 22:50:00,12.51,158.35,8.3,36.054149,124.447451
EVT0054511,BMW00933,WBA00000000000933,2026-07-09 06:30:00,24.51,155.87,20.9,11.790468,16.295048
EVT0034332,BMW00311,WBA00000000000311,2026-04-30 04:55:00,16.42,89.44,49.2,23.858673,26.549988
EVT0024162,BMW00778,WBA00000000000778,2026-03-25 21:25:00,46.49,147.47,11.29,26.748418,-54.533972
EVT0026143,BMW00814,WBA00000000000814,2026-04-01 18:30:00,17.72,4.65,38.54,46.171059,-31.001566
EVT0042408,BMW00300,WBA00000000000300,2026-05-28 05:55:00,96.15,33.48,29.06,26.571891,-105.759531
EVT0063828,BMW00836,WBA00000000000836,2026-08-10 14:55:00,83.83,87.45,36.93,14.244343,-101.451817
EVT0079682,BMW00367,WBA00000000000367,2026-10-04 16:05:00,14.49,126.93,-1.09,21.257667,-62.827173
EVT0059477,BMW00207,WBA00000000000207,2026-07-26 12:20:00,92.12,99.8,-1.86,42.607729,-111.536229
EVT0025506,BMW00867,WBA00000000000867,2026-03-30 13:25:00,20.89,122.72,51.17,45.71072,-96.211459
EVT0057846,BMW00759,WBA00000000000759,2026-07-20 20:25:00,39.43,21.31,48.94,26.450848,21.314752
EVT0048265,BMW00603,WBA00000000000603,2026-06-17 14:00:00,66.07,105.68,-2.54,51.292576,57.10875
EVT0016913,BMW00095,WBA00000000000095,2026-02-28 17:20:00,96.9,114.19,39.58,50.864661,-34.949441
EVT0062156,BMW00422,WBA00000000000422,2026-08-04 19:35:00,28.61,81.53,25.56,29.404798,-73.386306
EVT0098003,BMW00556,WBA00000000000556,2026-12-07 06:50:00,59.98,52.01,39.89,34.204096,3.440583
EVT0091500,BMW00558,WBA00000000000558,2026-11-14 16:55:00,48.75,147.76,2.74,52.190019,89.956066
EVT0044980,BMW00044,WBA00000000000044,2026-06-06 04:15:00,61.83,27.45,4.77,49.139392,-54.967174
EVT0046939,BMW00320,WBA00000000000320,2026-06-12 23:30:00,34.03,19.46,11.08,8.481322,83.413602
EVT0014056,BMW00083,WBA00000000000083,2026-02-18 19:15:00,85.42,132.92,22.8,32.239362,-92.464118
EVT0042692,BMW00600,WBA00000000000600,2026-05-29 05:35:00,23.59,22.08,4.08,42.09601,-63.362936
EVT0027929,BMW00615,WBA00000000000615,2026-04-07 23:20:00,50.48,0.71,27.92,26.418858,56.758687
EVT0026693,BMW00670,WBA00000000000670,2026-04-03 16:20:00,61.66,112.97,48.99,33.787368,5.928946
EVT0024249,BMW00898,WBA00000000000898,2026-03-26 04:40:00,63.42,50.59,-9.03,34.254571,-99.823768
EVT0012435,BMW00584,WBA00000000000584,2026-02-13 04:10:00,95.27,97.69,-5.4,38.695186,-64.636937
EVT0077228,BMW00471,WBA00000000000471,2026-09-26 03:35:00,83.22,76.74,-1.54,28.310835,78.220662
EVT0023408,BMW00728,WBA00000000000728,2026-03-23 06:35:00,47.15,122.76,35.34,45.401842,121.239295
EVT0028992,BMW00020,WBA00000000000020,2026-04-11 15:55:00,71.36,58.22,-7.6,42.495757,95.229731
EVT0079782,BMW00444,WBA00000000000444,2026-10-05 00:25:00,22.67,156.41,8.94,39.459764,-36.26926
EVT0029641,BMW00966,WBA00000000000966,2026-04-13 22:00:00,55.0,30.47,19.64,51.308479,49.083918
EVT0011067,BMW00802,WBA00000000000802,2026-02-08 10:10:00,92.83,10.03,27.83,38.988058,-2.367775
EVT0062058,BMW00925,WBA00000000000925,2026-08-04 11:25:00,69.56,16.09,-1.9,41.951208,123.487793
EVT0080331,BMW00219,WBA00000000000219,2026-10-06 22:10:00,65.61,19.64,27.24,50.458683,39.941447
EVT0050246,BMW00703,WBA00000000000703,2026-06-24 11:05:00,29.35,136.92,26.12,48.735641,-69.601754
EVT0074946,BMW00450,WBA00000000000450,2026-09-18 05:25:00,18.27,124.2,-1.18,54.667676,-45.491355
EVT0025959,BMW00649,WBA00000000000649,2026-04-01 03:10:00,59.67,61.48,30.9,27.297577,30.407268
EVT0084276,BMW00593,WBA00000000000593,2026-10-20 14:55:00,46.8,115.79,-3.05,23.567542,-1.377117
EVT0054888,BMW00212,WBA00000000000212,2026-07-10 13:55:00,18.39,113.03,51.31,16.863669,79.526138
EVT0094140,BMW00835,WBA00000000000835,2026-11-23 20:55:00,27.79,134.28,-6.67,54.110945,33.771709
EVT0023814,BMW00313,WBA00000000000313,2026-03-24 16:25:00,85.19,128.81,54.92,18.35177,-112.100136
EVT0012174,BMW00141,WBA00000000000141,2026-02-12 06:25:00,40.97,29.29,-0.07,11.59279,-35.316238
EVT0024954,BMW00362,WBA00000000000362,2026-03-28 15:25:00,85.74,24.63,12.06,29.010743,-42.728357
EVT0011575,BMW00390,WBA00000000000390,2026-02-10 04:30:00,95.31,130.42,35.1,50.613783,-60.088227
EVT0069786,BMW00361,WBA00000000000361,2026-08-31 07:25:00,44.75,85.94,6.44,29.566263,-35.781934
EVT0007271,BMW00838,WBA00000000000838,2026-01-26 05:50:00,82.78,133.58,51.52,22.750134,117.336834
EVT0088343,BMW00408,WBA00000000000408,2026-11-03 17:50:00,20.81,146.21,9.87,42.604608,-24.700286
EVT0036545,BMW00728,WBA00000000000728,2026-05-07 21:20:00,40.81,158.91,40.92,49.914251,45.509807
EVT0093980,BMW00080,WBA00000000000080,2026-11-23 07:35:00,43.56,12.49,42.75,13.986469,125.411603
EVT0035096,BMW00144,WBA00000000000144,2026-05-02 20:35:00,83.89,75.07,3.34,13.51926,-17.50993
EVT0003976,BMW00113,WBA00000000000113,2026-01-14 19:15:00,85.21,38.3,31.2,9.389984,118.045097
EVT0091818,BMW00828,WBA00000000000828,2026-11-15 19:25:00,67.83,79.35,-3.08,38.991784,43.203547
EVT0003687,BMW00084,WBA00000000000084,2026-01-13 19:10:00,54.14,90.2,40.91,54.373522,36.395906
EVT0035700,BMW00069,WBA00000000000069,2026-05-04 22:55:00,69.59,116.16,25.16,45.681368,50.963377
EVT0044977,BMW00469,WBA00000000000469,2026-06-06 04:00:00,33.79,3.99,46.29,31.350736,11.004612
EVT0020797,BMW00141,WBA00000000000141,2026-03-14 05:00:00,42.97,78.6,30.72,36.681646,133.353099
EVT0022200,BMW00622,WBA00000000000622,2026-03-19 01:55:00,36.75,43.21,34.74,13.314858,-115.16274
EVT0073276,BMW00271,WBA00000000000271,2026-09-12 10:15:00,24.22,16.28,40.08,17.842723,19.845725
EVT0028436,BMW00276,WBA00000000000276,2026-04-09 17:35:00,30.77,33.95,35.11,33.223622,141.03012
EVT0020122,BMW00269,WBA00000000000269,2026-03-11 20:45:00,42.32,3.45,12.01,42.288778,93.342208
EVT0051449,BMW00880,WBA00000000000880,2026-06-28 15:20:00,48.34,91.5,6.11,41.513742,62.597188
EVT0036484,BMW00991,WBA00000000000991,2026-05-07 16:15:00,26.24,95.57,-5.81,10.428891,48.341759
EVT0078994,BMW00603,WBA00000000000603,2026-10-02 06:45:00,61.68,15.41,-9.77,11.149485,66.742514
EVT0094997,BMW00018,WBA00000000000018,2026-11-26 20:20:00,32.57,143.15,32.06,54.972579,62.737367
EVT0008826,BMW00667,WBA00000000000667,2026-01-31 15:25:00,47.53,71.28,21.76,15.169937,75.577109
EVT0088937,BMW00391,WBA00000000000391,2026-11-05 19:20:00,15.28,54.52,15.07,31.779814,-75.405306
EVT0024144,BMW00323,WBA00000000000323,2026-03-25 19:55:00,68.71,19.77,13.23,13.098344,-57.913464
EVT0098202,BMW00610,WBA00000000000610,2026-12-07 23:25:00,51.75,142.33,46.39,9.448865,148.765962
EVT0081308,BMW00791,WBA00000000000791,2026-10-10 07:35:00,40.24,44.43,29.77,38.205993,17.689151
EVT0014133,BMW00447,WBA00000000000447,2026-02-19 01:40:00,78.76,38.74,44.92,51.219619,48.167446
EVT0029096,BMW00865,WBA00000000000865,2026-04-12 00:35:00,63.89,116.34,3.64,29.183644,-115.570171
EVT0077887,BMW00490,WBA00000000000490,2026-09-28 10:30:00,15.76,66.61,38.56,16.395711,46.076711
EVT0019579,BMW00676,WBA00000000000676,2026-03-09 23:30:00,10.89,59.8,44.97,31.728357,25.490218
EVT0070298,BMW00507,WBA00000000000507,2026-09-02 02:05:00,49.23,140.99,4.85,9.57849,2.11112
EVT0041265,BMW00668,WBA00000000000668,2026-05-24 06:40:00,34.45,60.44,14.08,25.454822,82.766857
EVT0013248,BMW00349,WBA00000000000349,2026-02-15 23:55:00,39.45,141.89,3.95,16.524276,-37.026722
EVT0012275,BMW00745,WBA00000000000745,2026-02-12 14:50:00,67.69,88.59,18.3,50.304467,21.635216
EVT0047698,BMW00204,WBA00000000000204,2026-06-15 14:45:00,53.04,15.44,17.08,16.410126,-28.715806
EVT0077156,BMW00547,WBA00000000000547,2026-09-25 21:35:00,73.69,29.69,2.19,28.38438,-82.508525
EVT0036936,BMW00438,WBA00000000000438,2026-05-09 05:55:00,52.0,157.53,5.08,8.780158,50.657324
EVT0002993,BMW00669,WBA00000000000669,2026-01-11 09:20:00,22.73,41.8,4.49,27.138842,-85.341623
EVT0024796,BMW00112,WBA00000000000112,2026-03-28 02:15:00,54.67,71.06,17.84,49.880379,3.601351
EVT0016650,BMW00283,WBA00000000000283,2026-02-27 19:25:00,16.69,65.35,-0.81,16.243712,115.853921
EVT0025073,BMW00738,WBA00000000000738,2026-03-29 01:20:00,13.6,11.99,30.92,19.382662,128.956854
EVT0016131,BMW00276,WBA00000000000276,2026-02-26 00:10:00,25.5,98.01,22.86,49.57553,115.034684
EVT0092101,BMW00033,WBA00000000000033,2026-11-16 19:00:00,21.18,127.32,5.71,19.791858,-90.965433
EVT0004198,BMW00332,WBA00000000000332,2026-01-15 13:45:00,12.16,48.41,41.66,35.796356,-9.010506
EVT0084391,BMW00451,WBA00000000000451,2026-10-21 00:30:00,62.82,40.69,32.56,23.32127,25.536769
EVT0066031,BMW00462,WBA00000000000462,2026-08-18 06:30:00,61.73,99.05,-7.41,45.939109,144.837642
EVT0078615,BMW00223,WBA00000000000223,2026-09-30 23:10:00,43.06,138.25,21.48,22.252004,133.574713
EVT0070610,BMW00348,WBA00000000000348,2026-09-03 04:05:00,90.21,148.72,54.3,25.286324,136.86286
EVT0048739,BMW00227,WBA00000000000227,2026-06-19 05:30:00,28.81,68.8,14.43,31.895591,-97.768713
EVT0036859,BMW00651,WBA00000000000651,2026-05-08 23:30:00,29.01,68.05,18.3,46.689875,15.150955
EVT0028123,BMW00013,WBA00000000000013,2026-04-08 15:30:00,79.59,132.39,11.63,30.22232,-100.009006
EVT0094908,BMW00980,WBA00000000000980,2026-11-26 12:55:00,14.44,43.83,6.79,40.228631,143.659996
EVT0060105,BMW00158,WBA00000000000158,2026-07-28 16:40:00,46.08,61.15,51.49,40.139724,-25.048652
EVT0002214,BMW00144,WBA00000000000144,2026-01-08 16:25:00,88.09,95.67,35.64,13.76735,-108.830046
EVT0028904,BMW00827,WBA00000000000827,2026-04-11 08:35:00,10.67,69.83,27.38,28.18941,-55.497862
EVT0093667,BMW00642,WBA00000000000642,2026-11-22 05:30:00,67.99,93.62,-5.45,18.890864,56.704762
EVT0078696,BMW00877,WBA00000000000877,2026-10-01 05:55:00,72.37,85.94,19.21,13.217505,72.632443
EVT0025060,BMW00588,WBA00000000000588,2026-03-29 00:15:00,81.14,28.82,3.7,9.394394,-72.283201
EVT0012253,BMW00855,WBA00000000000855,2026-02-12 13:00:00,72.32,104.22,1.48,18.495175,-107.304722
EVT0087442,BMW00310,WBA00000000000310,2026-10-31 14:45:00,76.95,101.92,27.43,40.452992,-9.25962
EVT0009166,BMW00795,WBA00000000000795,2026-02-01 19:45:00,68.03,21.14,-3.63,46.752841,-70.943197
EVT0014898,BMW00632,WBA00000000000632,2026-02-21 17:25:00,37.8,5.7,-4.58,29.805011,-1.219167
EVT0069084,BMW00263,WBA00000000000263,2026-08-28 20:55:00,14.81,119.72,-5.71,36.455245,115.589182
EVT0067496,BMW00168,WBA00000000000168,2026-08-23 08:35:00,46.45,114.46,36.89,32.411949,68.578755
EVT0066195,BMW00133,WBA00000000000133,2026-08-18 20:10:00,32.62,157.75,45.62,39.40651,-112.626827
EVT0056714,BMW00530,WBA00000000000530,2026-07-16 22:05:00,11.54,104.1,-1.44,41.689248,83.896965
EVT0085713,BMW00495,WBA00000000000495,2026-10-25 14:40:00,79.26,131.22,50.62,47.883716,-17.39219
EVT0066901,BMW00881,WBA00000000000881,2026-08-21 07:00:00,31.58,41.24,32.64,51.131987,49.108214
EVT0044022,BMW00710,WBA00000000000710,2026-06-02 20:25:00,70.18,14.12,8.59,34.484835,76.091414
EVT0082606,BMW00991,WBA00000000000991,2026-10-14 19:45:00,41.11,19.24,32.96,28.420745,-78.630429
EVT0046197,BMW00641,WBA00000000000641,2026-06-10 09:40:00,24.2,37.47,39.91,49.71981,-115.79597
EVT0091651,BMW00633,WBA00000000000633,2026-11-15 05:30:00,89.04,28.19,-3.06,44.57941,-14.05362
EVT0087135,BMW00180,WBA00000000000180,2026-10-30 13:10:00,74.17,26.1,51.39,50.342295,79.69955
EVT0011126,BMW00545,WBA00000000000545,2026-02-08 15:05:00,55.82,103.05,23.03,37.242315,138.761453
EVT0079935,BMW00477,WBA00000000000477,2026-10-05 13:10:00,36.21,114.88,27.58,23.077484,-0.763092
EVT0038909,BMW00181,WBA00000000000181,2026-05-16 02:20:00,57.98,38.82,35.87,39.708088,-88.282788
EVT0065226,BMW00079,WBA00000000000079,2026-08-15 11:25:00,29.82,58.37,6.69,51.405148,-67.785154
EVT0056280,BMW00988,WBA00000000000988,2026-07-15 09:55:00,78.8,131.0,0.47,25.241146,7.54239
EVT0019660,BMW00562,WBA00000000000562,2026-03-10 06:15:00,57.82,159.21,14.1,16.476392,-99.012721
EVT0079047,BMW00614,WBA00000000000614,2026-10-02 11:10:00,76.51,39.22,0.09,26.395407,-69.641657
EVT0077148,BMW00712,WBA00000000000712,2026-09-25 20:55:00,86.98,157.61,2.87,22.69485,-103.643215
EVT0081549,BMW00100,WBA00000000000100,2026-10-11 03:40:00,91.88,90.03,31.09,13.780512,77.855836
EVT0047463,BMW00464,WBA00000000000464,2026-06-14 19:10:00,93.58,88.09,44.39,41.655865,-104.513528
EVT0066346,BMW00501,WBA00000000000501,2026-08-19 08:45:00,83.31,33.58,48.1,26.456922,-90.236375
EVT0042010,BMW00945,WBA00000000000945,2026-05-26 20:45:00,80.87,108.49,21.81,46.044819,-6.237002
EVT0076220,BMW00369,WBA00000000000369,2026-09-22 15:35:00,62.11,143.79,28.89,16.705808,6.799644
EVT0020702,BMW00711,WBA00000000000711,2026-03-13 21:05:00,66.78,133.96,31.76,34.066815,-41.174461
EVT0068253,BMW00557,WBA00000000000557,2026-08-25 23:40:00,33.44,149.79,16.92,19.141637,-43.29205
EVT0070886,BMW00041,WBA00000000000041,2026-09-04 03:05:00,78.24,69.93,45.75,32.031688,105.3229
EVT0026747,BMW00687,WBA00000000000687,2026-04-03 20:50:00,78.58,153.46,39.12,48.253016,112.526724
EVT0068028,BMW00298,WBA00000000000298,2026-08-25 04:55:00,66.16,67.93,-5.07,32.027885,-98.319283
EVT0084789,BMW00799,WBA00000000000799,2026-10-22 09:40:00,34.61,57.32,6.12,11.19111,126.172309
EVT0064289,BMW00451,WBA00000000000451,2026-08-12 05:20:00,44.31,10.48,-2.81,25.553239,3.779856
EVT0099641,BMW00144,WBA00000000000144,2026-12-12 23:20:00,89.15,42.4,-9.56,47.585098,28.336052
EVT0073315,BMW00770,WBA00000000000770,2026-09-12 13:30:00,70.24,32.74,26.85,10.330472,93.738273
EVT0043859,BMW00279,WBA00000000000279,2026-06-02 06:50:00,45.39,44.21,33.33,48.953294,-25.992045
EVT0034340,BMW00043,WBA00000000000043,2026-04-30 05:35:00,50.02,75.35,-1.59,24.076826,95.115476
EVT0082421,BMW00217,WBA00000000000217,2026-10-14 04:20:00,63.25,103.04,51.61,41.232934,131.075659
EVT0025424,BMW00240,WBA00000000000240,2026-03-30 06:35:00,11.13,156.02,20.38,37.395349,62.092354
EVT0041057,BMW00987,WBA00000000000987,2026-05-23 13:20:00,87.26,51.22,29.66,8.817531,36.070657
EVT0049237,BMW00678,WBA00000000000678,2026-06-20 23:00:00,70.16,3.52,5.59,9.308009,-102.278683
EVT0022648,BMW00847,WBA00000000000847,2026-03-20 15:15:00,54.17,124.21,30.21,23.931497,71.898134
EVT0008462,BMW00807,WBA00000000000807,2026-01-30 09:05:00,76.04,101.72,35.01,21.44283,63.999783
EVT0042712,BMW00402,WBA00000000000402,2026-05-29 07:15:00,62.78,31.23,38.69,24.822615,45.608612
EVT0032915,BMW00163,WBA00000000000163,2026-04-25 06:50:00,69.42,117.92,21.66,10.944915,135.649316
EVT0026230,BMW00611,WBA00000000000611,2026-04-02 01:45:00,86.35,19.9,-3.68,52.169192,13.869183
EVT0062082,BMW00950,WBA00000000000950,2026-08-04 13:25:00,39.59,129.66,25.47,31.498495,-39.759212
EVT0011060,BMW00592,WBA00000000000592,2026-02-08 09:35:00,54.55,59.16,6.57,9.259636,-44.961897
EVT0087020,BMW00052,WBA00000000000052,2026-10-30 03:35:00,36.74,132.68,36.5,22.865878,8.03878
EVT0023467,BMW00599,WBA00000000000599,2026-03-23 11:30:00,86.76,50.71,43.58,38.254322,8.832751
EVT0016823,BMW00403,WBA00000000000403,2026-02-28 09:50:00,82.46,84.74,51.07,39.273446,-108.794943
EVT0049168,BMW00063,WBA00000000000063,2026-06-20 17:15:00,86.71,121.01,4.26,28.648829,132.925172
EVT0012146,BMW00803,WBA00000000000803,2026-02-12 04:05:00,34.54,43.67,35.3,21.775643,90.304564
EVT0032290,BMW00609,WBA00000000000609,2026-04-23 02:45:00,80.27,17.07,-1.08,47.310822,63.467944
EVT0033104,BMW00161,WBA00000000000161,2026-04-25 22:35:00,32.4,57.2,15.7,19.974382,117.407262
EVT0030799,BMW00180,WBA00000000000180,2026-04-17 22:30:00,85.41,117.2,25.98,23.192928,141.785929
EVT0030753,BMW00101,WBA00000000000101,2026-04-17 18:40:00,69.09,104.13,38.49,53.758294,-36.738172
EVT0042031,BMW00659,WBA00000000000659,2026-05-26 22:30:00,13.76,132.71,53.4,42.203153,75.141626
EVT0094151,BMW00112,WBA00000000000112,2026-11-23 21:50:00,69.75,138.68,36.13,16.336469,-21.606874
EVT0023706,BMW00574,WBA00000000000574,2026-03-24 07:25:00,53.0,68.31,4.54,40.899991,82.517196
EVT0068352,BMW00662,WBA00000000000662,2026-08-26 07:55:00,89.16,25.22,-8.69,50.419826,141.945867
EVT0010306,BMW00529,WBA00000000000529,2026-02-05 18:45:00,80.91,62.35,45.97,34.929429,10.093668
EVT0048477,BMW00569,WBA00000000000569,2026-06-18 07:40:00,87.76,147.0,12.78,41.232653,98.997666
EVT0078938,BMW00913,WBA00000000000913,2026-10-02 02:05:00,74.48,6.61,11.71,19.763071,-23.849499
EVT0004497,BMW00396,WBA00000000000396,2026-01-16 14:40:00,59.56,113.03,54.49,17.79336,113.69572
EVT0077892,BMW00601,WBA00000000000601,2026-09-28 10:55:00,36.47,88.71,3.16,35.257492,-87.623261
EVT0012267,BMW00925,WBA00000000000925,2026-02-12 14:10:00,21.99,92.91,9.36,42.564375,-73.533986
EVT0031440,BMW00237,WBA00000000000237,2026-04-20 03:55:00,65.36,151.68,21.7,32.912341,76.652679
EVT0050750,BMW00442,WBA00000000000442,2026-06-26 05:05:00,63.58,105.0,7.33,8.875783,-27.854141
EVT0003271,BMW00344,WBA00000000000344,2026-01-12 08:30:00,48.31,52.73,37.2,37.29037,76.649753
EVT0067045,BMW00204,WBA00000000000204,2026-08-21 19:00:00,78.03,62.15,41.83,52.248783,-41.906956
EVT0038919,BMW00388,WBA00000000000388,2026-05-16 03:10:00,67.43,105.13,23.69,24.203781,-85.784829
EVT0061400,BMW00264,WBA00000000000264,2026-08-02 04:35:00,88.84,155.18,51.88,10.929294,100.896395
EVT0058755,BMW00428,WBA00000000000428,2026-07-24 00:10:00,11.57,33.44,52.28,29.040477,-115.700612
EVT0067227,BMW00487,WBA00000000000487,2026-08-22 10:10:00,93.66,146.86,10.43,41.405936,125.540065
EVT0079084,BMW00355,WBA00000000000355,2026-10-02 14:15:00,80.11,35.2,32.86,48.679014,-5.980944
EVT0034571,BMW00505,WBA00000000000505,2026-05-01 00:50:00,77.89,157.81,51.07,27.941359,124.525953
EVT0005699,BMW00764,WBA00000000000764,2026-01-20 18:50:00,50.52,18.32,-2.78,16.980623,-101.365878
EVT0077802,BMW00635,WBA00000000000635,2026-09-28 03:25:00,70.86,93.36,33.32,20.789718,134.516129
EVT0034905,BMW00117,WBA00000000000117,2026-05-02 04:40:00,77.2,32.08,27.24,30.387668,8.015954
EVT0034822,BMW00048,WBA00000000000048,2026-05-01 21:45:00,66.51,74.32,-7.69,19.224574,141.52435
EVT0028139,BMW00575,WBA00000000000575,2026-04-08 16:50:00,50.65,74.24,17.62,21.107183,-74.478141
EVT0089125,BMW00809,WBA00000000000809,2026-11-06 11:00:00,19.17,22.53,21.24,49.519507,-104.888964
EVT0026782,BMW00348,WBA00000000000348,2026-04-03 23:45:00,74.59,130.91,31.66,18.507845,38.957823
EVT0036750,BMW00560,WBA00000000000560,2026-05-08 14:25:00,92.65,51.07,33.62,11.916155,90.91867
EVT0092844,BMW00466,WBA00000000000466,2026-11-19 08:55:00,97.36,40.93,40.2,10.888471,-5.968693
EVT0089167,BMW00457,WBA00000000000457,2026-11-06 14:30:00,27.27,116.34,23.89,9.310169,82.325765
EVT0089519,BMW00647,WBA00000000000647,2026-11-07 19:50:00,48.59,82.12,-5.94,31.748459,-24.998146
EVT0098248,BMW00266,WBA00000000000266,2026-12-08 03:15:00,41.26,127.27,16.0,47.49122,39.257098
EVT0098628,BMW00634,WBA00000000000634,2026-12-09 10:55:00,63.87,74.59,36.6,33.282722,68.462325
EVT0098391,BMW00282,WBA00000000000282,2026-12-08 15:10:00,89.12,14.66,19.15,17.089654,42.670762
EVT0015997,BMW00804,WBA00000000000804,2026-02-25 13:00:00,34.44,104.89,-9.62,12.770815,-53.3235
EVT0097101,BMW00889,WBA00000000000889,2026-12-04 03:40:00,94.79,43.38,24.01,9.353813,72.406082
EVT0094114,BMW00403,WBA00000000000403,2026-11-23 18:45:00,46.45,118.11,50.61,14.587295,76.190873
EVT0005100,BMW00981,WBA00000000000981,2026-01-18 16:55:00,66.27,116.95,37.51,49.208772,-94.186859
EVT0062783,BMW00998,WBA00000000000998,2026-08-06 23:50:00,17.34,34.31,39.68,10.973373,91.902809
EVT0032538,BMW00683,WBA00000000000683,2026-04-23 23:25:00,19.41,77.13,41.06,47.150694,-87.502013
EVT0053364,BMW00743,WBA00000000000743,2026-07-05 06:55:00,81.05,46.98,17.52,28.505717,102.664674
EVT0050100,BMW00604,WBA00000000000604,2026-06-23 22:55:00,62.48,51.6,44.85,38.091266,-55.183079
EVT0015398,BMW00629,WBA00000000000629,2026-02-23 11:05:00,63.74,95.16,42.61,45.120004,132.054478
EVT0061497,BMW00758,WBA00000000000758,2026-08-02 12:40:00,69.02,119.84,14.21,8.954352,66.348138
EVT0056847,BMW00023,WBA00000000000023,2026-07-17 09:10:00,63.86,69.69,13.1,18.899034,-7.705484
EVT0012195,BMW00831,WBA00000000000831,2026-02-12 08:10:00,62.02,95.83,31.34,24.226815,-4.24834
EVT0079547,BMW00180,WBA00000000000180,2026-10-04 04:50:00,26.29,66.89,19.91,18.979659,-97.409796
EVT0082747,BMW00691,WBA00000000000691,2026-10-15 07:30:00,47.92,67.2,6.92,36.678172,115.650895
EVT0028657,BMW00166,WBA00000000000166,2026-04-10 12:00:00,63.45,141.1,47.88,39.570777,120.236609
EVT0054657,BMW00177,WBA00000000000177,2026-07-09 18:40:00,52.99,13.76,36.57,32.147995,-8.895439
EVT0093415,BMW00690,WBA00000000000690,2026-11-21 08:30:00,62.65,52.28,-8.34,32.709362,132.776214
EVT0079372,BMW00308,WBA00000000000308,2026-10-03 14:15:00,55.84,140.4,-3.06,50.161575,40.254355
EVT0072376,BMW00419,WBA00000000000419,2026-09-09 07:15:00,62.62,91.49,53.6,13.513349,-71.22363
EVT0022222,BMW00920,WBA00000000000920,2026-03-19 03:45:00,28.51,117.12,18.54,49.586622,108.492657
EVT0058546,BMW00618,WBA00000000000618,2026-07-23 06:45:00,79.24,114.91,-5.4,26.982226,78.039657
EVT0007327,BMW00198,WBA00000000000198,2026-01-26 10:30:00,17.05,56.07,50.68,43.639462,139.388019
EVT0029276,BMW00190,WBA00000000000190,2026-04-12 15:35:00,28.9,85.51,10.71,50.873642,-19.268302
EVT0022324,BMW00556,WBA00000000000556,2026-03-19 12:15:00,35.12,6.87,-9.56,16.715307,59.273957
EVT0073771,BMW00955,WBA00000000000955,2026-09-14 03:30:00,76.63,12.31,4.82,43.330241,71.098292
EVT0017272,BMW00930,WBA00000000000930,2026-03-01 23:15:00,44.09,27.79,47.36,20.041017,105.374068
EVT0066441,BMW00962,WBA00000000000962,2026-08-19 16:40:00,18.89,38.62,-6.94,24.225411,68.166634
EVT0096363,BMW00855,WBA00000000000855,2026-12-01 14:10:00,26.81,8.53,38.09,53.581829,-71.636203
EVT0058398,BMW00234,WBA00000000000234,2026-07-22 18:25:00,26.99,19.17,21.02,45.218875,19.269456
EVT0029961,BMW00560,WBA00000000000560,2026-04-15 00:40:00,35.5,152.96,42.55,53.440294,36.262497
EVT0076216,BMW00580,WBA00000000000580,2026-09-22 15:15:00,48.98,146.37,-7.09,35.67138,-30.340867
EVT0062394,BMW00183,WBA00000000000183,2026-08-05 15:25:00,38.11,85.95,1.15,13.598078,66.500082
EVT0099003,BMW00328,WBA00000000000328,2026-12-10 18:10:00,70.69,99.72,3.32,23.886669,97.734003
EVT0005773,BMW00662,WBA00000000000662,2026-01-21 01:00:00,66.81,30.76,38.36,44.714502,78.760999
EVT0062797,BMW00049,WBA00000000000049,2026-08-07 01:00:00,36.95,125.33,33.06,16.495071,32.676666
EVT0008776,BMW00265,WBA00000000000265,2026-01-31 11:15:00,30.94,1.51,15.98,22.310765,8.328857
EVT0082377,BMW00826,WBA00000000000826,2026-10-14 00:40:00,98.45,116.86,45.51,21.277809,139.109109
EVT0032307,BMW00170,WBA00000000000170,2026-04-23 04:10:00,45.84,69.38,41.88,20.875573,94.523629
EVT0092409,BMW00167,WBA00000000000167,2026-11-17 20:40:00,56.78,13.75,29.99,19.224982,40.804169
EVT0062204,BMW00940,WBA00000000000940,2026-08-04 23:35:00,29.48,70.99,24.68,18.976784,133.653014
EVT0006941,BMW00298,WBA00000000000298,2026-01-25 02:20:00,55.25,41.9,32.28,43.196151,-32.69596
EVT0097098,BMW00154,WBA00000000000154,2026-12-04 03:25:00,13.73,66.18,15.83,19.647383,38.695277
EVT0043429,BMW00466,WBA00000000000466,2026-05-31 19:00:00,70.07,111.45,-0.85,29.024253,7.87635
EVT0015479,BMW00710,WBA00000000000710,2026-02-23 17:50:00,13.25,32.9,30.51,54.274664,-46.200648
EVT0033197,BMW00889,WBA00000000000889,2026-04-26 06:20:00,50.75,76.61,25.72,37.611276,119.771349
EVT0043104,BMW00995,WBA00000000000995,2026-05-30 15:55:00,26.87,78.26,-5.38,50.227684,-26.417102
EVT0074026,BMW00873,WBA00000000000873,2026-09-15 00:45:00,63.25,149.91,-0.94,24.000104,-88.85023
EVT0027271,BMW00927,WBA00000000000927,2026-04-05 16:30:00,32.61,24.55,51.75,44.839707,57.218635
EVT0053386,BMW00675,WBA00000000000675,2026-07-05 08:45:00,92.15,139.52,33.98,25.998698,73.399309
EVT0035305,BMW00276,WBA00000000000276,2026-05-03 14:00:00,60.6,45.08,31.61,32.575307,-59.400697
EVT0020389,BMW00693,WBA00000000000693,2026-03-12 19:00:00,25.11,37.2,-8.61,37.585757,-23.327127
EVT0064709,BMW00694,WBA00000000000694,2026-08-13 16:20:00,32.05,55.75,24.36,9.978032,-38.465167
EVT0035101,BMW00193,WBA00000000000193,2026-05-02 21:00:00,37.4,135.28,38.47,14.026099,139.768303
EVT0018094,BMW00590,WBA00000000000590,2026-03-04 19:45:00,89.31,35.46,24.7,33.791124,82.248113
EVT0001771,BMW00563,WBA00000000000563,2026-01-07 03:30:00,46.88,96.88,17.44,41.961577,-4.154512
EVT0061412,BMW00160,WBA00000000000160,2026-08-02 05:35:00,29.7,146.88,-6.25,36.153111,42.609143
EVT0074707,BMW00706,WBA00000000000706,2026-09-17 09:30:00,92.47,30.62,4.01,9.21033,59.872833
EVT0056569,BMW00071,WBA00000000000071,2026-07-16 10:00:00,80.35,135.38,0.65,13.35322,-87.777887
EVT0041559,BMW00012,WBA00000000000012,2026-05-25 07:10:00,96.55,90.63,44.84,30.76173,124.899857
EVT0098739,BMW00077,WBA00000000000077,2026-12-09 20:10:00,77.39,102.89,-7.21,18.716431,-76.62951
EVT0036001,BMW00754,WBA00000000000754,2026-05-06 00:00:00,39.05,61.27,17.78,48.3212,23.982211
EVT0066155,BMW00609,WBA00000000000609,2026-08-18 16:50:00,51.56,112.51,2.89,21.565171,45.671939
EVT0072071,BMW00031,WBA00000000000031,2026-09-08 05:50:00,52.16,65.69,-9.42,48.201527,-5.206225
EVT0038028,BMW00263,WBA00000000000263,2026-05-13 00:55:00,55.45,100.94,29.73,21.372033,-69.636309
EVT0020371,BMW00123,WBA00000000000123,2026-03-12 17:30:00,64.63,40.32,33.58,41.021306,94.141854
EVT0010471,BMW00531,WBA00000000000531,2026-02-06 08:30:00,57.29,105.75,17.71,36.96158,11.337056
EVT0036572,BMW00510,WBA00000000000510,2026-05-07 23:35:00,99.06,19.37,-3.9,38.474844,96.415485
EVT0034706,BMW00393,WBA00000000000393,2026-05-01 12:05:00,56.44,83.75,-0.33,46.689577,-50.178723
EVT0068552,BMW00102,WBA00000000000102,2026-08-27 00:35:00,14.45,16.61,9.43,50.461759,64.973478
EVT0064871,BMW00962,WBA00000000000962,2026-08-14 05:50:00,32.33,80.74,16.09,28.084607,92.920363
EVT0026068,BMW00947,WBA00000000000947,2026-04-01 12:15:00,49.18,73.71,19.12,34.859661,-12.201736
EVT0057457,BMW00519,WBA00000000000519,2026-07-19 12:00:00,19.11,30.35,-3.96,29.733864,102.040508
EVT0022130,BMW00669,WBA00000000000669,2026-03-18 20:05:00,13.99,131.43,42.34,53.903005,26.046454
EVT0004095,BMW00206,WBA00000000000206,2026-01-15 05:10:00,23.92,14.19,51.62,40.488502,133.832511
EVT0081602,BMW00003,WBA00000000000003,2026-10-11 08:05:00,69.56,40.11,48.74,43.126959,-81.295686
EVT0089515,BMW00461,WBA00000000000461,2026-11-07 19:30:00,35.06,158.85,-9.41,26.472204,146.081746
EVT0067102,BMW00357,WBA00000000000357,2026-08-21 23:45:00,82.9,137.05,15.71,20.422132,-109.859023
EVT0006140,BMW00880,WBA00000000000880,2026-01-22 07:35:00,99.25,108.5,31.02,30.934417,-108.74407
EVT0063803,BMW00393,WBA00000000000393,2026-08-10 12:50:00,12.53,65.24,50.88,28.483653,-12.32741
EVT0093000,BMW00052,WBA00000000000052,2026-11-19 21:55:00,58.34,38.17,43.44,14.846237,-74.423183
EVT0027341,BMW00968,WBA00000000000968,2026-04-05 22:20:00,74.77,12.3,18.12,19.126587,126.964835
EVT0013143,BMW00070,WBA00000000000070,2026-02-15 15:10:00,70.63,56.0,23.36,51.636325,146.001083
EVT0083899,BMW00080,WBA00000000000080,2026-10-19 07:30:00,86.11,33.21,27.67,51.327634,38.487433
EVT0086281,BMW00776,WBA00000000000776,2026-10-27 14:00:00,54.16,0.83,-5.36,18.088349,-60.768042
EVT0023476,BMW00586,WBA00000000000586,2026-03-23 12:15:00,44.39,0.34,10.29,20.916333,122.915626
EVT0097123,BMW00941,WBA00000000000941,2026-12-04 05:30:00,94.66,11.0,4.9,32.284556,86.11757
EVT0091889,BMW00023,WBA00000000000023,2026-11-16 01:20:00,45.51,147.38,19.24,53.961542,-82.235721
EVT0045119,BMW00586,WBA00000000000586,2026-06-06 15:50:00,21.35,136.47,13.67,19.843134,32.48285
EVT0052919,BMW00671,WBA00000000000671,2026-07-03 17:50:00,31.93,155.21,10.03,44.176039,83.341896
EVT0054456,BMW00492,WBA00000000000492,2026-07-09 01:55:00,83.69,118.01,37.68,12.589734,75.570111
EVT0057733,BMW00427,WBA00000000000427,2026-07-20 11:00:00,91.74,130.35,32.48,37.220729,116.112063
EVT0071279,BMW00688,WBA00000000000688,2026-09-05 11:50:00,65.27,71.84,13.14,24.683974,-28.91043
EVT0028471,BMW00615,WBA00000000000615,2026-04-09 20:30:00,77.29,94.1,-9.23,43.391112,-76.266477
EVT0046536,BMW00313,WBA00000000000313,2026-06-11 13:55:00,92.02,103.13,0.3,27.464295,-39.268595
EVT0049165,BMW00643,WBA00000000000643,2026-06-20 17:00:00,53.65,125.99,28.98,29.95113,62.635179
EVT0002290,BMW00052,WBA00000000000052,2026-01-08 22:45:00,77.38,74.41,15.94,15.161926,11.001443
EVT0006845,BMW00139,WBA00000000000139,2026-01-24 18:20:00,20.37,97.75,15.2,26.470445,-59.769218
EVT0021344,BMW00164,WBA00000000000164,2026-03-16 02:35:00,64.41,148.69,12.02,50.470665,65.858259
EVT0044464,BMW00826,WBA00000000000826,2026-06-04 09:15:00,38.53,36.79,16.31,23.932363,-14.492312
EVT0093780,BMW00644,WBA00000000000644,2026-11-22 14:55:00,69.74,62.23,33.08,17.719922,67.731594
EVT0072151,BMW00694,WBA00000000000694,2026-09-08 12:30:00,93.71,42.37,31.97,48.729662,3.312944
EVT0059726,BMW00555,WBA00000000000555,2026-07-27 09:05:00,17.65,127.84,19.77,17.797343,11.967964
EVT0012125,BMW00955,WBA00000000000955,2026-02-12 02:20:00,48.78,144.77,26.8,29.260129,90.39108
EVT0014232,BMW00438,WBA00000000000438,2026-02-19 09:55:00,35.0,38.17,9.08,52.231792,87.506442
EVT0097830,BMW00212,WBA00000000000212,2026-12-06 16:25:00,11.26,12.46,2.45,51.022028,-11.470507
EVT0067583,BMW00424,WBA00000000000424,2026-08-23 15:50:00,14.51,57.59,1.46,34.047737,96.789262
EVT0080608,BMW00026,WBA00000000000026,2026-10-07 21:15:00,73.58,52.32,5.19,8.390308,86.267325
EVT0042399,BMW00527,WBA00000000000527,2026-05-28 05:10:00,69.31,138.29,23.02,17.465715,0.012038
EVT0054286,BMW00383,WBA00000000000383,2026-07-08 11:45:00,94.39,76.96,2.07,28.020475,-98.369725
EVT0083540,BMW00647,WBA00000000000647,2026-10-18 01:35:00,84.86,23.77,50.62,17.383124,11.364496
EVT0096468,BMW00681,WBA00000000000681,2026-12-01 22:55:00,44.03,43.85,41.9,13.939359,3.517486
EVT0084654,BMW00115,WBA00000000000115,2026-10-21 22:25:00,61.12,141.16,34.87,11.665273,135.044354
EVT0096415,BMW00080,WBA00000000000080,2026-12-01 18:30:00,68.91,155.49,48.0,14.674713,119.252585
EVT0091587,BMW00407,WBA00000000000407,2026-11-15 00:10:00,45.16,18.19,33.23,16.396713,82.015167
EVT0002085,BMW00541,WBA00000000000541,2026-01-08 05:40:00,47.69,5.78,28.26,10.525107,-37.631327
EVT0065357,BMW00199,WBA00000000000199,2026-08-15 22:20:00,11.77,0.44,31.9,39.628231,37.194522
EVT0016603,BMW00804,WBA00000000000804,2026-02-27 15:30:00,24.9,19.32,36.63,41.276917,121.836409
EVT0070029,BMW00397,WBA00000000000397,2026-09-01 03:40:00,75.65,115.95,22.25,14.808755,107.140328
EVT0036209,BMW00908,WBA00000000000908,2026-05-06 17:20:00,85.46,56.72,17.08,21.000933,-116.876609
EVT0062440,BMW00349,WBA00000000000349,2026-08-05 19:15:00,47.31,53.19,10.87,52.991829,126.073453
EVT0086346,BMW00337,WBA00000000000337,2026-10-27 19:25:00,96.49,75.66,-6.85,48.836555,40.370964
EVT0069410,BMW00228,WBA00000000000228,2026-08-30 00:05:00,16.71,0.84,4.62,9.541664,32.386468
EVT0054266,BMW00661,WBA00000000000661,2026-07-08 10:05:00,20.56,48.15,-6.12,13.231191,-23.218211
EVT0042618,BMW00080,WBA00000000000080,2026-05-28 23:25:00,63.59,73.61,43.22,28.371558,-113.45821
EVT0057267,BMW00920,WBA00000000000920,2026-07-18 20:10:00,74.96,62.74,45.95,31.724968,132.119583
EVT0076791,BMW00935,WBA00000000000935,2026-09-24 15:10:00,12.66,60.72,24.67,37.561879,127.932081
EVT0050290,BMW00813,WBA00000000000813,2026-06-24 14:45:00,78.28,28.69,47.13,32.088046,-39.812874
EVT0023986,BMW00884,WBA00000000000884,2026-03-25 06:45:00,18.63,155.27,48.97,35.164905,-23.318904
EVT0025035,BMW00301,WBA00000000000301,2026-03-28 22:10:00,23.25,129.86,4.5,40.065377,-1.604899
EVT0058810,BMW00556,WBA00000000000556,2026-07-24 04:45:00,29.69,41.29,32.69,26.814355,84.688499
EVT0031801,BMW00870,WBA00000000000870,2026-04-21 10:00:00,65.45,21.37,-1.87,37.450304,-111.040021
EVT0081806,BMW00831,WBA00000000000831,2026-10-12 01:05:00,44.5,55.68,22.83,36.721385,-100.489359
EVT0049931,BMW00087,WBA00000000000087,2026-06-23 08:50:00,56.18,2.9,54.95,12.92827,-57.590141
EVT0087221,BMW00573,WBA00000000000573,2026-10-30 20:20:00,45.59,39.76,47.4,18.508073,33.204024
EVT0095897,BMW00146,WBA00000000000146,2026-11-29 23:20:00,89.14,107.15,52.15,11.315109,-19.064961
EVT0078470,BMW00043,WBA00000000000043,2026-09-30 11:05:00,34.98,40.95,17.33,49.76966,86.860077
EVT0033999,BMW00553,WBA00000000000553,2026-04-29 01:10:00,72.27,108.8,-3.47,17.405832,-42.282318
EVT0005780,BMW00931,WBA00000000000931,2026-01-21 01:35:00,79.63,2.63,-6.33,10.036367,-106.138456
EVT0039792,BMW00158,WBA00000000000158,2026-05-19 03:55:00,12.13,111.08,-3.45,14.727239,129.803482
EVT0020890,BMW00515,WBA00000000000515,2026-03-14 12:45:00,45.59,8.4,36.69,50.455206,57.85375
EVT0098126,BMW00645,WBA00000000000645,2026-12-07 17:05:00,34.83,90.07,43.87,13.043042,-90.900933
EVT0042532,BMW00829,WBA00000000000829,2026-05-28 16:15:00,70.3,14.59,5.26,44.232728,-36.023409
EVT0039069,BMW00896,WBA00000000000896,2026-05-16 15:40:00,61.79,124.94,22.24,32.74945,41.053772
EVT0016443,BMW00419,WBA00000000000419,2026-02-27 02:10:00,42.5,109.04,10.91,34.947217,85.584447
EVT0054829,BMW00179,WBA00000000000179,2026-07-10 09:00:00,67.3,17.3,-1.07,31.446528,-55.690056
EVT0070019,BMW00704,WBA00000000000704,2026-09-01 02:50:00,69.05,92.96,32.37,31.701517,51.956578
EVT0087140,BMW00676,WBA00000000000676,2026-10-30 13:35:00,46.55,31.56,33.4,26.906739,111.458102
EVT0027355,BMW00127,WBA00000000000127,2026-04-05 23:30:00,53.61,60.17,13.81,11.289384,-96.253858
EVT0062329,BMW00591,WBA00000000000591,2026-08-05 10:00:00,91.06,129.35,51.01,27.23204,-80.845365
EVT0077999,BMW00038,WBA00000000000038,2026-09-28 19:50:00,53.35,5.41,33.27,20.478165,-82.885727
EVT0033045,BMW00371,WBA00000000000371,2026-04-25 17:40:00,17.34,102.32,-5.86,8.485851,-104.227386
EVT0054787,BMW00224,WBA00000000000224,2026-07-10 05:30:00,20.6,19.16,5.31,22.037912,17.180829
EVT0026725,BMW00122,WBA00000000000122,2026-04-03 19:00:00,99.99,147.23,12.31,27.56295,28.898377
EVT0063338,BMW00026,WBA00000000000026,2026-08-08 22:05:00,39.95,143.36,54.05,13.28321,82.686954
EVT0005707,BMW00627,WBA00000000000627,2026-01-20 19:30:00,78.48,131.04,5.05,24.553378,-99.254847
EVT0025486,BMW00091,WBA00000000000091,2026-03-30 11:45:00,87.63,34.12,7.45,43.583714,146.801828
EVT0049532,BMW00403,WBA00000000000403,2026-06-21 23:35:00,77.68,89.67,6.56,25.445448,-108.072491
EVT0023809,BMW00225,WBA00000000000225,2026-03-24 16:00:00,49.35,124.08,52.22,36.940657,-93.215164
EVT0048793,BMW00329,WBA00000000000329,2026-06-19 10:00:00,17.65,119.22,24.84,42.211731,67.254113
EVT0050311,BMW00317,WBA00000000000317,2026-06-24 16:30:00,61.23,65.04,49.93,13.308317,48.972457
EVT0060344,BMW00331,WBA00000000000331,2026-07-29 12:35:00,43.1,86.15,30.14,29.62077,30.187784
EVT0051632,BMW00080,WBA00000000000080,2026-06-29 06:35:00,12.74,98.89,51.4,39.400947,-94.951217
EVT0095353,BMW00360,WBA00000000000360,2026-11-28 02:00:00,80.78,59.01,35.96,39.127778,-32.33456
EVT0076964,BMW00487,WBA00000000000487,2026-09-25 05:35:00,40.19,17.83,-6.02,21.232227,39.220133
EVT0018969,BMW00433,WBA00000000000433,2026-03-07 20:40:00,29.32,21.04,11.55,33.56278,46.348053
EVT0034472,BMW00596,WBA00000000000596,2026-04-30 16:35:00,67.41,91.44,27.52,16.835255,19.843224
EVT0078004,BMW00670,WBA00000000000670,2026-09-28 20:15:00,69.23,103.45,-3.19,8.382731,-5.770812
EVT0026373,BMW00980,WBA00000000000980,2026-04-02 13:40:00,95.71,48.96,35.22,32.202931,51.143679
EVT0018980,BMW00667,WBA00000000000667,2026-03-07 21:35:00,33.44,16.9,10.16,50.580916,20.311234
EVT0077659,BMW00672,WBA00000000000672,2026-09-27 15:30:00,80.7,125.27,-9.33,41.951222,-73.903675
EVT0024222,BMW00012,WBA00000000000012,2026-03-26 02:25:00,26.17,7.49,43.9,49.919533,-27.011461
EVT0097551,BMW00014,WBA00000000000014,2026-12-05 17:10:00,82.06,10.8,43.52,8.814577,76.418986
EVT0081977,BMW00478,WBA00000000000478,2026-10-12 15:20:00,38.07,1.98,-8.3,36.615641,-13.176338
EVT0094480,BMW00658,WBA00000000000658,2026-11-25 01:15:00,71.35,113.05,43.09,47.863419,38.095736
EVT0059613,BMW00414,WBA00000000000414,2026-07-26 23:40:00,61.65,112.48,44.14,11.872392,128.033326
EVT0020219,BMW00201,WBA00000000000201,2026-03-12 04:50:00,84.52,45.91,6.28,24.070211,-116.466198
EVT0063664,BMW00964,WBA00000000000964,2026-08-10 01:15:00,87.92,93.39,-9.44,14.88787,130.713454
EVT0048989,BMW00031,WBA00000000000031,2026-06-20 02:20:00,95.24,75.39,41.02,48.050296,62.475239
EVT0023996,BMW00244,WBA00000000000244,2026-03-25 07:35:00,97.02,77.15,0.31,13.759832,149.034091
EVT0096311,BMW00695,WBA00000000000695,2026-12-01 09:50:00,30.12,101.84,-0.01,32.730127,-83.573506
EVT0098879,BMW00527,WBA00000000000527,2026-12-10 07:50:00,37.06,118.31,44.89,8.295935,-15.454235
EVT0021645,BMW00072,WBA00000000000072,2026-03-17 03:40:00,67.91,95.86,-0.91,35.628138,-74.223375
EVT0035342,BMW00681,WBA00000000000681,2026-05-03 17:05:00,10.44,27.43,24.89,20.945364,5.521302
EVT0090152,BMW00650,WBA00000000000650,2026-11-10 00:35:00,90.19,116.29,7.69,54.651058,-57.575016
EVT0023033,BMW00914,WBA00000000000914,2026-03-21 23:20:00,58.95,80.0,19.13,47.005895,-40.041611
EVT0000538,BMW00842,WBA00000000000842,2026-01-02 20:45:00,76.2,146.03,35.98,37.368869,30.315181
EVT0060601,BMW00414,WBA00000000000414,2026-07-30 10:00:00,53.16,81.3,41.15,31.743919,90.612268
EVT0030074,BMW00715,WBA00000000000715,2026-04-15 10:05:00,51.03,37.64,44.67,54.595593,-13.184501
EVT0072318,BMW00860,WBA00000000000860,2026-09-09 02:25:00,47.85,156.21,-7.07,20.318243,-20.651401
EVT0040043,BMW00992,WBA00000000000992,2026-05-20 00:50:00,55.38,138.92,35.14,26.886126,-6.782918
EVT0064947,BMW00386,WBA00000000000386,2026-08-14 12:10:00,35.42,102.73,29.21,19.256103,-115.843931
EVT0055540,BMW00613,WBA00000000000613,2026-07-12 20:15:00,28.69,75.18,0.3,40.081655,85.131313
EVT0021153,BMW00019,WBA00000000000019,2026-03-15 10:40:00,83.64,86.32,48.58,16.780602,-106.358248
EVT0009556,BMW00657,WBA00000000000657,2026-02-03 04:15:00,92.11,35.76,6.94,20.100741,-116.402926
EVT0052741,BMW00721,WBA00000000000721,2026-07-03 03:00:00,71.02,148.14,25.96,17.655714,131.300554
EVT0060304,BMW00497,WBA00000000000497,2026-07-29 09:15:00,45.4,140.85,11.42,17.927701,127.537525
EVT0090634,BMW00048,WBA00000000000048,2026-11-11 16:45:00,14.99,78.58,-0.11,34.174931,104.1913
EVT0080528,BMW00721,WBA00000000000721,2026-10-07 14:35:00,87.46,72.08,-7.06,53.498264,-38.18596
EVT0065492,BMW00327,WBA00000000000327,2026-08-16 09:35:00,42.8,121.8,26.48,26.921845,-73.799791
EVT0016413,BMW00581,WBA00000000000581,2026-02-26 23:40:00,34.3,151.08,-3.3,16.651282,100.729771
EVT0003613,BMW00392,WBA00000000000392,2026-01-13 13:00:00,72.16,30.48,-4.27,21.138729,-98.582859
EVT0046926,BMW00911,WBA00000000000911,2026-06-12 22:25:00,15.27,76.12,11.96,35.093145,-28.505814
EVT0027230,BMW00024,WBA00000000000024,2026-04-05 13:05:00,49.52,35.45,10.29,35.925952,-106.830853
EVT0090029,BMW00477,WBA00000000000477,2026-11-09 14:20:00,33.11,135.97,41.84,37.083169,-42.933871
EVT0020741,BMW00536,WBA00000000000536,2026-03-14 00:20:00,35.22,70.3,24.67,41.152704,72.445792
EVT0051384,BMW00618,WBA00000000000618,2026-06-28 09:55:00,97.26,79.07,26.74,34.74139,-59.419128
EVT0013934,BMW00202,WBA00000000000202,2026-02-18 09:05:00,21.6,146.34,40.16,18.51887,-56.143817
EVT0018455,BMW00999,WBA00000000000999,2026-03-06 01:50:00,95.42,156.85,-9.35,19.949232,126.136537
EVT0092778,BMW00533,WBA00000000000533,2026-11-19 03:25:00,60.96,33.37,-2.26,51.8965,6.629552
EVT0087980,BMW00125,WBA00000000000125,2026-11-02 11:35:00,28.88,133.06,31.81,26.347562,42.63272
EVT0038846,BMW00811,WBA00000000000811,2026-05-15 21:05:00,55.08,37.12,13.57,10.923771,76.083509
EVT0031252,BMW00511,WBA00000000000511,2026-04-19 12:15:00,32.02,14.08,4.43,43.015847,-63.691227
EVT0043720,BMW00118,WBA00000000000118,2026-06-01 19:15:00,29.3,38.86,34.98,19.851425,-96.349555
EVT0066374,BMW00169,WBA00000000000169,2026-08-19 11:05:00,86.99,0.77,7.02,18.2795,147.991241
EVT0092087,BMW00531,WBA00000000000531,2026-11-16 17:50:00,17.09,155.55,-6.32,50.274282,63.189224
EVT0089741,BMW00215,WBA00000000000215,2026-11-08 14:20:00,38.96,57.64,33.59,8.044912,-62.115517
EVT0000328,BMW00246,WBA00000000000246,2026-01-02 03:15:00,89.87,152.3,28.92,12.045335,-119.329221
EVT0084200,BMW00006,WBA00000000000006,2026-10-20 08:35:00,74.18,62.08,18.57,21.161866,107.404813
EVT0022891,BMW00427,WBA00000000000427,2026-03-21 11:30:00,27.35,119.05,4.7,29.596743,80.099076
EVT0050005,BMW00618,WBA00000000000618,2026-06-23 15:00:00,72.9,79.31,17.62,40.580455,-86.944472
EVT0083795,BMW00597,WBA00000000000597,2026-10-18 22:50:00,62.49,150.43,-6.26,10.008052,21.676686
EVT0003602,BMW00472,WBA00000000000472,2026-01-13 12:05:00,15.64,88.5,49.83,21.043426,29.22079
EVT0030210,BMW00070,WBA00000000000070,2026-04-15 21:25:00,57.26,110.0,16.32,41.067289,-55.532457
EVT0033821,BMW00638,WBA00000000000638,2026-04-28 10:20:00,93.1,159.6,-0.56,24.496743,91.712344
EVT0022377,BMW00325,WBA00000000000325,2026-03-19 16:40:00,95.41,42.49,19.03,40.121125,119.281624
EVT0036008,BMW00979,WBA00000000000979,2026-05-06 00:35:00,89.42,56.97,10.78,52.441602,103.624982
EVT0053566,BMW00349,WBA00000000000349,2026-07-05 23:45:00,39.05,52.27,27.26,47.108105,95.280712
EVT0017758,BMW00598,WBA00000000000598,2026-03-03 15:45:00,17.34,111.09,16.08,13.789174,2.813904
EVT0007304,BMW00721,WBA00000000000721,2026-01-26 08:35:00,99.51,125.92,50.79,40.518415,129.016571
EVT0087922,BMW00105,WBA00000000000105,2026-11-02 06:45:00,57.72,19.62,1.7,15.910514,-18.309998
EVT0068583,BMW00788,WBA00000000000788,2026-08-27 03:10:00,58.3,101.0,29.38,11.024487,32.061118
EVT0009101,BMW00980,WBA00000000000980,2026-02-01 14:20:00,32.91,120.73,48.81,39.768121,63.832403
EVT0075616,BMW00112,WBA00000000000112,2026-09-20 13:15:00,56.59,118.81,4.59,47.582961,-105.318148
EVT0022328,BMW00413,WBA00000000000413,2026-03-19 12:35:00,51.56,60.6,-1.64,22.060383,-18.710358
EVT0068545,BMW00296,WBA00000000000296,2026-08-27 00:00:00,39.55,119.07,53.97,38.891972,-6.852726
EVT0009503,BMW00512,WBA00000000000512,2026-02-02 23:50:00,39.32,38.72,37.26,45.008593,3.180649
EVT0009569,BMW00147,WBA00000000000147,2026-02-03 05:20:00,69.47,150.34,13.26,54.139549,90.852844
EVT0092564,BMW00966,WBA00000000000966,2026-11-18 09:35:00,44.53,59.08,38.35,16.507983,26.374336
EVT0078343,BMW00060,WBA00000000000060,2026-09-30 00:30:00,70.77,124.28,23.62,27.077002,69.390791
EVT0098173,BMW00031,WBA00000000000031,2026-12-07 21:00:00,55.71,18.06,10.43,45.130999,133.850669
EVT0038838,BMW00267,WBA00000000000267,2026-05-15 20:25:00,28.79,113.05,17.61,41.890135,-37.044338
EVT0090559,BMW00202,WBA00000000000202,2026-11-11 10:30:00,15.94,132.95,14.85,42.563638,-59.709417
EVT0078344,BMW00383,WBA00000000000383,2026-09-30 00:35:00,68.87,147.49,49.78,22.657001,101.044135
EVT0097257,BMW00606,WBA00000000000606,2026-12-04 16:40:00,23.16,150.22,44.43,43.695484,-102.726242
EVT0094178,BMW00028,WBA00000000000028,2026-11-24 00:05:00,94.56,106.73,2.36,51.159163,50.856499
EVT0075525,BMW00140,WBA00000000000140,2026-09-20 05:40:00,41.82,33.1,13.99,49.609011,-74.499526
EVT0006145,BMW00686,WBA00000000000686,2026-01-22 08:00:00,28.8,5.8,20.41,49.742231,-55.414217
EVT0089719,BMW00051,WBA00000000000051,2026-11-08 12:30:00,81.0,146.09,47.42,47.435858,26.069818
EVT0037125,BMW00705,WBA00000000000705,2026-05-09 21:40:00,28.25,114.03,43.48,49.719859,-47.588796
EVT0005781,BMW00213,WBA00000000000213,2026-01-21 01:40:00,20.48,113.22,32.53,36.656037,72.767926
EVT0039816,BMW00697,WBA00000000000697,2026-05-19 05:55:00,81.18,55.62,35.46,34.033103,16.565875
EVT0017765,BMW00465,WBA00000000000465,2026-03-03 16:20:00,66.02,88.75,23.93,28.60249,36.436013
EVT0056748,BMW00377,WBA00000000000377,2026-07-17 00:55:00,60.84,142.87,53.76,28.958117,-108.706049
EVT0027323,BMW00036,WBA00000000000036,2026-04-05 20:50:00,87.05,18.44,31.02,41.714144,108.469152
EVT0088550,BMW00494,WBA00000000000494,2026-11-04 11:05:00,67.91,74.94,-9.27,35.284647,-76.111006
EVT0089195,BMW00215,WBA00000000000215,2026-11-06 16:50:00,25.79,81.59,7.67,29.12682,-66.440735
EVT0088878,BMW00124,WBA00000000000124,2026-11-05 14:25:00,59.28,72.32,38.99,11.956818,133.752957
EVT0014585,BMW00290,WBA00000000000290,2026-02-20 15:20:00,88.16,156.13,35.71,42.163698,35.247956
EVT0025278,BMW00756,WBA00000000000756,2026-03-29 18:25:00,30.98,104.68,30.51,27.359881,20.210875
EVT0024827,BMW00364,WBA00000000000364,2026-03-28 04:50:00,53.43,84.79,47.25,43.110411,10.1016
EVT0010071,BMW00732,WBA00000000000732,2026-02-04 23:10:00,97.42,8.51,34.85,23.367966,136.43556
EVT0021228,BMW00065,WBA00000000000065,2026-03-15 16:55:00,54.85,41.64,32.56,34.808911,8.592896
EVT0049186,BMW00974,WBA00000000000974,2026-06-20 18:45:00,14.86,116.79,24.28,35.814963,47.137626
EVT0086564,BMW00838,WBA00000000000838,2026-10-28 13:35:00,95.28,94.14,-4.62,53.472823,-98.093421
EVT0076173,BMW00756,WBA00000000000756,2026-09-22 11:40:00,98.84,116.11,3.45,15.585086,129.61308
EVT0066470,BMW00699,WBA00000000000699,2026-08-19 19:05:00,86.37,120.05,10.54,21.818423,72.253961
EVT0061417,BMW00871,WBA00000000000871,2026-08-02 06:00:00,62.31,118.89,40.08,43.401356,38.047974
EVT0016575,BMW00069,WBA00000000000069,2026-02-27 13:10:00,75.74,101.07,45.48,15.431032,63.301792
EVT0083519,BMW00298,WBA00000000000298,2026-10-17 23:50:00,91.35,110.75,54.16,54.619418,-76.229741
EVT0015348,BMW00190,WBA00000000000190,2026-02-23 06:55:00,10.39,126.03,50.25,46.142107,0.561637
EVT0039101,BMW00298,WBA00000000000298,2026-05-16 18:20:00,85.92,102.66,-1.68,20.25606,135.519427
EVT0069587,BMW00658,WBA00000000000658,2026-08-30 14:50:00,51.95,143.5,32.36,40.31676,-30.770387
EVT0004340,BMW00274,WBA00000000000274,2026-01-16 01:35:00,89.39,43.55,40.31,10.785269,-102.739366
EVT0064048,BMW00874,WBA00000000000874,2026-08-11 09:15:00,51.67,12.62,45.03,47.636885,-19.308006
EVT0023107,BMW00547,WBA00000000000547,2026-03-22 05:30:00,17.67,27.25,10.59,51.003353,-115.474789
EVT0040671,BMW00248,WBA00000000000248,2026-05-22 05:10:00,45.88,41.65,35.23,44.492631,82.744207
EVT0085324,BMW00573,WBA00000000000573,2026-10-24 06:15:00,66.76,89.15,34.7,12.95099,-8.688372
EVT0000599,BMW00754,WBA00000000000754,2026-01-03 01:50:00,34.68,141.47,21.5,22.746024,73.605683
EVT0061927,BMW00225,WBA00000000000225,2026-08-04 00:30:00,76.49,140.25,46.58,10.3719,45.812642
EVT0041707,BMW00150,WBA00000000000150,2026-05-25 19:30:00,86.85,93.65,45.92,49.608952,7.532623
EVT0098587,BMW00198,WBA00000000000198,2026-12-09 07:30:00,55.43,33.0,22.72,25.718923,94.016717
EVT0069878,BMW00391,WBA00000000000391,2026-08-31 15:05:00,83.77,117.47,35.54,50.650997,21.398014
EVT0005343,BMW00839,WBA00000000000839,2026-01-19 13:10:00,64.7,88.69,24.92,25.215559,-115.498515
EVT0053290,BMW00629,WBA00000000000629,2026-07-05 00:45:00,61.56,32.55,0.42,26.642503,148.191696
EVT0091632,BMW00824,WBA00000000000824,2026-11-15 03:55:00,41.38,17.5,12.85,25.680096,-102.400958
EVT0076130,BMW00393,WBA00000000000393,2026-09-22 08:05:00,69.77,84.13,54.41,18.793845,-118.911607
EVT0017670,BMW00107,WBA00000000000107,2026-03-03 08:25:00,34.3,98.7,-5.06,11.070278,-95.621271
EVT0056286,BMW00980,WBA00000000000980,2026-07-15 10:25:00,52.7,40.04,35.52,35.637909,133.649919
EVT0015980,BMW00637,WBA00000000000637,2026-02-25 11:35:00,45.32,5.07,7.69,24.409125,-1.854113
EVT0062769,BMW00796,WBA00000000000796,2026-08-06 22:40:00,27.9,19.52,-1.59,16.705049,-99.145375
EVT0089947,BMW00408,WBA00000000000408,2026-11-09 07:30:00,66.15,20.26,-8.27,50.425893,-27.293834
EVT0007965,BMW00992,WBA00000000000992,2026-01-28 15:40:00,25.38,37.86,19.76,13.344528,-87.305016
EVT0066579,BMW00546,WBA00000000000546,2026-08-20 04:10:00,29.96,106.13,-4.28,33.436863,19.273071
EVT0032050,BMW00546,WBA00000000000546,2026-04-22 06:45:00,79.57,13.02,13.49,18.457508,79.882975
EVT0061828,BMW00311,WBA00000000000311,2026-08-03 16:15:00,64.17,61.53,27.28,44.352702,107.573041
EVT0095822,BMW00915,WBA00000000000915,2026-11-29 17:05:00,49.37,4.64,5.77,44.840026,79.015686
EVT0017454,BMW00294,WBA00000000000294,2026-03-02 14:25:00,94.28,104.76,-8.12,9.185052,148.627335
EVT0062043,BMW00589,WBA00000000000589,2026-08-04 10:10:00,73.5,68.04,40.59,32.13406,11.47671
EVT0002575,BMW00528,WBA00000000000528,2026-01-09 22:30:00,31.85,119.73,2.87,21.277766,-47.65447
EVT0052313,BMW00557,WBA00000000000557,2026-07-01 15:20:00,11.91,38.21,24.67,43.600551,63.735567
EVT0038051,BMW00767,WBA00000000000767,2026-05-13 02:50:00,72.52,120.34,21.98,26.139786,-46.386926
EVT0044330,BMW00743,WBA00000000000743,2026-06-03 22:05:00,75.63,84.3,26.19,32.773232,-2.442367
EVT0003029,BMW00425,WBA00000000000425,2026-01-11 12:20:00,14.78,124.23,23.21,8.790653,-40.245331
EVT0018958,BMW00251,WBA00000000000251,2026-03-07 19:45:00,88.9,11.38,8.4,24.737684,129.052733
EVT0073058,BMW00960,WBA00000000000960,2026-09-11 16:05:00,98.12,52.36,35.58,25.921982,92.229489
EVT0049668,BMW00945,WBA00000000000945,2026-06-22 10:55:00,99.37,73.35,38.98,24.173843,42.538032
EVT0087792,BMW00850,WBA00000000000850,2026-11-01 19:55:00,62.62,108.3,24.94,40.845867,-2.287608
EVT0028448,BMW00158,WBA00000000000158,2026-04-09 18:35:00,76.14,21.99,15.13,50.830849,49.019088
EVT0046542,BMW00685,WBA00000000000685,2026-06-11 14:25:00,39.56,141.48,18.69,20.961781,118.809315
EVT0060797,BMW00614,WBA00000000000614,2026-07-31 02:20:00,73.82,11.7,-5.57,54.73582,114.306207
EVT0052477,BMW00750,WBA00000000000750,2026-07-02 05:00:00,59.63,82.07,44.48,47.693396,111.008967
EVT0002030,BMW00919,WBA00000000000919,2026-01-08 01:05:00,46.84,61.03,29.96,39.68121,51.662017
EVT0030693,BMW00153,WBA00000000000153,2026-04-17 13:40:00,41.43,126.93,-8.08,35.480089,-113.566897
EVT0037775,BMW00487,WBA00000000000487,2026-05-12 03:50:00,39.68,110.36,0.8,17.175602,-36.394707
EVT0031367,BMW00014,WBA00000000000014,2026-04-19 21:50:00,19.96,130.66,3.83,51.853436,141.642305
EVT0084774,BMW00126,WBA00000000000126,2026-10-22 08:25:00,93.98,79.31,18.84,21.6605,-17.204054
EVT0044537,BMW00081,WBA00000000000081,2026-06-04 15:20:00,95.11,4.54,36.44,52.201766,75.136832
EVT0053512,BMW00659,WBA00000000000659,2026-07-05 19:15:00,16.67,16.32,17.86,22.23332,73.917775
EVT0044060,BMW00886,WBA00000000000886,2026-06-02 23:35:00,11.74,5.97,30.58,54.985965,134.216416
EVT0058040,BMW00593,WBA00000000000593,2026-07-21 12:35:00,80.46,90.25,14.11,54.92095,-7.136045
EVT0006423,BMW00890,WBA00000000000890,2026-01-23 07:10:00,17.27,155.71,12.88,26.099511,83.581662
EVT0027330,BMW00086,WBA00000000000086,2026-04-05 21:25:00,69.95,39.17,41.15,42.833696,-29.62807
EVT0031594,BMW00268,WBA00000000000268,2026-04-20 16:45:00,80.99,34.55,36.98,47.986289,62.545322
EVT0071952,BMW00211,WBA00000000000211,2026-09-07 19:55:00,54.58,101.6,-7.23,18.745434,75.795392
EVT0087807,BMW00614,WBA00000000000614,2026-11-01 21:10:00,11.92,37.05,44.39,13.031462,-27.162879
EVT0034823,BMW00985,WBA00000000000985,2026-05-01 21:50:00,77.17,48.54,38.58,50.7241,-83.832136
EVT0066827,BMW00992,WBA00000000000992,2026-08-21 00:50:00,55.73,101.79,-1.95,24.891653,55.607883
EVT0072682,BMW00208,WBA00000000000208,2026-09-10 08:45:00,82.8,24.01,38.62,8.984548,-6.03311
EVT0088732,BMW00892,WBA00000000000892,2026-11-05 02:15:00,73.23,31.04,42.91,8.918528,46.379592
EVT0009358,BMW00923,WBA00000000000923,2026-02-02 11:45:00,67.18,117.74,38.33,48.767416,137.488239
EVT0068277,BMW00840,WBA00000000000840,2026-08-26 01:40:00,69.92,35.54,12.75,35.61706,1.546448
EVT0096868,BMW00104,WBA00000000000104,2026-12-03 08:15:00,41.14,110.16,51.44,16.784632,-116.664679
EVT0041554,BMW00863,WBA00000000000863,2026-05-25 06:45:00,50.06,70.54,30.1,44.803087,94.010355
EVT0070331,BMW00825,WBA00000000000825,2026-09-02 04:50:00,69.11,63.46,16.94,46.660899,47.035185
EVT0085457,BMW00031,WBA00000000000031,2026-10-24 17:20:00,58.67,41.81,15.45,13.441213,-93.282181
EVT0023492,BMW00610,WBA00000000000610,2026-03-23 13:35:00,38.58,144.7,-0.17,45.425371,131.817781
EVT0018107,BMW00905,WBA00000000000905,2026-03-04 20:50:00,17.23,139.05,9.7,19.137628,113.953835
EVT0045331,BMW00276,WBA00000000000276,2026-06-07 09:30:00,81.91,102.59,8.24,41.355266,30.12446
EVT0080136,BMW00545,WBA00000000000545,2026-10-06 05:55:00,31.44,8.76,26.87,54.471314,48.865503
EVT0066157,BMW00569,WBA00000000000569,2026-08-18 17:00:00,93.18,76.66,-5.44,34.235096,72.432678
EVT0027044,BMW00740,WBA00000000000740,2026-04-04 21:35:00,12.19,116.87,-7.23,44.793163,89.76934
EVT0075664,BMW00346,WBA00000000000346,2026-09-20 17:15:00,58.73,97.26,1.15,43.275496,120.895028
EVT0049247,BMW00471,WBA00000000000471,2026-06-20 23:50:00,64.42,12.73,15.9,44.663508,-0.548874
EVT0021929,BMW00287,WBA00000000000287,2026-03-18 03:20:00,85.69,15.88,51.13,16.220537,37.628086
EVT0084629,BMW00098,WBA00000000000098,2026-10-21 20:20:00,26.66,61.96,17.16,22.415487,-99.991433
EVT0066450,BMW00221,WBA00000000000221,2026-08-19 17:25:00,20.71,26.12,-2.68,43.890447,104.739844
EVT0037150,BMW00077,WBA00000000000077,2026-05-09 23:45:00,13.5,56.93,21.25,22.02408,-14.188978
EVT0095071,BMW00371,WBA00000000000371,2026-11-27 02:30:00,92.4,4.29,43.06,50.131202,-111.584852
EVT0043271,BMW00879,WBA00000000000879,2026-05-31 05:50:00,29.81,59.87,42.51,50.53894,-44.665541
EVT0033970,BMW00318,WBA00000000000318,2026-04-28 22:45:00,22.91,92.94,42.3,43.490295,111.468619
EVT0079355,BMW00152,WBA00000000000152,2026-10-03 12:50:00,83.59,103.97,1.4,29.809154,128.107986
EVT0084741,BMW00618,WBA00000000000618,2026-10-22 05:40:00,47.28,17.46,17.35,45.753143,-52.730682
EVT0001653,BMW00932,WBA00000000000932,2026-01-06 17:40:00,92.89,0.54,-2.93,34.623698,-50.219973
EVT0060236,BMW00335,WBA00000000000335,2026-07-29 03:35:00,54.21,87.43,42.26,50.294853,-79.546902
EVT0040751,BMW00300,WBA00000000000300,2026-05-22 11:50:00,35.58,95.45,21.0,39.949111,-77.578681
EVT0018860,BMW00834,WBA00000000000834,2026-03-07 11:35:00,77.83,14.95,-6.97,23.731275,-91.703707
EVT0007124,BMW00404,WBA00000000000404,2026-01-25 17:35:00,49.47,100.77,9.4,23.452251,-90.320874
EVT0026714,BMW00760,WBA00000000000760,2026-04-03 18:05:00,21.62,143.14,-8.84,52.391249,-97.152961
EVT0058729,BMW00963,WBA00000000000963,2026-07-23 22:00:00,79.58,151.84,52.37,21.907756,13.506112
EVT0063040,BMW00402,WBA00000000000402,2026-08-07 21:15:00,79.05,52.47,52.71,14.830753,-105.799399
EVT0062267,BMW00881,WBA00000000000881,2026-08-05 04:50:00,41.57,89.93,11.57,26.351641,100.999952
EVT0007413,BMW00388,WBA00000000000388,2026-01-26 17:40:00,48.14,11.07,-0.46,36.906649,135.661003
EVT0016926,BMW00964,WBA00000000000964,2026-02-28 18:25:00,10.44,92.99,-5.16,47.648696,-53.438629
EVT0096102,BMW00689,WBA00000000000689,2026-11-30 16:25:00,67.75,37.67,45.6,24.395385,-6.873642
EVT0099520,BMW00382,WBA00000000000382,2026-12-12 13:15:00,97.42,6.61,54.44,23.44998,30.197927
EVT0085447,BMW00936,WBA00000000000936,2026-10-24 16:30:00,21.41,147.18,-8.65,23.400224,-47.81584
EVT0013013,BMW00816,WBA00000000000816,2026-02-15 04:20:00,24.23,119.28,49.88,10.767571,86.422843
EVT0049507,BMW00567,WBA00000000000567,2026-06-21 21:30:00,19.15,81.67,52.81,43.943709,-69.767395
EVT0078369,BMW00743,WBA00000000000743,2026-09-30 02:40:00,34.45,39.72,6.98,50.358658,44.149611
EVT0049938,BMW00468,WBA00000000000468,2026-06-23 09:25:00,46.87,81.25,20.24,41.818169,-35.935709
EVT0075159,BMW00690,WBA00000000000690,2026-09-18 23:10:00,80.18,0.47,37.18,9.302509,-63.235787
EVT0078273,BMW00260,WBA00000000000260,2026-09-29 18:40:00,71.12,141.1,52.28,12.574429,-37.959826
EVT0090745,BMW00407,WBA00000000000407,2026-11-12 02:00:00,23.25,55.29,14.9,23.902343,-61.454511
EVT0017096,BMW00449,WBA00000000000449,2026-03-01 08:35:00,20.57,73.61,33.77,43.396303,39.546274
EVT0055898,BMW00371,WBA00000000000371,2026-07-14 02:05:00,20.46,71.51,26.89,24.854831,-78.178943
EVT0074732,BMW00908,WBA00000000000908,2026-09-17 11:35:00,29.32,8.93,2.76,35.172348,27.971049
EVT0026161,BMW00951,WBA00000000000951,2026-04-01 20:00:00,50.99,52.06,34.76,21.131425,-79.508528
EVT0071605,BMW00795,WBA00000000000795,2026-09-06 15:00:00,86.33,72.25,32.22,46.448993,61.9587
EVT0001863,BMW00180,WBA00000000000180,2026-01-07 11:10:00,18.4,120.02,2.66,17.819143,-96.784661
EVT0032270,BMW00882,WBA00000000000882,2026-04-23 01:05:00,80.3,83.9,13.12,30.820624,39.516592
EVT0062749,BMW00590,WBA00000000000590,2026-08-06 21:00:00,36.37,86.68,3.48,20.213722,44.27586
EVT0083896,BMW00005,WBA00000000000005,2026-10-19 07:15:00,89.97,60.48,-9.15,14.686364,-66.52478
EVT0077175,BMW00084,WBA00000000000084,2026-09-25 23:10:00,50.6,67.02,-3.64,48.049649,123.456349
EVT0012518,BMW00393,WBA00000000000393,2026-02-13 11:05:00,98.83,19.44,4.26,16.334233,102.674043
EVT0089512,BMW00729,WBA00000000000729,2026-11-07 19:15:00,85.06,143.54,31.86,51.682663,109.441646
EVT0098070,BMW00686,WBA00000000000686,2026-12-07 12:25:00,39.75,103.8,-4.64,50.305492,126.51884
EVT0009256,BMW00459,WBA00000000000459,2026-02-02 03:15:00,25.65,59.6,19.92,36.345585,-19.611998
EVT0001536,BMW00764,WBA00000000000764,2026-01-06 07:55:00,23.97,126.11,52.65,46.556906,-93.194004
EVT0020016,BMW00507,WBA00000000000507,2026-03-11 11:55:00,32.44,50.97,34.9,12.378951,80.480856
EVT0063563,BMW00738,WBA00000000000738,2026-08-09 16:50:00,23.33,66.47,50.61,11.482045,48.838768
EVT0011704,BMW00883,WBA00000000000883,2026-02-10 15:15:00,85.26,35.15,37.23,49.39599,-13.235775
EVT0044800,BMW00749,WBA00000000000749,2026-06-05 13:15:00,54.51,135.75,-7.42,11.07422,14.231256
EVT0038235,BMW00301,WBA00000000000301,2026-05-13 18:10:00,59.57,36.83,15.4,27.876322,-48.718876
EVT0089192,BMW00165,WBA00000000000165,2026-11-06 16:35:00,35.01,151.76,52.73,14.93379,134.11112
EVT0071545,BMW00254,WBA00000000000254,2026-09-06 10:00:00,60.72,34.04,45.32,27.577853,109.979254
EVT0057242,BMW00101,WBA00000000000101,2026-07-18 18:05:00,26.67,8.22,23.21,36.14127,45.996421
EVT0064249,BMW00915,WBA00000000000915,2026-08-12 02:00:00,24.73,51.38,23.04,50.900103,-36.507873
EVT0093318,BMW00009,WBA00000000000009,2026-11-21 00:25:00,94.35,103.9,24.65,44.680882,-10.802908
EVT0076131,BMW00112,WBA00000000000112,2026-09-22 08:10:00,51.76,66.03,6.45,26.836441,75.140038
EVT0026160,BMW00462,WBA00000000000462,2026-04-01 19:55:00,87.26,93.12,18.95,30.391997,85.85571
EVT0037407,BMW00964,WBA00000000000964,2026-05-10 21:10:00,96.59,20.09,51.17,12.771835,-72.886326
EVT0081533,BMW00183,WBA00000000000183,2026-10-11 02:20:00,51.74,122.83,25.32,42.482434,49.197546
EVT0036129,BMW00529,WBA00000000000529,2026-05-06 10:40:00,46.89,5.19,53.07,34.218541,144.200934
EVT0033482,BMW00713,WBA00000000000713,2026-04-27 06:05:00,84.05,132.65,11.36,12.753906,24.073944
EVT0094771,BMW00739,WBA00000000000739,2026-11-26 01:30:00,16.97,48.77,36.25,20.666386,62.741989
EVT0022772,BMW00570,WBA00000000000570,2026-03-21 01:35:00,58.26,87.52,17.89,41.306333,67.202617
EVT0003477,BMW00462,WBA00000000000462,2026-01-13 01:40:00,18.41,23.44,39.61,10.907872,93.203626
EVT0009836,BMW00878,WBA00000000000878,2026-02-04 03:35:00,79.45,132.46,42.45,39.579812,-10.469664
EVT0058477,BMW00672,WBA00000000000672,2026-07-23 01:00:00,90.49,118.2,48.28,29.505212,34.460405
EVT0027338,BMW00259,WBA00000000000259,2026-04-05 22:05:00,43.84,43.11,38.39,30.774919,58.238411
EVT0086756,BMW00083,WBA00000000000083,2026-10-29 05:35:00,83.63,134.86,27.21,18.470176,-100.100924
EVT0042792,BMW00510,WBA00000000000510,2026-05-29 13:55:00,22.27,33.21,36.48,32.315141,-13.461533
EVT0081698,BMW00561,WBA00000000000561,2026-10-11 16:05:00,59.35,88.86,44.39,51.579627,-70.861109
EVT0033256,BMW00281,WBA00000000000281,2026-04-26 11:15:00,32.75,64.81,-6.38,52.0311,19.306692
EVT0027199,BMW00326,WBA00000000000326,2026-04-05 10:30:00,53.25,141.51,20.05,14.999118,44.209906
EVT0069848,BMW00964,WBA00000000000964,2026-08-31 12:35:00,72.27,23.33,-1.23,13.567835,-107.260333
EVT0001718,BMW00678,WBA00000000000678,2026-01-06 23:05:00,13.59,114.84,19.84,40.806624,146.978385
EVT0008521,BMW00969,WBA00000000000969,2026-01-30 14:00:00,91.46,96.66,8.18,49.305255,-116.980831
EVT0080183,BMW00863,WBA00000000000863,2026-10-06 09:50:00,90.58,14.49,41.23,22.436823,123.774421
EVT0062217,BMW00068,WBA00000000000068,2026-08-05 00:40:00,87.11,19.96,24.01,12.966413,-0.508191
EVT0052046,BMW00035,WBA00000000000035,2026-06-30 17:05:00,64.18,128.58,29.12,16.528865,105.985392
EVT0087257,BMW00473,WBA00000000000473,2026-10-30 23:20:00,87.98,48.67,17.91,19.892549,135.585419
EVT0088187,BMW00341,WBA00000000000341,2026-11-03 04:50:00,28.66,156.95,23.66,24.489202,-101.900272
EVT0003329,BMW00164,WBA00000000000164,2026-01-12 13:20:00,57.1,16.66,12.69,8.632665,75.44791
EVT0024182,BMW00927,WBA00000000000927,2026-03-25 23:05:00,43.78,32.18,12.01,43.921121,2.867957
EVT0077241,BMW00349,WBA00000000000349,2026-09-26 04:40:00,21.55,31.54,24.08,49.70432,110.433575
EVT0024259,BMW00669,WBA00000000000669,2026-03-26 05:30:00,34.91,30.18,49.7,26.265398,76.701681
EVT0061708,BMW00623,WBA00000000000623,2026-08-03 06:15:00,53.12,111.53,-6.82,10.824244,-114.068075
EVT0063577,BMW00021,WBA00000000000021,2026-08-09 18:00:00,75.84,102.74,18.54,42.860938,80.317545
EVT0092418,BMW00155,WBA00000000000155,2026-11-17 21:25:00,82.81,16.75,16.19,51.017178,110.824611
EVT0002497,BMW00764,WBA00000000000764,2026-01-09 16:00:00,67.4,97.9,-6.8,39.866901,-68.513846
EVT0033939,BMW00094,WBA00000000000094,2026-04-28 20:10:00,64.73,58.87,52.88,37.631199,-94.496998
EVT0055985,BMW00890,WBA00000000000890,2026-07-14 09:20:00,28.54,16.17,13.45,41.601551,-76.932516
EVT0095434,BMW00780,WBA00000000000780,2026-11-28 08:45:00,91.09,17.64,39.81,36.350015,125.116637
EVT0057162,BMW00737,WBA00000000000737,2026-07-18 11:25:00,99.95,116.8,0.45,25.20887,103.516318
EVT0045165,BMW00473,WBA00000000000473,2026-06-06 19:40:00,88.69,102.05,31.45,17.994084,-4.141645
EVT0021541,BMW00704,WBA00000000000704,2026-03-16 19:00:00,68.25,122.1,-3.1,19.882065,16.205996
EVT0086610,BMW00533,WBA00000000000533,2026-10-28 17:25:00,38.68,13.31,47.73,21.18064,-8.507409
EVT0004041,BMW00734,WBA00000000000734,2026-01-15 00:40:00,51.61,41.96,37.65,33.491817,-116.892872
EVT0035646,BMW00780,WBA00000000000780,2026-05-04 18:25:00,17.53,26.39,-0.04,34.447511,-21.322747
EVT0049191,BMW00024,WBA00000000000024,2026-06-20 19:10:00,53.65,91.93,38.31,49.022324,61.669815
EVT0087761,BMW00690,WBA00000000000690,2026-11-01 17:20:00,16.53,116.08,22.28,10.812473,6.504561
EVT0030564,BMW00893,WBA00000000000893,2026-04-17 02:55:00,75.7,38.64,0.11,31.768859,44.26937
EVT0026095,BMW00968,WBA00000000000968,2026-04-01 14:30:00,43.31,116.38,28.09,30.375985,133.761522
EVT0028333,BMW00465,WBA00000000000465,2026-04-09 09:00:00,65.09,68.99,12.94,17.92523,146.043113
EVT0095112,BMW00399,WBA00000000000399,2026-11-27 05:55:00,84.42,100.21,14.66,37.842781,-50.344196
EVT0055944,BMW00937,WBA00000000000937,2026-07-14 05:55:00,50.64,78.55,10.92,48.591165,-64.028539
EVT0042157,BMW00129,WBA00000000000129,2026-05-27 09:00:00,88.0,19.38,21.58,27.14183,67.501748
EVT0061218,BMW00533,WBA00000000000533,2026-08-01 13:25:00,55.96,151.32,2.64,46.991035,61.8153
EVT0049538,BMW00926,WBA00000000000926,2026-06-22 00:05:00,68.56,7.56,32.66,40.604531,-118.010304
EVT0022759,BMW00091,WBA00000000000091,2026-03-21 00:30:00,55.1,93.66,-3.18,52.607516,139.960722
EVT0059250,BMW00878,WBA00000000000878,2026-07-25 17:25:00,30.92,26.89,33.38,15.480688,-60.211847
EVT0046121,BMW00716,WBA00000000000716,2026-06-10 03:20:00,54.2,88.21,-8.76,54.730818,-54.597211
EVT0036079,BMW00297,WBA00000000000297,2026-05-06 06:30:00,57.08,111.94,43.2,33.998189,-64.590559
EVT0087003,BMW00251,WBA00000000000251,2026-10-30 02:10:00,41.33,16.32,4.49,25.968786,95.486382
EVT0076155,BMW00628,WBA00000000000628,2026-09-22 10:10:00,84.73,72.97,34.2,12.666674,-9.820348
EVT0071967,BMW00566,WBA00000000000566,2026-09-07 21:10:00,38.25,133.36,8.03,21.915895,55.071947
EVT0012415,BMW00565,WBA00000000000565,2026-02-13 02:30:00,59.34,48.88,35.36,37.542683,-95.410863
EVT0092191,BMW00724,WBA00000000000724,2026-11-17 02:30:00,91.88,61.04,10.18,33.552891,96.022614
EVT0033188,BMW00714,WBA00000000000714,2026-04-26 05:35:00,16.29,156.3,54.31,48.961239,-99.291709
EVT0091784,BMW00950,WBA00000000000950,2026-11-15 16:35:00,65.61,25.01,-1.89,12.387003,-26.787765
EVT0052499,BMW00285,WBA00000000000285,2026-07-02 06:50:00,39.3,44.04,53.03,49.799517,-37.450972
EVT0061281,BMW00704,WBA00000000000704,2026-08-01 18:40:00,54.26,35.67,22.13,17.892595,131.955526
EVT0060052,BMW00165,WBA00000000000165,2026-07-28 12:15:00,41.16,123.76,-3.95,47.760817,-94.489113
EVT0021141,BMW00009,WBA00000000000009,2026-03-15 09:40:00,62.04,42.56,2.04,26.533755,-67.781789
EVT0073022,BMW00478,WBA00000000000478,2026-09-11 13:05:00,72.01,123.63,18.73,18.508947,55.683373
EVT0019636,BMW00534,WBA00000000000534,2026-03-10 04:15:00,38.99,25.75,14.52,20.982902,31.917037
EVT0003252,BMW00153,WBA00000000000153,2026-01-12 06:55:00,69.22,74.77,-9.49,14.276014,9.239865
EVT0025069,BMW00867,WBA00000000000867,2026-03-29 01:00:00,49.63,86.73,24.71,10.582353,146.718152
EVT0019302,BMW00037,WBA00000000000037,2026-03-09 00:25:00,55.55,110.89,50.69,24.777376,87.393259
EVT0078602,BMW00070,WBA00000000000070,2026-09-30 22:05:00,60.8,152.34,29.72,21.578311,-91.162828
EVT0069742,BMW00377,WBA00000000000377,2026-08-31 03:45:00,83.27,13.41,34.41,33.984034,-71.619435
EVT0098700,BMW00462,WBA00000000000462,2026-12-09 16:55:00,40.81,64.44,9.88,41.633468,77.021051
EVT0042741,BMW00516,WBA00000000000516,2026-05-29 09:40:00,59.05,36.0,43.41,31.555855,78.377056
EVT0042946,BMW00605,WBA00000000000605,2026-05-30 02:45:00,56.92,106.99,30.48,28.908985,84.783514
EVT0027904,BMW00729,WBA00000000000729,2026-04-07 21:15:00,60.54,42.46,-2.56,48.222068,27.419406
EVT0079827,BMW00107,WBA00000000000107,2026-10-05 04:10:00,49.08,111.68,3.03,42.416337,117.016621
EVT0073826,BMW00074,WBA00000000000074,2026-09-14 08:05:00,52.94,126.23,-2.73,21.488141,67.712035
EVT0051310,BMW00415,WBA00000000000415,2026-06-28 03:45:00,23.4,159.57,31.98,29.447298,-77.705168
EVT0097585,BMW00672,WBA00000000000672,2026-12-05 20:00:00,72.6,91.91,54.6,43.146319,-108.207997
EVT0037461,BMW00382,WBA00000000000382,2026-05-11 01:40:00,60.3,28.09,44.95,8.784179,-34.613737
EVT0091661,BMW00114,WBA00000000000114,2026-11-15 06:20:00,14.41,70.96,50.45,46.188567,-71.077227
EVT0070837,BMW00791,WBA00000000000791,2026-09-03 23:00:00,19.11,140.25,51.84,51.990047,122.912877
EVT0043647,BMW00287,WBA00000000000287,2026-06-01 13:10:00,40.75,79.71,-2.15,15.48845,138.079832
EVT0032967,BMW00095,WBA00000000000095,2026-04-25 11:10:00,64.17,93.24,-2.48,42.432253,146.488312
EVT0003634,BMW00935,WBA00000000000935,2026-01-13 14:45:00,78.9,88.69,45.62,54.383649,-38.512443
EVT0034585,BMW00005,WBA00000000000005,2026-05-01 02:00:00,93.56,117.0,4.2,30.007761,103.864822
EVT0081430,BMW00757,WBA00000000000757,2026-10-10 17:45:00,54.38,119.27,16.54,33.676565,75.863817
EVT0080446,BMW00322,WBA00000000000322,2026-10-07 07:45:00,21.84,42.88,19.42,50.981623,87.978165
EVT0002228,BMW00891,WBA00000000000891,2026-01-08 17:35:00,55.81,42.58,40.58,50.131115,-51.004939
EVT0030708,BMW00227,WBA00000000000227,2026-04-17 14:55:00,96.74,85.63,25.86,38.113812,121.04296
EVT0004974,BMW00634,WBA00000000000634,2026-01-18 06:25:00,24.74,19.53,49.28,29.956248,-38.12382
EVT0067319,BMW00732,WBA00000000000732,2026-08-22 17:50:00,45.32,1.76,-3.75,14.990436,65.398054
EVT0061518,BMW00328,WBA00000000000328,2026-08-02 14:25:00,23.33,155.21,10.82,26.194533,-11.707894
EVT0006114,BMW00303,WBA00000000000303,2026-01-22 05:25:00,43.84,123.51,7.47,43.501221,-54.152806
EVT0083155,BMW00231,WBA00000000000231,2026-10-16 17:30:00,27.21,122.05,41.87,32.244745,-0.87781
EVT0072104,BMW00415,WBA00000000000415,2026-09-08 08:35:00,57.97,133.03,23.76,40.616628,83.286441
EVT0022560,BMW00595,WBA00000000000595,2026-03-20 07:55:00,34.84,97.08,37.38,18.557171,-106.763072
EVT0082538,BMW00620,WBA00000000000620,2026-10-14 14:05:00,50.15,136.72,15.01,13.056852,125.918237
EVT0083510,BMW00411,WBA00000000000411,2026-10-17 23:05:00,23.76,103.38,30.01,53.319143,65.088148
EVT0065977,BMW00282,WBA00000000000282,2026-08-18 02:00:00,46.69,45.05,20.99,29.230685,-109.669227
EVT0023111,BMW00184,WBA00000000000184,2026-03-22 05:50:00,12.84,33.12,17.4,54.743677,-81.638312
EVT0024502,BMW00192,WBA00000000000192,2026-03-27 01:45:00,12.14,75.85,16.26,28.272662,85.918367
EVT0016428,BMW00176,WBA00000000000176,2026-02-27 00:55:00,95.84,62.84,20.93,44.373512,94.502513
EVT0048483,BMW00436,WBA00000000000436,2026-06-18 08:10:00,22.57,79.07,5.26,47.600119,5.848404
EVT0062746,BMW00277,WBA00000000000277,2026-08-06 20:45:00,81.73,26.4,34.86,14.614273,-79.662291
EVT0051547,BMW00958,WBA00000000000958,2026-06-28 23:30:00,15.84,99.73,52.54,41.943439,26.460148
EVT0070896,BMW00293,WBA00000000000293,2026-09-04 03:55:00,71.88,106.97,-3.86,8.63943,105.37683
EVT0002329,BMW00392,WBA00000000000392,2026-01-09 02:00:00,42.43,54.44,26.68,54.395451,67.706581
EVT0035169,BMW00124,WBA00000000000124,2026-05-03 02:40:00,81.44,88.72,45.17,24.920067,24.837809
EVT0011396,BMW00213,WBA00000000000213,2026-02-09 13:35:00,12.93,2.04,38.62,25.743955,118.022465
EVT0099416,BMW00622,WBA00000000000622,2026-12-12 04:35:00,21.2,128.56,8.44,39.230946,91.333496
EVT0072952,BMW00805,WBA00000000000805,2026-09-11 07:15:00,58.9,10.54,13.28,23.60619,-117.906531
EVT0039818,BMW00273,WBA00000000000273,2026-05-19 06:05:00,90.5,45.02,31.61,46.47191,65.836859
EVT0077797,BMW00301,WBA00000000000301,2026-09-28 03:00:00,63.99,147.01,5.97,13.110641,-85.528091
EVT0091775,BMW00750,WBA00000000000750,2026-11-15 15:50:00,28.83,100.77,23.35,10.132397,149.113994
EVT0089006,BMW00219,WBA00000000000219,2026-11-06 01:05:00,34.51,7.09,22.45,47.570662,-81.669415
EVT0062799,BMW00801,WBA00000000000801,2026-08-07 01:10:00,49.04,20.03,31.09,13.157066,-115.648558
EVT0010546,BMW00089,WBA00000000000089,2026-02-06 14:45:00,91.72,14.2,22.73,53.222167,-83.38482
EVT0021570,BMW00974,WBA00000000000974,2026-03-16 21:25:00,58.38,126.54,34.75,12.880659,26.644357
EVT0009483,BMW00104,WBA00000000000104,2026-02-02 22:10:00,37.75,94.37,30.51,12.496405,58.589801
EVT0015987,BMW00657,WBA00000000000657,2026-02-25 12:10:00,45.55,56.71,18.85,18.001594,4.802066
EVT0065141,BMW00845,WBA00000000000845,2026-08-15 04:20:00,11.13,77.47,40.59,47.418599,-68.239118
EVT0021349,BMW00538,WBA00000000000538,2026-03-16 03:00:00,62.35,155.09,13.38,9.909072,49.60819
EVT0043348,BMW00109,WBA00000000000109,2026-05-31 12:15:00,81.19,25.36,20.9,39.564711,-33.598491
EVT0011315,BMW00633,WBA00000000000633,2026-02-09 06:50:00,81.83,6.06,46.94,31.237434,-73.393969
EVT0060575,BMW00697,WBA00000000000697,2026-07-30 07:50:00,62.42,34.96,12.88,44.423082,-53.174016
EVT0023335,BMW00603,WBA00000000000603,2026-03-23 00:30:00,19.21,85.63,15.79,15.657048,15.994915
EVT0003282,BMW00391,WBA00000000000391,2026-01-12 09:25:00,79.54,125.55,-8.92,42.816785,36.019436
EVT0074521,BMW00565,WBA00000000000565,2026-09-16 18:00:00,36.48,61.41,0.76,46.699559,-85.887278
EVT0041563,BMW00782,WBA00000000000782,2026-05-25 07:30:00,85.43,46.44,15.88,8.468217,80.284042
EVT0038573,BMW00852,WBA00000000000852,2026-05-14 22:20:00,72.88,62.53,28.92,42.349843,-36.341057
EVT0097403,BMW00086,WBA00000000000086,2026-12-05 04:50:00,16.21,106.05,21.04,32.270458,-98.594029
EVT0011762,BMW00497,WBA00000000000497,2026-02-10 20:05:00,32.57,26.95,2.17,11.695471,36.77509
EVT0070778,BMW00974,WBA00000000000974,2026-09-03 18:05:00,46.83,107.01,12.2,54.818592,140.549314
EVT0098838,BMW00849,WBA00000000000849,2026-12-10 04:25:00,90.59,126.95,-8.19,25.610709,-25.783163
EVT0055127,BMW00642,WBA00000000000642,2026-07-11 09:50:00,32.23,9.61,37.8,47.623465,24.410367
EVT0035520,BMW00934,WBA00000000000934,2026-05-04 07:55:00,48.41,88.27,-8.57,18.997637,-3.535253
EVT0047947,BMW00182,WBA00000000000182,2026-06-16 11:30:00,83.48,134.85,35.46,12.412009,1.431215
EVT0024323,BMW00362,WBA00000000000362,2026-03-26 10:50:00,41.75,0.0,22.65,20.420594,-107.25075
EVT0077345,BMW00620,WBA00000000000620,2026-09-26 13:20:00,89.82,112.5,-1.86,20.939257,-98.69129
EVT0015932,BMW00863,WBA00000000000863,2026-02-25 07:35:00,44.37,32.55,46.04,11.646715,124.373035
EVT0086383,BMW00221,WBA00000000000221,2026-10-27 22:30:00,70.57,69.56,6.76,47.800788,-9.044564
EVT0063834,BMW00233,WBA00000000000233,2026-08-10 15:25:00,10.34,28.8,9.37,25.560111,-17.738343
EVT0060747,BMW00706,WBA00000000000706,2026-07-30 22:10:00,48.91,40.28,20.93,41.491396,39.9342
EVT0057406,BMW00911,WBA00000000000911,2026-07-19 07:45:00,13.38,104.78,38.01,14.554969,45.963513
EVT0027408,BMW00729,WBA00000000000729,2026-04-06 03:55:00,91.84,22.44,38.75,48.71716,-12.390022
EVT0061509,BMW00171,WBA00000000000171,2026-08-02 13:40:00,98.17,71.78,5.69,25.265263,-89.781622
EVT0070297,BMW00078,WBA00000000000078,2026-09-02 02:00:00,72.17,12.06,5.04,50.329884,-98.547284
EVT0039825,BMW00396,WBA00000000000396,2026-05-19 06:40:00,55.64,121.69,-2.66,19.382416,51.018894
EVT0006934,BMW00773,WBA00000000000773,2026-01-25 01:45:00,92.08,23.52,31.77,44.602647,-91.35948
EVT0047160,BMW00071,WBA00000000000071,2026-06-13 17:55:00,79.89,105.3,1.76,29.588954,5.609173
EVT0091474,BMW00291,WBA00000000000291,2026-11-14 14:45:00,33.4,109.4,2.51,44.740424,-107.63838
EVT0002451,BMW00779,WBA00000000000779,2026-01-09 12:10:00,15.21,126.45,29.57,10.289907,4.804357
EVT0033841,BMW00357,WBA00000000000357,2026-04-28 12:00:00,66.75,137.05,39.88,52.020574,72.458736
EVT0061292,BMW00498,WBA00000000000498,2026-08-01 19:35:00,64.37,105.92,23.69,44.162141,137.017749
EVT0003005,BMW00946,WBA00000000000946,2026-01-11 10:20:00,88.37,39.89,17.28,23.130806,82.573938
EVT0007500,BMW00379,WBA00000000000379,2026-01-27 00:55:00,18.03,34.68,35.28,38.164526,-15.798809
EVT0025750,BMW00739,WBA00000000000739,2026-03-31 09:45:00,81.96,137.38,29.52,37.244622,-22.747272
EVT0052936,BMW00662,WBA00000000000662,2026-07-03 19:15:00,19.2,17.3,28.15,36.067728,59.846602
EVT0057298,BMW00432,WBA00000000000432,2026-07-18 22:45:00,29.58,78.53,48.17,44.262742,-65.198584
EVT0010881,BMW00973,WBA00000000000973,2026-02-07 18:40:00,92.66,134.55,54.47,48.82422,78.490839
EVT0091540,BMW00349,WBA00000000000349,2026-11-14 20:15:00,43.66,150.8,3.58,52.659736,148.088102
EVT0050048,BMW00352,WBA00000000000352,2026-06-23 18:35:00,88.82,107.11,7.02,49.790577,-69.096506
EVT0086222,BMW00614,WBA00000000000614,2026-10-27 09:05:00,87.94,11.97,-0.92,19.201692,-110.087508
EVT0075206,BMW00048,WBA00000000000048,2026-09-19 03:05:00,92.31,26.13,45.93,50.918068,83.693899
EVT0034122,BMW00057,WBA00000000000057,2026-04-29 11:25:00,86.33,68.72,37.58,11.60099,120.83825
EVT0076718,BMW00402,WBA00000000000402,2026-09-24 09:05:00,51.87,77.39,-4.8,42.436053,-31.591671
EVT0071474,BMW00999,WBA00000000000999,2026-09-06 04:05:00,34.18,14.39,-8.56,19.846315,-107.419414
EVT0088039,BMW00811,WBA00000000000811,2026-11-02 16:30:00,20.69,105.03,51.74,17.752696,87.50041
EVT0066339,BMW00779,WBA00000000000779,2026-08-19 08:10:00,69.75,138.81,3.08,54.182809,15.961165
EVT0071142,BMW00576,WBA00000000000576,2026-09-05 00:25:00,70.05,24.96,41.69,54.310704,-67.872708
EVT0068313,BMW00934,WBA00000000000934,2026-08-26 04:40:00,26.1,37.41,20.16,21.97003,149.997113
EVT0041221,BMW00611,WBA00000000000611,2026-05-24 03:00:00,63.47,150.28,-7.15,33.60418,-84.625468
EVT0031892,BMW00061,WBA00000000000061,2026-04-21 17:35:00,51.47,110.47,5.6,50.717123,-61.210724
EVT0075021,BMW00628,WBA00000000000628,2026-09-18 11:40:00,15.85,101.7,32.99,49.543976,28.864903
EVT0041740,BMW00044,WBA00000000000044,2026-05-25 22:15:00,89.06,49.62,-6.95,37.073166,119.010779
EVT0069955,BMW00079,WBA00000000000079,2026-08-31 21:30:00,61.18,7.5,-0.29,46.056924,-71.210274
EVT0093417,BMW00871,WBA00000000000871,2026-11-21 08:40:00,21.44,19.3,18.34,32.615158,-12.856938
EVT0032748,BMW00541,WBA00000000000541,2026-04-24 16:55:00,21.53,117.6,25.21,38.32316,-95.02162
EVT0074955,BMW00714,WBA00000000000714,2026-09-18 06:10:00,35.48,88.29,-4.72,30.629656,-108.520984
EVT0018691,BMW00523,WBA00000000000523,2026-03-06 21:30:00,94.34,60.4,44.05,16.706443,18.596741
EVT0088097,BMW00880,WBA00000000000880,2026-11-02 21:20:00,18.24,9.85,52.82,17.14775,143.332953
EVT0003584,BMW00066,WBA00000000000066,2026-01-13 10:35:00,46.23,61.62,9.34,22.270976,-7.305822
EVT0005083,BMW00219,WBA00000000000219,2026-01-18 15:30:00,89.23,26.09,37.59,17.164257,7.375821
EVT0094123,BMW00774,WBA00000000000774,2026-11-23 19:30:00,47.79,102.71,1.74,47.41068,-14.787596
EVT0072605,BMW00809,WBA00000000000809,2026-09-10 02:20:00,93.08,64.57,-0.73,23.396638,68.134183
EVT0058239,BMW00347,WBA00000000000347,2026-07-22 05:10:00,86.79,126.38,48.98,30.513945,-106.232098
EVT0049998,BMW00678,WBA00000000000678,2026-06-23 14:25:00,88.45,128.09,40.74,47.821986,-87.271571
EVT0044674,BMW00008,WBA00000000000008,2026-06-05 02:45:00,37.79,153.86,38.75,18.70322,145.320094
EVT0088637,BMW00723,WBA00000000000723,2026-11-04 18:20:00,31.43,2.46,41.71,18.289334,-31.890153
EVT0086439,BMW00072,WBA00000000000072,2026-10-28 03:10:00,21.23,96.56,54.57,23.028578,127.349851
EVT0080693,BMW00277,WBA00000000000277,2026-10-08 04:20:00,90.11,139.38,7.37,35.860223,-44.196511
EVT0079126,BMW00767,WBA00000000000767,2026-10-02 17:45:00,73.57,29.87,39.78,43.644226,-68.327038
EVT0031539,BMW00266,WBA00000000000266,2026-04-20 12:10:00,55.8,155.08,50.72,18.754107,42.535905
EVT0012105,BMW00255,WBA00000000000255,2026-02-12 00:40:00,92.83,8.06,9.19,22.762667,-111.31059
EVT0011240,BMW00726,WBA00000000000726,2026-02-09 00:35:00,39.2,9.56,44.05,30.339269,-16.646249
EVT0015175,BMW00895,WBA00000000000895,2026-02-22 16:30:00,19.64,121.65,-8.53,10.988976,-34.997235
EVT0096750,BMW00694,WBA00000000000694,2026-12-02 22:25:00,53.49,10.28,28.74,22.766546,35.085094
EVT0050123,BMW00310,WBA00000000000310,2026-06-24 00:50:00,77.65,103.48,30.76,14.148513,76.203411
EVT0073598,BMW00958,WBA00000000000958,2026-09-13 13:05:00,54.49,150.27,0.87,32.888988,-2.183076
EVT0016445,BMW00711,WBA00000000000711,2026-02-27 02:20:00,27.1,89.02,36.73,46.941216,136.109568
EVT0085408,BMW00207,WBA00000000000207,2026-10-24 13:15:00,53.21,109.39,49.55,34.998846,-36.314528
EVT0097256,BMW00639,WBA00000000000639,2026-12-04 16:35:00,10.11,49.04,45.61,38.516317,69.109865
EVT0050073,BMW00747,WBA00000000000747,2026-06-23 20:40:00,46.52,101.77,-8.76,42.62971,52.5745
EVT0085376,BMW00599,WBA00000000000599,2026-10-24 10:35:00,81.54,40.21,36.24,51.535317,107.324352
EVT0008431,BMW00384,WBA00000000000384,2026-01-30 06:30:00,34.55,19.71,5.87,52.443029,-69.361965
EVT0055763,BMW00388,WBA00000000000388,2026-07-13 14:50:00,17.85,49.51,8.77,11.168041,-8.678587
EVT0010779,BMW00472,WBA00000000000472,2026-02-07 10:10:00,68.14,53.55,54.27,19.716468,-0.915682
EVT0020133,BMW00047,WBA00000000000047,2026-03-11 21:40:00,27.0,1.74,-0.53,26.97479,-0.980992
EVT0060015,BMW00667,WBA00000000000667,2026-07-28 09:10:00,51.38,153.66,-9.33,43.414768,28.158088
EVT0023669,BMW00844,WBA00000000000844,2026-03-24 04:20:00,46.74,13.19,29.78,20.289447,-32.823378
EVT0032588,BMW00994,WBA00000000000994,2026-04-24 03:35:00,56.94,16.17,52.99,48.789016,133.625715
EVT0089927,BMW00247,WBA00000000000247,2026-11-09 05:50:00,22.76,149.92,-3.6,35.226757,-115.490778
EVT0046666,BMW00289,WBA00000000000289,2026-06-12 00:45:00,10.01,23.69,1.97,52.749562,-32.612287
EVT0084103,BMW00402,WBA00000000000402,2026-10-20 00:30:00,49.25,98.23,6.58,10.688285,94.574175
EVT0029630,BMW00508,WBA00000000000508,2026-04-13 21:05:00,35.45,142.33,42.21,43.329269,110.518805
EVT0063388,BMW00861,WBA00000000000861,2026-08-09 02:15:00,29.37,156.0,36.27,44.850563,-1.075875
EVT0099147,BMW00881,WBA00000000000881,2026-12-11 06:10:00,33.58,109.68,-7.59,39.095975,-86.732547
EVT0036744,BMW00212,WBA00000000000212,2026-05-08 13:55:00,64.62,41.76,2.84,41.352721,29.115358
EVT0047832,BMW00914,WBA00000000000914,2026-06-16 01:55:00,88.81,69.46,15.11,17.854542,-54.681409
EVT0032494,BMW00410,WBA00000000000410,2026-04-23 19:45:00,40.03,129.2,16.59,26.224281,-49.593419
EVT0059643,BMW00051,WBA00000000000051,2026-07-27 02:10:00,29.58,3.83,49.28,14.991323,129.436983
EVT0027305,BMW00971,WBA00000000000971,2026-04-05 19:20:00,80.35,87.26,28.02,49.350129,79.759647
EVT0089962,BMW00791,WBA00000000000791,2026-11-09 08:45:00,33.48,29.75,39.67,46.282709,136.257496
EVT0017550,BMW00063,WBA00000000000063,2026-03-02 22:25:00,37.86,39.16,1.68,43.377761,66.767243
EVT0067899,BMW00006,WBA00000000000006,2026-08-24 18:10:00,22.23,45.3,1.5,54.171989,29.737254
EVT0016640,BMW00356,WBA00000000000356,2026-02-27 18:35:00,76.05,4.61,52.01,20.511201,107.020759
EVT0034683,BMW00767,WBA00000000000767,2026-05-01 10:10:00,23.89,47.95,32.51,20.147853,38.611608
EVT0061918,BMW00026,WBA00000000000026,2026-08-03 23:45:00,96.49,119.83,3.93,13.874728,-44.736448
EVT0068104,BMW00954,WBA00000000000954,2026-08-25 11:15:00,14.23,71.8,8.27,21.288199,-14.887569
EVT0089835,BMW00872,WBA00000000000872,2026-11-08 22:10:00,68.28,29.71,11.98,18.534821,-72.196639
EVT0059091,BMW00366,WBA00000000000366,2026-07-25 04:10:00,22.16,135.99,11.3,13.699236,-112.775975
EVT0077878,BMW00097,WBA00000000000097,2026-09-28 09:45:00,32.45,2.59,-2.41,18.11035,144.499827
EVT0086256,BMW00358,WBA00000000000358,2026-10-27 11:55:00,60.96,57.78,44.36,39.549593,68.189406
EVT0044774,BMW00700,WBA00000000000700,2026-06-05 11:05:00,45.02,156.47,28.44,36.160023,-72.426097
EVT0019303,BMW00448,WBA00000000000448,2026-03-09 00:30:00,30.42,105.38,25.59,33.509976,93.25181
EVT0042858,BMW00842,WBA00000000000842,2026-05-29 19:25:00,38.35,24.68,51.44,28.140707,110.037406
EVT0086992,BMW00261,WBA00000000000261,2026-10-30 01:15:00,96.36,154.63,18.36,34.959624,85.593794
EVT0010628,BMW00251,WBA00000000000251,2026-02-06 21:35:00,47.2,14.19,52.08,23.655141,69.055471
EVT0041833,BMW00925,WBA00000000000925,2026-05-26 06:00:00,61.18,87.15,37.74,35.519189,-54.77556
EVT0088360,BMW00335,WBA00000000000335,2026-11-03 19:15:00,43.04,119.07,18.58,22.200381,-84.327647
EVT0031959,BMW00221,WBA00000000000221,2026-04-21 23:10:00,47.15,107.67,37.19,40.959604,3.382286
EVT0098869,BMW00622,WBA00000000000622,2026-12-10 07:00:00,77.67,145.47,24.02,34.940386,-118.384383
EVT0019119,BMW00487,WBA00000000000487,2026-03-08 09:10:00,62.44,89.14,8.17,35.184192,147.750504
EVT0098095,BMW00876,WBA00000000000876,2026-12-07 14:30:00,62.46,16.53,51.61,19.465179,-26.723462
EVT0042704,BMW00493,WBA00000000000493,2026-05-29 06:35:00,64.08,93.24,18.28,11.769819,-27.745073
EVT0032188,BMW00233,WBA00000000000233,2026-04-22 18:15:00,85.39,140.96,39.15,31.5582,112.728175
EVT0038619,BMW00654,WBA00000000000654,2026-05-15 02:10:00,97.47,4.73,49.86,40.731277,-69.904854
EVT0027950,BMW00513,WBA00000000000513,2026-04-08 01:05:00,12.18,84.19,42.7,8.16565,-13.498003
EVT0074806,BMW00534,WBA00000000000534,2026-09-17 17:45:00,18.53,119.36,54.8,35.147317,-32.725335
EVT0091981,BMW00035,WBA00000000000035,2026-11-16 09:00:00,34.91,80.92,24.11,20.672955,-77.947035
EVT0031295,BMW00958,WBA00000000000958,2026-04-19 15:50:00,70.39,97.87,39.31,34.02568,112.795171
EVT0023274,BMW00598,WBA00000000000598,2026-03-22 19:25:00,46.97,46.08,4.48,18.868093,134.102488
EVT0037938,BMW00868,WBA00000000000868,2026-05-12 17:25:00,14.45,95.69,4.66,23.424154,-93.954577
EVT0032548,BMW00545,WBA00000000000545,2026-04-24 00:15:00,73.94,107.15,5.66,47.662998,-24.283593
EVT0040067,BMW00767,WBA00000000000767,2026-05-20 02:50:00,68.85,132.92,9.72,22.73524,-96.213764
EVT0066255,BMW00948,WBA00000000000948,2026-08-19 01:10:00,75.06,117.95,11.85,41.462878,94.108536
EVT0081930,BMW00966,WBA00000000000966,2026-10-12 11:25:00,97.02,60.95,53.18,53.248595,7.601036
EVT0091648,BMW00378,WBA00000000000378,2026-11-15 05:15:00,68.94,37.62,15.14,35.035726,-77.744811
EVT0096829,BMW00300,WBA00000000000300,2026-12-03 05:00:00,77.2,58.77,-6.46,21.17403,147.165072
EVT0099066,BMW00598,WBA00000000000598,2026-12-10 23:25:00,92.61,142.52,21.94,24.740389,128.728796
EVT0005596,BMW00242,WBA00000000000242,2026-01-20 10:15:00,47.72,74.71,40.69,37.910773,-97.428764
EVT0067524,BMW00272,WBA00000000000272,2026-08-23 10:55:00,64.93,62.27,49.21,32.947267,-64.858111
EVT0054350,BMW00770,WBA00000000000770,2026-07-08 17:05:00,77.63,17.84,9.99,16.641262,140.723465
EVT0022132,BMW00740,WBA00000000000740,2026-03-18 20:15:00,59.67,66.14,-6.15,25.630641,-33.709798
EVT0064349,BMW00039,WBA00000000000039,2026-08-12 10:20:00,27.5,140.01,-4.57,16.482904,-2.16943
EVT0098837,BMW00518,WBA00000000000518,2026-12-10 04:20:00,18.94,81.41,-7.28,19.447138,32.613179
EVT0016243,BMW00700,WBA00000000000700,2026-02-26 09:30:00,49.24,119.32,16.11,12.531717,56.580802
EVT0073878,BMW00271,WBA00000000000271,2026-09-14 12:25:00,24.11,72.75,-9.98,17.911002,-54.610103
EVT0055168,BMW00726,WBA00000000000726,2026-07-11 13:15:00,78.48,18.23,39.51,51.307475,126.655001
EVT0077835,BMW00991,WBA00000000000991,2026-09-28 06:10:00,89.69,103.67,36.09,16.376246,-59.888992
EVT0082050,BMW00759,WBA00000000000759,2026-10-12 21:25:00,42.6,16.15,6.06,43.834785,-24.595519
EVT0074449,BMW00871,WBA00000000000871,2026-09-16 12:00:00,35.4,26.1,15.11,37.633794,13.276295
EVT0032275,BMW00497,WBA00000000000497,2026-04-23 01:30:00,74.07,99.43,47.22,52.720265,13.301171
EVT0009400,BMW00693,WBA00000000000693,2026-02-02 15:15:00,81.92,85.41,32.28,33.545567,14.773591
EVT0029120,BMW00449,WBA00000000000449,2026-04-12 02:35:00,37.3,35.96,23.04,28.261629,-27.651005
EVT0000908,BMW00914,WBA00000000000914,2026-01-04 03:35:00,31.98,17.33,-7.65,44.099907,140.723475
EVT0033057,BMW00332,WBA00000000000332,2026-04-25 18:40:00,27.21,26.71,-0.53,53.538856,-54.66116
EVT0092267,BMW00967,WBA00000000000967,2026-11-17 08:50:00,17.89,116.61,49.53,48.949161,128.671753
EVT0062588,BMW00119,WBA00000000000119,2026-08-06 07:35:00,34.75,46.62,-2.8,11.092076,69.000234
EVT0025782,BMW00470,WBA00000000000470,2026-03-31 12:25:00,82.4,140.39,43.03,33.854162,15.555625
EVT0077513,BMW00547,WBA00000000000547,2026-09-27 03:20:00,34.74,142.67,4.56,48.364331,6.121346
EVT0000842,BMW01000,WBA00000000001000,2026-01-03 22:05:00,37.23,64.7,38.91,14.099903,112.051956
EVT0037530,BMW00494,WBA00000000000494,2026-05-11 07:25:00,19.13,20.86,-9.27,16.186609,-84.372129
EVT0016045,BMW00169,WBA00000000000169,2026-02-25 17:00:00,65.64,6.71,-4.02,51.778754,63.054466
EVT0024098,BMW00087,WBA00000000000087,2026-03-25 16:05:00,37.84,152.28,51.98,11.412031,37.534639
EVT0073979,BMW00696,WBA00000000000696,2026-09-14 20:50:00,58.77,8.61,39.89,14.699444,-34.059958
EVT0029041,BMW00294,WBA00000000000294,2026-04-11 20:00:00,47.72,27.08,38.83,21.520441,48.672974
EVT0055889,BMW00956,WBA00000000000956,2026-07-14 01:20:00,24.81,148.21,39.29,13.544148,-87.188341
EVT0047631,BMW00458,WBA00000000000458,2026-06-15 09:10:00,35.58,16.26,21.03,29.584781,-26.401162
EVT0096305,BMW00676,WBA00000000000676,2026-12-01 09:20:00,41.04,27.88,-9.27,41.46117,46.49517
EVT0086111,BMW00897,WBA00000000000897,2026-10-26 23:50:00,63.95,49.0,49.92,10.765372,97.267671
EVT0048408,BMW00355,WBA00000000000355,2026-06-18 01:55:00,75.62,69.46,5.8,39.062807,99.598479
EVT0024077,BMW00583,WBA00000000000583,2026-03-25 14:20:00,51.33,29.25,41.24,53.10495,-88.975377
EVT0006718,BMW00555,WBA00000000000555,2026-01-24 07:45:00,46.6,131.57,1.1,8.622138,103.309487
EVT0012717,BMW00965,WBA00000000000965,2026-02-14 03:40:00,13.43,16.41,43.46,22.299529,-60.56545
EVT0026472,BMW00799,WBA00000000000799,2026-04-02 21:55:00,19.06,35.36,50.81,36.958243,14.51789
EVT0035815,BMW00245,WBA00000000000245,2026-05-05 08:30:00,52.02,84.82,5.34,36.745884,24.134011
EVT0019883,BMW00325,WBA00000000000325,2026-03-11 00:50:00,81.47,115.3,4.96,45.119856,-102.762479
EVT0098594,BMW00662,WBA00000000000662,2026-12-09 08:05:00,53.51,78.72,-2.44,37.584463,-57.564709
EVT0069618,BMW00624,WBA00000000000624,2026-08-30 17:25:00,68.51,136.15,46.58,34.229196,126.148268
EVT0004086,BMW00990,WBA00000000000990,2026-01-15 04:25:00,53.91,0.99,51.72,40.46262,-47.939444
EVT0098021,BMW00944,WBA00000000000944,2026-12-07 08:20:00,83.1,26.96,29.04,9.579315,-83.269656
EVT0036314,BMW00780,WBA00000000000780,2026-05-07 02:05:00,94.01,83.42,54.26,38.253776,-8.661577
EVT0012347,BMW00455,WBA00000000000455,2026-02-12 20:50:00,88.48,74.31,12.28,42.639602,40.927734
EVT0026904,BMW00178,WBA00000000000178,2026-04-04 09:55:00,48.12,146.25,18.74,53.499367,-107.4428
EVT0027626,BMW00900,WBA00000000000900,2026-04-06 22:05:00,85.14,37.24,32.99,17.432545,24.054251
EVT0051937,BMW00355,WBA00000000000355,2026-06-30 08:00:00,39.81,85.43,41.3,32.581074,-18.308402
EVT0010700,BMW00704,WBA00000000000704,2026-02-07 03:35:00,95.46,60.88,34.0,22.659457,-85.237539
EVT0080018,BMW00031,WBA00000000000031,2026-10-05 20:05:00,76.55,119.9,15.24,23.286121,-15.170442
EVT0082858,BMW00779,WBA00000000000779,2026-10-15 16:45:00,72.42,140.08,31.96,37.325731,57.560401
EVT0052088,BMW00947,WBA00000000000947,2026-06-30 20:35:00,57.43,3.25,8.37,54.801702,-56.567336
EVT0039461,BMW00810,WBA00000000000810,2026-05-18 00:20:00,22.47,0.31,11.98,25.228176,-79.103797
EVT0065792,BMW00328,WBA00000000000328,2026-08-17 10:35:00,68.37,141.22,42.84,15.699533,38.112922
EVT0001197,BMW00619,WBA00000000000619,2026-01-05 03:40:00,73.91,98.03,20.13,11.40099,-76.419282
EVT0065921,BMW00437,WBA00000000000437,2026-08-17 21:20:00,32.39,156.4,7.34,36.056526,59.476325
EVT0070858,BMW00172,WBA00000000000172,2026-09-04 00:45:00,66.1,14.88,44.31,33.355368,-27.569331
EVT0028324,BMW00984,WBA00000000000984,2026-04-09 08:15:00,35.61,145.25,32.91,17.517436,63.056858
EVT0000375,BMW00743,WBA00000000000743,2026-01-02 07:10:00,80.45,28.57,48.48,31.22065,-19.63285
EVT0000190,BMW00296,WBA00000000000296,2026-01-01 15:45:00,53.32,0.34,50.58,38.709715,4.740812
EVT0078638,BMW00753,WBA00000000000753,2026-10-01 01:05:00,66.05,12.44,8.46,47.204045,-16.228068
EVT0056217,BMW00223,WBA00000000000223,2026-07-15 04:40:00,84.7,67.61,-3.01,35.20984,74.092723
EVT0053755,BMW00011,WBA00000000000011,2026-07-06 15:30:00,20.38,112.89,53.78,33.608557,128.165678
EVT0015831,BMW00607,WBA00000000000607,2026-02-24 23:10:00,49.27,41.12,-5.36,25.08064,61.924718
EVT0079638,BMW00811,WBA00000000000811,2026-10-04 12:25:00,94.12,31.28,16.84,25.493571,134.332696
EVT0091115,BMW00840,WBA00000000000840,2026-11-13 08:50:00,36.73,78.02,13.69,39.727818,-92.136751
EVT0018945,BMW00648,WBA00000000000648,2026-03-07 18:40:00,39.89,33.52,4.57,41.777083,84.506969
EVT0062788,BMW00926,WBA00000000000926,2026-08-07 00:15:00,86.74,154.52,6.75,53.21951,-18.76947
EVT0056726,BMW00428,WBA00000000000428,2026-07-16 23:05:00,67.79,140.06,18.67,8.734843,4.133961
EVT0020159,BMW00070,WBA00000000000070,2026-03-11 23:50:00,64.27,127.0,-3.04,44.020559,30.262044
EVT0070934,BMW00910,WBA00000000000910,2026-09-04 07:05:00,60.22,61.73,37.43,36.333954,109.241994
EVT0053052,BMW00434,WBA00000000000434,2026-07-04 04:55:00,84.5,34.86,17.89,19.404743,-30.096188
EVT0090059,BMW00242,WBA00000000000242,2026-11-09 16:50:00,39.35,15.97,19.41,32.512126,-13.71687
EVT0079187,BMW00482,WBA00000000000482,2026-10-02 22:50:00,67.6,141.68,27.39,34.447352,54.713603
EVT0019418,BMW00332,WBA00000000000332,2026-03-09 10:05:00,41.17,42.65,26.44,26.626662,-96.297407
EVT0005316,BMW00590,WBA00000000000590,2026-01-19 10:55:00,91.57,125.47,46.89,43.101117,-87.069974
EVT0007303,BMW00290,WBA00000000000290,2026-01-26 08:30:00,67.13,50.52,22.4,38.703513,-17.604345
EVT0011614,BMW00692,WBA00000000000692,2026-02-10 07:45:00,40.13,87.21,4.17,38.998416,140.737429
EVT0010442,BMW00197,WBA00000000000197,2026-02-06 06:05:00,26.8,157.27,23.36,45.66501,67.122134
EVT0012993,BMW00122,WBA00000000000122,2026-02-15 02:40:00,85.27,38.63,9.82,38.76925,70.982172
EVT0020045,BMW00507,WBA00000000000507,2026-03-11 14:20:00,61.02,108.72,42.2,30.602037,100.276564
EVT0091138,BMW00046,WBA00000000000046,2026-11-13 10:45:00,59.63,135.54,34.66,44.926523,93.491735
EVT0088841,BMW00510,WBA00000000000510,2026-11-05 11:20:00,25.03,109.43,47.57,41.429841,56.788038
EVT0077285,BMW00681,WBA00000000000681,2026-09-26 08:20:00,47.99,129.48,-3.53,27.530335,44.157117
EVT0004891,BMW00555,WBA00000000000555,2026-01-17 23:30:00,17.91,31.85,16.76,38.014783,-4.076206
EVT0005825,BMW00688,WBA00000000000688,2026-01-21 05:20:00,80.3,14.14,10.24,49.150699,-30.791452
EVT0054012,BMW00638,WBA00000000000638,2026-07-07 12:55:00,43.0,124.14,34.82,19.17085,62.985898
EVT0089301,BMW00491,WBA00000000000491,2026-11-07 01:40:00,23.46,134.0,14.72,14.671404,67.281486
EVT0052274,BMW00919,WBA00000000000919,2026-07-01 12:05:00,30.7,118.44,44.75,34.879363,71.801777
EVT0028431,BMW00518,WBA00000000000518,2026-04-09 17:10:00,39.09,45.17,-5.22,14.288127,-41.285273
EVT0014976,BMW00815,WBA00000000000815,2026-02-21 23:55:00,42.06,107.99,28.11,48.370801,-95.112374
EVT0027448,BMW00824,WBA00000000000824,2026-04-06 07:15:00,56.0,92.41,6.28,21.869106,107.832671
EVT0099883,BMW00749,WBA00000000000749,2026-12-13 19:30:00,10.04,120.74,11.09,28.981577,129.625544
EVT0008473,BMW00141,WBA00000000000141,2026-01-30 10:00:00,95.6,102.37,27.32,24.87038,-18.782602
EVT0040950,BMW00917,WBA00000000000917,2026-05-23 04:25:00,93.21,58.24,41.57,20.196413,8.812209
EVT0061005,BMW00622,WBA00000000000622,2026-07-31 19:40:00,65.83,129.99,15.65,38.346662,-95.425822
EVT0010215,BMW00140,WBA00000000000140,2026-02-05 11:10:00,19.41,126.59,42.51,27.049976,122.14739
EVT0087562,BMW00445,WBA00000000000445,2026-11-01 00:45:00,79.69,36.33,10.53,46.452877,11.903166
EVT0079068,BMW00370,WBA00000000000370,2026-10-02 12:55:00,85.15,98.87,39.89,12.703801,-50.663175
EVT0054556,BMW00270,WBA00000000000270,2026-07-09 10:15:00,77.75,105.2,-1.66,11.735947,-97.45191
EVT0067223,BMW00766,WBA00000000000766,2026-08-22 09:50:00,35.73,126.42,48.96,29.162785,52.683407
EVT0075188,BMW00137,WBA00000000000137,2026-09-19 01:35:00,67.49,2.98,2.37,48.412383,28.972998
EVT0028004,BMW00173,WBA00000000000173,2026-04-08 05:35:00,95.15,149.94,18.25,19.624348,113.128854
EVT0045352,BMW00591,WBA00000000000591,2026-06-07 11:15:00,95.42,48.91,16.52,29.807915,93.37441
EVT0086015,BMW00859,WBA00000000000859,2026-10-26 15:50:00,59.27,50.36,33.99,21.806678,137.114962
EVT0051620,BMW00834,WBA00000000000834,2026-06-29 05:35:00,46.82,106.92,40.91,46.079242,92.913637
EVT0091145,BMW00879,WBA00000000000879,2026-11-13 11:20:00,82.24,139.15,-4.0,50.565953,-59.560976
EVT0077343,BMW00852,WBA00000000000852,2026-09-26 13:10:00,32.71,133.25,19.26,11.100043,-79.342659
EVT0010310,BMW00215,WBA00000000000215,2026-02-05 19:05:00,49.55,92.7,15.92,11.138319,38.058563
EVT0074432,BMW00951,WBA00000000000951,2026-09-16 10:35:00,54.41,8.62,-4.35,54.597965,-76.760386
EVT0089035,BMW00359,WBA00000000000359,2026-11-06 03:30:00,83.91,25.07,-9.52,20.492805,-30.841644
EVT0072714,BMW00648,WBA00000000000648,2026-09-10 11:25:00,54.99,4.5,30.2,17.784877,63.253095
EVT0084740,BMW00349,WBA00000000000349,2026-10-22 05:35:00,15.28,41.56,28.03,34.089632,-28.609299
EVT0037155,BMW00501,WBA00000000000501,2026-05-10 00:10:00,96.35,61.98,-6.81,51.005241,21.959469
EVT0095613,BMW00942,WBA00000000000942,2026-11-28 23:40:00,98.26,34.12,4.89,47.63385,68.589179
EVT0096405,BMW00598,WBA00000000000598,2026-12-01 17:40:00,83.48,105.58,36.48,19.780777,119.659593
EVT0071561,BMW00304,WBA00000000000304,2026-09-06 11:20:00,14.97,48.74,43.79,47.613356,28.482869
EVT0068149,BMW00608,WBA00000000000608,2026-08-25 15:00:00,55.15,133.64,-8.12,36.16427,55.490447
EVT0086752,BMW00238,WBA00000000000238,2026-10-29 05:15:00,46.87,31.5,20.77,45.383605,-76.549686
EVT0060289,BMW00068,WBA00000000000068,2026-07-29 08:00:00,67.32,158.17,49.19,13.169731,20.130153
EVT0021732,BMW00241,WBA00000000000241,2026-03-17 10:55:00,95.5,15.88,12.19,8.648665,91.413196
EVT0014461,BMW00703,WBA00000000000703,2026-02-20 05:00:00,75.44,58.79,29.12,13.591946,-116.60569
EVT0031700,BMW00324,WBA00000000000324,2026-04-21 01:35:00,61.42,92.91,54.5,25.582494,-99.954673
EVT0048105,BMW00870,WBA00000000000870,2026-06-17 00:40:00,53.32,54.97,-2.23,31.896789,-101.730692
EVT0004735,BMW00399,WBA00000000000399,2026-01-17 10:30:00,67.76,56.39,0.46,10.462079,56.424307
EVT0077677,BMW00014,WBA00000000000014,2026-09-27 17:00:00,73.26,75.07,33.25,12.464003,10.819438
EVT0067822,BMW00288,WBA00000000000288,2026-08-24 11:45:00,68.94,54.42,-7.53,32.103815,64.559335
EVT0087916,BMW00524,WBA00000000000524,2026-11-02 06:15:00,77.03,99.68,-7.01,44.337625,136.441144
EVT0048028,BMW00397,WBA00000000000397,2026-06-16 18:15:00,29.23,68.92,-9.5,17.803172,-86.769749
EVT0038925,BMW00602,WBA00000000000602,2026-05-16 03:40:00,28.65,81.23,23.61,41.679977,64.960372
EVT0033793,BMW00579,WBA00000000000579,2026-04-28 08:00:00,46.82,50.84,5.33,12.318333,129.117374
EVT0076700,BMW00711,WBA00000000000711,2026-09-24 07:35:00,46.57,67.27,43.97,29.219156,-73.721396
EVT0072514,BMW00497,WBA00000000000497,2026-09-09 18:45:00,16.05,11.28,43.06,14.015986,118.413507
EVT0052427,BMW00122,WBA00000000000122,2026-07-02 00:50:00,73.99,26.16,54.6,44.693816,-35.821936
EVT0094146,BMW00237,WBA00000000000237,2026-11-23 21:25:00,44.5,96.75,32.83,45.914541,148.621322
EVT0044763,BMW00128,WBA00000000000128,2026-06-05 10:10:00,26.51,139.33,23.54,24.005086,-70.543373
EVT0072670,BMW00910,WBA00000000000910,2026-09-10 07:45:00,21.79,81.97,48.95,52.82451,-82.965119
EVT0078827,BMW00906,WBA00000000000906,2026-10-01 16:50:00,98.0,107.15,51.09,17.730208,-119.789802
EVT0003638,BMW00854,WBA00000000000854,2026-01-13 15:05:00,85.63,87.54,42.32,23.268403,117.459657
EVT0096256,BMW00101,WBA00000000000101,2026-12-01 05:15:00,96.93,144.84,45.14,26.428764,73.286221
EVT0024902,BMW00759,WBA00000000000759,2026-03-28 11:05:00,99.84,39.11,43.01,13.362068,68.742489
EVT0014367,BMW00905,WBA00000000000905,2026-02-19 21:10:00,28.16,61.0,4.75,50.335142,-107.741724
EVT0072369,BMW00842,WBA00000000000842,2026-09-09 06:40:00,15.61,41.15,16.95,29.269687,-110.680529
EVT0012295,BMW00131,WBA00000000000131,2026-02-12 16:30:00,88.95,93.54,46.38,9.359281,7.993708
EVT0070265,BMW00406,WBA00000000000406,2026-09-01 23:20:00,72.59,62.12,27.64,8.549683,-11.578004
EVT0011365,BMW00891,WBA00000000000891,2026-02-09 11:00:00,81.63,154.87,24.17,35.547548,-70.535208
EVT0094606,BMW00602,WBA00000000000602,2026-11-25 11:45:00,73.01,61.12,-4.82,31.082011,-48.267249
EVT0029665,BMW00545,WBA00000000000545,2026-04-14 00:00:00,47.16,4.93,46.9,45.601094,96.952705
EVT0092694,BMW00065,WBA00000000000065,2026-11-18 20:25:00,49.84,110.13,-4.05,46.602994,123.089385
EVT0035053,BMW00313,WBA00000000000313,2026-05-02 17:00:00,30.7,19.51,16.85,37.457292,-3.419561
EVT0045251,BMW00635,WBA00000000000635,2026-06-07 02:50:00,84.95,37.86,41.4,8.116496,132.216869
EVT0070000,BMW00812,WBA00000000000812,2026-09-01 01:15:00,70.56,95.8,50.7,26.886946,71.80181
EVT0093925,BMW00902,WBA00000000000902,2026-11-23 03:00:00,21.77,120.81,50.04,20.725391,-1.519959
EVT0026515,BMW00509,WBA00000000000509,2026-04-03 01:30:00,62.06,101.09,1.85,22.868458,-102.950486
EVT0018549,BMW00488,WBA00000000000488,2026-03-06 09:40:00,63.74,21.7,29.89,49.641874,138.827432
EVT0059682,BMW00511,WBA00000000000511,2026-07-27 05:25:00,63.23,115.25,-6.65,12.392209,134.25928
EVT0061193,BMW00298,WBA00000000000298,2026-08-01 11:20:00,83.04,51.76,28.28,34.494855,95.032787
EVT0029133,BMW00367,WBA00000000000367,2026-04-12 03:40:00,91.46,26.75,4.25,28.634885,-28.152578
EVT0065129,BMW00229,WBA00000000000229,2026-08-15 03:20:00,28.67,108.84,20.19,48.661791,-107.939463
EVT0096210,BMW00148,WBA00000000000148,2026-12-01 01:25:00,23.36,27.67,35.68,49.843939,93.783597
EVT0017255,BMW00005,WBA00000000000005,2026-03-01 21:50:00,43.33,135.24,-5.3,21.312121,-59.975291
EVT0097427,BMW00287,WBA00000000000287,2026-12-05 06:50:00,72.52,47.04,-0.8,19.881564,-52.03184
EVT0016489,BMW00845,WBA00000000000845,2026-02-27 06:00:00,54.66,91.68,23.8,42.850879,7.517135
EVT0065047,BMW00423,WBA00000000000423,2026-08-14 20:30:00,16.27,81.02,43.71,45.304815,-34.159933
EVT0045618,BMW00746,WBA00000000000746,2026-06-08 09:25:00,43.9,12.73,-2.36,16.498625,104.121901
EVT0013956,BMW00755,WBA00000000000755,2026-02-18 10:55:00,74.28,119.25,23.54,30.355546,144.391412
EVT0089108,BMW00484,WBA00000000000484,2026-11-06 09:35:00,16.92,110.64,23.96,33.312548,78.511318
EVT0048025,BMW00356,WBA00000000000356,2026-06-16 18:00:00,45.35,50.64,51.71,16.265474,32.869658
EVT0037288,BMW00407,WBA00000000000407,2026-05-10 11:15:00,83.49,1.55,51.93,42.234143,14.794021
EVT0094901,BMW00257,WBA00000000000257,2026-11-26 12:20:00,52.31,15.27,23.97,29.723072,-82.402854
EVT0020771,BMW00062,WBA00000000000062,2026-03-14 02:50:00,88.54,7.31,38.73,36.911841,-87.75199
EVT0038743,BMW00116,WBA00000000000116,2026-05-15 12:30:00,41.32,2.86,35.64,26.379217,103.772208
EVT0078970,BMW00299,WBA00000000000299,2026-10-02 04:45:00,42.38,0.91,-2.07,26.893454,117.326314
EVT0052069,BMW00506,WBA00000000000506,2026-06-30 19:00:00,43.64,12.52,34.03,38.56821,6.951011
EVT0026634,BMW00481,WBA00000000000481,2026-04-03 11:25:00,91.2,83.78,32.78,50.250769,129.880765
EVT0078435,BMW00189,WBA00000000000189,2026-09-30 08:10:00,48.66,137.64,24.33,10.107842,112.702003
EVT0008936,BMW00174,WBA00000000000174,2026-02-01 00:35:00,57.5,42.07,32.06,50.859898,-95.111551
EVT0031312,BMW00303,WBA00000000000303,2026-04-19 17:15:00,48.15,14.69,52.17,22.735581,-48.14447
EVT0004914,BMW00859,WBA00000000000859,2026-01-18 01:25:00,82.4,26.2,52.51,17.015325,-34.061417
EVT0086711,BMW00650,WBA00000000000650,2026-10-29 01:50:00,94.67,75.31,41.61,14.528542,96.400456
EVT0062694,BMW00336,WBA00000000000336,2026-08-06 16:25:00,67.33,142.04,39.45,27.285894,27.641597
EVT0076135,BMW00740,WBA00000000000740,2026-09-22 08:30:00,26.04,106.75,2.41,49.096497,-37.076499
EVT0097642,BMW00737,WBA00000000000737,2026-12-06 00:45:00,93.96,62.82,-0.22,21.211967,-20.237765
EVT0063066,BMW00385,WBA00000000000385,2026-08-07 23:25:00,43.45,21.72,46.73,49.134619,69.112578
EVT0095661,BMW00017,WBA00000000000017,2026-11-29 03:40:00,59.89,116.57,18.67,45.10835,126.662557
EVT0059046,BMW00945,WBA00000000000945,2026-07-25 00:25:00,10.74,13.22,8.61,53.772815,-51.196497
EVT0053385,BMW00068,WBA00000000000068,2026-07-05 08:40:00,19.99,109.8,5.48,40.730862,140.395228
EVT0007939,BMW00783,WBA00000000000783,2026-01-28 13:30:00,60.38,58.48,25.61,53.431756,22.605963
EVT0097697,BMW00891,WBA00000000000891,2026-12-06 05:20:00,13.45,102.7,16.93,20.880844,8.576697
EVT0046703,BMW00326,WBA00000000000326,2026-06-12 03:50:00,50.08,92.01,-6.34,20.086968,-93.609789
EVT0029020,BMW00298,WBA00000000000298,2026-04-11 18:15:00,75.81,34.32,38.81,46.287073,52.00244
EVT0050657,BMW00157,WBA00000000000157,2026-06-25 21:20:00,84.23,125.59,43.64,17.480799,22.983691
EVT0032566,BMW00178,WBA00000000000178,2026-04-24 01:45:00,81.56,16.69,26.59,27.370779,-1.67086
EVT0042825,BMW00234,WBA00000000000234,2026-05-29 16:40:00,30.84,100.75,41.39,38.264663,143.129971
EVT0093342,BMW00739,WBA00000000000739,2026-11-21 02:25:00,69.21,120.59,-4.01,18.237693,-91.570684
EVT0087191,BMW00350,WBA00000000000350,2026-10-30 17:50:00,15.59,156.16,5.95,30.061441,75.467881
EVT0067908,BMW00372,WBA00000000000372,2026-08-24 18:55:00,57.1,33.42,2.76,27.109157,83.439741
EVT0007340,BMW00699,WBA00000000000699,2026-01-26 11:35:00,43.48,66.11,-9.9,16.795141,-101.603401
EVT0089382,BMW00677,WBA00000000000677,2026-11-07 08:25:00,98.66,44.69,1.89,12.994228,-51.08217
EVT0090270,BMW00757,WBA00000000000757,2026-11-10 10:25:00,90.69,112.98,52.84,14.371167,-6.513388
EVT0061407,BMW00279,WBA00000000000279,2026-08-02 05:10:00,72.43,141.72,-5.28,10.227051,29.336295
EVT0029559,BMW00571,WBA00000000000571,2026-04-13 15:10:00,28.92,36.81,5.56,28.172534,102.262044
EVT0004325,BMW00408,WBA00000000000408,2026-01-16 00:20:00,99.89,46.19,-9.61,42.627835,-105.208011
EVT0090878,BMW00722,WBA00000000000722,2026-11-12 13:05:00,16.93,151.15,35.8,51.588518,-92.5421
EVT0040147,BMW00571,WBA00000000000571,2026-05-20 09:30:00,15.28,118.68,49.72,19.292449,97.445837
EVT0064978,BMW00411,WBA00000000000411,2026-08-14 14:45:00,63.35,22.54,43.28,52.400998,128.2222
EVT0079411,BMW00290,WBA00000000000290,2026-10-03 17:30:00,26.05,130.89,23.13,46.314562,115.469359
EVT0085057,BMW00520,WBA00000000000520,2026-10-23 08:00:00,29.59,123.56,27.31,14.157738,40.771193
EVT0047231,BMW00877,WBA00000000000877,2026-06-13 23:50:00,88.51,52.5,7.56,50.965152,120.946819
EVT0089814,BMW00542,WBA00000000000542,2026-11-08 20:25:00,28.19,87.87,-2.1,49.34211,28.438105
EVT0002805,BMW00759,WBA00000000000759,2026-01-10 17:40:00,12.5,73.48,10.94,28.137875,-30.70388
EVT0091819,BMW00751,WBA00000000000751,2026-11-15 19:30:00,98.17,7.91,-1.54,51.283383,66.156911
EVT0041931,BMW00814,WBA00000000000814,2026-05-26 14:10:00,56.5,70.3,28.08,34.996876,-99.606322
EVT0011104,BMW00752,WBA00000000000752,2026-02-08 13:15:00,17.38,84.19,36.67,16.519029,12.576363
EVT0017875,BMW00431,WBA00000000000431,2026-03-04 01:30:00,15.83,94.74,-0.94,44.501154,-37.816263
EVT0097185,BMW00651,WBA00000000000651,2026-12-04 10:40:00,50.55,17.78,-1.01,40.599891,-81.97603
EVT0089051,BMW00053,WBA00000000000053,2026-11-06 04:50:00,56.13,101.23,-2.69,53.857543,-119.213979
EVT0042833,BMW00586,WBA00000000000586,2026-05-29 17:20:00,24.57,88.14,8.05,32.903713,111.102219
EVT0046530,BMW00799,WBA00000000000799,2026-06-11 13:25:00,75.41,158.41,42.53,42.123137,-72.28856
EVT0028356,BMW00387,WBA00000000000387,2026-04-09 10:55:00,35.2,78.41,25.14,41.413518,92.239104
EVT0082490,BMW00047,WBA00000000000047,2026-10-14 10:05:00,22.37,0.18,48.47,49.06747,99.53248
EVT0043291,BMW00352,WBA00000000000352,2026-05-31 07:30:00,86.39,149.43,-9.22,8.542459,-3.096101
EVT0000451,BMW00255,WBA00000000000255,2026-01-02 13:30:00,71.22,126.92,52.63,26.007974,-49.308502
EVT0045413,BMW00633,WBA00000000000633,2026-06-07 16:20:00,93.69,82.85,-8.63,32.407741,70.981345
EVT0023450,BMW00424,WBA00000000000424,2026-03-23 10:05:00,54.48,123.58,-4.35,22.642771,115.554372
EVT0082819,BMW00404,WBA00000000000404,2026-10-15 13:30:00,13.56,78.85,19.49,52.463167,69.673259
EVT0097501,BMW00476,WBA00000000000476,2026-12-05 13:00:00,85.91,11.81,50.89,27.225338,120.646375
EVT0012086,BMW00315,WBA00000000000315,2026-02-11 23:05:00,39.46,9.7,-9.86,30.980417,-57.25973
EVT0084962,BMW00792,WBA00000000000792,2026-10-23 00:05:00,95.74,12.11,25.22,46.991462,-92.171133
EVT0092257,BMW00214,WBA00000000000214,2026-11-17 08:00:00,40.29,134.13,-3.16,34.80844,-17.668315
EVT0081773,BMW00914,WBA00000000000914,2026-10-11 22:20:00,20.6,7.43,33.79,11.500986,-7.922784
EVT0075132,BMW00394,WBA00000000000394,2026-09-18 20:55:00,36.25,64.08,-8.48,34.739351,88.919055
EVT0030868,BMW00967,WBA00000000000967,2026-04-18 04:15:00,55.76,23.83,26.46,53.271538,-116.282788
EVT0077425,BMW00451,WBA00000000000451,2026-09-26 20:00:00,98.51,126.45,42.17,52.938045,-20.684285
EVT0013389,BMW00706,WBA00000000000706,2026-02-16 11:40:00,21.18,150.77,46.88,47.653558,51.672195
EVT0022354,BMW00491,WBA00000000000491,2026-03-19 14:45:00,97.71,67.74,-1.61,30.483482,77.05092
EVT0015827,BMW00682,WBA00000000000682,2026-02-24 22:50:00,45.76,91.7,25.01,53.673751,-119.287878
EVT0067475,BMW00071,WBA00000000000071,2026-08-23 06:50:00,59.74,51.35,31.62,53.765118,8.137284
EVT0008812,BMW00818,WBA00000000000818,2026-01-31 14:15:00,11.17,81.87,31.59,28.894178,22.193097
EVT0055827,BMW00575,WBA00000000000575,2026-07-13 20:10:00,72.36,24.32,26.47,51.537809,-75.247171
EVT0053355,BMW00067,WBA00000000000067,2026-07-05 06:10:00,65.0,21.0,13.71,30.47623,-36.17974
EVT0086972,BMW00361,WBA00000000000361,2026-10-29 23:35:00,32.85,149.67,8.22,37.506975,-43.905676
EVT0079856,BMW00043,WBA00000000000043,2026-10-05 06:35:00,71.85,64.78,6.76,52.333774,31.152068
EVT0079674,BMW00985,WBA00000000000985,2026-10-04 15:25:00,83.26,54.89,11.43,39.789047,92.437713
EVT0082651,BMW00669,WBA00000000000669,2026-10-14 23:30:00,72.63,118.77,-2.95,20.638158,74.088756
EVT0048996,BMW00739,WBA00000000000739,2026-06-20 02:55:00,39.73,78.67,38.83,28.971492,53.849124
EVT0056585,BMW00591,WBA00000000000591,2026-07-16 11:20:00,54.33,154.45,27.47,8.187578,108.357796
EVT0068080,BMW00368,WBA00000000000368,2026-08-25 09:15:00,22.73,66.68,27.19,21.796761,-39.315864
EVT0015287,BMW00886,WBA00000000000886,2026-02-23 01:50:00,50.88,105.03,15.7,34.517786,-38.808108
EVT0004750,BMW00520,WBA00000000000520,2026-01-17 11:45:00,97.27,68.98,4.5,10.510981,-69.219362
EVT0033094,BMW00577,WBA00000000000577,2026-04-25 21:45:00,94.51,119.94,44.18,14.541623,129.98017
EVT0080854,BMW00998,WBA00000000000998,2026-10-08 17:45:00,44.54,17.9,23.61,52.722717,-105.786149
EVT0098518,BMW00650,WBA00000000000650,2026-12-09 01:45:00,11.39,13.88,5.58,47.51534,0.476335
EVT0054109,BMW00242,WBA00000000000242,2026-07-07 21:00:00,40.79,144.97,38.9,10.207075,132.399254
EVT0025868,BMW00804,WBA00000000000804,2026-03-31 19:35:00,43.78,73.65,43.03,8.096721,-9.45956
EVT0026582,BMW00713,WBA00000000000713,2026-04-03 07:05:00,84.68,65.61,43.53,38.874617,1.489632
EVT0066806,BMW00144,WBA00000000000144,2026-08-20 23:05:00,17.41,5.98,-9.15,27.988123,42.966829
EVT0074340,BMW00668,WBA00000000000668,2026-09-16 02:55:00,30.25,33.92,12.08,34.664093,113.635575
EVT0046674,BMW00524,WBA00000000000524,2026-06-12 01:25:00,24.07,152.05,-2.54,23.463354,91.230231
EVT0007091,BMW00467,WBA00000000000467,2026-01-25 14:50:00,97.55,0.43,2.2,9.53747,-36.310659
EVT0004912,BMW00237,WBA00000000000237,2026-01-18 01:15:00,26.36,106.83,36.56,16.194207,95.036834
EVT0052797,BMW00666,WBA00000000000666,2026-07-03 07:40:00,67.77,67.32,1.83,40.705982,27.369898
EVT0072344,BMW00999,WBA00000000000999,2026-09-09 04:35:00,65.07,144.3,-4.5,49.585291,48.386851
EVT0044495,BMW00703,WBA00000000000703,2026-06-04 11:50:00,19.34,1.96,26.24,21.967124,117.625749
EVT0065185,BMW00277,WBA00000000000277,2026-08-15 08:00:00,45.49,108.52,36.31,15.197103,90.077445
EVT0076599,BMW00483,WBA00000000000483,2026-09-23 23:10:00,83.26,116.01,53.75,36.367195,8.161322
EVT0089138,BMW00222,WBA00000000000222,2026-11-06 12:05:00,65.22,55.71,45.83,28.015476,-81.074094
EVT0073199,BMW00654,WBA00000000000654,2026-09-12 03:50:00,36.98,114.16,4.58,46.851528,120.397181
EVT0026277,BMW00030,WBA00000000000030,2026-04-02 05:40:00,44.2,25.0,7.25,39.282551,44.840768
EVT0063840,BMW00651,WBA00000000000651,2026-08-10 15:55:00,29.65,96.07,21.97,10.490293,-54.387398
EVT0040500,BMW00211,WBA00000000000211,2026-05-21 14:55:00,78.94,101.32,46.58,16.967154,-88.196501
EVT0001937,BMW00484,WBA00000000000484,2026-01-07 17:20:00,94.3,1.42,23.03,13.427663,-104.674569
EVT0063861,BMW00966,WBA00000000000966,2026-08-10 17:40:00,55.03,93.0,0.47,23.652189,-62.402494
EVT0020267,BMW00855,WBA00000000000855,2026-03-12 08:50:00,10.63,47.62,10.77,11.794211,-28.315911
EVT0048460,BMW00278,WBA00000000000278,2026-06-18 06:15:00,68.53,25.82,13.35,30.826588,50.403814
EVT0011191,BMW00012,WBA00000000000012,2026-02-08 20:30:00,21.07,117.26,-1.88,9.419025,-4.582705
EVT0037098,BMW00154,WBA00000000000154,2026-05-09 19:25:00,96.83,103.62,11.27,27.920985,39.63471
EVT0014282,BMW00725,WBA00000000000725,2026-02-19 14:05:00,57.6,154.97,46.95,38.054638,85.879584
EVT0086792,BMW00364,WBA00000000000364,2026-10-29 08:35:00,24.19,74.28,46.77,27.457111,-56.650823
EVT0054179,BMW00001,WBA00000000000001,2026-07-08 02:50:00,97.91,156.93,54.26,38.92532,104.082142
EVT0051617,BMW00894,WBA00000000000894,2026-06-29 05:20:00,27.92,22.83,46.04,11.318236,-119.563537
EVT0081008,BMW00519,WBA00000000000519,2026-10-09 06:35:00,79.15,122.45,51.86,19.905972,102.565866
EVT0094567,BMW00883,WBA00000000000883,2026-11-25 08:30:00,54.11,151.97,22.05,15.202321,-81.562442
EVT0002207,BMW00987,WBA00000000000987,2026-01-08 15:50:00,92.57,18.03,36.36,25.510695,-9.494095
EVT0033235,BMW00987,WBA00000000000987,2026-04-26 09:30:00,90.46,12.28,46.1,53.097155,-72.378023
EVT0063264,BMW00691,WBA00000000000691,2026-08-08 15:55:00,78.26,143.5,34.58,10.127869,-74.988899
EVT0079343,BMW00008,WBA00000000000008,2026-10-03 11:50:00,40.21,82.52,21.45,31.441231,110.701763
EVT0090420,BMW00812,WBA00000000000812,2026-11-10 22:55:00,16.21,35.73,-7.44,29.505187,-78.53457
EVT0082536,BMW00356,WBA00000000000356,2026-10-14 13:55:00,58.95,119.18,38.7,33.079608,75.033261
EVT0029851,BMW00075,WBA00000000000075,2026-04-14 15:30:00,52.26,121.25,41.65,17.665698,71.435593
EVT0029221,BMW00912,WBA00000000000912,2026-04-12 11:00:00,66.06,82.44,12.85,54.598565,-37.941266
EVT0049615,BMW00931,WBA00000000000931,2026-06-22 06:30:00,76.0,158.57,-6.38,19.461806,-50.2716
EVT0076939,BMW00580,WBA00000000000580,2026-09-25 03:30:00,33.88,67.25,51.42,21.803448,29.794502
EVT0004665,BMW00041,WBA00000000000041,2026-01-17 04:40:00,37.99,71.81,11.31,12.67608,24.031237
EVT0061012,BMW00033,WBA00000000000033,2026-07-31 20:15:00,75.24,92.06,47.07,14.228792,-11.362389
EVT0086715,BMW00996,WBA00000000000996,2026-10-29 02:10:00,49.69,84.67,29.27,50.959899,62.792294
EVT0051256,BMW00403,WBA00000000000403,2026-06-27 23:15:00,57.83,105.61,14.9,46.71392,-70.745326
EVT0056350,BMW00354,WBA00000000000354,2026-07-15 15:45:00,46.85,82.85,32.41,29.987763,140.88955
EVT0085703,BMW00470,WBA00000000000470,2026-10-25 13:50:00,24.25,119.46,-0.5,26.387557,80.160903
EVT0089426,BMW00454,WBA00000000000454,2026-11-07 12:05:00,86.28,143.38,-0.93,51.804096,-81.409309
EVT0016181,BMW00607,WBA00000000000607,2026-02-26 04:20:00,61.24,81.97,31.86,49.92406,119.401052
EVT0000975,BMW00964,WBA00000000000964,2026-01-04 09:10:00,32.37,81.47,-2.79,21.563353,69.456141
EVT0078998,BMW00701,WBA00000000000701,2026-10-02 07:05:00,43.49,46.38,51.09,28.521045,86.515362
EVT0094061,BMW00676,WBA00000000000676,2026-11-23 14:20:00,39.27,66.97,47.7,38.649578,81.552295
EVT0009412,BMW00403,WBA00000000000403,2026-02-02 16:15:00,40.56,23.15,40.74,40.824097,-30.244091
EVT0032949,BMW00209,WBA00000000000209,2026-04-25 09:40:00,94.28,23.63,-3.42,16.283041,67.007722
EVT0098966,BMW00928,WBA00000000000928,2026-12-10 15:05:00,41.07,134.05,34.36,28.705795,75.283859
EVT0036929,BMW00076,WBA00000000000076,2026-05-09 05:20:00,51.7,61.18,22.59,50.686255,-30.535567
EVT0034120,BMW00032,WBA00000000000032,2026-04-29 11:15:00,36.34,154.33,10.97,21.588652,-2.85721
EVT0055355,BMW00344,WBA00000000000344,2026-07-12 04:50:00,25.34,71.69,16.24,8.117131,63.143631
EVT0011506,BMW00731,WBA00000000000731,2026-02-09 22:45:00,85.3,149.42,36.18,19.455525,-4.457275
EVT0097069,BMW00315,WBA00000000000315,2026-12-04 01:00:00,65.33,118.36,28.36,54.44876,-98.729891
EVT0060672,BMW00933,WBA00000000000933,2026-07-30 15:55:00,55.02,50.31,-6.35,10.406308,-98.424778
EVT0015307,BMW00153,WBA00000000000153,2026-02-23 03:30:00,18.78,29.01,46.88,8.884843,-11.996605
EVT0023045,BMW00219,WBA00000000000219,2026-03-22 00:20:00,16.13,140.32,51.1,12.844407,105.544533
EVT0059777,BMW00607,WBA00000000000607,2026-07-27 13:20:00,82.67,28.42,47.01,27.368846,45.968275
EVT0048213,BMW00371,WBA00000000000371,2026-06-17 09:40:00,41.74,20.15,22.01,33.204948,96.135859
EVT0035919,BMW00567,WBA00000000000567,2026-05-05 17:10:00,64.4,108.73,35.28,39.423427,-82.691953
EVT0047965,BMW00937,WBA00000000000937,2026-06-16 13:00:00,54.68,1.9,24.16,25.246164,46.026973
EVT0013839,BMW00434,WBA00000000000434,2026-02-18 01:10:00,23.06,145.02,19.76,46.734103,31.332074
EVT0098455,BMW00944,WBA00000000000944,2026-12-08 20:30:00,59.85,78.88,21.45,54.201773,105.637796
EVT0080749,BMW00365,WBA00000000000365,2026-10-08 09:00:00,28.66,75.01,19.19,33.993776,90.412487
EVT0079449,BMW00378,WBA00000000000378,2026-10-03 20:40:00,44.22,85.91,-0.45,49.098538,90.761648
EVT0055072,BMW01000,WBA00000000001000,2026-07-11 05:15:00,89.06,123.59,20.66,28.633424,-21.494611
EVT0090697,BMW00460,WBA00000000000460,2026-11-11 22:00:00,84.75,93.76,6.75,49.949249,141.571011
EVT0064515,BMW00436,WBA00000000000436,2026-08-13 00:10:00,65.82,12.67,41.22,17.102797,134.90499
EVT0003185,BMW00575,WBA00000000000575,2026-01-12 01:20:00,36.25,2.73,36.98,19.540805,-87.0237
EVT0005813,BMW00507,WBA00000000000507,2026-01-21 04:20:00,51.66,54.46,21.26,11.76562,-32.33708
EVT0010475,BMW00002,WBA00000000000002,2026-02-06 08:50:00,17.83,48.22,23.49,28.222859,60.356043
EVT0088246,BMW00370,WBA00000000000370,2026-11-03 09:45:00,29.03,76.46,18.35,26.290649,17.968843
EVT0037911,BMW00617,WBA00000000000617,2026-05-12 15:10:00,74.48,88.24,-7.91,46.524863,-114.973837
EVT0052210,BMW00262,WBA00000000000262,2026-07-01 06:45:00,53.7,4.91,53.18,17.233286,-53.718245
EVT0032127,BMW00244,WBA00000000000244,2026-04-22 13:10:00,44.32,114.08,50.18,44.272435,37.197533
EVT0010743,BMW00992,WBA00000000000992,2026-02-07 07:10:00,50.64,91.18,2.63,31.275304,-29.58636
EVT0054816,BMW00240,WBA00000000000240,2026-07-10 07:55:00,33.95,80.69,54.54,54.181663,-10.580429
EVT0093278,BMW00702,WBA00000000000702,2026-11-20 21:05:00,81.83,26.91,53.41,32.922072,126.517644
EVT0022669,BMW00352,WBA00000000000352,2026-03-20 17:00:00,26.31,137.01,32.41,12.971629,38.172322
EVT0005171,BMW00081,WBA00000000000081,2026-01-18 22:50:00,92.71,143.3,40.95,25.093309,114.404667
EVT0012486,BMW00171,WBA00000000000171,2026-02-13 08:25:00,84.41,111.91,26.36,20.557773,143.556781
EVT0001079,BMW00577,WBA00000000000577,2026-01-04 17:50:00,78.3,24.45,46.97,17.395013,24.716371
EVT0068579,BMW00471,WBA00000000000471,2026-08-27 02:50:00,79.68,90.6,33.14,31.675708,50.145396
EVT0043764,BMW00081,WBA00000000000081,2026-06-01 22:55:00,10.93,155.0,20.86,26.779012,73.417314
EVT0090741,BMW00844,WBA00000000000844,2026-11-12 01:40:00,62.61,101.81,11.15,38.355617,141.136799
EVT0046203,BMW00590,WBA00000000000590,2026-06-10 10:10:00,99.0,137.24,35.17,53.770491,73.763007
EVT0061493,BMW00730,WBA00000000000730,2026-08-02 12:20:00,92.22,73.32,19.9,38.176299,32.489952
EVT0090975,BMW00578,WBA00000000000578,2026-11-12 21:10:00,83.16,119.95,40.91,44.204468,-17.234131
EVT0010823,BMW00154,WBA00000000000154,2026-02-07 13:50:00,32.94,11.66,9.3,34.659923,-61.1168
EVT0023767,BMW00514,WBA00000000000514,2026-03-24 12:30:00,53.39,62.96,49.74,23.109608,118.418701
EVT0091863,BMW00697,WBA00000000000697,2026-11-15 23:10:00,73.11,113.13,47.77,10.305912,86.652162
EVT0074951,BMW00596,WBA00000000000596,2026-09-18 05:50:00,90.28,146.09,26.82,44.959767,21.189344
EVT0084975,BMW00331,WBA00000000000331,2026-10-23 01:10:00,41.79,19.4,23.07,51.852738,106.333607
EVT0092748,BMW00222,WBA00000000000222,2026-11-19 00:55:00,79.97,83.18,12.79,30.722122,110.013148
EVT0042652,BMW00592,WBA00000000000592,2026-05-29 02:15:00,59.71,59.18,19.51,22.462972,-109.343844
EVT0076705,BMW00035,WBA00000000000035,2026-09-24 08:00:00,52.16,1.95,-6.3,17.522184,13.362277
EVT0098303,BMW00131,WBA00000000000131,2026-12-08 07:50:00,72.26,133.24,21.99,32.625319,143.70819
EVT0037103,BMW00740,WBA00000000000740,2026-05-09 19:50:00,52.13,91.42,-9.24,53.405518,-41.985419
EVT0054582,BMW00386,WBA00000000000386,2026-07-09 12:25:00,25.46,65.77,53.23,27.934853,144.756051
EVT0020290,BMW00416,WBA00000000000416,2026-03-12 10:45:00,22.94,3.52,41.6,47.961225,32.410879
EVT0091901,BMW00191,WBA00000000000191,2026-11-16 02:20:00,88.53,99.42,-4.6,24.65688,98.348504
EVT0008286,BMW00207,WBA00000000000207,2026-01-29 18:25:00,22.48,47.64,13.66,35.511535,-23.233957
EVT0000065,BMW00515,WBA00000000000515,2026-01-01 05:20:00,40.95,57.24,41.12,23.67055,15.911404
EVT0026048,BMW00128,WBA00000000000128,2026-04-01 10:35:00,96.86,57.78,25.09,28.669666,-105.02083
EVT0026175,BMW00553,WBA00000000000553,2026-04-01 21:10:00,44.51,106.35,23.27,10.838716,-45.077776
EVT0050172,BMW00685,WBA00000000000685,2026-06-24 04:55:00,89.01,1.0,41.16,48.944905,-28.597886
EVT0081929,BMW00790,WBA00000000000790,2026-10-12 11:20:00,50.48,37.0,30.78,23.947551,-70.943315
EVT0028632,BMW00650,WBA00000000000650,2026-04-10 09:55:00,54.73,137.1,17.22,25.543837,-75.739212
EVT0047407,BMW00935,WBA00000000000935,2026-06-14 14:30:00,68.1,94.82,49.07,49.053292,-47.786219
EVT0097043,BMW00425,WBA00000000000425,2026-12-03 22:50:00,11.0,93.62,44.6,21.083509,-78.503942
EVT0066818,BMW00930,WBA00000000000930,2026-08-21 00:05:00,48.0,125.41,4.78,35.453682,64.709325
EVT0082323,BMW00358,WBA00000000000358,2026-10-13 20:10:00,91.7,55.06,44.27,42.48012,35.98747
EVT0028796,BMW00997,WBA00000000000997,2026-04-10 23:35:00,69.04,39.59,10.22,16.108467,20.984133
EVT0014386,BMW00736,WBA00000000000736,2026-02-19 22:45:00,12.11,23.71,24.18,48.600026,132.139252
EVT0077636,BMW00287,WBA00000000000287,2026-09-27 13:35:00,67.98,65.88,4.4,40.283577,-119.853642
EVT0058053,BMW00199,WBA00000000000199,2026-07-21 13:40:00,39.89,155.21,23.99,38.409441,-52.684873
EVT0054299,BMW00730,WBA00000000000730,2026-07-08 12:50:00,57.49,151.39,28.02,19.806796,-18.253566
EVT0049869,BMW00399,WBA00000000000399,2026-06-23 03:40:00,75.9,125.5,-0.25,31.560544,104.400787
EVT0084473,BMW00669,WBA00000000000669,2026-10-21 07:20:00,61.44,27.34,52.83,21.934602,-20.084602
EVT0088515,BMW00954,WBA00000000000954,2026-11-04 08:10:00,53.18,76.86,25.05,16.132723,132.210496
EVT0075986,BMW00733,WBA00000000000733,2026-09-21 20:05:00,51.36,147.45,41.0,23.280179,118.738143
EVT0023960,BMW00470,WBA00000000000470,2026-03-25 04:35:00,83.21,156.08,9.58,23.632433,85.428701
EVT0037515,BMW00418,WBA00000000000418,2026-05-11 06:10:00,64.75,72.63,21.41,46.359862,98.748706
EVT0046385,BMW00457,WBA00000000000457,2026-06-11 01:20:00,30.13,84.05,34.3,49.729045,41.084552
EVT0052495,BMW00252,WBA00000000000252,2026-07-02 06:30:00,94.83,97.57,38.91,30.776623,-103.878582
EVT0059367,BMW00285,WBA00000000000285,2026-07-26 03:10:00,22.88,109.49,-2.55,30.894756,-108.937743
EVT0002965,BMW00053,WBA00000000000053,2026-01-11 07:00:00,13.91,5.23,12.24,53.095626,-75.661028
EVT0069351,BMW00610,WBA00000000000610,2026-08-29 19:10:00,37.73,125.86,-7.04,23.59061,-1.513924
EVT0076049,BMW00963,WBA00000000000963,2026-09-22 01:20:00,23.68,80.73,14.59,15.438551,-32.68532
EVT0009196,BMW00336,WBA00000000000336,2026-02-01 22:15:00,42.67,140.81,38.53,31.39431,90.894217
EVT0053084,BMW00700,WBA00000000000700,2026-07-04 07:35:00,90.34,67.15,-5.75,45.767445,-95.001346
EVT0057692,BMW00149,WBA00000000000149,2026-07-20 07:35:00,35.14,97.68,13.36,29.716278,-54.800571
EVT0075222,BMW00748,WBA00000000000748,2026-09-19 04:25:00,45.45,117.46,50.03,37.373244,103.553302
EVT0003737,BMW00440,WBA00000000000440,2026-01-13 23:20:00,91.57,14.07,43.15,47.837834,88.486075
EVT0064191,BMW00915,WBA00000000000915,2026-08-11 21:10:00,87.25,22.45,0.91,40.906053,-80.370657
EVT0087371,BMW00884,WBA00000000000884,2026-10-31 08:50:00,21.6,127.94,6.3,28.54074,58.597164
EVT0068212,BMW00105,WBA00000000000105,2026-08-25 20:15:00,30.11,30.69,24.75,32.803884,7.510898
EVT0002331,BMW00251,WBA00000000000251,2026-01-09 02:10:00,45.69,133.05,54.85,45.845635,99.349444
EVT0032630,BMW00572,WBA00000000000572,2026-04-24 07:05:00,65.18,5.46,27.5,20.865055,-13.559358
EVT0098539,BMW00654,WBA00000000000654,2026-12-09 03:30:00,56.25,32.03,48.61,33.101782,103.077288
EVT0091168,BMW00376,WBA00000000000376,2026-11-13 13:15:00,54.83,152.53,-3.54,17.61097,110.759056
EVT0078247,BMW00179,WBA00000000000179,2026-09-29 16:30:00,99.03,59.44,12.38,34.420263,31.658399
EVT0066594,BMW00754,WBA00000000000754,2026-08-20 05:25:00,89.02,148.08,33.06,43.275855,110.836021
EVT0084606,BMW00243,WBA00000000000243,2026-10-21 18:25:00,94.47,43.59,9.97,24.97379,-18.409878
EVT0032183,BMW00333,WBA00000000000333,2026-04-22 17:50:00,39.74,17.62,18.57,37.800753,12.861373
EVT0034987,BMW00114,WBA00000000000114,2026-05-02 11:30:00,26.6,153.88,1.93,32.149941,-89.384785
EVT0097619,BMW00580,WBA00000000000580,2026-12-05 22:50:00,41.1,130.67,28.31,36.234106,64.636401
EVT0063083,BMW00116,WBA00000000000116,2026-08-08 00:50:00,35.87,77.23,20.28,25.561705,146.881661
EVT0002551,BMW00356,WBA00000000000356,2026-01-09 20:30:00,81.82,130.72,15.78,36.752065,-29.687205
EVT0005510,BMW00752,WBA00000000000752,2026-01-20 03:05:00,28.18,4.36,7.05,21.759619,58.676602
EVT0066160,BMW00966,WBA00000000000966,2026-08-18 17:15:00,85.77,44.32,5.07,31.6683,-101.698138
EVT0094848,BMW00190,WBA00000000000190,2026-11-26 07:55:00,81.15,105.71,48.98,30.702192,62.707204
EVT0005407,BMW00298,WBA00000000000298,2026-01-19 18:30:00,94.37,76.45,45.05,35.28457,-14.415431
EVT0000327,BMW00566,WBA00000000000566,2026-01-02 03:10:00,73.2,27.57,-0.4,14.356067,49.848069
EVT0018880,BMW00724,WBA00000000000724,2026-03-07 13:15:00,97.08,4.22,5.42,44.814694,141.311801
EVT0052264,BMW00610,WBA00000000000610,2026-07-01 11:15:00,74.92,103.59,42.61,37.583403,-59.010198
EVT0057068,BMW00970,WBA00000000000970,2026-07-18 03:35:00,94.57,77.05,52.57,37.014534,-103.009086
EVT0072807,BMW00572,WBA00000000000572,2026-09-10 19:10:00,36.26,128.21,-7.21,36.335372,103.990537
EVT0027901,BMW00302,WBA00000000000302,2026-04-07 21:00:00,82.98,8.34,-3.99,27.485872,-34.436881
EVT0083427,BMW00219,WBA00000000000219,2026-10-17 16:10:00,72.66,96.97,1.98,51.401132,23.26293
EVT0094190,BMW00658,WBA00000000000658,2026-11-24 01:05:00,24.41,87.72,24.23,29.486684,115.295855
EVT0070578,BMW00837,WBA00000000000837,2026-09-03 01:25:00,61.62,36.74,9.82,12.818624,70.916119
EVT0098773,BMW00127,WBA00000000000127,2026-12-09 23:00:00,93.98,129.36,20.59,17.588722,-97.49673
EVT0050933,BMW00493,WBA00000000000493,2026-06-26 20:20:00,75.19,96.35,27.96,15.607134,-30.039454
EVT0051859,BMW00703,WBA00000000000703,2026-06-30 01:30:00,89.0,143.81,1.08,19.245051,-75.794205
EVT0012177,BMW00593,WBA00000000000593,2026-02-12 06:40:00,80.59,25.14,14.78,43.44645,-79.62902
EVT0094045,BMW00206,WBA00000000000206,2026-11-23 13:00:00,56.57,138.93,46.77,8.884346,137.139522
EVT0091308,BMW00871,WBA00000000000871,2026-11-14 00:55:00,79.46,36.66,23.78,52.162067,-117.940152
EVT0019898,BMW00811,WBA00000000000811,2026-03-11 02:05:00,44.83,153.53,34.84,51.392667,-7.84956
EVT0004434,BMW00345,WBA00000000000345,2026-01-16 09:25:00,59.14,143.42,45.79,28.161462,4.19428
EVT0083218,BMW00138,WBA00000000000138,2026-10-16 22:45:00,23.28,11.5,26.45,9.376996,87.942245
EVT0033456,BMW00355,WBA00000000000355,2026-04-27 03:55:00,55.37,119.18,23.74,35.971084,-43.983611
EVT0018065,BMW00210,WBA00000000000210,2026-03-04 17:20:00,79.47,153.24,26.61,43.438233,9.096668
EVT0088954,BMW00647,WBA00000000000647,2026-11-05 20:45:00,21.02,26.09,37.38,33.327361,32.832823
EVT0035641,BMW00859,WBA00000000000859,2026-05-04 18:00:00,95.77,63.3,25.72,12.210071,-70.199155
EVT0015811,BMW00130,WBA00000000000130,2026-02-24 21:30:00,41.39,148.3,54.9,11.247156,-1.281188
EVT0065240,BMW00102,WBA00000000000102,2026-08-15 12:35:00,88.26,36.38,-1.64,51.291873,-117.424354
EVT0020341,BMW00791,WBA00000000000791,2026-03-12 15:00:00,46.73,55.51,33.61,31.075776,75.76697
EVT0009420,BMW00624,WBA00000000000624,2026-02-02 16:55:00,63.88,26.34,45.49,46.13444,90.493278
EVT0065478,BMW00976,WBA00000000000976,2026-08-16 08:25:00,69.09,126.2,13.81,27.416077,-0.138641
EVT0049848,BMW00801,WBA00000000000801,2026-06-23 01:55:00,97.13,9.31,21.02,19.829878,-117.727417
EVT0037594,BMW00402,WBA00000000000402,2026-05-11 12:45:00,89.33,63.32,41.85,46.177055,72.332513
EVT0032535,BMW00074,WBA00000000000074,2026-04-23 23:10:00,70.99,130.24,36.15,9.290174,-37.81919
EVT0011229,BMW00930,WBA00000000000930,2026-02-08 23:40:00,85.73,35.21,-8.12,20.501891,122.765779
EVT0093124,BMW00828,WBA00000000000828,2026-11-20 08:15:00,55.52,82.54,11.83,19.408569,17.247524
EVT0059951,BMW00680,WBA00000000000680,2026-07-28 03:50:00,36.67,9.12,8.45,11.991806,78.798298
EVT0058971,BMW00819,WBA00000000000819,2026-07-24 18:10:00,25.36,150.01,53.96,19.573103,44.081853
EVT0047767,BMW00764,WBA00000000000764,2026-06-15 20:30:00,30.36,125.47,-8.63,21.171812,28.658415
EVT0069582,BMW00942,WBA00000000000942,2026-08-30 14:25:00,57.34,19.99,36.94,52.216436,-57.898531
EVT0085147,BMW00768,WBA00000000000768,2026-10-23 15:30:00,84.01,135.4,-3.45,49.740352,-41.962474
EVT0001785,BMW00241,WBA00000000000241,2026-01-07 04:40:00,30.31,65.99,-2.51,13.45597,100.399255
EVT0056919,BMW00417,WBA00000000000417,2026-07-17 15:10:00,51.34,70.15,48.27,9.23075,-61.241569
EVT0055602,BMW00962,WBA00000000000962,2026-07-13 01:25:00,80.17,62.54,49.46,23.965936,-4.240005
EVT0040793,BMW00272,WBA00000000000272,2026-05-22 15:20:00,51.43,40.33,1.88,21.914972,97.694434
EVT0056298,BMW00789,WBA00000000000789,2026-07-15 11:25:00,99.44,78.62,16.32,18.165651,130.243791
EVT0009482,BMW00570,WBA00000000000570,2026-02-02 22:05:00,60.92,127.75,33.01,13.859207,140.410024
EVT0005807,BMW00737,WBA00000000000737,2026-01-21 03:50:00,53.36,69.08,-8.65,25.502458,-115.385306
EVT0035474,BMW00455,WBA00000000000455,2026-05-04 04:05:00,53.06,115.63,2.64,23.949367,-99.170211
EVT0032300,BMW00189,WBA00000000000189,2026-04-23 03:35:00,91.34,51.99,-8.34,9.892161,-35.002337
EVT0030961,BMW00656,WBA00000000000656,2026-04-18 12:00:00,96.68,4.81,13.39,12.72345,16.476803
EVT0020266,BMW00953,WBA00000000000953,2026-03-12 08:45:00,49.43,128.3,47.73,37.487713,-36.571633
EVT0065252,BMW00593,WBA00000000000593,2026-08-15 13:35:00,10.67,61.82,-3.59,45.388724,-46.210776
EVT0070255,BMW00809,WBA00000000000809,2026-09-01 22:30:00,67.73,150.38,28.11,35.977058,52.301902
EVT0088564,BMW00218,WBA00000000000218,2026-11-04 12:15:00,27.31,114.66,48.49,21.40491,47.920605
EVT0069766,BMW00317,WBA00000000000317,2026-08-31 05:45:00,39.23,156.63,1.47,37.9218,1.610592
EVT0039940,BMW00548,WBA00000000000548,2026-05-19 16:15:00,70.74,47.46,48.97,48.243272,-34.91904
EVT0005176,BMW00417,WBA00000000000417,2026-01-18 23:15:00,52.42,109.75,52.44,40.14356,140.88466
EVT0034996,BMW00848,WBA00000000000848,2026-05-02 12:15:00,68.15,156.06,12.38,10.682017,-86.440184
EVT0028580,BMW00243,WBA00000000000243,2026-04-10 05:35:00,49.71,61.01,54.0,35.370312,27.920943
EVT0039790,BMW00740,WBA00000000000740,2026-05-19 03:45:00,86.96,43.62,13.92,27.119997,130.6845
EVT0060161,BMW00184,WBA00000000000184,2026-07-28 21:20:00,46.46,78.03,-2.92,16.346209,50.564155
EVT0016037,BMW00254,WBA00000000000254,2026-02-25 16:20:00,36.6,59.32,4.01,47.307619,60.950794
EVT0085401,BMW00190,WBA00000000000190,2026-10-24 12:40:00,58.81,133.36,42.04,12.163984,-9.576692
EVT0063078,BMW00300,WBA00000000000300,2026-08-08 00:25:00,89.38,68.76,45.59,33.823442,-107.178012
EVT0033750,BMW00436,WBA00000000000436,2026-04-28 04:25:00,49.94,96.84,24.33,16.450821,40.881674
EVT0075428,BMW00978,WBA00000000000978,2026-09-19 21:35:00,86.56,13.69,32.62,20.980643,94.974536
EVT0011097,BMW00297,WBA00000000000297,2026-02-08 12:40:00,39.54,68.9,27.72,25.28806,135.700888
EVT0063918,BMW00155,WBA00000000000155,2026-08-10 22:25:00,54.6,97.44,46.93,11.994149,51.04559
EVT0062821,BMW00804,WBA00000000000804,2026-08-07 03:00:00,32.44,121.41,15.31,20.985368,-38.606826
EVT0035727,BMW00903,WBA00000000000903,2026-05-05 01:10:00,90.76,91.12,22.12,29.416373,139.968767
EVT0068314,BMW00447,WBA00000000000447,2026-08-26 04:45:00,66.1,18.17,16.89,42.905323,-52.494166
EVT0023761,BMW00949,WBA00000000000949,2026-03-24 12:00:00,74.9,32.35,6.72,43.47601,57.447964
EVT0027299,BMW00634,WBA00000000000634,2026-04-05 18:50:00,68.38,79.2,30.32,9.077252,106.135234
EVT0075559,BMW00377,WBA00000000000377,2026-09-20 08:30:00,42.4,9.12,23.51,16.251995,-7.281521
EVT0043848,BMW00700,WBA00000000000700,2026-06-02 05:55:00,71.09,4.87,33.25,49.085718,6.824499
EVT0033811,BMW00245,WBA00000000000245,2026-04-28 09:30:00,54.97,16.35,6.82,48.40728,123.503121
EVT0021817,BMW00472,WBA00000000000472,2026-03-17 18:00:00,23.31,8.36,0.47,13.362173,-104.943691
EVT0069680,BMW00409,WBA00000000000409,2026-08-30 22:35:00,17.91,85.69,47.85,31.169292,53.775133
EVT0078622,BMW00099,WBA00000000000099,2026-09-30 23:45:00,88.77,135.92,17.18,13.201689,-17.208354
EVT0098891,BMW00147,WBA00000000000147,2026-12-10 08:50:00,83.49,87.25,41.75,44.439252,72.424897
EVT0076796,BMW00121,WBA00000000000121,2026-09-24 15:35:00,32.27,120.33,16.43,51.207876,105.362026
EVT0007506,BMW00430,WBA00000000000430,2026-01-27 01:25:00,77.06,82.4,35.49,45.09591,-44.296514
EVT0076771,BMW00154,WBA00000000000154,2026-09-24 13:30:00,64.16,10.79,10.66,51.328954,-29.449885
EVT0041293,BMW00464,WBA00000000000464,2026-05-24 09:00:00,96.81,156.21,44.82,15.334552,103.425714
EVT0044785,BMW00153,WBA00000000000153,2026-06-05 12:00:00,59.73,132.14,22.19,16.685995,-46.473798
EVT0000320,BMW00226,WBA00000000000226,2026-01-02 02:35:00,44.48,5.74,54.41,9.129909,36.193301
EVT0084594,BMW00576,WBA00000000000576,2026-10-21 17:25:00,37.24,123.93,20.84,39.165542,88.359403
EVT0059564,BMW00774,WBA00000000000774,2026-07-26 19:35:00,27.81,121.36,5.15,39.690821,82.139833
EVT0073973,BMW00615,WBA00000000000615,2026-09-14 20:20:00,29.82,121.74,32.1,26.465635,22.295924
EVT0048795,BMW00389,WBA00000000000389,2026-06-19 10:10:00,98.78,118.5,8.66,11.478753,75.238728
EVT0079718,BMW00486,WBA00000000000486,2026-10-04 19:05:00,45.76,123.28,2.6,24.539961,-42.086027
EVT0056474,BMW00423,WBA00000000000423,2026-07-16 02:05:00,10.44,95.64,18.12,40.907821,-21.009419
EVT0081868,BMW00771,WBA00000000000771,2026-10-12 06:15:00,84.49,74.66,53.26,53.67671,-74.784048
EVT0043651,BMW00233,WBA00000000000233,2026-06-01 13:30:00,64.75,145.48,-8.32,51.631013,138.855487
EVT0033681,BMW00386,WBA00000000000386,2026-04-27 22:40:00,42.07,124.06,49.32,11.899039,-85.274297
EVT0058497,BMW00537,WBA00000000000537,2026-07-23 02:40:00,10.61,85.45,49.33,33.13121,119.026741
EVT0091970,BMW00977,WBA00000000000977,2026-11-16 08:05:00,98.0,46.33,38.84,22.059026,-78.376546
EVT0085465,BMW00417,WBA00000000000417,2026-10-24 18:00:00,98.68,137.84,0.03,26.70684,-99.548814
EVT0081812,BMW00261,WBA00000000000261,2026-10-12 01:35:00,40.35,109.7,45.99,47.201886,-85.046243
EVT0001264,BMW00902,WBA00000000000902,2026-01-05 09:15:00,44.38,119.88,43.97,15.496362,-61.224354
EVT0030562,BMW00213,WBA00000000000213,2026-04-17 02:45:00,13.64,47.72,27.84,54.777561,40.557337
EVT0084479,BMW00502,WBA00000000000502,2026-10-21 07:50:00,22.04,145.1,2.35,46.20986,-74.02318
EVT0045825,BMW00255,WBA00000000000255,2026-06-09 02:40:00,72.5,55.79,8.96,31.094356,-77.926183
EVT0088444,BMW00308,WBA00000000000308,2026-11-04 02:15:00,40.68,28.9,44.07,11.713444,-51.962776
EVT0059508,BMW00633,WBA00000000000633,2026-07-26 14:55:00,22.07,38.25,1.38,39.025482,-50.005303
EVT0098245,BMW00140,WBA00000000000140,2026-12-08 03:00:00,80.11,99.2,23.08,10.199604,48.233758
EVT0011331,BMW00405,WBA00000000000405,2026-02-09 08:10:00,41.96,154.83,12.58,27.769373,28.14173
EVT0075307,BMW00838,WBA00000000000838,2026-09-19 11:30:00,15.75,89.77,-4.21,17.590061,94.557743
EVT0028699,BMW00381,WBA00000000000381,2026-04-10 15:30:00,47.48,53.4,-5.84,29.362858,34.24727
EVT0049508,BMW00995,WBA00000000000995,2026-06-21 21:35:00,43.7,105.79,23.97,44.135582,-114.771407
EVT0029047,BMW00397,WBA00000000000397,2026-04-11 20:30:00,89.2,113.95,27.2,40.152667,135.851191
EVT0080239,BMW00367,WBA00000000000367,2026-10-06 14:30:00,28.91,146.56,1.17,35.364451,22.741573
EVT0076955,BMW00374,WBA00000000000374,2026-09-25 04:50:00,43.78,70.5,36.35,46.308062,59.077994
EVT0042502,BMW00979,WBA00000000000979,2026-05-28 13:45:00,76.98,136.13,40.85,17.91735,-114.546218
EVT0034110,BMW00208,WBA00000000000208,2026-04-29 10:25:00,32.8,62.08,47.7,36.409006,-72.930239
EVT0067373,BMW00265,WBA00000000000265,2026-08-22 22:20:00,49.14,158.69,3.55,36.087143,41.700071
EVT0053223,BMW00897,WBA00000000000897,2026-07-04 19:10:00,68.13,17.91,30.88,43.161048,-116.866763
EVT0039739,BMW00380,WBA00000000000380,2026-05-18 23:30:00,93.48,107.54,50.19,19.030014,-108.76053
EVT0011982,BMW00208,WBA00000000000208,2026-02-11 14:25:00,10.3,33.33,15.11,16.898601,-32.092759
EVT0063612,BMW00736,WBA00000000000736,2026-08-09 20:55:00,66.74,60.88,3.87,47.829557,132.650879
EVT0015145,BMW00434,WBA00000000000434,2026-02-22 14:00:00,70.8,89.58,36.42,16.732896,89.958323
EVT0042424,BMW00351,WBA00000000000351,2026-05-28 07:15:00,43.97,33.46,32.0,38.141464,10.600052
EVT0082566,BMW00923,WBA00000000000923,2026-10-14 16:25:00,90.47,77.26,26.25,50.361593,92.678827
EVT0035841,BMW00560,WBA00000000000560,2026-05-05 10:40:00,18.32,144.83,35.57,12.690458,112.287794
EVT0003061,BMW00390,WBA00000000000390,2026-01-11 15:00:00,73.14,37.24,30.82,12.241284,33.997233
EVT0028763,BMW00894,WBA00000000000894,2026-04-10 20:50:00,60.08,8.83,5.91,20.182379,90.163539
EVT0074479,BMW00267,WBA00000000000267,2026-09-16 14:30:00,55.48,7.61,51.16,9.365954,-12.244713
EVT0066789,BMW00518,WBA00000000000518,2026-08-20 21:40:00,28.81,113.22,14.41,50.002511,-39.480091
EVT0043604,BMW00080,WBA00000000000080,2026-06-01 09:35:00,39.41,113.09,8.93,38.873877,-9.84793
EVT0061307,BMW00774,WBA00000000000774,2026-08-01 20:50:00,21.24,82.29,26.57,29.835101,-38.889632
EVT0038662,BMW00046,WBA00000000000046,2026-05-15 05:45:00,73.68,142.5,46.74,31.479291,-100.31505
EVT0077751,BMW00909,WBA00000000000909,2026-09-27 23:10:00,83.03,55.98,41.8,8.227054,-51.058153
EVT0020550,BMW00470,WBA00000000000470,2026-03-13 08:25:00,60.32,69.55,49.22,14.756104,-70.737108
EVT0072556,BMW00959,WBA00000000000959,2026-09-09 22:15:00,13.12,102.33,37.45,54.53985,141.201642
EVT0033935,BMW00500,WBA00000000000500,2026-04-28 19:50:00,91.49,147.61,34.25,54.463747,-60.060419
EVT0093151,BMW00247,WBA00000000000247,2026-11-20 10:30:00,92.69,71.74,28.9,52.076073,113.942304
EVT0030849,BMW00175,WBA00000000000175,2026-04-18 02:40:00,96.33,86.6,20.64,20.768468,10.564796
EVT0028146,BMW00705,WBA00000000000705,2026-04-08 17:25:00,26.34,21.07,22.15,18.722144,48.113708
EVT0066429,BMW00566,WBA00000000000566,2026-08-19 15:40:00,85.24,117.14,8.94,34.470133,102.208951
EVT0099169,BMW00978,WBA00000000000978,2026-12-11 08:00:00,43.95,42.24,42.94,36.672625,-99.661288
EVT0014047,BMW00818,WBA00000000000818,2026-02-18 18:30:00,39.19,0.38,47.98,12.155621,147.085361
EVT0054535,BMW00069,WBA00000000000069,2026-07-09 08:30:00,31.28,87.9,30.52,52.573341,110.806975
EVT0096809,BMW00852,WBA00000000000852,2026-12-03 03:20:00,51.44,112.21,46.86,28.1596,82.791706
EVT0063137,BMW00812,WBA00000000000812,2026-08-08 05:20:00,47.82,28.88,-9.3,39.404818,-70.905856
EVT0037585,BMW00236,WBA00000000000236,2026-05-11 12:00:00,26.73,63.57,-5.6,11.900142,-4.27263
EVT0018834,BMW00795,WBA00000000000795,2026-03-07 09:25:00,37.6,56.66,52.2,10.526643,-98.265296
EVT0031530,BMW00449,WBA00000000000449,2026-04-20 11:25:00,77.29,75.04,34.17,22.252616,137.265411
EVT0050170,BMW00987,WBA00000000000987,2026-06-24 04:45:00,29.05,136.27,14.31,14.871262,110.841607
EVT0015280,BMW00047,WBA00000000000047,2026-02-23 01:15:00,43.17,124.01,49.31,33.38367,-17.4522
EVT0075963,BMW00679,WBA00000000000679,2026-09-21 18:10:00,73.85,69.38,3.17,39.808665,-72.802125
EVT0064679,BMW00487,WBA00000000000487,2026-08-13 13:50:00,35.2,112.93,54.77,50.738774,-100.389044
EVT0033083,BMW00341,WBA00000000000341,2026-04-25 20:50:00,65.92,80.54,44.37,13.69935,-47.028261
EVT0034892,BMW00654,WBA00000000000654,2026-05-02 03:35:00,50.7,149.75,49.4,39.713701,104.599883
EVT0005494,BMW00510,WBA00000000000510,2026-01-20 01:45:00,99.73,4.12,39.39,48.51718,-17.98031
EVT0053107,BMW00948,WBA00000000000948,2026-07-04 09:30:00,61.16,43.48,44.31,34.383275,93.714736
EVT0037787,BMW00473,WBA00000000000473,2026-05-12 04:50:00,75.44,81.38,53.45,33.347557,-90.019682
EVT0085839,BMW00369,WBA00000000000369,2026-10-26 01:10:00,93.89,99.46,13.74,16.168185,-75.190615
EVT0052277,BMW00898,WBA00000000000898,2026-07-01 12:20:00,16.48,133.79,3.44,8.23314,21.455614
EVT0000432,BMW00227,WBA00000000000227,2026-01-02 11:55:00,40.97,59.05,22.77,30.314907,-12.016929
EVT0026220,BMW00565,WBA00000000000565,2026-04-02 00:55:00,62.01,99.65,-1.23,39.066538,94.214503
EVT0067929,BMW00030,WBA00000000000030,2026-08-24 20:40:00,59.41,59.5,-6.16,19.84077,82.015348
EVT0059830,BMW00969,WBA00000000000969,2026-07-27 17:45:00,41.28,157.19,5.25,10.110527,45.983488
EVT0070377,BMW00615,WBA00000000000615,2026-09-02 08:40:00,55.79,144.74,30.5,26.255606,-37.229239
EVT0023218,BMW00385,WBA00000000000385,2026-03-22 14:45:00,29.87,11.11,0.02,39.330838,-92.579828
EVT0080964,BMW00827,WBA00000000000827,2026-10-09 02:55:00,93.91,95.71,13.52,13.196132,78.75958
EVT0071344,BMW00223,WBA00000000000223,2026-09-05 17:15:00,70.4,81.24,50.32,34.047109,8.855294
EVT0018049,BMW00518,WBA00000000000518,2026-03-04 16:00:00,45.07,42.1,18.71,32.836368,-43.766641
EVT0012948,BMW00057,WBA00000000000057,2026-02-14 22:55:00,97.25,132.35,-0.75,53.357897,125.495932
EVT0001940,BMW00967,WBA00000000000967,2026-01-07 17:35:00,82.74,90.97,-9.81,19.989768,-26.137511
EVT0038465,BMW00951,WBA00000000000951,2026-05-14 13:20:00,41.68,120.35,41.76,34.79277,63.544302
EVT0063983,BMW00115,WBA00000000000115,2026-08-11 03:50:00,77.88,130.92,22.83,25.377024,-107.668301
EVT0039921,BMW00986,WBA00000000000986,2026-05-19 14:40:00,38.85,12.19,16.88,30.293591,-61.980724
EVT0001022,BMW00293,WBA00000000000293,2026-01-04 13:05:00,17.71,78.53,17.16,29.693185,-57.018823
EVT0050688,BMW01000,WBA00000000001000,2026-06-25 23:55:00,61.12,120.09,12.84,21.701569,-116.376599
EVT0008353,BMW00342,WBA00000000000342,2026-01-30 00:00:00,33.22,56.98,2.66,25.24394,146.577867
EVT0069192,BMW00101,WBA00000000000101,2026-08-29 05:55:00,43.93,146.94,31.51,23.032978,15.412856
EVT0056503,BMW00384,WBA00000000000384,2026-07-16 04:30:00,52.9,138.2,25.07,12.835781,11.222789
EVT0067270,BMW00356,WBA00000000000356,2026-08-22 13:45:00,47.82,149.19,38.55,40.890405,-3.414984
EVT0039236,BMW00932,WBA00000000000932,2026-05-17 05:35:00,35.24,86.87,20.19,34.554276,-67.756766
EVT0098691,BMW00986,WBA00000000000986,2026-12-09 16:10:00,67.85,53.38,18.14,17.435399,106.302161
EVT0052715,BMW00925,WBA00000000000925,2026-07-03 00:50:00,99.51,57.11,40.74,19.549754,108.921735
EVT0071137,BMW00297,WBA00000000000297,2026-09-05 00:00:00,26.37,124.14,25.73,42.640541,110.956619
EVT0010934,BMW00511,WBA00000000000511,2026-02-07 23:05:00,97.78,37.24,23.49,19.341312,-67.970091
EVT0070588,BMW00561,WBA00000000000561,2026-09-03 02:15:00,91.59,62.28,10.19,49.089439,-68.2675
EVT0010068,BMW00046,WBA00000000000046,2026-02-04 22:55:00,98.43,66.03,2.89,10.299638,-16.190801
EVT0026086,BMW00228,WBA00000000000228,2026-04-01 13:45:00,88.5,29.67,-3.03,18.967269,-66.762217
EVT0072091,BMW00825,WBA00000000000825,2026-09-08 07:30:00,21.31,124.57,5.28,15.853928,-107.379038
EVT0065400,BMW00750,WBA00000000000750,2026-08-16 01:55:00,79.05,13.66,41.78,32.125838,-22.135313
EVT0057888,BMW00228,WBA00000000000228,2026-07-20 23:55:00,57.01,28.26,40.29,53.38608,-15.011846
EVT0018661,BMW00045,WBA00000000000045,2026-03-06 19:00:00,78.27,134.56,40.06,26.105706,46.281508
EVT0053093,BMW00568,WBA00000000000568,2026-07-04 08:20:00,75.71,5.13,45.59,42.657288,-48.996421
EVT0090566,BMW00599,WBA00000000000599,2026-11-11 11:05:00,79.73,133.84,25.1,25.703219,73.129423
EVT0011085,BMW00595,WBA00000000000595,2026-02-08 11:40:00,14.11,8.15,9.49,45.127486,6.208177
EVT0015247,BMW00050,WBA00000000000050,2026-02-22 22:30:00,72.92,91.92,-1.12,19.913095,-105.432937
EVT0053235,BMW00613,WBA00000000000613,2026-07-04 20:10:00,27.41,1.64,5.54,46.686469,68.866093
EVT0081683,BMW00421,WBA00000000000421,2026-10-11 14:50:00,72.28,3.3,53.31,18.814783,-16.915013
EVT0012968,BMW00827,WBA00000000000827,2026-02-15 00:35:00,29.41,9.14,53.82,30.089337,-59.19878
EVT0002488,BMW00511,WBA00000000000511,2026-01-09 15:15:00,10.73,22.02,49.3,43.182115,103.302771
EVT0049383,BMW00853,WBA00000000000853,2026-06-21 11:10:00,26.34,74.11,1.55,27.128796,-17.744975
EVT0046315,BMW00557,WBA00000000000557,2026-06-10 19:30:00,88.49,119.99,2.86,53.217749,-42.570976
EVT0019627,BMW00011,WBA00000000000011,2026-03-10 03:30:00,46.6,97.58,2.24,18.926998,131.697008
EVT0074993,BMW00951,WBA00000000000951,2026-09-18 09:20:00,20.48,137.59,50.99,17.072497,-25.620265
EVT0081477,BMW00664,WBA00000000000664,2026-10-10 21:40:00,60.58,19.2,32.42,11.091157,132.320893
EVT0053310,BMW00522,WBA00000000000522,2026-07-05 02:25:00,95.81,9.76,17.95,45.93212,-23.292487
EVT0068626,BMW00857,WBA00000000000857,2026-08-27 06:45:00,55.71,65.09,-4.66,49.867149,-1.382268
EVT0010093,BMW00472,WBA00000000000472,2026-02-05 01:00:00,48.92,81.25,38.19,37.458753,-95.171019
EVT0067737,BMW00356,WBA00000000000356,2026-08-24 04:40:00,77.25,49.07,20.97,17.181879,61.959054
EVT0072927,BMW00732,WBA00000000000732,2026-09-11 05:10:00,83.61,55.29,41.37,26.496339,-4.191091
EVT0030092,BMW00137,WBA00000000000137,2026-04-15 11:35:00,80.45,103.6,19.31,23.776287,-29.318732
EVT0059616,BMW00213,WBA00000000000213,2026-07-26 23:55:00,57.42,33.28,-2.57,53.286248,68.954892
EVT0052816,BMW00714,WBA00000000000714,2026-07-03 09:15:00,28.72,13.88,11.3,34.716686,19.899345
EVT0081277,BMW00700,WBA00000000000700,2026-10-10 05:00:00,31.38,115.82,43.18,12.58584,3.396182
EVT0022914,BMW00228,WBA00000000000228,2026-03-21 13:25:00,92.6,156.52,45.36,42.071569,27.06111
EVT0022387,BMW00553,WBA00000000000553,2026-03-19 17:30:00,54.31,56.82,21.08,47.460669,-1.106543
EVT0078750,BMW00283,WBA00000000000283,2026-10-01 10:25:00,22.82,70.15,9.22,10.599898,119.710894
EVT0049402,BMW00628,WBA00000000000628,2026-06-21 12:45:00,72.6,94.6,-0.3,40.550837,13.418252
EVT0030606,BMW00427,WBA00000000000427,2026-04-17 06:25:00,65.98,21.91,-5.88,37.502788,-67.636736
EVT0090227,BMW00218,WBA00000000000218,2026-11-10 06:50:00,63.12,155.46,48.42,21.791112,-21.956022
EVT0092707,BMW00192,WBA00000000000192,2026-11-18 21:30:00,60.44,19.06,46.6,18.755933,59.398302
EVT0013754,BMW00999,WBA00000000000999,2026-02-17 18:05:00,53.51,72.95,36.16,37.060806,-50.734061
EVT0099745,BMW00817,WBA00000000000817,2026-12-13 08:00:00,17.48,107.55,46.93,35.777482,-107.886792
EVT0052443,BMW00568,WBA00000000000568,2026-07-02 02:10:00,46.1,49.38,27.9,32.50236,0.345556
EVT0006069,BMW00414,WBA00000000000414,2026-01-22 01:40:00,72.24,29.47,54.19,50.392722,-82.867208
EVT0077792,BMW00912,WBA00000000000912,2026-09-28 02:35:00,10.78,86.66,40.64,13.095784,-65.254951
EVT0077510,BMW00983,WBA00000000000983,2026-09-27 03:05:00,96.17,71.95,45.91,23.86424,30.253945
EVT0029143,BMW00788,WBA00000000000788,2026-04-12 04:30:00,47.1,17.78,28.48,35.331027,-71.526794
EVT0023294,BMW00366,WBA00000000000366,2026-03-22 21:05:00,79.94,133.3,25.29,54.625067,29.364091
EVT0073300,BMW00254,WBA00000000000254,2026-09-12 12:15:00,65.87,8.41,38.8,13.268119,88.599685
EVT0027467,BMW00587,WBA00000000000587,2026-04-06 08:50:00,11.75,75.25,41.59,37.514501,41.711181
EVT0047045,BMW00619,WBA00000000000619,2026-06-13 08:20:00,12.05,94.48,-0.58,36.937774,57.058443
EVT0034667,BMW00784,WBA00000000000784,2026-05-01 08:50:00,84.11,34.73,21.69,22.712325,-10.045368
EVT0038009,BMW00549,WBA00000000000549,2026-05-12 23:20:00,76.61,108.93,18.11,9.225688,-96.126167
EVT0082792,BMW00248,WBA00000000000248,2026-10-15 11:15:00,16.19,65.8,7.62,18.323386,46.933916
EVT0031325,BMW00492,WBA00000000000492,2026-04-19 18:20:00,29.2,94.38,30.82,47.198576,-112.836736
EVT0035481,BMW00817,WBA00000000000817,2026-05-04 04:40:00,14.05,115.9,18.03,21.493611,71.76678
EVT0018421,BMW00088,WBA00000000000088,2026-03-05 23:00:00,38.65,51.43,50.44,16.773279,-74.448482
EVT0004288,BMW00039,WBA00000000000039,2026-01-15 21:15:00,97.97,89.02,-6.46,41.657741,141.071158
EVT0030176,BMW00070,WBA00000000000070,2026-04-15 18:35:00,49.02,51.72,51.98,17.052499,-62.458982
EVT0063482,BMW00931,WBA00000000000931,2026-08-09 10:05:00,92.15,8.07,4.39,18.617643,57.183157
EVT0010679,BMW00312,WBA00000000000312,2026-02-07 01:50:00,34.61,71.37,9.15,37.633759,-33.922863
EVT0003888,BMW00912,WBA00000000000912,2026-01-14 11:55:00,76.41,112.38,10.4,18.103303,99.959467
EVT0066372,BMW00536,WBA00000000000536,2026-08-19 10:55:00,46.11,115.06,23.22,27.348591,-72.709945
EVT0030949,BMW00836,WBA00000000000836,2026-04-18 11:00:00,30.42,56.73,54.64,24.576742,-61.545683
EVT0011052,BMW00488,WBA00000000000488,2026-02-08 08:55:00,16.74,129.0,14.11,54.320324,-89.375063
EVT0041953,BMW00648,WBA00000000000648,2026-05-26 16:00:00,63.88,27.72,41.49,34.348384,81.160506
EVT0010930,BMW00161,WBA00000000000161,2026-02-07 22:45:00,71.53,65.48,-5.72,35.972518,116.216282
EVT0069112,BMW00184,WBA00000000000184,2026-08-28 23:15:00,26.98,49.96,33.71,18.504672,-92.578579
EVT0067952,BMW00034,WBA00000000000034,2026-08-24 22:35:00,37.55,41.1,40.44,28.081659,139.391179
EVT0026054,BMW00441,WBA00000000000441,2026-04-01 11:05:00,21.66,22.31,29.09,14.801795,-74.308703
EVT0018180,BMW00210,WBA00000000000210,2026-03-05 02:55:00,44.75,141.76,-8.53,26.639531,-74.477635
EVT0041415,BMW00065,WBA00000000000065,2026-05-24 19:10:00,48.39,152.36,22.05,35.835442,-91.301744
EVT0060471,BMW00452,WBA00000000000452,2026-07-29 23:10:00,90.32,120.44,14.93,25.635243,-109.500738
EVT0069932,BMW00003,WBA00000000000003,2026-08-31 19:35:00,65.97,39.47,-9.79,8.445956,26.949567
EVT0002651,BMW00368,WBA00000000000368,2026-01-10 04:50:00,98.12,1.86,44.11,53.238444,84.004045
EVT0030282,BMW00749,WBA00000000000749,2026-04-16 03:25:00,54.03,86.26,36.98,47.030844,107.468737
EVT0032661,BMW00820,WBA00000000000820,2026-04-24 09:40:00,83.14,78.9,43.92,23.119481,-27.195077
EVT0057976,BMW00344,WBA00000000000344,2026-07-21 07:15:00,41.79,136.4,45.66,37.832642,-105.690373
EVT0039741,BMW00361,WBA00000000000361,2026-05-18 23:40:00,34.12,126.59,36.5,44.864261,-99.19667
EVT0022252,BMW00615,WBA00000000000615,2026-03-19 06:15:00,47.14,150.2,3.09,15.853177,-13.069189
EVT0077015,BMW00440,WBA00000000000440,2026-09-25 09:50:00,50.33,33.36,27.01,24.037293,-25.111277
EVT0069386,BMW00147,WBA00000000000147,2026-08-29 22:05:00,76.04,21.78,19.5,23.857292,-26.192355
EVT0060189,BMW00764,WBA00000000000764,2026-07-28 23:40:00,84.77,139.51,35.53,27.755777,-17.190503
EVT0004152,BMW00191,WBA00000000000191,2026-01-15 09:55:00,40.15,32.57,35.66,16.515802,-50.460537
EVT0090293,BMW00138,WBA00000000000138,2026-11-10 12:20:00,57.5,109.29,3.34,22.613274,-71.960859
EVT0058319,BMW00897,WBA00000000000897,2026-07-22 11:50:00,17.0,35.02,-1.12,44.548701,94.768762
EVT0032720,BMW00804,WBA00000000000804,2026-04-24 14:35:00,18.53,139.0,-4.2,12.572063,-28.825686
EVT0061676,BMW00914,WBA00000000000914,2026-08-03 03:35:00,78.07,111.68,10.78,15.976777,61.066347
EVT0055326,BMW00011,WBA00000000000011,2026-07-12 02:25:00,28.61,52.94,31.97,13.929093,49.025534
EVT0020739,BMW00485,WBA00000000000485,2026-03-14 00:10:00,29.57,24.47,-2.77,20.927898,84.449179
EVT0070681,BMW00484,WBA00000000000484,2026-09-03 10:00:00,31.8,22.19,51.73,46.312858,-107.154197
EVT0092308,BMW00478,WBA00000000000478,2026-11-17 12:15:00,34.29,13.66,46.39,33.258599,-10.146022
EVT0003527,BMW00511,WBA00000000000511,2026-01-13 05:50:00,52.19,111.19,40.75,30.549139,18.251703
EVT0078288,BMW00347,WBA00000000000347,2026-09-29 19:55:00,54.18,96.42,40.08,24.906636,-27.564293
EVT0014916,BMW00135,WBA00000000000135,2026-02-21 18:55:00,91.85,157.44,-8.62,49.343203,124.281756
EVT0038710,BMW00244,WBA00000000000244,2026-05-15 09:45:00,10.98,17.26,20.69,10.786599,104.38533
EVT0094727,BMW00525,WBA00000000000525,2026-11-25 21:50:00,52.39,48.46,43.08,51.365901,-64.593995
EVT0010453,BMW00902,WBA00000000000902,2026-02-06 07:00:00,63.14,147.71,45.21,18.702131,81.687468
EVT0029802,BMW00847,WBA00000000000847,2026-04-14 11:25:00,16.83,145.69,37.08,41.982654,36.67625
EVT0053402,BMW00476,WBA00000000000476,2026-07-05 10:05:00,33.3,98.67,54.96,29.273236,-16.263092
EVT0093759,BMW00105,WBA00000000000105,2026-11-22 13:10:00,46.53,81.08,25.66,19.174451,125.245155
EVT0066074,BMW00815,WBA00000000000815,2026-08-18 10:05:00,86.04,28.93,0.91,30.497813,77.753057
EVT0064007,BMW00920,WBA00000000000920,2026-08-11 05:50:00,56.23,68.72,51.59,28.167515,-76.509299
EVT0073683,BMW00070,WBA00000000000070,2026-09-13 20:10:00,32.28,111.55,50.08,8.287707,110.038889
EVT0027494,BMW00535,WBA00000000000535,2026-04-06 11:05:00,41.21,110.88,8.85,31.149656,136.658557
EVT0097876,BMW00713,WBA00000000000713,2026-12-06 20:15:00,87.07,109.23,35.98,14.622548,-98.329956
EVT0070786,BMW00081,WBA00000000000081,2026-09-03 18:45:00,62.65,78.36,13.95,22.582993,104.983488
EVT0081187,BMW00646,WBA00000000000646,2026-10-09 21:30:00,45.29,31.42,3.69,32.567727,13.973374
EVT0016992,BMW00828,WBA00000000000828,2026-02-28 23:55:00,54.52,147.17,-1.32,17.72791,-52.97497
EVT0050574,BMW00520,WBA00000000000520,2026-06-25 14:25:00,61.61,143.61,47.4,26.499481,54.964371
EVT0042586,BMW00562,WBA00000000000562,2026-05-28 20:45:00,64.41,45.2,-6.62,53.362695,11.809378
EVT0046387,BMW00100,WBA00000000000100,2026-06-11 01:30:00,54.52,90.72,42.25,19.612329,90.834154
EVT0014938,BMW00180,WBA00000000000180,2026-02-21 20:45:00,90.06,122.56,41.23,25.761251,55.88761
EVT0096470,BMW00884,WBA00000000000884,2026-12-01 23:05:00,81.84,36.8,39.82,27.095001,-81.868719
EVT0030221,BMW00406,WBA00000000000406,2026-04-15 22:20:00,87.75,66.25,30.37,17.182896,-40.231698
EVT0078992,BMW00878,WBA00000000000878,2026-10-02 06:35:00,39.71,78.62,-0.19,27.161642,-34.927379
EVT0092877,BMW00586,WBA00000000000586,2026-11-19 11:40:00,27.17,107.23,27.42,31.195482,78.60439
EVT0000578,BMW00935,WBA00000000000935,2026-01-03 00:05:00,20.66,63.37,30.27,37.938668,-65.219063
EVT0039432,BMW00664,WBA00000000000664,2026-05-17 21:55:00,43.75,19.23,39.39,36.467685,52.510734
EVT0068882,BMW00412,WBA00000000000412,2026-08-28 04:05:00,74.06,52.83,51.07,41.472166,-102.349071
EVT0023344,BMW00266,WBA00000000000266,2026-03-23 01:15:00,40.21,57.48,9.8,51.385868,-1.925873
EVT0068949,BMW00805,WBA00000000000805,2026-08-28 09:40:00,76.36,43.21,43.33,9.668816,-33.80923
EVT0082709,BMW00960,WBA00000000000960,2026-10-15 04:20:00,81.7,154.81,-8.7,39.402322,17.867306
EVT0067860,BMW00125,WBA00000000000125,2026-08-24 14:55:00,40.37,66.35,21.16,44.659002,103.155933
EVT0022803,BMW00074,WBA00000000000074,2026-03-21 04:10:00,43.36,152.08,13.54,10.778221,110.770805
EVT0038320,BMW00828,WBA00000000000828,2026-05-14 01:15:00,90.99,22.43,20.33,14.465782,73.163493
EVT0072660,BMW00784,WBA00000000000784,2026-09-10 06:55:00,70.55,44.78,24.21,41.192924,53.815158
EVT0024195,BMW00879,WBA00000000000879,2026-03-26 00:10:00,96.14,63.99,35.57,32.051574,-38.847566
EVT0023658,BMW00967,WBA00000000000967,2026-03-24 03:25:00,10.38,103.4,40.57,12.140705,32.419908
EVT0039305,BMW00366,WBA00000000000366,2026-05-17 11:20:00,45.0,117.69,41.23,54.143801,125.47245
EVT0087973,BMW00366,WBA00000000000366,2026-11-02 11:00:00,28.21,61.43,37.45,22.844574,96.233722
EVT0082764,BMW00254,WBA00000000000254,2026-10-15 08:55:00,56.77,57.68,27.56,52.548036,137.730808
EVT0024716,BMW00213,WBA00000000000213,2026-03-27 19:35:00,21.05,93.27,13.02,46.901678,66.049658
EVT0011820,BMW00682,WBA00000000000682,2026-02-11 00:55:00,37.43,94.37,26.43,14.17797,-73.015295
EVT0049754,BMW00441,WBA00000000000441,2026-06-22 18:05:00,60.55,110.38,25.46,29.764204,91.607422
EVT0039016,BMW00942,WBA00000000000942,2026-05-16 11:15:00,32.01,38.93,9.41,23.069038,109.646294
EVT0052483,BMW00241,WBA00000000000241,2026-07-02 05:30:00,51.83,132.97,1.7,53.668209,57.759581
EVT0039117,BMW00863,WBA00000000000863,2026-05-16 19:40:00,11.37,131.07,45.31,35.050609,115.353326
EVT0015616,BMW00124,WBA00000000000124,2026-02-24 05:15:00,48.58,99.01,53.43,46.913371,60.804338
EVT0064138,BMW00260,WBA00000000000260,2026-08-11 16:45:00,43.3,10.56,39.77,44.132668,-94.519448
EVT0061613,BMW00063,WBA00000000000063,2026-08-02 22:20:00,21.79,55.57,36.4,47.951825,-91.758666
EVT0076770,BMW00614,WBA00000000000614,2026-09-24 13:25:00,31.22,121.38,25.35,32.832447,28.108554
EVT0077871,BMW00909,WBA00000000000909,2026-09-28 09:10:00,41.21,4.46,-3.38,34.188137,-28.387539
EVT0024990,BMW00771,WBA00000000000771,2026-03-28 18:25:00,98.22,114.69,17.57,29.100483,-17.211526
EVT0067577,BMW00509,WBA00000000000509,2026-08-23 15:20:00,23.27,134.71,17.54,36.193206,-70.46867
EVT0004083,BMW00188,WBA00000000000188,2026-01-15 04:10:00,24.96,95.9,0.71,9.933849,40.400042
EVT0032285,BMW00777,WBA00000000000777,2026-04-23 02:20:00,30.34,103.54,53.81,31.363444,-55.043866
EVT0007962,BMW00758,WBA00000000000758,2026-01-28 15:25:00,79.98,112.9,27.29,13.028928,118.078915
EVT0006255,BMW00618,WBA00000000000618,2026-01-22 17:10:00,52.08,113.33,-0.07,24.576624,-13.142804
EVT0044000,BMW00242,WBA00000000000242,2026-06-02 18:35:00,63.6,83.25,7.3,47.179012,78.065271
EVT0085624,BMW00809,WBA00000000000809,2026-10-25 07:15:00,65.52,24.19,24.96,10.072298,-39.537116
EVT0071222,BMW00265,WBA00000000000265,2026-09-05 07:05:00,49.96,75.19,53.48,8.136164,136.788568
EVT0092945,BMW00568,WBA00000000000568,2026-11-19 17:20:00,19.82,159.38,9.31,41.317526,-14.020979
EVT0089636,BMW00195,WBA00000000000195,2026-11-08 05:35:00,17.39,21.6,13.08,21.669425,99.682484
EVT0055064,BMW00722,WBA00000000000722,2026-07-11 04:35:00,76.72,12.94,14.23,51.660544,-104.238525
EVT0077972,BMW00724,WBA00000000000724,2026-09-28 17:35:00,55.57,42.27,32.6,30.755615,-119.296738
EVT0041990,BMW00103,WBA00000000000103,2026-05-26 19:05:00,68.43,15.22,50.45,38.744614,-63.605984
EVT0071758,BMW00125,WBA00000000000125,2026-09-07 03:45:00,62.08,150.66,20.57,19.178126,128.578472
EVT0053388,BMW00743,WBA00000000000743,2026-07-05 08:55:00,42.95,46.0,11.66,8.671928,-115.949693
EVT0029725,BMW00404,WBA00000000000404,2026-04-14 05:00:00,55.52,159.08,29.28,52.063002,78.542825
EVT0099795,BMW00904,WBA00000000000904,2026-12-13 12:10:00,48.52,84.56,28.47,53.855121,143.644512
EVT0051052,BMW00628,WBA00000000000628,2026-06-27 06:15:00,13.25,98.79,-7.97,11.308941,-117.524953
EVT0039035,BMW00612,WBA00000000000612,2026-05-16 12:50:00,93.5,71.37,53.71,13.367444,-43.307519
EVT0043109,BMW00045,WBA00000000000045,2026-05-30 16:20:00,81.81,36.2,47.25,19.426528,21.764331
EVT0049995,BMW00416,WBA00000000000416,2026-06-23 14:10:00,62.95,159.27,-8.5,8.566511,98.804677
EVT0003122,BMW00967,WBA00000000000967,2026-01-11 20:05:00,40.76,7.18,0.13,9.854764,61.993453
EVT0064531,BMW00538,WBA00000000000538,2026-08-13 01:30:00,12.99,2.13,-2.21,41.688344,-90.528568
EVT0093154,BMW00482,WBA00000000000482,2026-11-20 10:45:00,47.82,126.1,-8.59,46.43551,-103.936258
EVT0036732,BMW00270,WBA00000000000270,2026-05-08 12:55:00,68.91,106.51,0.97,50.631921,117.039494
EVT0097783,BMW00423,WBA00000000000423,2026-12-06 12:30:00,48.09,139.38,9.3,16.247128,13.177728
EVT0039323,BMW00331,WBA00000000000331,2026-05-17 12:50:00,68.33,153.83,8.94,36.41901,-56.908699
EVT0041367,BMW00460,WBA00000000000460,2026-05-24 15:10:00,87.76,41.17,30.92,41.362177,138.645737
EVT0023524,BMW00612,WBA00000000000612,2026-03-23 16:15:00,15.81,32.97,52.43,42.501247,4.791327
EVT0076489,BMW00107,WBA00000000000107,2026-09-23 14:00:00,66.91,34.74,23.12,33.329604,100.707283
EVT0007688,BMW00452,WBA00000000000452,2026-01-27 16:35:00,83.74,71.59,23.78,24.202086,118.888415
EVT0033923,BMW00832,WBA00000000000832,2026-04-28 18:50:00,90.93,109.34,43.81,46.986753,-2.66024
EVT0096029,BMW00161,WBA00000000000161,2026-11-30 10:20:00,74.61,141.62,8.89,52.286384,-82.122967
EVT0074572,BMW00551,WBA00000000000551,2026-09-16 22:15:00,99.29,158.97,-4.53,33.09585,-95.420629
EVT0063018,BMW00308,WBA00000000000308,2026-08-07 19:25:00,90.0,98.96,25.08,49.293871,21.80974
EVT0015451,BMW00448,WBA00000000000448,2026-02-23 15:30:00,65.45,148.13,17.48,14.449887,-48.673151
EVT0085103,BMW00976,WBA00000000000976,2026-10-23 11:50:00,97.92,65.26,-1.5,36.727284,-19.779493
EVT0034103,BMW00199,WBA00000000000199,2026-04-29 09:50:00,59.36,66.25,38.22,28.220047,43.251995
EVT0011516,BMW00250,WBA00000000000250,2026-02-09 23:35:00,16.81,131.91,32.99,40.852088,84.83265
EVT0053419,BMW00525,WBA00000000000525,2026-07-05 11:30:00,36.44,118.0,11.5,37.017534,23.005267
EVT0017903,BMW00632,WBA00000000000632,2026-03-04 03:50:00,18.06,44.39,43.89,46.962697,-66.346809
EVT0073000,BMW00120,WBA00000000000120,2026-09-11 11:15:00,77.62,41.55,17.92,22.438002,-80.163029
EVT0017797,BMW00446,WBA00000000000446,2026-03-03 19:00:00,24.34,43.54,-6.19,15.42977,133.468985
EVT0058104,BMW00164,WBA00000000000164,2026-07-21 17:55:00,49.42,142.11,50.6,21.831204,-75.560761
EVT0067644,BMW00870,WBA00000000000870,2026-08-23 20:55:00,49.16,139.56,6.6,42.881695,72.323416
EVT0028529,BMW00766,WBA00000000000766,2026-04-10 01:20:00,87.42,150.74,22.58,18.239862,24.035557
EVT0030419,BMW00439,WBA00000000000439,2026-04-16 14:50:00,28.54,158.53,52.96,9.264271,34.10075
EVT0069442,BMW00392,WBA00000000000392,2026-08-30 02:45:00,24.06,19.36,5.06,46.406875,147.718079
EVT0027889,BMW00641,WBA00000000000641,2026-04-07 20:00:00,96.84,57.03,-4.73,45.078525,-71.044936
EVT0098249,BMW00863,WBA00000000000863,2026-12-08 03:20:00,23.3,73.66,40.7,30.258661,-34.8093
EVT0049879,BMW00972,WBA00000000000972,2026-06-23 04:30:00,88.53,45.86,50.32,13.305014,-90.821839
EVT0029080,BMW00735,WBA00000000000735,2026-04-11 23:15:00,36.83,114.75,38.63,52.873823,39.415394
EVT0054878,BMW00890,WBA00000000000890,2026-07-10 13:05:00,15.8,84.07,17.23,25.093933,-70.374247
EVT0025592,BMW00189,WBA00000000000189,2026-03-30 20:35:00,98.18,125.96,26.74,39.780672,102.341165
EVT0067144,BMW00514,WBA00000000000514,2026-08-22 03:15:00,98.42,3.58,-5.89,43.749685,-68.327679
EVT0005543,BMW00658,WBA00000000000658,2026-01-20 05:50:00,43.46,21.62,10.38,47.369415,40.194442
EVT0048946,BMW00994,WBA00000000000994,2026-06-19 22:45:00,21.47,24.84,21.96,50.058741,-37.425286
EVT0064379,BMW00187,WBA00000000000187,2026-08-12 12:50:00,88.07,88.96,20.63,52.71507,13.53993
EVT0041018,BMW00688,WBA00000000000688,2026-05-23 10:05:00,55.64,52.24,-0.54,32.27927,102.320659
EVT0010903,BMW00695,WBA00000000000695,2026-02-07 20:30:00,61.1,129.44,5.67,43.049547,34.640181
EVT0046566,BMW00088,WBA00000000000088,2026-06-11 16:25:00,59.26,80.68,12.69,12.206054,-41.434261
EVT0050992,BMW00638,WBA00000000000638,2026-06-27 01:15:00,45.03,84.76,54.17,46.151009,-83.392853
EVT0096404,BMW00157,WBA00000000000157,2026-12-01 17:35:00,71.2,80.1,-1.16,8.912389,88.248045
EVT0051026,BMW00699,WBA00000000000699,2026-06-27 04:05:00,30.3,87.32,-6.25,24.359615,-72.610858
EVT0019902,BMW00279,WBA00000000000279,2026-03-11 02:25:00,79.52,108.33,2.96,47.426407,64.742594
EVT0084571,BMW00682,WBA00000000000682,2026-10-21 15:30:00,68.47,97.84,14.81,30.225568,-32.381839
EVT0036363,BMW00064,WBA00000000000064,2026-05-07 06:10:00,69.74,94.95,48.15,18.194924,-1.555145
EVT0057042,BMW00575,WBA00000000000575,2026-07-18 01:25:00,73.61,98.09,-5.26,14.465249,41.908482
EVT0023975,BMW00396,WBA00000000000396,2026-03-25 05:50:00,20.18,121.06,9.75,24.081911,49.222891
EVT0074109,BMW00124,WBA00000000000124,2026-09-15 07:40:00,74.63,12.52,19.98,10.299489,65.762451
EVT0098087,BMW00641,WBA00000000000641,2026-12-07 13:50:00,40.69,136.78,27.43,31.344667,-78.457267
EVT0056074,BMW00256,WBA00000000000256,2026-07-14 16:45:00,34.53,71.02,10.98,29.020532,-73.170287
EVT0023076,BMW00305,WBA00000000000305,2026-03-22 02:55:00,79.61,48.13,-8.51,31.05055,79.795453
EVT0016073,BMW00170,WBA00000000000170,2026-02-25 19:20:00,52.44,50.42,32.12,17.968145,-71.9268
EVT0058693,BMW00718,WBA00000000000718,2026-07-23 19:00:00,35.36,80.16,29.03,22.126465,96.952487
EVT0059551,BMW00481,WBA00000000000481,2026-07-26 18:30:00,16.42,144.35,-1.45,11.20159,42.47863
EVT0003058,BMW00481,WBA00000000000481,2026-01-11 14:45:00,73.26,74.5,23.32,40.99574,-50.132517
EVT0036928,BMW00113,WBA00000000000113,2026-05-09 05:15:00,21.89,39.4,38.52,44.720454,-94.314668
EVT0076250,BMW00501,WBA00000000000501,2026-09-22 18:05:00,22.29,39.05,44.93,30.69286,63.985223
EVT0046094,BMW00412,WBA00000000000412,2026-06-10 01:05:00,76.13,10.16,34.62,46.285352,65.904029
EVT0048229,BMW00853,WBA00000000000853,2026-06-17 11:00:00,78.34,142.49,-6.2,51.079945,-20.026253
EVT0011887,BMW00467,WBA00000000000467,2026-02-11 06:30:00,20.38,78.22,7.0,19.848217,-101.030518
EVT0010117,BMW00619,WBA00000000000619,2026-02-05 03:00:00,75.15,5.24,31.6,43.286343,148.096537
EVT0049942,BMW00155,WBA00000000000155,2026-06-23 09:45:00,24.17,73.09,9.34,24.648523,-90.910299
EVT0009704,BMW00158,WBA00000000000158,2026-02-03 16:35:00,78.58,135.49,47.28,39.595222,-83.955772
EVT0097572,BMW00914,WBA00000000000914,2026-12-05 18:55:00,57.18,74.65,31.2,47.02969,48.762225
EVT0034707,BMW00512,WBA00000000000512,2026-05-01 12:10:00,19.01,146.66,43.4,31.925018,12.52346
EVT0076434,BMW00489,WBA00000000000489,2026-09-23 09:25:00,37.93,39.36,28.82,33.0249,69.572169
EVT0093874,BMW00404,WBA00000000000404,2026-11-22 22:45:00,50.03,84.94,34.58,49.280959,132.306643
EVT0009868,BMW00135,WBA00000000000135,2026-02-04 06:15:00,21.03,138.8,14.65,36.918153,30.211592
EVT0037710,BMW00038,WBA00000000000038,2026-05-11 22:25:00,42.15,111.29,14.58,34.431449,-3.661364
EVT0071528,BMW00147,WBA00000000000147,2026-09-06 08:35:00,33.98,16.75,42.14,36.338198,-100.575522
EVT0049190,BMW00482,WBA00000000000482,2026-06-20 19:05:00,95.23,101.24,15.31,29.785412,86.424712
EVT0036210,BMW00498,WBA00000000000498,2026-05-06 17:25:00,85.58,90.65,31.66,28.156886,-75.716638
EVT0055684,BMW00590,WBA00000000000590,2026-07-13 08:15:00,66.14,121.33,43.77,45.944417,24.244632
EVT0080301,BMW00570,WBA00000000000570,2026-10-06 19:40:00,44.62,108.73,-6.42,25.160942,-3.981603
EVT0078919,BMW00888,WBA00000000000888,2026-10-02 00:30:00,68.98,106.17,-3.16,23.411878,128.120538
EVT0031617,BMW00979,WBA00000000000979,2026-04-20 18:40:00,92.93,22.85,51.81,35.406573,91.536133
EVT0061233,BMW00361,WBA00000000000361,2026-08-01 14:40:00,98.69,15.94,35.44,31.473745,1.546418
EVT0011884,BMW00308,WBA00000000000308,2026-02-11 06:15:00,22.83,26.46,18.77,34.695199,-73.377573
EVT0097152,BMW00904,WBA00000000000904,2026-12-04 07:55:00,87.68,13.28,8.37,31.267633,53.130375
EVT0054718,BMW00725,WBA00000000000725,2026-07-09 23:45:00,84.76,145.85,36.95,36.838745,-105.151014
EVT0009491,BMW00702,WBA00000000000702,2026-02-02 22:50:00,98.12,106.99,22.71,11.45042,5.417097
EVT0046833,BMW00301,WBA00000000000301,2026-06-12 14:40:00,80.22,35.31,15.57,50.571281,3.508576
EVT0082521,BMW00183,WBA00000000000183,2026-10-14 12:40:00,98.15,52.43,2.56,40.060345,2.905389
EVT0069931,BMW00568,WBA00000000000568,2026-08-31 19:30:00,67.14,157.59,54.4,10.914125,125.829058
EVT0035625,BMW00641,WBA00000000000641,2026-05-04 16:40:00,30.7,14.95,7.36,35.325992,-109.264236
EVT0019100,BMW00704,WBA00000000000704,2026-03-08 07:35:00,84.3,46.97,-1.73,12.473954,-29.764245
EVT0053777,BMW00698,WBA00000000000698,2026-07-06 17:20:00,22.73,52.52,17.07,37.46345,-16.594804
EVT0043124,BMW00726,WBA00000000000726,2026-05-30 17:35:00,45.72,101.93,36.47,42.51997,-102.586262
EVT0001249,BMW00063,WBA00000000000063,2026-01-05 08:00:00,55.65,52.55,-0.76,18.402766,124.188468
EVT0056066,BMW00970,WBA00000000000970,2026-07-14 16:05:00,94.51,110.04,-5.48,17.9996,-111.398495
EVT0060129,BMW00807,WBA00000000000807,2026-07-28 18:40:00,44.23,88.74,3.16,49.44862,-20.232951
EVT0029443,BMW00344,WBA00000000000344,2026-04-13 05:30:00,12.76,65.95,-2.69,20.701006,-67.044171
EVT0004566,BMW00917,WBA00000000000917,2026-01-16 20:25:00,55.55,26.57,26.05,10.260564,119.599768
EVT0088111,BMW00387,WBA00000000000387,2026-11-02 22:30:00,26.94,40.63,17.54,26.720529,-43.052296
EVT0029190,BMW00869,WBA00000000000869,2026-04-12 08:25:00,64.93,137.12,26.56,52.537711,131.961177
EVT0050112,BMW00404,WBA00000000000404,2026-06-23 23:55:00,84.42,68.86,31.26,23.999118,122.00696
EVT0098873,BMW00928,WBA00000000000928,2026-12-10 07:20:00,14.1,98.26,33.39,19.661967,149.246546
EVT0044910,BMW00543,WBA00000000000543,2026-06-05 22:25:00,74.58,67.91,34.13,32.741753,76.960337
EVT0043564,BMW00307,WBA00000000000307,2026-06-01 06:15:00,89.16,4.3,54.46,25.037561,108.733937
EVT0008590,BMW00632,WBA00000000000632,2026-01-30 19:45:00,47.86,93.46,31.85,45.054104,49.776864
EVT0010595,BMW00889,WBA00000000000889,2026-02-06 18:50:00,45.34,36.94,37.94,36.504858,81.788499
EVT0003585,BMW00196,WBA00000000000196,2026-01-13 10:40:00,55.84,15.24,24.14,40.409833,43.283509
EVT0099475,BMW00737,WBA00000000000737,2026-12-12 09:30:00,51.08,149.25,51.52,42.489415,149.213291
EVT0020254,BMW00521,WBA00000000000521,2026-03-12 07:45:00,88.75,79.81,40.44,42.08802,100.9216
EVT0085094,BMW00937,WBA00000000000937,2026-10-23 11:05:00,61.72,114.76,31.46,37.019796,-68.022261
EVT0095200,BMW00736,WBA00000000000736,2026-11-27 13:15:00,35.07,39.12,27.84,49.831639,6.337014
EVT0042590,BMW00349,WBA00000000000349,2026-05-28 21:05:00,25.21,66.81,54.86,43.991019,-48.708301
EVT0004584,BMW00017,WBA00000000000017,2026-01-16 21:55:00,88.65,130.7,42.1,16.918626,-63.356353
EVT0047413,BMW00207,WBA00000000000207,2026-06-14 15:00:00,84.8,32.82,46.05,26.249376,144.029621
EVT0067103,BMW00331,WBA00000000000331,2026-08-21 23:50:00,65.79,146.4,8.12,37.391467,117.803405
EVT0047167,BMW00991,WBA00000000000991,2026-06-13 18:30:00,74.65,137.25,-7.76,13.829533,-18.756129
EVT0027382,BMW00276,WBA00000000000276,2026-04-06 01:45:00,25.6,32.27,47.34,52.657838,57.977867
EVT0011456,BMW00163,WBA00000000000163,2026-02-09 18:35:00,84.03,75.34,22.63,37.535297,125.98252
EVT0019407,BMW00492,WBA00000000000492,2026-03-09 09:10:00,51.87,19.33,31.1,36.980496,145.641629
EVT0073467,BMW00222,WBA00000000000222,2026-09-13 02:10:00,99.04,103.99,40.66,12.899172,7.352777
EVT0099411,BMW00711,WBA00000000000711,2026-12-12 04:10:00,47.95,111.83,42.81,41.081079,47.246971
EVT0037396,BMW00808,WBA00000000000808,2026-05-10 20:15:00,68.46,60.45,-5.3,37.79747,34.43671
EVT0079699,BMW00463,WBA00000000000463,2026-10-04 17:30:00,35.55,158.38,52.56,36.878335,54.586456
EVT0005775,BMW00199,WBA00000000000199,2026-01-21 01:10:00,88.25,88.24,-3.01,50.011313,-45.048281
EVT0036042,BMW00929,WBA00000000000929,2026-05-06 03:25:00,25.37,86.5,11.17,26.89504,-18.005296
EVT0069035,BMW00802,WBA00000000000802,2026-08-28 16:50:00,74.79,159.68,27.19,44.186909,-101.389703
EVT0055295,BMW00535,WBA00000000000535,2026-07-11 23:50:00,53.84,54.98,26.62,13.453661,-59.262456
EVT0090737,BMW00942,WBA00000000000942,2026-11-12 01:20:00,28.03,102.02,48.3,52.926386,-49.524771
EVT0001936,BMW00302,WBA00000000000302,2026-01-07 17:15:00,84.83,11.06,0.53,51.743602,57.239105
EVT0022430,BMW00649,WBA00000000000649,2026-03-19 21:05:00,12.97,41.78,52.95,18.573535,-109.215907
EVT0006293,BMW00770,WBA00000000000770,2026-01-22 20:20:00,59.87,150.14,34.17,16.205954,-65.262733
EVT0047616,BMW00724,WBA00000000000724,2026-06-15 07:55:00,91.13,108.26,-7.31,37.583582,97.753141
EVT0099483,BMW00592,WBA00000000000592,2026-12-12 10:10:00,91.3,115.17,51.2,37.477654,106.602202
EVT0085065,BMW00525,WBA00000000000525,2026-10-23 08:40:00,68.31,58.68,42.89,48.154567,109.136854
EVT0035266,BMW00832,WBA00000000000832,2026-05-03 10:45:00,92.39,132.16,42.53,45.343067,-82.657964
EVT0061103,BMW00352,WBA00000000000352,2026-08-01 03:50:00,21.18,99.86,15.86,37.167478,-63.951947
EVT0045526,BMW00666,WBA00000000000666,2026-06-08 01:45:00,87.07,138.65,51.56,47.711183,-1.390596
EVT0055239,BMW00341,WBA00000000000341,2026-07-11 19:10:00,65.07,93.49,-7.64,28.741355,-76.345279
EVT0067046,BMW00485,WBA00000000000485,2026-08-21 19:05:00,50.75,2.99,49.43,25.661152,134.901506
EVT0080467,BMW00595,WBA00000000000595,2026-10-07 09:30:00,18.93,10.56,-8.27,42.907751,-108.491355
EVT0061394,BMW00530,WBA00000000000530,2026-08-02 04:05:00,50.14,127.79,17.16,36.166436,-74.081509
EVT0088194,BMW00238,WBA00000000000238,2026-11-03 05:25:00,53.99,119.12,25.9,36.165983,100.352785
EVT0039448,BMW00042,WBA00000000000042,2026-05-17 23:15:00,19.85,68.66,-6.26,33.098217,43.589459
EVT0082412,BMW00380,WBA00000000000380,2026-10-14 03:35:00,19.83,143.53,15.92,50.394685,137.320293
EVT0077329,BMW00154,WBA00000000000154,2026-09-26 12:00:00,42.18,6.07,6.68,26.909587,61.649489
EVT0074350,BMW00914,WBA00000000000914,2026-09-16 03:45:00,57.65,126.28,6.18,47.589033,-68.196671
EVT0059908,BMW00639,WBA00000000000639,2026-07-28 00:15:00,27.95,26.57,38.59,16.621741,-68.553664
EVT0095265,BMW00449,WBA00000000000449,2026-11-27 18:40:00,87.9,60.9,23.19,8.827062,-6.289184
EVT0019239,BMW00588,WBA00000000000588,2026-03-08 19:10:00,13.35,73.83,44.45,23.901685,-83.863432
EVT0082434,BMW00417,WBA00000000000417,2026-10-14 05:25:00,41.62,9.69,2.29,34.8392,8.303689
EVT0002639,BMW00801,WBA00000000000801,2026-01-10 03:50:00,79.11,86.04,30.38,23.94872,-60.887554
EVT0047174,BMW00130,WBA00000000000130,2026-06-13 19:05:00,39.09,139.42,48.29,29.005416,37.319119
EVT0085850,BMW00001,WBA00000000000001,2026-10-26 02:05:00,77.45,98.59,48.08,24.998336,139.767059
EVT0065283,BMW00235,WBA00000000000235,2026-08-15 16:10:00,79.36,46.61,-1.35,54.084561,130.253665
EVT0059943,BMW00847,WBA00000000000847,2026-07-28 03:10:00,31.35,113.12,-7.44,40.5373,-20.437935
EVT0059949,BMW00116,WBA00000000000116,2026-07-28 03:40:00,82.73,33.48,-8.62,30.195758,-37.688611
EVT0092513,BMW00809,WBA00000000000809,2026-11-18 05:20:00,54.3,25.32,47.61,48.724476,-94.879787
EVT0007299,BMW00817,WBA00000000000817,2026-01-26 08:10:00,79.39,4.8,42.76,43.616201,130.932567
EVT0039651,BMW00128,WBA00000000000128,2026-05-18 16:10:00,78.55,26.59,22.89,31.814039,27.301425
EVT0059703,BMW00346,WBA00000000000346,2026-07-27 07:10:00,98.31,85.78,-0.29,25.355072,21.998207
EVT0099836,BMW00849,WBA00000000000849,2026-12-13 15:35:00,71.48,54.65,35.76,31.615911,-47.033877
EVT0029191,BMW00109,WBA00000000000109,2026-04-12 08:30:00,49.73,62.74,12.28,17.127177,-19.043763
EVT0092949,BMW00199,WBA00000000000199,2026-11-19 17:40:00,46.91,101.01,-8.41,25.079166,-110.412272
EVT0086181,BMW00998,WBA00000000000998,2026-10-27 05:40:00,48.38,94.53,31.29,36.392839,-26.539074
EVT0096483,BMW00820,WBA00000000000820,2026-12-02 00:10:00,17.72,82.1,-7.83,27.467161,148.857269
EVT0018722,BMW00952,WBA00000000000952,2026-03-07 00:05:00,77.71,45.34,44.34,37.172912,59.314799
EVT0075228,BMW00816,WBA00000000000816,2026-09-19 04:55:00,12.42,151.52,-3.32,22.403206,10.275704
EVT0015841,BMW00970,WBA00000000000970,2026-02-25 00:00:00,23.24,121.95,15.09,43.690955,97.146516
EVT0018066,BMW00060,WBA00000000000060,2026-03-04 17:25:00,47.42,119.74,23.24,53.663811,64.217225
EVT0013877,BMW00274,WBA00000000000274,2026-02-18 04:20:00,10.99,71.6,54.21,48.066469,77.007814
EVT0031874,BMW00196,WBA00000000000196,2026-04-21 16:05:00,21.12,137.75,8.33,15.892849,-107.991481
EVT0035359,BMW00342,WBA00000000000342,2026-05-03 18:30:00,98.12,120.96,52.78,20.212254,146.401
EVT0005165,BMW00435,WBA00000000000435,2026-01-18 22:20:00,78.21,118.92,-4.98,15.426751,106.611416
EVT0030324,BMW00201,WBA00000000000201,2026-04-16 06:55:00,57.16,156.57,25.55,10.18951,121.612541
EVT0078677,BMW00870,WBA00000000000870,2026-10-01 04:20:00,28.72,138.99,6.99,19.044656,-85.40751
EVT0072629,BMW00376,WBA00000000000376,2026-09-10 04:20:00,86.53,150.45,23.39,32.052462,-29.041002
EVT0093887,BMW00256,WBA00000000000256,2026-11-22 23:50:00,56.81,94.61,18.09,53.063958,9.971006
EVT0068300,BMW00588,WBA00000000000588,2026-08-26 03:35:00,55.52,113.4,4.23,23.217665,-13.328817
EVT0040972,BMW00896,WBA00000000000896,2026-05-23 06:15:00,56.24,42.81,30.77,20.146234,-105.540178
EVT0073469,BMW00293,WBA00000000000293,2026-09-13 02:20:00,34.2,135.44,31.92,36.036034,34.576752
EVT0097988,BMW00099,WBA00000000000099,2026-12-07 05:35:00,27.94,24.73,26.32,17.863548,-3.33619
EVT0068952,BMW00477,WBA00000000000477,2026-08-28 09:55:00,29.26,124.53,44.65,49.880165,-97.558761
EVT0029008,BMW00957,WBA00000000000957,2026-04-11 17:15:00,51.19,11.86,47.52,37.473701,23.425045
EVT0082173,BMW00597,WBA00000000000597,2026-10-13 07:40:00,90.1,92.33,18.69,26.828512,-6.053197
EVT0099833,BMW00517,WBA00000000000517,2026-12-13 15:20:00,36.93,129.92,22.26,22.530348,-101.99431
EVT0011521,BMW00505,WBA00000000000505,2026-02-10 00:00:00,13.51,116.69,33.13,21.75046,-94.578904
EVT0018706,BMW00368,WBA00000000000368,2026-03-06 22:45:00,40.29,10.01,-3.57,40.658893,47.487175
EVT0030485,BMW00643,WBA00000000000643,2026-04-16 20:20:00,96.3,96.19,-3.01,27.298986,-24.771904
EVT0054210,BMW00335,WBA00000000000335,2026-07-08 05:25:00,31.6,137.57,32.51,24.140441,83.941787
EVT0047786,BMW00940,WBA00000000000940,2026-06-15 22:05:00,27.48,125.14,32.16,26.926612,4.41146
EVT0039150,BMW00722,WBA00000000000722,2026-05-16 22:25:00,72.93,88.13,54.26,49.82793,73.04116
EVT0016260,BMW00608,WBA00000000000608,2026-02-26 10:55:00,45.7,121.92,35.69,42.264966,148.855397
EVT0020199,BMW00857,WBA00000000000857,2026-03-12 03:10:00,85.18,132.8,33.18,43.172029,77.250713
EVT0021198,BMW00782,WBA00000000000782,2026-03-15 14:25:00,44.58,152.79,-1.13,51.003057,-117.840441
EVT0022315,BMW00316,WBA00000000000316,2026-03-19 11:30:00,21.76,31.66,-6.92,42.109088,56.282361
EVT0024184,BMW00983,WBA00000000000983,2026-03-25 23:15:00,84.91,152.22,12.2,39.442818,-93.486543
EVT0038119,BMW00843,WBA00000000000843,2026-05-13 08:30:00,18.42,103.09,43.12,12.428326,102.90935
EVT0063237,BMW00588,WBA00000000000588,2026-08-08 13:40:00,20.95,8.38,-4.39,36.430345,131.465712
EVT0047181,BMW00493,WBA00000000000493,2026-06-13 19:40:00,42.54,25.81,15.1,34.951742,141.8376
EVT0066300,BMW00791,WBA00000000000791,2026-08-19 04:55:00,87.19,137.48,-6.62,22.586768,-58.68975
EVT0031265,BMW00204,WBA00000000000204,2026-04-19 13:20:00,78.15,88.64,18.46,51.222736,105.569677
EVT0068470,BMW00677,WBA00000000000677,2026-08-26 17:45:00,57.94,111.55,30.1,33.463491,-48.782909
EVT0057511,BMW00022,WBA00000000000022,2026-07-19 16:30:00,94.39,20.26,20.62,30.59748,-22.171473
EVT0042592,BMW00651,WBA00000000000651,2026-05-28 21:15:00,81.06,154.48,42.06,34.312196,-31.444687
EVT0063755,BMW00942,WBA00000000000942,2026-08-10 08:50:00,16.82,26.52,42.44,52.165135,-22.184582
EVT0003893,BMW00685,WBA00000000000685,2026-01-14 12:20:00,69.39,153.93,41.54,15.242797,24.733638
EVT0038771,BMW00919,WBA00000000000919,2026-05-15 14:50:00,64.36,149.96,35.16,34.797373,-69.61235
EVT0059514,BMW00261,WBA00000000000261,2026-07-26 15:25:00,83.01,36.49,9.29,35.403588,148.535856
EVT0061334,BMW00271,WBA00000000000271,2026-08-01 23:05:00,85.05,79.69,6.96,46.505182,24.453808
EVT0038763,BMW00968,WBA00000000000968,2026-05-15 14:10:00,32.03,6.66,45.88,37.940895,-45.197716
EVT0097376,BMW00795,WBA00000000000795,2026-12-05 02:35:00,44.93,94.12,1.83,24.780632,-114.307976
EVT0080365,BMW00832,WBA00000000000832,2026-10-07 01:00:00,80.29,49.21,17.53,45.61172,-15.214991
EVT0044492,BMW00770,WBA00000000000770,2026-06-04 11:35:00,25.78,143.48,6.74,13.384514,38.763776
EVT0093702,BMW00855,WBA00000000000855,2026-11-22 08:25:00,73.14,112.77,5.12,16.70434,-110.250599
EVT0014987,BMW00492,WBA00000000000492,2026-02-22 00:50:00,72.28,157.8,-6.46,34.466181,-91.353061
EVT0036613,BMW00909,WBA00000000000909,2026-05-08 03:00:00,62.19,155.46,9.14,48.737353,121.061103
EVT0059809,BMW00934,WBA00000000000934,2026-07-27 16:00:00,31.29,59.33,6.36,46.74375,-35.021142
EVT0013657,BMW00514,WBA00000000000514,2026-02-17 10:00:00,99.37,15.11,30.96,49.721715,77.200263
EVT0048095,BMW00614,WBA00000000000614,2026-06-16 23:50:00,75.04,1.8,-1.78,49.449016,-77.961027
EVT0078972,BMW00320,WBA00000000000320,2026-10-02 04:55:00,61.81,117.95,37.59,25.03558,-115.821844
EVT0034983,BMW00443,WBA00000000000443,2026-05-02 11:10:00,73.25,156.43,7.37,8.631017,-75.722033
EVT0064146,BMW00022,WBA00000000000022,2026-08-11 17:25:00,96.4,90.07,17.32,38.022444,-82.020605
EVT0084849,BMW00622,WBA00000000000622,2026-10-22 14:40:00,16.14,138.67,13.31,18.194965,103.579687
EVT0034895,BMW00719,WBA00000000000719,2026-05-02 03:50:00,77.76,146.5,0.42,35.070797,34.987725
EVT0068708,BMW00336,WBA00000000000336,2026-08-27 13:35:00,15.9,10.31,39.61,23.020172,31.990917
EVT0081641,BMW00577,WBA00000000000577,2026-10-11 11:20:00,95.2,92.01,46.34,18.533671,11.379456
EVT0010243,BMW00324,WBA00000000000324,2026-02-05 13:30:00,60.59,11.24,27.1,42.922744,-38.214377
EVT0056243,BMW00799,WBA00000000000799,2026-07-15 06:50:00,30.61,143.73,50.05,22.668915,-105.56275
EVT0077603,BMW00400,WBA00000000000400,2026-09-27 10:50:00,88.29,102.02,51.15,42.21705,-97.787054
EVT0086267,BMW00396,WBA00000000000396,2026-10-27 12:50:00,63.23,137.52,53.75,54.285352,-80.105919
EVT0044981,BMW00703,WBA00000000000703,2026-06-06 04:20:00,26.81,66.49,-0.62,8.274725,68.835332
EVT0066345,BMW00142,WBA00000000000142,2026-08-19 08:40:00,27.48,24.85,35.29,54.313735,99.961161
EVT0060241,BMW00143,WBA00000000000143,2026-07-29 04:00:00,52.61,38.35,5.54,34.357524,-7.211222
EVT0085521,BMW00323,WBA00000000000323,2026-10-24 22:40:00,78.36,103.55,4.3,18.983414,-22.256207
EVT0080072,BMW00273,WBA00000000000273,2026-10-06 00:35:00,91.44,20.04,27.9,52.209998,-92.731363
EVT0091086,BMW00343,WBA00000000000343,2026-11-13 06:25:00,38.17,121.54,-7.92,29.747841,146.898323
EVT0031795,BMW00922,WBA00000000000922,2026-04-21 09:30:00,97.02,128.02,16.14,18.610538,-33.781348
EVT0071622,BMW00294,WBA00000000000294,2026-09-06 16:25:00,94.68,112.83,11.66,31.608873,66.660829
EVT0000157,BMW00930,WBA00000000000930,2026-01-01 13:00:00,52.99,65.38,36.28,31.797776,0.459001
EVT0001609,BMW00085,WBA00000000000085,2026-01-06 14:00:00,58.49,128.49,-0.69,43.501972,69.575215
EVT0009464,BMW00223,WBA00000000000223,2026-02-02 20:35:00,18.07,79.51,38.75,35.963981,-36.933184
EVT0003183,BMW00746,WBA00000000000746,2026-01-12 01:10:00,40.88,61.18,40.58,43.881601,45.121766
EVT0005732,BMW00952,WBA00000000000952,2026-01-20 21:35:00,44.64,154.35,50.94,38.010871,-100.62936
EVT0053032,BMW00388,WBA00000000000388,2026-07-04 03:15:00,17.67,158.75,-0.71,10.59682,121.013227
EVT0004405,BMW00764,WBA00000000000764,2026-01-16 07:00:00,15.33,60.64,-8.89,27.749534,-18.696453
EVT0034231,BMW00375,WBA00000000000375,2026-04-29 20:30:00,47.53,156.36,-1.1,52.965176,15.684756
EVT0000428,BMW00140,WBA00000000000140,2026-01-02 11:35:00,37.32,146.65,17.91,23.134765,-48.320993
EVT0030639,BMW00791,WBA00000000000791,2026-04-17 09:10:00,41.75,40.54,1.29,48.296386,-35.546149
EVT0070569,BMW00877,WBA00000000000877,2026-09-03 00:40:00,68.73,44.24,29.39,15.819648,1.666162
EVT0020233,BMW00111,WBA00000000000111,2026-03-12 06:00:00,77.07,109.2,46.72,43.059083,66.726774
EVT0088640,BMW00074,WBA00000000000074,2026-11-04 18:35:00,95.39,83.64,12.53,24.22478,54.364274
EVT0012323,BMW00380,WBA00000000000380,2026-02-12 18:50:00,34.69,44.41,12.38,36.905927,-101.180887
EVT0097810,BMW00646,WBA00000000000646,2026-12-06 14:45:00,46.59,113.99,49.09,15.243207,56.082606
EVT0078703,BMW00301,WBA00000000000301,2026-10-01 06:30:00,81.87,152.05,53.29,15.829381,-25.650468
EVT0036221,BMW00703,WBA00000000000703,2026-05-06 18:20:00,15.34,145.34,27.98,20.552544,-16.521184
EVT0048945,BMW00274,WBA00000000000274,2026-06-19 22:40:00,59.75,46.72,29.41,16.195098,-32.07927
EVT0094021,BMW00514,WBA00000000000514,2026-11-23 11:00:00,60.26,142.54,10.88,52.297001,39.214093
EVT0013846,BMW00569,WBA00000000000569,2026-02-18 01:45:00,91.18,112.41,8.05,32.698093,55.67856
EVT0039676,BMW00331,WBA00000000000331,2026-05-18 18:15:00,48.53,141.98,32.47,31.95341,-1.42659
EVT0067597,BMW00273,WBA00000000000273,2026-08-23 17:00:00,61.82,149.34,2.49,54.262718,-49.871837
EVT0064744,BMW00679,WBA00000000000679,2026-08-13 19:15:00,90.04,148.81,-6.68,11.477554,99.217107
EVT0051466,BMW00310,WBA00000000000310,2026-06-28 16:45:00,51.43,55.92,48.7,51.394819,-55.471422
EVT0004487,BMW00366,WBA00000000000366,2026-01-16 13:50:00,79.48,71.59,51.59,23.087226,-102.360811
EVT0066739,BMW00546,WBA00000000000546,2026-08-20 17:30:00,16.4,55.83,25.77,24.256956,103.209007
EVT0083494,BMW00674,WBA00000000000674,2026-10-17 21:45:00,94.61,116.12,21.47,53.6217,-14.765402
EVT0084666,BMW00686,WBA00000000000686,2026-10-21 23:25:00,95.91,62.77,30.99,23.52913,21.210682
EVT0011829,BMW00300,WBA00000000000300,2026-02-11 01:40:00,44.9,26.94,-7.67,22.754045,85.712934
EVT0043046,BMW00510,WBA00000000000510,2026-05-30 11:05:00,36.74,58.45,19.34,43.620103,51.904968
EVT0023605,BMW00336,WBA00000000000336,2026-03-23 23:00:00,35.98,45.6,32.89,38.90034,106.849734
EVT0051861,BMW00183,WBA00000000000183,2026-06-30 01:40:00,80.8,62.05,14.36,51.773225,-8.666415
EVT0037518,BMW00179,WBA00000000000179,2026-05-11 06:25:00,52.61,25.03,28.75,17.95831,126.427964
EVT0066368,BMW00245,WBA00000000000245,2026-08-19 10:35:00,96.15,48.31,40.88,19.864132,79.362755
EVT0027495,BMW00962,WBA00000000000962,2026-04-06 11:10:00,34.57,136.12,3.74,21.757482,19.689086
EVT0054758,BMW00512,WBA00000000000512,2026-07-10 03:05:00,87.14,71.92,48.01,46.188317,-106.385952
EVT0098393,BMW00158,WBA00000000000158,2026-12-08 15:20:00,58.86,24.35,5.42,48.313562,-8.243308
EVT0053349,BMW00910,WBA00000000000910,2026-07-05 05:40:00,10.77,159.47,53.87,35.792867,-103.55704
EVT0043999,BMW00708,WBA00000000000708,2026-06-02 18:30:00,87.43,146.52,27.6,53.186383,-60.622102
EVT0007691,BMW00878,WBA00000000000878,2026-01-27 16:50:00,49.06,99.77,23.22,22.053875,130.407259
EVT0038184,BMW00398,WBA00000000000398,2026-05-13 13:55:00,18.44,126.4,5.18,11.319011,-57.023488
EVT0083568,BMW00869,WBA00000000000869,2026-10-18 03:55:00,62.88,130.64,2.44,31.956903,105.709927
EVT0029745,BMW00954,WBA00000000000954,2026-04-14 06:40:00,28.36,111.19,45.5,41.787423,-113.812101
EVT0016523,BMW00967,WBA00000000000967,2026-02-27 08:50:00,53.89,54.91,11.8,45.179536,99.601341
EVT0040747,BMW00555,WBA00000000000555,2026-05-22 11:30:00,76.66,148.38,37.26,19.98737,32.719499
EVT0019863,BMW00059,WBA00000000000059,2026-03-10 23:10:00,79.38,29.64,47.61,22.523624,-89.537884
EVT0089881,BMW00653,WBA00000000000653,2026-11-09 02:00:00,48.73,26.71,-1.96,21.080482,62.486146
EVT0041222,BMW00334,WBA00000000000334,2026-05-24 03:05:00,46.12,124.17,12.13,36.712357,-6.221776
EVT0041525,BMW00123,WBA00000000000123,2026-05-25 04:20:00,25.71,139.77,-9.59,14.503221,7.461252
EVT0015086,BMW00624,WBA00000000000624,2026-02-22 09:05:00,20.72,31.21,-4.32,31.700839,31.521076
EVT0012746,BMW00017,WBA00000000000017,2026-02-14 06:05:00,40.27,31.49,9.16,46.848342,-4.286921
EVT0060927,BMW00677,WBA00000000000677,2026-07-31 13:10:00,84.57,38.49,9.87,46.617316,134.767784
EVT0038359,BMW00301,WBA00000000000301,2026-05-14 04:30:00,43.2,89.19,-2.63,41.192483,118.924232
EVT0001375,BMW00147,WBA00000000000147,2026-01-05 18:30:00,26.17,63.96,7.01,44.510182,111.685535
EVT0001336,BMW00189,WBA00000000000189,2026-01-05 15:15:00,35.95,108.16,-6.36,18.479473,87.202627
EVT0059393,BMW00821,WBA00000000000821,2026-07-26 05:20:00,71.05,40.87,20.87,22.488642,-117.966828
EVT0082324,BMW00351,WBA00000000000351,2026-10-13 20:15:00,75.2,24.62,15.34,50.7222,144.540692
EVT0020897,BMW00216,WBA00000000000216,2026-03-14 13:20:00,55.08,78.93,-3.56,11.546645,-62.842761
EVT0078882,BMW00976,WBA00000000000976,2026-10-01 21:25:00,21.59,53.69,1.05,29.521706,117.842936
EVT0036032,BMW00284,WBA00000000000284,2026-05-06 02:35:00,28.03,68.69,54.09,18.50761,-112.760093
EVT0092148,BMW00260,WBA00000000000260,2026-11-16 22:55:00,41.26,41.03,11.98,23.524563,-109.184485
EVT0026726,BMW00409,WBA00000000000409,2026-04-03 19:05:00,41.5,20.48,13.91,25.185119,89.33661
EVT0022599,BMW00315,WBA00000000000315,2026-03-20 11:10:00,66.77,110.84,51.29,15.220341,-112.588896
EVT0017044,BMW00935,WBA00000000000935,2026-03-01 04:15:00,89.3,5.34,17.41,16.190347,51.066448
EVT0049495,BMW00298,WBA00000000000298,2026-06-21 20:30:00,23.14,76.54,15.68,19.8464,-48.910344
EVT0036447,BMW00342,WBA00000000000342,2026-05-07 13:10:00,95.28,13.1,52.98,47.925009,-112.901225
EVT0044781,BMW00384,WBA00000000000384,2026-06-05 11:40:00,61.32,58.37,7.8,23.851464,-61.467821
EVT0082208,BMW00681,WBA00000000000681,2026-10-13 10:35:00,59.95,15.06,39.32,21.720687,-19.052242
EVT0040259,BMW00375,WBA00000000000375,2026-05-20 18:50:00,38.89,142.28,52.92,33.172373,20.163938
EVT0054415,BMW00761,WBA00000000000761,2026-07-08 22:30:00,74.35,25.98,19.03,39.22108,44.305398
EVT0002129,BMW00294,WBA00000000000294,2026-01-08 09:20:00,94.37,155.04,-4.53,19.987696,-3.292512
EVT0019565,BMW00669,WBA00000000000669,2026-03-09 22:20:00,71.91,30.76,29.01,8.412054,128.871031
EVT0030434,BMW00490,WBA00000000000490,2026-04-16 16:05:00,44.53,53.69,44.51,33.050277,107.91157
EVT0003036,BMW00453,WBA00000000000453,2026-01-11 12:55:00,67.78,22.5,23.79,54.618046,113.593132
EVT0046688,BMW00308,WBA00000000000308,2026-06-12 02:35:00,25.56,14.52,25.13,10.36331,-82.90306
EVT0063480,BMW00149,WBA00000000000149,2026-08-09 09:55:00,69.75,115.78,25.06,51.3908,76.976041
EVT0018077,BMW00650,WBA00000000000650,2026-03-04 18:20:00,98.45,31.53,-7.69,26.213771,-101.230249
EVT0067897,BMW00856,WBA00000000000856,2026-08-24 18:00:00,27.5,31.03,42.43,24.558443,143.982761
EVT0088581,BMW00421,WBA00000000000421,2026-11-04 13:40:00,84.87,22.55,13.59,19.586168,-95.31496
EVT0057956,BMW00738,WBA00000000000738,2026-07-21 05:35:00,31.98,143.28,51.91,15.908419,-37.728337
EVT0061639,BMW00974,WBA00000000000974,2026-08-03 00:30:00,30.25,144.98,3.8,11.87191,137.828996
EVT0027555,BMW00955,WBA00000000000955,2026-04-06 16:10:00,68.41,66.78,35.0,20.786614,2.522751
EVT0075087,BMW00635,WBA00000000000635,2026-09-18 17:10:00,97.41,106.26,22.55,23.263681,-29.011486
EVT0055706,BMW00655,WBA00000000000655,2026-07-13 10:05:00,55.04,12.34,50.31,11.082112,-31.754238
EVT0084911,BMW00502,WBA00000000000502,2026-10-22 19:50:00,88.84,33.5,50.87,35.208916,58.631973
EVT0038114,BMW00152,WBA00000000000152,2026-05-13 08:05:00,47.42,27.54,6.99,30.979164,100.840923
EVT0055776,BMW00514,WBA00000000000514,2026-07-13 15:55:00,97.06,133.87,-7.37,43.718981,24.656209
EVT0030917,BMW00748,WBA00000000000748,2026-04-18 08:20:00,82.87,37.55,9.26,29.283582,-0.315695
EVT0063178,BMW00435,WBA00000000000435,2026-08-08 08:45:00,72.61,87.85,48.36,28.790978,32.288858
EVT0090506,BMW00001,WBA00000000000001,2026-11-11 06:05:00,23.84,114.71,53.09,30.567792,79.666709
EVT0094527,BMW00860,WBA00000000000860,2026-11-25 05:10:00,94.07,33.3,42.84,12.062723,-14.94934
EVT0068073,BMW00030,WBA00000000000030,2026-08-25 08:40:00,73.18,41.46,46.87,36.475492,-28.668433
EVT0093855,BMW00301,WBA00000000000301,2026-11-22 21:10:00,59.9,29.31,48.4,8.10199,-39.364683
EVT0043147,BMW00811,WBA00000000000811,2026-05-30 19:30:00,10.64,151.85,-7.35,22.296171,51.517426
EVT0030461,BMW00458,WBA00000000000458,2026-04-16 18:20:00,57.68,142.44,2.43,35.009655,88.978078
EVT0042695,BMW00929,WBA00000000000929,2026-05-29 05:50:00,21.46,96.01,46.25,51.904954,-1.565799
EVT0012056,BMW00695,WBA00000000000695,2026-02-11 20:35:00,82.27,93.18,22.67,51.307505,143.735173
EVT0005960,BMW00999,WBA00000000000999,2026-01-21 16:35:00,60.33,105.65,49.41,15.388564,-83.812706
EVT0079111,BMW00593,WBA00000000000593,2026-10-02 16:30:00,38.78,36.0,14.65,42.185117,0.969698
EVT0016434,BMW00508,WBA00000000000508,2026-02-27 01:25:00,53.37,99.66,-4.09,39.344523,8.057336
EVT0024529,BMW00676,WBA00000000000676,2026-03-27 04:00:00,38.44,34.18,31.24,15.245785,121.237171
EVT0055166,BMW00790,WBA00000000000790,2026-07-11 13:05:00,34.16,121.0,18.78,36.282567,134.417277
EVT0048845,BMW00192,WBA00000000000192,2026-06-19 14:20:00,60.4,10.98,51.97,19.53178,-59.365561
EVT0081680,BMW00526,WBA00000000000526,2026-10-11 14:35:00,73.78,60.5,14.61,54.828659,-32.136112
EVT0085184,BMW00883,WBA00000000000883,2026-10-23 18:35:00,20.18,32.86,35.44,43.22565,5.618387
EVT0025120,BMW00114,WBA00000000000114,2026-03-29 05:15:00,50.38,150.05,17.87,45.841965,143.316204
EVT0032445,BMW00394,WBA00000000000394,2026-04-23 15:40:00,28.04,38.6,38.36,37.967222,-78.913199
EVT0083081,BMW00225,WBA00000000000225,2026-10-16 11:20:00,12.3,133.57,28.79,17.397108,61.087424
EVT0091128,BMW00224,WBA00000000000224,2026-11-13 09:55:00,72.08,32.51,32.61,30.697736,55.084585
EVT0047934,BMW00760,WBA00000000000760,2026-06-16 10:25:00,39.27,102.73,34.49,15.037666,112.441104
EVT0045774,BMW00625,WBA00000000000625,2026-06-08 22:25:00,87.9,41.22,25.98,25.455209,73.017439
EVT0085584,BMW00444,WBA00000000000444,2026-10-25 03:55:00,92.33,96.18,19.13,47.674637,114.439296
EVT0048815,BMW00146,WBA00000000000146,2026-06-19 11:50:00,13.02,27.6,-5.55,47.183947,-104.221748
EVT0056698,BMW00754,WBA00000000000754,2026-07-16 20:45:00,57.08,113.56,28.45,35.68212,42.613468
EVT0023762,BMW00554,WBA00000000000554,2026-03-24 12:05:00,98.73,97.2,36.34,20.541108,-21.257483
EVT0012904,BMW00502,WBA00000000000502,2026-02-14 19:15:00,87.51,3.63,26.29,23.642818,69.053626
EVT0049926,BMW00126,WBA00000000000126,2026-06-23 08:25:00,94.01,131.03,-2.92,39.263212,146.360231
EVT0037491,BMW00873,WBA00000000000873,2026-05-11 04:10:00,39.36,30.6,39.01,42.461702,-118.178803
EVT0067946,BMW00163,WBA00000000000163,2026-08-24 22:05:00,88.26,16.1,37.71,10.437216,-23.422613
EVT0059818,BMW00410,WBA00000000000410,2026-07-27 16:45:00,42.81,137.67,44.39,46.873196,-63.438838
EVT0087338,BMW00734,WBA00000000000734,2026-10-31 06:05:00,23.06,77.8,33.29,43.056392,-48.783606
EVT0099537,BMW00537,WBA00000000000537,2026-12-12 14:40:00,79.0,60.36,11.99,42.541213,8.713195
EVT0047764,BMW00250,WBA00000000000250,2026-06-15 20:15:00,89.38,47.48,8.37,22.928509,25.584224
EVT0095090,BMW00534,WBA00000000000534,2026-11-27 04:05:00,97.26,10.09,17.02,32.740748,-106.962978
EVT0000359,BMW00066,WBA00000000000066,2026-01-02 05:50:00,49.32,31.45,38.35,53.764003,-24.011937
EVT0094449,BMW00923,WBA00000000000923,2026-11-24 22:40:00,81.6,12.07,-4.63,38.383768,13.699253
EVT0065406,BMW00861,WBA00000000000861,2026-08-16 02:25:00,61.85,55.54,26.73,16.822381,92.196799
EVT0046508,BMW00423,WBA00000000000423,2026-06-11 11:35:00,88.7,151.28,-5.17,27.697608,88.290977
EVT0039912,BMW00860,WBA00000000000860,2026-05-19 13:55:00,62.07,27.0,0.54,22.283846,88.004952
EVT0014431,BMW00652,WBA00000000000652,2026-02-20 02:30:00,44.14,93.61,-1.58,47.628085,-93.955742
EVT0001905,BMW00640,WBA00000000000640,2026-01-07 14:40:00,15.71,109.64,7.67,8.721773,-37.485163
EVT0005631,BMW00135,WBA00000000000135,2026-01-20 13:10:00,13.31,107.31,-4.55,43.446529,70.276698
EVT0001016,BMW00111,WBA00000000000111,2026-01-04 12:35:00,25.38,146.77,-7.74,38.023881,67.598169
EVT0031299,BMW00310,WBA00000000000310,2026-04-19 16:10:00,91.02,57.11,2.63,45.249207,99.13177
EVT0092691,BMW00613,WBA00000000000613,2026-11-18 20:10:00,89.09,140.32,54.18,16.349264,110.614174
EVT0041237,BMW00053,WBA00000000000053,2026-05-24 04:20:00,11.27,136.05,15.53,12.013433,68.753707
EVT0019051,BMW00535,WBA00000000000535,2026-03-08 03:30:00,27.93,110.37,24.8,27.086018,10.975589
EVT0010406,BMW00553,WBA00000000000553,2026-02-06 03:05:00,42.8,114.75,30.99,25.956195,-110.349591
EVT0024598,BMW00822,WBA00000000000822,2026-03-27 09:45:00,87.3,37.85,40.37,47.721662,72.844277
EVT0034970,BMW00642,WBA00000000000642,2026-05-02 10:05:00,48.2,74.99,12.52,53.780034,-102.362989
EVT0087582,BMW00964,WBA00000000000964,2026-11-01 02:25:00,97.03,55.61,15.4,15.862436,-5.106338
EVT0010891,BMW00135,WBA00000000000135,2026-02-07 19:30:00,85.84,141.89,28.57,28.435754,119.727194
EVT0053888,BMW00163,WBA00000000000163,2026-07-07 02:35:00,53.13,6.99,-5.35,22.438587,85.664487
EVT0008560,BMW00723,WBA00000000000723,2026-01-30 17:15:00,81.5,96.56,29.04,44.981761,8.655084
EVT0038877,BMW00646,WBA00000000000646,2026-05-15 23:40:00,70.26,8.5,44.63,35.104908,-43.523276
EVT0045452,BMW00984,WBA00000000000984,2026-06-07 19:35:00,92.0,20.8,36.39,44.963441,25.625698
EVT0082851,BMW00934,WBA00000000000934,2026-10-15 16:10:00,23.06,123.33,9.21,12.943618,113.486211
EVT0050647,BMW00010,WBA00000000000010,2026-06-25 20:30:00,22.02,43.02,38.47,48.969583,103.240769
EVT0043334,BMW00954,WBA00000000000954,2026-05-31 11:05:00,83.65,1.37,47.54,47.945585,119.940817
EVT0030876,BMW00647,WBA00000000000647,2026-04-18 04:55:00,95.11,139.72,23.97,33.620282,-107.580219
EVT0048610,BMW00301,WBA00000000000301,2026-06-18 18:45:00,15.69,6.25,40.73,43.424247,-43.351609
EVT0005791,BMW00618,WBA00000000000618,2026-01-21 02:30:00,97.88,80.91,43.63,33.650184,-105.61038
EVT0044442,BMW00713,WBA00000000000713,2026-06-04 07:25:00,85.57,17.33,9.38,13.880313,134.209255
EVT0041666,BMW00672,WBA00000000000672,2026-05-25 16:05:00,50.56,24.27,52.56,35.092983,121.449533
EVT0044607,BMW00805,WBA00000000000805,2026-06-04 21:10:00,60.11,93.87,-3.94,44.449169,71.738881
EVT0034716,BMW00751,WBA00000000000751,2026-05-01 12:55:00,42.39,109.16,13.02,46.853584,121.514462
EVT0015775,BMW00857,WBA00000000000857,2026-02-24 18:30:00,25.38,146.17,18.7,30.013143,108.012486
EVT0032510,BMW00099,WBA00000000000099,2026-04-23 21:05:00,38.47,39.39,17.58,29.069572,-91.321773
EVT0007835,BMW00319,WBA00000000000319,2026-01-28 04:50:00,94.87,70.42,3.46,46.92765,-116.807227
EVT0088977,BMW00187,WBA00000000000187,2026-11-05 22:40:00,75.92,53.4,24.41,32.500984,31.720461
EVT0069104,BMW00251,WBA00000000000251,2026-08-28 22:35:00,26.1,51.92,-7.06,41.332322,143.266124
EVT0034566,BMW00297,WBA00000000000297,2026-05-01 00:25:00,47.67,36.51,40.09,20.066419,71.299586
EVT0024261,BMW00638,WBA00000000000638,2026-03-26 05:40:00,77.88,67.65,4.31,42.317934,-115.385619
EVT0009037,BMW00524,WBA00000000000524,2026-02-01 09:00:00,72.46,61.35,28.38,28.914132,-79.408441
EVT0001130,BMW00374,WBA00000000000374,2026-01-04 22:05:00,64.84,79.09,37.02,39.976388,-80.537445
EVT0019838,BMW00638,WBA00000000000638,2026-03-10 21:05:00,61.35,152.56,25.03,21.988273,80.357381
EVT0019176,BMW00153,WBA00000000000153,2026-03-08 13:55:00,20.97,69.65,8.57,47.031793,-90.504745
EVT0090558,BMW00542,WBA00000000000542,2026-11-11 10:25:00,40.11,74.99,-2.4,25.289613,-68.219173
EVT0027460,BMW00911,WBA00000000000911,2026-04-06 08:15:00,36.35,119.11,49.14,34.765346,-59.512134
EVT0094834,BMW00220,WBA00000000000220,2026-11-26 06:45:00,29.86,45.96,-1.45,30.247739,-61.323505
EVT0065405,BMW00815,WBA00000000000815,2026-08-16 02:20:00,11.73,150.66,10.55,30.95933,-95.961811
EVT0015627,BMW00537,WBA00000000000537,2026-02-24 06:10:00,52.74,53.42,20.96,50.81223,-40.527253
EVT0032011,BMW00030,WBA00000000000030,2026-04-22 03:30:00,94.38,65.45,36.9,44.475764,-41.949305
EVT0084811,BMW00740,WBA00000000000740,2026-10-22 11:30:00,61.5,2.59,-6.46,46.741545,90.521401
EVT0039880,BMW00415,WBA00000000000415,2026-05-19 11:15:00,13.07,22.33,1.84,19.552393,71.468917
EVT0088780,BMW00565,WBA00000000000565,2026-11-05 06:15:00,46.0,154.07,23.3,24.143438,-71.58421
EVT0044473,BMW00199,WBA00000000000199,2026-06-04 10:00:00,97.4,122.08,36.54,54.299008,-52.001793
EVT0084863,BMW00071,WBA00000000000071,2026-10-22 15:50:00,25.35,64.27,0.29,15.41677,21.547806
EVT0006673,BMW00909,WBA00000000000909,2026-01-24 04:00:00,42.14,7.55,-8.16,20.10552,148.158981
EVT0071971,BMW00912,WBA00000000000912,2026-09-07 21:30:00,91.85,89.24,-9.94,44.186968,-36.037485
EVT0094633,BMW00265,WBA00000000000265,2026-11-25 14:00:00,45.97,141.31,10.43,49.927114,146.455503
EVT0089211,BMW00239,WBA00000000000239,2026-11-06 18:10:00,14.51,56.33,12.71,37.288907,122.675878
EVT0092880,BMW00063,WBA00000000000063,2026-11-19 11:55:00,52.28,118.59,7.53,34.726219,-55.495766
EVT0096430,BMW00835,WBA00000000000835,2026-12-01 19:45:00,93.47,104.07,39.11,47.080313,102.735132
EVT0051500,BMW00061,WBA00000000000061,2026-06-28 19:35:00,10.79,46.28,26.6,12.775013,101.622626
EVT0087765,BMW00950,WBA00000000000950,2026-11-01 17:40:00,29.82,124.03,51.27,43.120183,82.460867
EVT0011622,BMW00895,WBA00000000000895,2026-02-10 08:25:00,41.02,133.02,9.02,48.134111,-59.561083
EVT0097952,BMW00422,WBA00000000000422,2026-12-07 02:35:00,56.85,4.97,-8.32,30.647868,-98.366576
EVT0065055,BMW00613,WBA00000000000613,2026-08-14 21:10:00,33.84,136.52,19.91,13.716277,135.392448
EVT0070776,BMW00080,WBA00000000000080,2026-09-03 17:55:00,37.65,24.0,12.88,17.875275,3.780992
EVT0059812,BMW00961,WBA00000000000961,2026-07-27 16:15:00,66.91,104.25,3.46,13.904059,-70.747499
EVT0023260,BMW00291,WBA00000000000291,2026-03-22 18:15:00,33.19,5.36,30.43,34.54101,61.429849
EVT0056521,BMW00132,WBA00000000000132,2026-07-16 06:00:00,75.56,151.3,30.72,34.180361,-23.255837
EVT0037303,BMW00044,WBA00000000000044,2026-05-10 12:30:00,58.8,137.79,8.37,13.735268,-34.959153
EVT0056267,BMW00019,WBA00000000000019,2026-07-15 08:50:00,60.23,31.16,34.33,30.20384,12.96735
EVT0022725,BMW00145,WBA00000000000145,2026-03-20 21:40:00,12.45,150.66,2.89,22.71044,42.186783
EVT0004904,BMW00742,WBA00000000000742,2026-01-18 00:35:00,70.14,149.81,-2.42,45.620781,124.391087
EVT0095709,BMW00128,WBA00000000000128,2026-11-29 07:40:00,63.07,6.94,35.62,53.629482,123.01152
EVT0063963,BMW00263,WBA00000000000263,2026-08-11 02:10:00,33.47,135.02,7.02,11.656323,1.571731
EVT0027313,BMW00643,WBA00000000000643,2026-04-05 20:00:00,66.4,12.91,22.84,54.793064,17.478322
EVT0002956,BMW00140,WBA00000000000140,2026-01-11 06:15:00,54.21,115.82,36.93,52.409357,-82.004919
EVT0050198,BMW00407,WBA00000000000407,2026-06-24 07:05:00,96.68,26.36,18.83,35.012747,18.602737
EVT0029844,BMW00636,WBA00000000000636,2026-04-14 14:55:00,31.28,64.07,43.09,16.301198,-14.683815
EVT0077160,BMW00623,WBA00000000000623,2026-09-25 21:55:00,62.35,18.01,35.13,36.41609,100.163542
EVT0060336,BMW00461,WBA00000000000461,2026-07-29 11:55:00,21.33,87.22,-4.03,49.223044,56.439902
EVT0006611,BMW00340,WBA00000000000340,2026-01-23 22:50:00,69.44,140.5,0.53,36.51134,-95.153745
EVT0064779,BMW00415,WBA00000000000415,2026-08-13 22:10:00,72.4,139.04,47.67,39.941619,132.461228
EVT0025356,BMW00043,WBA00000000000043,2026-03-30 00:55:00,10.51,52.49,47.22,12.751253,-74.490573
EVT0078040,BMW00101,WBA00000000000101,2026-09-28 23:15:00,68.65,117.38,7.17,34.290414,-30.880478
EVT0027139,BMW00488,WBA00000000000488,2026-04-05 05:30:00,75.6,58.36,10.44,47.275597,-115.506759
EVT0060583,BMW00512,WBA00000000000512,2026-07-30 08:30:00,33.74,156.09,20.15,18.572047,85.728618
EVT0030656,BMW00440,WBA00000000000440,2026-04-17 10:35:00,55.52,23.98,14.25,28.466848,31.052652
EVT0055410,BMW00356,WBA00000000000356,2026-07-12 09:25:00,60.42,137.48,32.89,21.235397,-45.429267
EVT0094884,BMW00836,WBA00000000000836,2026-11-26 10:55:00,46.52,112.19,41.93,27.610033,-24.897258
EVT0023885,BMW00119,WBA00000000000119,2026-03-24 22:20:00,37.09,92.84,30.1,47.631008,11.541098
EVT0059978,BMW00201,WBA00000000000201,2026-07-28 06:05:00,70.93,67.27,47.77,12.107804,-17.099279
EVT0032228,BMW00889,WBA00000000000889,2026-04-22 21:35:00,47.28,54.04,-9.45,41.900783,-103.451204
EVT0038948,BMW00199,WBA00000000000199,2026-05-16 05:35:00,14.98,107.04,32.34,42.805363,-97.854695
EVT0012833,BMW00705,WBA00000000000705,2026-02-14 13:20:00,76.63,2.47,26.6,40.438468,33.688666
EVT0062477,BMW00344,WBA00000000000344,2026-08-05 22:20:00,76.84,145.65,-2.72,17.623142,38.123618
EVT0001183,BMW00170,WBA00000000000170,2026-01-05 02:30:00,71.17,49.85,8.46,12.416137,42.416572
EVT0036279,BMW00812,WBA00000000000812,2026-05-06 23:10:00,50.37,102.82,9.42,44.34539,137.892566
EVT0029371,BMW00173,WBA00000000000173,2026-04-12 23:30:00,81.25,158.61,37.48,36.412281,-5.947488
EVT0030316,BMW00386,WBA00000000000386,2026-04-16 06:15:00,82.33,155.4,-5.32,8.468738,-1.786229
EVT0055464,BMW00564,WBA00000000000564,2026-07-12 13:55:00,56.34,42.94,48.06,34.499327,50.118512
EVT0042653,BMW00165,WBA00000000000165,2026-05-29 02:20:00,48.41,95.58,23.52,17.469599,86.443478
EVT0056471,BMW00696,WBA00000000000696,2026-07-16 01:50:00,26.55,157.04,21.59,24.982645,-48.041688
EVT0074090,BMW00321,WBA00000000000321,2026-09-15 06:05:00,94.61,128.94,36.51,11.912206,-29.339386
EVT0038670,BMW00439,WBA00000000000439,2026-05-15 06:25:00,24.17,71.23,51.65,53.215509,-41.500152
EVT0074887,BMW00642,WBA00000000000642,2026-09-18 00:30:00,28.12,133.55,4.21,48.240029,-32.336817
EVT0008805,BMW00717,WBA00000000000717,2026-01-31 13:40:00,89.2,125.87,39.81,50.943538,-76.21214
EVT0033357,BMW00817,WBA00000000000817,2026-04-26 19:40:00,68.87,119.17,28.15,54.442169,-71.415072
EVT0048345,BMW00666,WBA00000000000666,2026-06-17 20:40:00,76.45,63.33,26.23,42.569077,67.669384
EVT0022517,BMW00779,WBA00000000000779,2026-03-20 04:20:00,33.48,18.81,7.06,26.050469,59.303333
EVT0030425,BMW00226,WBA00000000000226,2026-04-16 15:20:00,30.91,152.51,10.9,18.870848,13.175156
EVT0087819,BMW00775,WBA00000000000775,2026-11-01 22:10:00,86.34,151.17,32.79,17.285952,59.466975
EVT0086468,BMW00167,WBA00000000000167,2026-10-28 05:35:00,30.98,73.68,8.62,54.144232,-69.126532
EVT0028021,BMW00880,WBA00000000000880,2026-04-08 07:00:00,80.43,71.9,38.12,40.038297,-63.534357
EVT0062628,BMW00013,WBA00000000000013,2026-08-06 10:55:00,77.91,142.8,15.0,31.146113,102.040886
EVT0070581,BMW00016,WBA00000000000016,2026-09-03 01:40:00,54.36,67.94,41.39,38.193793,62.981994
EVT0046673,BMW00554,WBA00000000000554,2026-06-12 01:20:00,12.03,121.82,5.32,12.970842,-90.063089
EVT0048842,BMW00446,WBA00000000000446,2026-06-19 14:05:00,76.8,23.57,18.11,16.003317,39.719736
EVT0081796,BMW00399,WBA00000000000399,2026-10-12 00:15:00,65.78,144.67,-7.87,26.069603,-68.773716
EVT0024473,BMW00087,WBA00000000000087,2026-03-26 23:20:00,66.68,26.46,32.94,44.786842,111.642579
EVT0059283,BMW00236,WBA00000000000236,2026-07-25 20:10:00,96.26,115.02,0.93,51.719538,-113.90377
EVT0048802,BMW00413,WBA00000000000413,2026-06-19 10:45:00,24.76,151.28,0.12,26.34565,124.498298
EVT0003032,BMW00549,WBA00000000000549,2026-01-11 12:35:00,71.83,46.4,34.56,25.464495,139.806073
EVT0036308,BMW00639,WBA00000000000639,2026-05-07 01:35:00,73.85,11.05,20.14,45.681428,137.636832
EVT0051465,BMW00155,WBA00000000000155,2026-06-28 16:40:00,13.2,12.38,16.16,26.921317,-49.537034
EVT0049409,BMW00961,WBA00000000000961,2026-06-21 13:20:00,60.68,45.36,53.78,20.884107,18.350719
EVT0057343,BMW00675,WBA00000000000675,2026-07-19 02:30:00,42.32,115.18,12.58,8.743652,34.168274
EVT0000893,BMW00126,WBA00000000000126,2026-01-04 02:20:00,65.59,44.44,26.96,47.382871,83.933425
EVT0050948,BMW00013,WBA00000000000013,2026-06-26 21:35:00,48.14,138.94,12.96,17.264584,-114.00937
EVT0028775,BMW00013,WBA00000000000013,2026-04-10 21:50:00,95.81,126.32,16.05,26.563632,60.730286
EVT0009377,BMW00303,WBA00000000000303,2026-02-02 13:20:00,52.52,59.89,-4.79,16.499055,-92.715466
EVT0000360,BMW00342,WBA00000000000342,2026-01-02 05:55:00,50.6,78.43,42.48,22.311649,58.231408
EVT0038132,BMW00614,WBA00000000000614,2026-05-13 09:35:00,53.91,93.1,12.27,39.221196,-90.763213
EVT0001371,BMW00991,WBA00000000000991,2026-01-05 18:10:00,96.02,64.07,37.35,41.911508,136.82068
EVT0068674,BMW00228,WBA00000000000228,2026-08-27 10:45:00,37.88,74.74,-8.21,45.411582,-22.360976
EVT0041544,BMW00851,WBA00000000000851,2026-05-25 05:55:00,77.27,99.74,6.07,52.096956,79.615112
EVT0056429,BMW00559,WBA00000000000559,2026-07-15 22:20:00,49.79,115.3,3.21,53.032226,-102.93791
EVT0025535,BMW00351,WBA00000000000351,2026-03-30 15:50:00,66.59,61.5,31.66,52.940588,49.368988
EVT0074522,BMW00834,WBA00000000000834,2026-09-16 18:05:00,88.57,28.72,-0.69,31.807587,-91.917242
EVT0066308,BMW00598,WBA00000000000598,2026-08-19 05:35:00,31.3,25.07,1.22,12.943787,129.52549
EVT0099116,BMW00166,WBA00000000000166,2026-12-11 03:35:00,79.0,158.72,48.8,27.948766,-26.525023
EVT0084077,BMW00631,WBA00000000000631,2026-10-19 22:20:00,47.87,73.66,34.32,9.007915,9.714257
EVT0039334,BMW00641,WBA00000000000641,2026-05-17 13:45:00,68.87,89.03,26.91,37.712925,-10.637937
EVT0040100,BMW00589,WBA00000000000589,2026-05-20 05:35:00,65.23,37.18,2.87,36.701967,-112.126931
EVT0017236,BMW00364,WBA00000000000364,2026-03-01 20:15:00,36.02,79.5,22.12,25.372881,126.657584
EVT0085302,BMW00417,WBA00000000000417,2026-10-24 04:25:00,22.74,105.33,29.09,12.980349,133.835409
EVT0083049,BMW00832,WBA00000000000832,2026-10-16 08:40:00,93.5,101.18,27.78,50.329,98.097689
EVT0059942,BMW00820,WBA00000000000820,2026-07-28 03:05:00,17.75,141.98,44.86,16.619849,11.646161
EVT0022780,BMW00154,WBA00000000000154,2026-03-21 02:15:00,19.28,43.53,53.38,25.627863,-64.108359
EVT0041074,BMW00965,WBA00000000000965,2026-05-23 14:45:00,87.12,83.07,4.81,47.608483,-29.133816
EVT0026467,BMW00520,WBA00000000000520,2026-04-02 21:30:00,92.72,102.83,-8.85,10.422223,2.886862
EVT0088303,BMW00816,WBA00000000000816,2026-11-03 14:30:00,85.6,110.54,1.6,13.552696,142.040621
EVT0075006,BMW00108,WBA00000000000108,2026-09-18 10:25:00,28.44,103.64,-4.05,16.389555,105.375723
EVT0017351,BMW00337,WBA00000000000337,2026-03-02 05:50:00,13.7,143.13,38.68,20.162626,39.286554
EVT0079040,BMW00442,WBA00000000000442,2026-10-02 10:35:00,10.8,109.55,39.52,47.070286,143.853859
EVT0047524,BMW00651,WBA00000000000651,2026-06-15 00:15:00,72.7,47.55,25.8,40.630325,25.16138
EVT0033477,BMW00949,WBA00000000000949,2026-04-27 05:40:00,17.88,66.49,37.73,13.155504,27.921012
EVT0031300,BMW00867,WBA00000000000867,2026-04-19 16:15:00,20.34,34.14,15.19,22.008473,66.107394
EVT0089418,BMW00225,WBA00000000000225,2026-11-07 11:25:00,87.7,66.64,38.89,32.092493,76.857612
EVT0099363,BMW00448,WBA00000000000448,2026-12-12 00:10:00,61.44,50.96,11.33,52.214062,-50.576631
EVT0004558,BMW00276,WBA00000000000276,2026-01-16 19:45:00,80.48,95.35,44.25,32.015524,133.037025
EVT0006297,BMW00991,WBA00000000000991,2026-01-22 20:40:00,68.45,24.55,49.64,51.226592,-45.842151
EVT0019175,BMW00703,WBA00000000000703,2026-03-08 13:50:00,26.39,32.68,46.0,24.634785,6.399139
EVT0021643,BMW00872,WBA00000000000872,2026-03-17 03:30:00,32.97,92.79,9.06,26.388089,-5.505639
EVT0062008,BMW00729,WBA00000000000729,2026-08-04 07:15:00,70.97,146.93,32.13,12.899,-0.775262
EVT0014444,BMW00989,WBA00000000000989,2026-02-20 03:35:00,63.35,145.93,39.15,39.133349,7.851885
EVT0089384,BMW00329,WBA00000000000329,2026-11-07 08:35:00,61.26,1.32,48.51,45.443104,-81.190861
EVT0074217,BMW00154,WBA00000000000154,2026-09-15 16:40:00,93.31,100.01,-9.41,40.398471,11.273978
EVT0065885,BMW00692,WBA00000000000692,2026-08-17 18:20:00,20.6,83.29,-8.2,24.638328,-13.021102
EVT0058623,BMW00082,WBA00000000000082,2026-07-23 13:10:00,77.94,128.25,33.41,53.04165,-63.652482
EVT0087098,BMW00003,WBA00000000000003,2026-10-30 10:05:00,87.39,145.83,15.47,43.438235,-111.330821
EVT0029932,BMW00546,WBA00000000000546,2026-04-14 22:15:00,60.89,103.43,37.73,11.658691,2.331371
EVT0002077,BMW00813,WBA00000000000813,2026-01-08 05:00:00,62.88,26.96,43.93,14.000217,-88.155896
EVT0016602,BMW00102,WBA00000000000102,2026-02-27 15:25:00,59.55,60.21,26.68,30.33292,-46.391059
EVT0057909,BMW00515,WBA00000000000515,2026-07-21 01:40:00,69.74,132.18,0.09,49.539087,-31.591851
EVT0095430,BMW00621,WBA00000000000621,2026-11-28 08:25:00,73.12,26.55,7.83,48.081447,-117.386164
EVT0079073,BMW00336,WBA00000000000336,2026-10-02 13:20:00,94.79,154.83,53.55,15.716137,-90.097989
EVT0046290,BMW00455,WBA00000000000455,2026-06-10 17:25:00,29.63,111.34,30.47,34.212183,89.117538
EVT0068534,BMW00130,WBA00000000000130,2026-08-26 23:05:00,79.48,77.73,45.76,39.399057,133.934302
EVT0057517,BMW00943,WBA00000000000943,2026-07-19 17:00:00,15.12,40.01,46.62,26.720274,4.240775
EVT0030302,BMW00054,WBA00000000000054,2026-04-16 05:05:00,65.78,116.81,21.41,12.127393,105.859226
EVT0054075,BMW00158,WBA00000000000158,2026-07-07 18:10:00,80.33,37.31,47.73,49.053454,-72.147564
EVT0082972,BMW00150,WBA00000000000150,2026-10-16 02:15:00,97.87,5.32,51.95,38.222729,41.066419
EVT0097885,BMW00798,WBA00000000000798,2026-12-06 21:00:00,80.69,35.4,8.45,23.123428,-32.431634
EVT0095683,BMW00663,WBA00000000000663,2026-11-29 05:30:00,17.41,36.51,10.34,20.032203,-95.267856
EVT0022753,BMW00584,WBA00000000000584,2026-03-21 00:00:00,69.11,77.3,0.25,25.182766,28.15945
EVT0015120,BMW00972,WBA00000000000972,2026-02-22 11:55:00,71.32,111.52,15.92,11.166585,1.754371
EVT0015087,BMW00361,WBA00000000000361,2026-02-22 09:10:00,16.84,51.81,5.43,42.220387,-101.889397
EVT0053842,BMW00183,WBA00000000000183,2026-07-06 22:45:00,56.8,48.46,50.12,14.534838,30.784991
EVT0084416,BMW00947,WBA00000000000947,2026-10-21 02:35:00,30.05,104.11,2.25,17.440168,-106.030135
EVT0049948,BMW00147,WBA00000000000147,2026-06-23 10:15:00,82.13,128.58,32.95,24.672947,-22.378049
EVT0060136,BMW00666,WBA00000000000666,2026-07-28 19:15:00,36.79,123.75,23.81,38.788873,29.227837
EVT0012534,BMW00798,WBA00000000000798,2026-02-13 12:25:00,30.17,157.86,18.58,41.877483,-37.987996
EVT0043532,BMW00371,WBA00000000000371,2026-06-01 03:35:00,23.93,10.59,42.82,24.917528,18.880359
EVT0080242,BMW00108,WBA00000000000108,2026-10-06 14:45:00,97.36,128.39,34.66,26.113486,-111.764307
EVT0062766,BMW00572,WBA00000000000572,2026-08-06 22:25:00,80.97,17.6,26.94,48.444642,51.639845
EVT0009326,BMW00571,WBA00000000000571,2026-02-02 09:05:00,42.61,84.89,21.82,33.275664,-36.439687
EVT0046227,BMW00382,WBA00000000000382,2026-06-10 12:10:00,15.76,41.39,-1.88,37.984412,83.145972
EVT0011206,BMW00749,WBA00000000000749,2026-02-08 21:45:00,11.32,99.97,2.82,13.117657,45.103595
EVT0091815,BMW00978,WBA00000000000978,2026-11-15 19:10:00,41.41,141.51,46.44,38.566688,78.038218
EVT0028745,BMW00212,WBA00000000000212,2026-04-10 19:20:00,34.77,141.28,36.89,47.781502,139.193347
EVT0091853,BMW00710,WBA00000000000710,2026-11-15 22:20:00,80.1,26.42,-6.11,53.668069,-93.082183
EVT0072804,BMW00408,WBA00000000000408,2026-09-10 18:55:00,75.99,11.81,6.42,50.398628,-92.414165
EVT0096286,BMW00856,WBA00000000000856,2026-12-01 07:45:00,55.2,109.83,35.9,34.415757,47.139368
EVT0010242,BMW00320,WBA00000000000320,2026-02-05 13:25:00,80.82,159.45,34.73,51.870836,-75.713811
EVT0028156,BMW00084,WBA00000000000084,2026-04-08 18:15:00,23.75,66.43,-1.77,16.776626,119.638612
EVT0092581,BMW00670,WBA00000000000670,2026-11-18 11:00:00,39.64,113.75,0.9,18.076437,-49.693563
EVT0066436,BMW00696,WBA00000000000696,2026-08-19 16:15:00,30.46,60.2,51.24,13.506327,3.806769
EVT0082988,BMW00147,WBA00000000000147,2026-10-16 03:35:00,44.17,96.49,-6.49,44.995281,116.430115
EVT0036125,BMW00541,WBA00000000000541,2026-05-06 10:20:00,20.03,19.84,22.61,11.606204,91.473167
EVT0019964,BMW00647,WBA00000000000647,2026-03-11 07:35:00,91.77,154.76,35.1,35.773404,26.400098
EVT0024996,BMW00114,WBA00000000000114,2026-03-28 18:55:00,49.36,8.47,47.09,42.677259,46.390674
EVT0096636,BMW00471,WBA00000000000471,2026-12-02 12:55:00,63.27,58.22,25.7,43.340899,105.787884
EVT0053527,BMW00514,WBA00000000000514,2026-07-05 20:30:00,44.62,27.14,4.15,30.424908,-11.83623
EVT0031918,BMW00829,WBA00000000000829,2026-04-21 19:45:00,84.06,107.29,40.15,44.938717,49.577489
EVT0080839,BMW00384,WBA00000000000384,2026-10-08 16:30:00,33.45,4.81,51.71,22.140284,-56.412213
EVT0039393,BMW00024,WBA00000000000024,2026-05-17 18:40:00,85.53,25.81,17.12,51.897461,79.530094
EVT0000597,BMW00534,WBA00000000000534,2026-01-03 01:40:00,62.7,93.88,15.59,29.913974,-46.339253
EVT0049895,BMW00872,WBA00000000000872,2026-06-23 05:50:00,60.02,128.15,-8.48,36.497338,107.290112
EVT0055091,BMW00128,WBA00000000000128,2026-07-11 06:50:00,85.45,88.49,-4.62,41.317011,-36.641325
EVT0017071,BMW00257,WBA00000000000257,2026-03-01 06:30:00,24.08,127.76,31.16,52.320414,-93.246523
EVT0010485,BMW00590,WBA00000000000590,2026-02-06 09:40:00,83.41,49.52,8.93,31.327726,-103.646934
EVT0007470,BMW00353,WBA00000000000353,2026-01-26 22:25:00,52.34,1.32,9.03,15.930202,-4.232823
EVT0051157,BMW00514,WBA00000000000514,2026-06-27 15:00:00,12.02,15.23,9.79,49.428044,-107.40349
EVT0038164,BMW00812,WBA00000000000812,2026-05-13 12:15:00,85.44,119.16,29.67,51.961342,-20.880737
EVT0014204,BMW00196,WBA00000000000196,2026-02-19 07:35:00,49.22,143.25,12.82,53.94501,149.348505
EVT0004464,BMW00917,WBA00000000000917,2026-01-16 11:55:00,19.97,27.19,0.66,37.928327,-0.443934
EVT0035047,BMW00344,WBA00000000000344,2026-05-02 16:30:00,61.98,22.83,-9.59,14.995244,2.534606
EVT0091713,BMW00634,WBA00000000000634,2026-11-15 10:40:00,69.77,108.87,29.56,14.918555,6.769862
EVT0024074,BMW00360,WBA00000000000360,2026-03-25 14:05:00,45.17,52.84,54.43,46.542915,66.921995
EVT0043578,BMW00891,WBA00000000000891,2026-06-01 07:25:00,54.34,23.17,-7.57,38.282797,122.814046
EVT0013563,BMW00229,WBA00000000000229,2026-02-17 02:10:00,51.07,26.42,18.86,47.350586,47.243515
EVT0097219,BMW00993,WBA00000000000993,2026-12-04 13:30:00,81.34,113.88,-4.36,48.062482,71.917534
EVT0080130,BMW00438,WBA00000000000438,2026-10-06 05:25:00,18.72,87.06,-1.07,10.36376,-60.000995
EVT0024763,BMW00320,WBA00000000000320,2026-03-27 23:30:00,32.63,75.13,9.34,43.218059,125.358714
EVT0080717,BMW00625,WBA00000000000625,2026-10-08 06:20:00,57.93,128.34,12.65,37.813013,-57.944647
EVT0081301,BMW00220,WBA00000000000220,2026-10-10 07:00:00,74.14,82.46,51.58,13.345308,121.004832
EVT0046628,BMW00795,WBA00000000000795,2026-06-11 21:35:00,73.0,120.88,44.04,30.101087,-16.623709
EVT0015141,BMW00644,WBA00000000000644,2026-02-22 13:40:00,38.19,83.94,-8.21,9.169414,-49.944441
EVT0083711,BMW00035,WBA00000000000035,2026-10-18 15:50:00,57.26,96.65,13.53,21.887665,96.024881
EVT0022012,BMW00664,WBA00000000000664,2026-03-18 10:15:00,62.14,146.61,32.36,54.799511,-110.199539
EVT0045373,BMW00212,WBA00000000000212,2026-06-07 13:00:00,71.79,123.79,19.62,41.881457,79.442016
EVT0067122,BMW00424,WBA00000000000424,2026-08-22 01:25:00,27.07,14.42,-4.63,12.616349,-18.919005
EVT0062606,BMW00504,WBA00000000000504,2026-08-06 09:05:00,68.9,134.16,11.8,23.31239,61.332005
EVT0095545,BMW00166,WBA00000000000166,2026-11-28 18:00:00,27.9,37.02,-1.46,49.266884,-50.253565
EVT0012552,BMW00180,WBA00000000000180,2026-02-13 13:55:00,58.69,105.13,-8.71,9.838166,-57.105608
EVT0018777,BMW00206,WBA00000000000206,2026-03-07 04:40:00,35.94,150.65,7.09,41.326049,72.696164
EVT0059241,BMW00919,WBA00000000000919,2026-07-25 16:40:00,21.25,129.17,21.42,54.129172,126.958318
EVT0050993,BMW00829,WBA00000000000829,2026-06-27 01:20:00,74.25,80.13,52.45,30.883292,-32.190962
EVT0022479,BMW00027,WBA00000000000027,2026-03-20 01:10:00,45.7,81.49,3.78,11.312163,109.396718
EVT0087717,BMW00496,WBA00000000000496,2026-11-01 13:40:00,92.29,156.99,48.05,16.115084,31.584846
EVT0010452,BMW00394,WBA00000000000394,2026-02-06 06:55:00,74.68,21.53,31.91,17.872849,-24.736855
EVT0085468,BMW00113,WBA00000000000113,2026-10-24 18:15:00,14.57,49.49,21.2,52.341133,5.22976
EVT0074922,BMW00739,WBA00000000000739,2026-09-18 03:25:00,40.33,93.92,5.28,25.589372,73.112301
EVT0085702,BMW00757,WBA00000000000757,2026-10-25 13:45:00,24.6,104.42,18.25,36.863874,-105.62026
EVT0034518,BMW00701,WBA00000000000701,2026-04-30 20:25:00,34.45,129.72,39.15,14.126424,-108.048663
EVT0080356,BMW00053,WBA00000000000053,2026-10-07 00:15:00,79.6,1.03,6.52,44.638046,80.989819
EVT0084502,BMW00601,WBA00000000000601,2026-10-21 09:45:00,58.26,41.47,-7.92,27.393759,24.721573
EVT0066201,BMW00403,WBA00000000000403,2026-08-18 20:40:00,21.24,17.52,5.48,10.337004,58.628598
EVT0017638,BMW00693,WBA00000000000693,2026-03-03 05:45:00,90.43,6.34,-1.63,45.815739,79.242746
EVT0094877,BMW00406,WBA00000000000406,2026-11-26 10:20:00,56.38,91.9,13.31,46.308673,97.649718
EVT0008233,BMW00302,WBA00000000000302,2026-01-29 14:00:00,41.06,114.28,-4.13,38.79357,-111.475833
EVT0098506,BMW00410,WBA00000000000410,2026-12-09 00:45:00,33.41,38.35,28.0,30.243462,-52.084061
EVT0055641,BMW00011,WBA00000000000011,2026-07-13 04:40:00,21.64,78.68,4.95,16.786677,-82.036998
EVT0029891,BMW00648,WBA00000000000648,2026-04-14 18:50:00,85.15,114.56,0.24,16.734241,79.715742
EVT0020250,BMW00940,WBA00000000000940,2026-03-12 07:25:00,11.29,107.96,26.49,44.671025,-102.894573
EVT0009726,BMW00898,WBA00000000000898,2026-02-03 18:25:00,92.62,55.39,32.22,30.416779,15.907115
EVT0041046,BMW00707,WBA00000000000707,2026-05-23 12:25:00,73.49,5.07,-8.73,37.824646,35.513945
EVT0006335,BMW00599,WBA00000000000599,2026-01-22 23:50:00,17.28,135.6,4.3,11.830955,104.595758
EVT0031254,BMW00302,WBA00000000000302,2026-04-19 12:25:00,95.42,43.65,1.63,41.653913,-8.427516
EVT0090683,BMW00755,WBA00000000000755,2026-11-11 20:50:00,39.94,125.63,-3.12,20.714828,148.50265
EVT0067077,BMW00350,WBA00000000000350,2026-08-21 21:40:00,69.75,145.35,-8.4,28.352371,-5.733233
EVT0003003,BMW00268,WBA00000000000268,2026-01-11 10:10:00,60.18,40.82,3.68,13.318756,54.091778
EVT0080924,BMW00617,WBA00000000000617,2026-10-08 23:35:00,19.4,16.96,0.02,38.092474,149.355852
EVT0020880,BMW00349,WBA00000000000349,2026-03-14 11:55:00,93.48,35.45,7.93,24.304924,-3.001196
EVT0081218,BMW00523,WBA00000000000523,2026-10-10 00:05:00,72.28,37.01,19.9,9.211775,-17.727798
EVT0039833,BMW00727,WBA00000000000727,2026-05-19 07:20:00,82.53,33.46,-8.89,11.972044,-21.7151
EVT0088262,BMW00906,WBA00000000000906,2026-11-03 11:05:00,67.01,144.83,50.68,31.933237,-92.654337
EVT0086058,BMW00190,WBA00000000000190,2026-10-26 19:25:00,78.55,83.03,11.88,27.762172,82.7253
EVT0064587,BMW00865,WBA00000000000865,2026-08-13 06:10:00,56.04,82.57,2.26,25.271428,65.469551
EVT0008051,BMW00144,WBA00000000000144,2026-01-28 22:50:00,71.32,127.57,15.32,39.172565,-31.641736
EVT0000835,BMW00256,WBA00000000000256,2026-01-03 21:30:00,15.3,134.41,18.93,46.816867,-38.938286
EVT0005004,BMW00663,WBA00000000000663,2026-01-18 08:55:00,37.5,137.42,-7.53,44.851858,83.093396
EVT0030168,BMW00336,WBA00000000000336,2026-04-15 17:55:00,35.19,93.4,-3.33,51.547772,-7.89858
EVT0063827,BMW00214,WBA00000000000214,2026-08-10 14:50:00,87.42,6.13,43.0,46.644713,-79.023161
EVT0081645,BMW00787,WBA00000000000787,2026-10-11 11:40:00,21.72,108.23,50.13,31.963215,-48.232961
EVT0026569,BMW00163,WBA00000000000163,2026-04-03 06:00:00,85.53,103.12,28.11,20.252463,115.817737
EVT0028488,BMW00614,WBA00000000000614,2026-04-09 21:55:00,62.49,71.14,4.83,19.298966,-71.179221
EVT0046671,BMW00717,WBA00000000000717,2026-06-12 01:10:00,77.24,46.14,39.58,22.950666,61.197691
EVT0017083,BMW00297,WBA00000000000297,2026-03-01 07:30:00,87.92,147.05,-4.29,36.455972,134.382547
EVT0082958,BMW00485,WBA00000000000485,2026-10-16 01:05:00,68.96,159.21,25.61,24.795658,-71.943652
EVT0023686,BMW00433,WBA00000000000433,2026-03-24 05:45:00,88.57,4.31,54.44,15.667579,48.156219
EVT0083483,BMW00999,WBA00000000000999,2026-10-17 20:50:00,44.11,27.04,15.08,42.508288,-16.876628
EVT0073702,BMW00354,WBA00000000000354,2026-09-13 21:45:00,40.42,149.06,-0.66,11.005113,97.050873
EVT0072667,BMW00409,WBA00000000000409,2026-09-10 07:30:00,13.66,90.81,35.86,22.143194,5.003279
EVT0041680,BMW00828,WBA00000000000828,2026-05-25 17:15:00,28.3,154.81,52.03,26.866153,112.6179
EVT0099145,BMW00795,WBA00000000000795,2026-12-11 06:00:00,87.91,65.72,35.35,41.366717,4.141965
EVT0014790,BMW00544,WBA00000000000544,2026-02-21 08:25:00,56.46,158.05,22.63,23.972886,46.02054
EVT0088748,BMW00022,WBA00000000000022,2026-11-05 03:35:00,51.42,71.05,49.88,41.057524,53.310277
EVT0013682,BMW00054,WBA00000000000054,2026-02-17 12:05:00,79.53,18.78,16.14,13.297992,-9.884947
EVT0028866,BMW00341,WBA00000000000341,2026-04-11 05:25:00,83.91,111.65,34.38,10.37588,-11.698903
EVT0092401,BMW00512,WBA00000000000512,2026-11-17 20:00:00,74.7,85.97,6.76,24.525289,-61.463573
EVT0034440,BMW00303,WBA00000000000303,2026-04-30 13:55:00,14.31,58.72,24.07,51.137245,12.904974
EVT0015595,BMW00859,WBA00000000000859,2026-02-24 03:30:00,99.38,148.21,6.64,8.570684,-7.870016
EVT0010886,BMW00688,WBA00000000000688,2026-02-07 19:05:00,20.21,104.32,27.3,35.681048,97.752322
EVT0004524,BMW00504,WBA00000000000504,2026-01-16 16:55:00,67.13,2.95,14.81,34.894945,145.20195
EVT0073045,BMW00275,WBA00000000000275,2026-09-11 15:00:00,88.69,62.22,44.58,38.807729,41.852114
EVT0043287,BMW00403,WBA00000000000403,2026-05-31 07:10:00,79.96,11.61,44.93,27.314003,-77.659308
EVT0039349,BMW00802,WBA00000000000802,2026-05-17 15:00:00,59.86,55.38,7.08,43.702245,68.715392
EVT0006981,BMW00647,WBA00000000000647,2026-01-25 05:40:00,63.57,34.96,11.43,49.685655,-17.523753
EVT0086771,BMW00127,WBA00000000000127,2026-10-29 06:50:00,21.5,25.25,33.34,27.876839,105.127065
EVT0080149,BMW00529,WBA00000000000529,2026-10-06 07:00:00,46.83,116.52,17.13,11.342966,-49.490828
EVT0079960,BMW00098,WBA00000000000098,2026-10-05 15:15:00,94.0,37.82,53.97,14.178924,-70.52163
EVT0072606,BMW00744,WBA00000000000744,2026-09-10 02:25:00,56.49,1.01,27.36,20.537021,31.250792
EVT0033719,BMW00230,WBA00000000000230,2026-04-28 01:50:00,85.27,146.21,36.77,50.654436,-10.874219
EVT0052830,BMW00086,WBA00000000000086,2026-07-03 10:25:00,41.26,3.78,4.96,44.093715,16.84784
EVT0016875,BMW00627,WBA00000000000627,2026-02-28 14:10:00,87.9,87.57,43.5,11.72462,131.303404
EVT0055368,BMW00965,WBA00000000000965,2026-07-12 05:55:00,22.38,44.86,-8.99,14.13819,8.284845
EVT0038842,BMW00254,WBA00000000000254,2026-05-15 20:45:00,67.64,134.35,-8.89,29.785754,-56.041076
EVT0007130,BMW00333,WBA00000000000333,2026-01-25 18:05:00,98.44,10.31,-5.39,26.662078,62.505585
EVT0053785,BMW00660,WBA00000000000660,2026-07-06 18:00:00,42.51,109.1,19.57,45.528443,-107.803565
EVT0038036,BMW00774,WBA00000000000774,2026-05-13 01:35:00,58.89,39.28,18.6,37.602822,132.796858
EVT0038872,BMW00806,WBA00000000000806,2026-05-15 23:15:00,91.61,138.8,2.18,27.9054,94.445102
EVT0017406,BMW00669,WBA00000000000669,2026-03-02 10:25:00,79.02,159.22,1.08,8.341426,125.212785
EVT0028240,BMW00780,WBA00000000000780,2026-04-09 01:15:00,44.33,86.95,-7.53,26.318627,2.679394
EVT0092440,BMW00450,WBA00000000000450,2026-11-17 23:15:00,78.18,3.07,4.67,34.362627,-45.559346
EVT0041189,BMW00499,WBA00000000000499,2026-05-24 00:20:00,87.24,115.28,28.56,29.396876,-118.386922
EVT0099557,BMW00388,WBA00000000000388,2026-12-12 16:20:00,99.31,122.92,35.48,22.697382,-40.327727
EVT0085894,BMW00417,WBA00000000000417,2026-10-26 05:45:00,52.82,16.96,20.02,26.415795,-47.00842
EVT0031234,BMW00278,WBA00000000000278,2026-04-19 10:45:00,28.89,57.49,18.3,51.411547,119.58161
EVT0074438,BMW00192,WBA00000000000192,2026-09-16 11:05:00,93.9,28.42,50.04,10.603898,139.584036
EVT0000433,BMW00333,WBA00000000000333,2026-01-02 12:00:00,76.57,157.21,39.79,54.686378,61.130761
EVT0086761,BMW00744,WBA00000000000744,2026-10-29 06:00:00,68.54,67.45,7.49,42.793102,-34.612319
EVT0042979,BMW00762,WBA00000000000762,2026-05-30 05:30:00,31.94,55.88,39.05,43.946654,-85.403249
EVT0099425,BMW00940,WBA00000000000940,2026-12-12 05:20:00,23.3,75.24,-6.07,19.085075,127.72602
EVT0004275,BMW00067,WBA00000000000067,2026-01-15 20:10:00,39.49,56.55,10.55,41.723931,9.647486
EVT0022401,BMW00053,WBA00000000000053,2026-03-19 18:40:00,99.63,38.47,14.26,8.977008,-60.322021
EVT0049367,BMW00467,WBA00000000000467,2026-06-21 09:50:00,69.92,112.38,41.31,51.576248,44.374623
EVT0018504,BMW00115,WBA00000000000115,2026-03-06 05:55:00,63.89,150.67,41.82,42.227696,27.536463
EVT0044711,BMW00957,WBA00000000000957,2026-06-05 05:50:00,15.44,137.24,54.84,37.309496,112.484058
EVT0081526,BMW00453,WBA00000000000453,2026-10-11 01:45:00,45.79,32.59,-6.95,35.797939,143.938137
EVT0090914,BMW00112,WBA00000000000112,2026-11-12 16:05:00,32.68,4.69,26.26,39.720032,108.158155
EVT0032850,BMW00190,WBA00000000000190,2026-04-25 01:25:00,36.79,107.92,7.61,41.199755,-35.584947
EVT0001135,BMW00652,WBA00000000000652,2026-01-04 22:30:00,59.16,82.66,-4.98,12.60428,-43.245695
EVT0002458,BMW00710,WBA00000000000710,2026-01-09 12:45:00,83.19,141.55,46.45,32.875,-13.695807
EVT0024875,BMW00862,WBA00000000000862,2026-03-28 08:50:00,77.09,154.55,41.9,34.205343,-114.480496
EVT0007579,BMW00372,WBA00000000000372,2026-01-27 07:30:00,49.93,87.84,16.62,19.38184,149.638332
EVT0051137,BMW00356,WBA00000000000356,2026-06-27 13:20:00,29.75,129.36,3.98,9.597153,137.94284
EVT0079735,BMW00820,WBA00000000000820,2026-10-04 20:30:00,17.27,87.9,2.47,21.704575,-33.097973
EVT0093920,BMW00972,WBA00000000000972,2026-11-23 02:35:00,41.94,58.0,-5.73,47.18721,-16.674097
EVT0094017,BMW00342,WBA00000000000342,2026-11-23 10:40:00,15.61,65.95,19.04,34.045912,-31.101422
EVT0024163,BMW00325,WBA00000000000325,2026-03-25 21:30:00,46.55,74.24,43.55,47.06604,103.623537
EVT0064467,BMW00683,WBA00000000000683,2026-08-12 20:10:00,20.86,53.57,2.04,21.883638,-67.049164
EVT0016744,BMW00148,WBA00000000000148,2026-02-28 03:15:00,83.09,51.45,38.8,37.439422,-34.038828
EVT0042513,BMW00999,WBA00000000000999,2026-05-28 14:40:00,10.14,3.55,50.42,39.457089,-9.531429
EVT0084526,BMW00735,WBA00000000000735,2026-10-21 11:45:00,63.37,8.93,29.85,27.705304,106.939687
EVT0035333,BMW00428,WBA00000000000428,2026-05-03 16:20:00,15.27,93.42,28.59,15.241915,148.231755
EVT0094701,BMW00581,WBA00000000000581,2026-11-25 19:40:00,13.93,77.03,24.68,22.792483,7.786037
EVT0046494,BMW00840,WBA00000000000840,2026-06-11 10:25:00,60.66,122.25,17.31,53.90823,-69.301615
EVT0042797,BMW00646,WBA00000000000646,2026-05-29 14:20:00,24.66,159.36,28.85,46.696986,-11.9153
EVT0036151,BMW00492,WBA00000000000492,2026-05-06 12:30:00,38.11,15.57,47.43,49.181133,20.46336
EVT0046249,BMW00435,WBA00000000000435,2026-06-10 14:00:00,38.6,37.11,4.7,38.491168,83.22343
EVT0089971,BMW00119,WBA00000000000119,2026-11-09 09:30:00,65.03,141.09,48.36,21.963009,126.467264
EVT0063243,BMW00398,WBA00000000000398,2026-08-08 14:10:00,80.58,108.64,53.4,15.153902,85.597885
EVT0020396,BMW00752,WBA00000000000752,2026-03-12 19:35:00,62.69,78.56,12.51,50.25458,11.192896
EVT0019852,BMW00030,WBA00000000000030,2026-03-10 22:15:00,29.99,83.33,7.26,18.49222,80.229973
EVT0067140,BMW00328,WBA00000000000328,2026-08-22 02:55:00,38.52,31.67,26.75,14.786907,-113.446771
EVT0056479,BMW00668,WBA00000000000668,2026-07-16 02:30:00,90.24,50.46,19.77,39.154709,-63.902795
EVT0053970,BMW00874,WBA00000000000874,2026-07-07 09:25:00,76.5,43.89,9.12,25.915133,48.453923
EVT0003054,BMW00652,WBA00000000000652,2026-01-11 14:25:00,87.32,145.15,36.92,13.881752,-1.542225
EVT0081681,BMW00750,WBA00000000000750,2026-10-11 14:40:00,33.98,86.18,4.1,31.402712,91.33109
EVT0011766,BMW00109,WBA00000000000109,2026-02-10 20:25:00,93.71,106.05,5.33,13.304455,-77.029023
EVT0064559,BMW00068,WBA00000000000068,2026-08-13 03:50:00,35.76,62.43,52.92,8.307485,94.825511
EVT0009668,BMW00658,WBA00000000000658,2026-02-03 13:35:00,96.22,57.78,40.06,29.303852,-102.430285
EVT0061530,BMW00133,WBA00000000000133,2026-08-02 15:25:00,80.18,2.82,-7.85,52.945575,142.226137
EVT0082419,BMW00095,WBA00000000000095,2026-10-14 04:10:00,12.8,143.36,23.68,26.170782,-104.82811
EVT0045039,BMW00059,WBA00000000000059,2026-06-06 09:10:00,76.33,46.9,52.1,21.96474,-56.289893
EVT0013632,BMW00942,WBA00000000000942,2026-02-17 07:55:00,21.18,132.07,7.73,18.030731,26.178824
EVT0058381,BMW00798,WBA00000000000798,2026-07-22 17:00:00,65.05,152.08,47.79,42.94272,-78.152331
EVT0044196,BMW00731,WBA00000000000731,2026-06-03 10:55:00,85.64,6.42,-2.65,52.829162,-32.343019
EVT0024126,BMW00999,WBA00000000000999,2026-03-25 18:25:00,95.82,79.05,50.73,27.45959,33.992629
EVT0051100,BMW00936,WBA00000000000936,2026-06-27 10:15:00,53.41,51.21,35.72,12.464785,0.720922
EVT0025528,BMW00261,WBA00000000000261,2026-03-30 15:15:00,35.24,107.45,-2.77,29.738328,129.848452
EVT0051609,BMW00946,WBA00000000000946,2026-06-29 04:40:00,11.45,54.35,16.26,46.989458,-78.735279
EVT0074554,BMW00882,WBA00000000000882,2026-09-16 20:45:00,79.15,94.17,21.22,22.779441,-28.668953
EVT0007439,BMW00540,WBA00000000000540,2026-01-26 19:50:00,82.61,85.66,-2.01,20.92709,-32.93044
EVT0085430,BMW00962,WBA00000000000962,2026-10-24 15:05:00,96.08,30.5,49.85,28.166149,-11.710674
EVT0034429,BMW00297,WBA00000000000297,2026-04-30 13:00:00,12.51,151.87,31.76,22.381792,-103.652348
EVT0055068,BMW00494,WBA00000000000494,2026-07-11 04:55:00,26.35,2.86,34.7,15.149479,22.350312
EVT0047482,BMW00479,WBA00000000000479,2026-06-14 20:45:00,11.61,37.16,-5.67,35.382306,-38.426783
EVT0033980,BMW00906,WBA00000000000906,2026-04-28 23:35:00,35.01,123.56,-0.01,19.142787,-73.211685
EVT0052771,BMW00441,WBA00000000000441,2026-07-03 05:30:00,31.55,35.65,37.9,41.135492,103.538387
EVT0086227,BMW00161,WBA00000000000161,2026-10-27 09:30:00,40.86,63.02,35.46,25.250543,-22.208151
EVT0039297,BMW00366,WBA00000000000366,2026-05-17 10:40:00,83.54,43.86,-7.07,36.37894,78.578269
EVT0055036,BMW00050,WBA00000000000050,2026-07-11 02:15:00,18.33,125.78,5.01,9.430923,66.954777
EVT0098661,BMW00119,WBA00000000000119,2026-12-09 13:40:00,57.6,130.99,36.71,43.958805,-106.391797
EVT0069408,BMW00361,WBA00000000000361,2026-08-29 23:55:00,52.71,89.88,50.32,18.321234,-3.014749
EVT0004163,BMW00663,WBA00000000000663,2026-01-15 10:50:00,35.52,149.74,51.29,43.023064,-15.539741
EVT0033545,BMW00317,WBA00000000000317,2026-04-27 11:20:00,83.97,11.14,0.76,37.805284,33.791157
EVT0060842,BMW00564,WBA00000000000564,2026-07-31 06:05:00,21.81,101.76,23.84,30.810038,-21.322271
EVT0032150,BMW00575,WBA00000000000575,2026-04-22 15:05:00,58.89,72.66,0.39,30.259804,-115.936458
EVT0097180,BMW00385,WBA00000000000385,2026-12-04 10:15:00,43.95,74.67,39.32,20.284399,120.04733
EVT0037681,BMW00969,WBA00000000000969,2026-05-11 20:00:00,11.7,11.71,35.47,12.526241,-66.437158
EVT0000145,BMW00641,WBA00000000000641,2026-01-01 12:00:00,83.2,90.61,-7.12,50.247673,-18.47819
EVT0070988,BMW00710,WBA00000000000710,2026-09-04 11:35:00,28.13,104.5,-8.87,12.244813,128.411033
EVT0019297,BMW00895,WBA00000000000895,2026-03-09 00:00:00,26.09,49.09,11.29,8.626572,33.715193
EVT0077305,BMW00295,WBA00000000000295,2026-09-26 10:00:00,15.69,140.49,-4.37,30.875783,-65.515889
EVT0070455,BMW00556,WBA00000000000556,2026-09-02 15:10:00,96.71,73.16,13.55,36.396482,69.801816
EVT0065567,BMW00915,WBA00000000000915,2026-08-16 15:50:00,86.78,63.03,5.63,16.531638,114.358924
EVT0039992,BMW00765,WBA00000000000765,2026-05-19 20:35:00,88.05,111.31,26.18,35.598279,-85.85847
EVT0073424,BMW00449,WBA00000000000449,2026-09-12 22:35:00,75.33,119.51,28.33,37.00396,-6.416289
EVT0071800,BMW00253,WBA00000000000253,2026-09-07 07:15:00,77.53,28.81,27.12,48.674484,135.628716
EVT0013300,BMW00113,WBA00000000000113,2026-02-16 04:15:00,55.58,11.31,4.71,50.4065,-27.334218
EVT0012854,BMW00749,WBA00000000000749,2026-02-14 15:05:00,74.96,73.69,-9.29,46.423384,8.315447
EVT0067563,BMW00640,WBA00000000000640,2026-08-23 14:10:00,43.64,147.37,26.68,21.114583,-41.015657
EVT0077697,BMW00479,WBA00000000000479,2026-09-27 18:40:00,79.04,38.48,40.65,42.629419,-46.263718
EVT0056930,BMW00818,WBA00000000000818,2026-07-17 16:05:00,89.76,152.96,6.53,45.241857,149.257284
EVT0099383,BMW00043,WBA00000000000043,2026-12-12 01:50:00,86.24,8.44,17.89,22.553124,-38.89881
EVT0055404,BMW00478,WBA00000000000478,2026-07-12 08:55:00,45.18,58.34,0.62,39.046994,-71.32324
EVT0066170,BMW00322,WBA00000000000322,2026-08-18 18:05:00,99.67,81.06,13.48,20.007116,134.419598
EVT0013258,BMW00282,WBA00000000000282,2026-02-16 00:45:00,17.41,88.85,16.1,16.105261,135.11163
EVT0049205,BMW00086,WBA00000000000086,2026-06-20 20:20:00,52.41,92.73,50.51,29.548915,68.46887
EVT0006679,BMW00076,WBA00000000000076,2026-01-24 04:30:00,82.72,59.39,31.95,50.311266,77.9809
EVT0009885,BMW00854,WBA00000000000854,2026-02-04 07:40:00,81.68,23.47,15.51,20.855629,103.326785
EVT0043228,BMW00118,WBA00000000000118,2026-05-31 02:15:00,62.65,44.87,28.45,40.136764,-101.995598
EVT0019317,BMW00521,WBA00000000000521,2026-03-09 01:40:00,43.51,134.49,4.42,14.475363,-7.66827
EVT0019826,BMW00916,WBA00000000000916,2026-03-10 20:05:00,81.38,99.31,18.7,26.291262,-19.658555
EVT0058769,BMW00906,WBA00000000000906,2026-07-24 01:20:00,31.82,137.45,39.32,34.50813,12.461782
EVT0052363,BMW00141,WBA00000000000141,2026-07-01 19:30:00,62.75,116.35,39.53,47.986127,-51.451891
EVT0087900,BMW00972,WBA00000000000972,2026-11-02 04:55:00,58.35,18.41,50.98,40.247814,46.998147
EVT0048425,BMW00522,WBA00000000000522,2026-06-18 03:20:00,17.01,100.28,45.22,33.977652,18.249459
EVT0047636,BMW00233,WBA00000000000233,2026-06-15 09:35:00,58.84,114.68,18.39,14.997081,-85.52075
EVT0041168,BMW00083,WBA00000000000083,2026-05-23 22:35:00,59.55,114.29,30.06,38.0355,-55.144639
EVT0084599,BMW00070,WBA00000000000070,2026-10-21 17:50:00,44.12,18.7,30.98,51.697848,2.123085
EVT0010843,BMW00675,WBA00000000000675,2026-02-07 15:30:00,49.37,75.19,28.98,14.939827,-79.919642
EVT0046672,BMW00676,WBA00000000000676,2026-06-12 01:15:00,71.89,0.09,1.48,19.944174,149.086568
EVT0049961,BMW00749,WBA00000000000749,2026-06-23 11:20:00,49.19,52.9,42.04,13.706873,-66.615256
EVT0046230,BMW00937,WBA00000000000937,2026-06-10 12:25:00,13.96,115.81,-7.66,25.734741,138.532037
EVT0059239,BMW00044,WBA00000000000044,2026-07-25 16:30:00,27.05,90.82,14.64,29.393943,55.876158
EVT0010520,BMW00566,WBA00000000000566,2026-02-06 12:35:00,36.37,72.27,7.85,22.314292,138.834234
EVT0017249,BMW00159,WBA00000000000159,2026-03-01 21:20:00,67.13,133.2,14.79,9.847053,82.254491
EVT0009389,BMW00390,WBA00000000000390,2026-02-02 14:20:00,53.79,45.36,40.59,18.921628,8.756274
EVT0074688,BMW00919,WBA00000000000919,2026-09-17 07:55:00,53.6,36.73,14.15,21.908164,140.845286
EVT0033998,BMW00228,WBA00000000000228,2026-04-29 01:05:00,99.94,5.11,16.97,25.796568,-61.638532
EVT0028226,BMW00119,WBA00000000000119,2026-04-09 00:05:00,52.02,98.03,-0.43,16.698098,-41.456941
EVT0062133,BMW00828,WBA00000000000828,2026-08-04 17:40:00,23.76,152.8,44.92,51.625523,-11.338197
EVT0054312,BMW00672,WBA00000000000672,2026-07-08 13:55:00,90.17,78.72,3.45,50.517184,30.463355
EVT0035409,BMW00584,WBA00000000000584,2026-05-03 22:40:00,81.81,158.31,17.08,38.309488,-22.55301
EVT0089580,BMW00090,WBA00000000000090,2026-11-08 00:55:00,65.57,149.95,2.88,42.517821,-28.533702
EVT0077763,BMW00512,WBA00000000000512,2026-09-28 00:10:00,52.35,131.51,20.14,51.294985,101.689652
EVT0028513,BMW00562,WBA00000000000562,2026-04-10 00:00:00,27.05,108.98,30.96,17.914828,-14.637712
EVT0025606,BMW00810,WBA00000000000810,2026-03-30 21:45:00,94.2,100.31,11.69,42.537263,34.600635
EVT0020319,BMW00396,WBA00000000000396,2026-03-12 13:10:00,42.12,132.46,51.48,35.673948,-94.728658
EVT0054196,BMW00951,WBA00000000000951,2026-07-08 04:15:00,70.63,142.56,-9.05,22.013079,-64.447118
EVT0090639,BMW00225,WBA00000000000225,2026-11-11 17:10:00,95.7,43.77,54.37,21.82355,41.292993
EVT0041585,BMW00998,WBA00000000000998,2026-05-25 09:20:00,12.39,19.67,52.61,15.774468,58.537642
EVT0066418,BMW00021,WBA00000000000021,2026-08-19 14:45:00,34.95,59.8,14.29,8.949154,84.184881
EVT0018333,BMW00810,WBA00000000000810,2026-03-05 15:40:00,65.03,8.23,1.31,51.184808,19.982289
EVT0088835,BMW00193,WBA00000000000193,2026-11-05 10:50:00,40.63,48.47,53.53,8.930022,-62.184515
EVT0082320,BMW00010,WBA00000000000010,2026-10-13 19:55:00,93.92,97.63,50.63,36.700028,108.342864
EVT0049883,BMW00325,WBA00000000000325,2026-06-23 04:50:00,66.68,32.38,8.67,38.240955,112.519946
EVT0069385,BMW00268,WBA00000000000268,2026-08-29 22:00:00,19.63,136.74,-3.45,17.917967,-16.851709
EVT0079311,BMW00485,WBA00000000000485,2026-10-03 09:10:00,45.83,7.77,37.14,36.67393,26.906314
EVT0023207,BMW00597,WBA00000000000597,2026-03-22 13:50:00,89.21,3.87,-3.95,22.50617,-4.775523
EVT0059199,BMW00241,WBA00000000000241,2026-07-25 13:10:00,72.25,55.17,14.38,41.334161,-11.002582
EVT0082659,BMW00968,WBA00000000000968,2026-10-15 00:10:00,60.56,137.93,39.17,15.113636,-81.423897
EVT0065103,BMW00865,WBA00000000000865,2026-08-15 01:10:00,91.74,81.36,27.43,12.901541,-44.213675
EVT0001058,BMW00603,WBA00000000000603,2026-01-04 16:05:00,94.02,51.36,-2.78,22.240078,52.247852
EVT0007693,BMW00967,WBA00000000000967,2026-01-27 17:00:00,83.74,21.62,47.9,33.615026,-10.348343
EVT0080332,BMW00452,WBA00000000000452,2026-10-06 22:15:00,83.9,127.03,8.31,38.000958,-33.297017
EVT0014622,BMW00311,WBA00000000000311,2026-02-20 18:25:00,36.83,116.35,-1.86,51.65141,-101.248417
EVT0046534,BMW00827,WBA00000000000827,2026-06-11 13:45:00,20.49,137.75,18.21,16.596918,-91.012374
EVT0057868,BMW00038,WBA00000000000038,2026-07-20 22:15:00,98.43,67.67,37.48,27.735073,31.087087
EVT0037702,BMW00091,WBA00000000000091,2026-05-11 21:45:00,23.92,62.36,32.63,33.769563,29.733471
EVT0099434,BMW00910,WBA00000000000910,2026-12-12 06:05:00,29.94,40.61,21.68,8.513005,-0.104014
EVT0033679,BMW00567,WBA00000000000567,2026-04-27 22:30:00,93.22,82.18,-0.94,38.652256,57.170453
EVT0006466,BMW00681,WBA00000000000681,2026-01-23 10:45:00,71.51,76.86,22.01,46.836925,-100.131641
EVT0006362,BMW00868,WBA00000000000868,2026-01-23 02:05:00,68.53,26.58,22.69,17.07313,38.726464
EVT0086708,BMW00273,WBA00000000000273,2026-10-29 01:35:00,64.2,50.82,33.54,31.223425,111.771414
EVT0064050,BMW00771,WBA00000000000771,2026-08-11 09:25:00,81.97,127.67,12.51,29.319963,-76.986269
EVT0022057,BMW00124,WBA00000000000124,2026-03-18 14:00:00,45.91,85.29,-4.79,53.803784,78.523323
EVT0062093,BMW00358,WBA00000000000358,2026-08-04 14:20:00,89.75,21.48,47.86,47.652046,-55.372131
EVT0029671,BMW00329,WBA00000000000329,2026-04-14 00:30:00,28.87,22.25,19.45,38.442655,126.639457
EVT0027912,BMW00716,WBA00000000000716,2026-04-07 21:55:00,88.79,137.68,32.69,29.988005,-4.414382
EVT0036787,BMW00982,WBA00000000000982,2026-05-08 17:30:00,79.64,122.27,0.17,8.054636,-14.983405
EVT0037764,BMW00614,WBA00000000000614,2026-05-12 02:55:00,23.74,9.9,27.42,24.093621,79.838556
EVT0007635,BMW00351,WBA00000000000351,2026-01-27 12:10:00,11.35,39.78,50.95,50.025161,-73.050487
EVT0025849,BMW00469,WBA00000000000469,2026-03-31 18:00:00,91.57,138.96,28.33,25.751211,-71.604635
EVT0047227,BMW00159,WBA00000000000159,2026-06-13 23:30:00,37.99,25.89,37.04,16.298911,-100.0179
EVT0070767,BMW00367,WBA00000000000367,2026-09-03 17:10:00,77.39,78.29,30.23,13.070205,47.933737
EVT0076094,BMW00635,WBA00000000000635,2026-09-22 05:05:00,10.22,103.87,16.26,31.9567,28.744979
EVT0006315,BMW00795,WBA00000000000795,2026-01-22 22:10:00,91.0,35.24,36.22,47.344128,-50.360519
EVT0027307,BMW00605,WBA00000000000605,2026-04-05 19:30:00,64.24,78.77,-7.05,8.762136,-28.18001
EVT0048647,BMW00132,WBA00000000000132,2026-06-18 21:50:00,46.09,78.75,5.96,45.275267,94.752155
EVT0068191,BMW00837,WBA00000000000837,2026-08-25 18:30:00,30.33,72.06,24.96,42.009631,-2.938682
EVT0046155,BMW00558,WBA00000000000558,2026-06-10 06:10:00,28.07,154.63,13.88,8.499035,-36.998169
EVT0045292,BMW00412,WBA00000000000412,2026-06-07 06:15:00,60.78,0.46,-0.4,33.898516,-100.42068
EVT0096036,BMW00224,WBA00000000000224,2026-11-30 10:55:00,34.99,101.62,15.37,27.644635,-69.33844
EVT0085066,BMW00635,WBA00000000000635,2026-10-23 08:45:00,19.41,0.79,-3.19,32.147516,86.687414
EVT0036472,BMW00656,WBA00000000000656,2026-05-07 15:15:00,65.97,42.2,23.28,24.258264,-16.470624
EVT0047881,BMW00842,WBA00000000000842,2026-06-16 06:00:00,18.42,136.07,26.01,40.275045,-100.033806
EVT0019596,BMW00041,WBA00000000000041,2026-03-10 00:55:00,50.49,16.47,48.71,29.563466,55.886262
EVT0037794,BMW00079,WBA00000000000079,2026-05-12 05:25:00,38.67,136.25,41.34,11.515177,106.336293
EVT0021537,BMW00141,WBA00000000000141,2026-03-16 18:40:00,20.47,123.58,-7.36,26.405411,-29.324982
EVT0033336,BMW00482,WBA00000000000482,2026-04-26 17:55:00,28.97,145.43,3.96,31.567711,-30.573353
EVT0002751,BMW00642,WBA00000000000642,2026-01-10 13:10:00,51.47,27.46,22.23,9.015498,76.793567
EVT0033042,BMW00859,WBA00000000000859,2026-04-25 17:25:00,45.16,54.56,-9.25,28.310854,142.676926
EVT0093355,BMW00516,WBA00000000000516,2026-11-21 03:30:00,31.1,62.17,0.53,51.157838,-114.952088
EVT0059145,BMW00049,WBA00000000000049,2026-07-25 08:40:00,61.84,86.48,22.18,42.111977,31.92085
EVT0065244,BMW00928,WBA00000000000928,2026-08-15 12:55:00,71.79,63.25,44.48,41.506321,131.264299
EVT0053275,BMW00182,WBA00000000000182,2026-07-04 23:30:00,61.1,0.83,53.88,52.534884,35.981901
EVT0009458,BMW00192,WBA00000000000192,2026-02-02 20:05:00,55.81,109.55,41.81,39.78804,97.949574
EVT0028550,BMW00492,WBA00000000000492,2026-04-10 03:05:00,58.02,42.67,31.7,51.427523,19.907643
EVT0008989,BMW00774,WBA00000000000774,2026-02-01 05:00:00,32.72,34.0,-2.11,11.405613,66.324616
EVT0057520,BMW00488,WBA00000000000488,2026-07-19 17:15:00,54.77,129.11,51.74,21.518594,132.741917
EVT0014695,BMW00483,WBA00000000000483,2026-02-21 00:30:00,46.67,86.04,4.31,38.482349,22.330264
EVT0026004,BMW00957,WBA00000000000957,2026-04-01 06:55:00,42.11,116.04,54.62,14.654933,-111.262149
EVT0031887,BMW00800,WBA00000000000800,2026-04-21 17:10:00,11.38,75.66,29.53,37.625253,34.294663
EVT0024601,BMW00345,WBA00000000000345,2026-03-27 10:00:00,38.94,24.85,12.16,46.874553,-7.420095
EVT0046047,BMW00325,WBA00000000000325,2026-06-09 21:10:00,78.24,49.7,-3.79,8.631643,136.44278
EVT0088098,BMW00117,WBA00000000000117,2026-11-02 21:25:00,89.41,123.78,49.07,53.158731,-116.83632
EVT0015747,BMW00055,WBA00000000000055,2026-02-24 16:10:00,22.77,3.92,-8.47,53.550777,-56.866491
EVT0018976,BMW00189,WBA00000000000189,2026-03-07 21:15:00,45.71,113.3,32.68,30.607589,91.94277
EVT0060010,BMW00580,WBA00000000000580,2026-07-28 08:45:00,67.67,52.46,4.93,34.554256,37.665543
EVT0042004,BMW00560,WBA00000000000560,2026-05-26 20:15:00,88.46,3.83,44.3,18.92366,106.076292
EVT0032377,BMW00964,WBA00000000000964,2026-04-23 10:00:00,71.9,8.41,41.53,53.662722,-101.779049
EVT0095052,BMW00003,WBA00000000000003,2026-11-27 00:55:00,48.99,33.75,44.93,37.590244,-111.96564
EVT0031048,BMW00678,WBA00000000000678,2026-04-18 19:15:00,41.07,151.4,36.42,40.910663,48.541632
EVT0066294,BMW00497,WBA00000000000497,2026-08-19 04:25:00,82.74,46.0,47.53,25.190741,-45.04081
EVT0004364,BMW00047,WBA00000000000047,2026-01-16 03:35:00,51.1,53.81,7.71,15.097014,16.374038
EVT0062078,BMW00944,WBA00000000000944,2026-08-04 13:05:00,29.35,146.92,30.37,39.857262,-14.836575
EVT0086737,BMW00004,WBA00000000000004,2026-10-29 04:00:00,79.7,147.58,18.15,47.986513,-113.260677
EVT0006089,BMW00042,WBA00000000000042,2026-01-22 03:20:00,82.46,8.29,29.64,18.512328,35.683883
EVT0006324,BMW00016,WBA00000000000016,2026-01-22 22:55:00,58.41,151.84,7.8,31.617037,83.016661
EVT0034098,BMW00568,WBA00000000000568,2026-04-29 09:25:00,32.78,121.75,27.03,14.841248,82.392693
EVT0070752,BMW00223,WBA00000000000223,2026-09-03 15:55:00,86.47,111.02,29.34,33.579548,87.30248
EVT0024287,BMW00434,WBA00000000000434,2026-03-26 07:50:00,77.39,46.28,42.02,33.475404,-115.321254
EVT0054675,BMW00226,WBA00000000000226,2026-07-09 20:10:00,93.98,41.9,50.14,33.568731,-50.947605
EVT0075210,BMW00057,WBA00000000000057,2026-09-19 03:25:00,70.36,72.96,39.9,34.514238,-2.61375
EVT0006489,BMW00363,WBA00000000000363,2026-01-23 12:40:00,63.56,72.24,8.01,32.921835,-73.098325
EVT0001915,BMW00199,WBA00000000000199,2026-01-07 15:30:00,23.8,158.99,7.44,25.077796,-33.849459
EVT0030977,BMW00675,WBA00000000000675,2026-04-18 13:20:00,85.07,153.19,18.47,42.541205,-3.951649
EVT0075055,BMW00261,WBA00000000000261,2026-09-18 14:30:00,56.14,40.07,48.11,53.276861,-37.341658
EVT0029519,BMW00244,WBA00000000000244,2026-04-13 11:50:00,19.55,157.57,39.31,39.719386,-5.724828
EVT0045762,BMW00971,WBA00000000000971,2026-06-08 21:25:00,19.69,116.28,26.55,8.478946,-113.881903
EVT0034021,BMW00087,WBA00000000000087,2026-04-29 03:00:00,66.6,53.97,42.56,27.554296,-67.561561
EVT0051522,BMW00190,WBA00000000000190,2026-06-28 21:25:00,59.53,103.51,43.29,14.776344,39.932152
EVT0062577,BMW00293,WBA00000000000293,2026-08-06 06:40:00,26.01,138.29,37.21,29.992045,73.369768
EVT0099112,BMW00627,WBA00000000000627,2026-12-11 03:15:00,37.91,64.58,-1.03,24.698983,43.844966
EVT0046558,BMW00873,WBA00000000000873,2026-06-11 15:45:00,66.84,29.2,48.86,46.786677,-71.426885
EVT0054848,BMW00928,WBA00000000000928,2026-07-10 10:35:00,55.77,159.49,47.16,50.853101,6.163242
EVT0078889,BMW00901,WBA00000000000901,2026-10-01 22:00:00,44.76,21.16,46.22,27.875076,23.859897
EVT0021904,BMW00632,WBA00000000000632,2026-03-18 01:15:00,16.79,87.09,-4.24,13.96262,90.66507
EVT0054271,BMW00715,WBA00000000000715,2026-07-08 10:30:00,73.93,20.34,1.58,31.575808,-94.662869
EVT0090671,BMW00167,WBA00000000000167,2026-11-11 19:50:00,31.46,84.92,13.04,31.536061,61.423539
EVT0058601,BMW00285,WBA00000000000285,2026-07-23 11:20:00,87.59,138.18,18.17,13.931001,135.236061
EVT0066485,BMW00766,WBA00000000000766,2026-08-19 20:20:00,60.81,42.93,51.8,28.728353,-46.164458
EVT0078438,BMW00192,WBA00000000000192,2026-09-30 08:25:00,85.4,127.48,-5.4,41.408377,-14.67828
EVT0094499,BMW00104,WBA00000000000104,2026-11-25 02:50:00,23.89,116.13,30.87,24.732539,83.906389
EVT0000321,BMW00315,WBA00000000000315,2026-01-02 02:40:00,21.29,56.6,8.38,44.343788,-38.206475
EVT0099686,BMW00739,WBA00000000000739,2026-12-13 03:05:00,60.42,112.76,18.91,48.981042,-59.096979
EVT0092549,BMW00094,WBA00000000000094,2026-11-18 08:20:00,13.45,151.81,11.42,19.231916,-103.090086
EVT0057594,BMW00139,WBA00000000000139,2026-07-19 23:25:00,44.8,22.75,44.48,12.731868,124.562613
EVT0005305,BMW00983,WBA00000000000983,2026-01-19 10:00:00,50.4,20.59,37.57,14.904042,-47.073785
EVT0073723,BMW00522,WBA00000000000522,2026-09-13 23:30:00,12.21,39.46,34.67,19.143735,82.291251
EVT0016276,BMW00893,WBA00000000000893,2026-02-26 12:15:00,68.26,158.59,53.9,28.56587,87.841686
EVT0024644,BMW00584,WBA00000000000584,2026-03-27 13:35:00,36.91,49.72,29.3,36.048795,-32.367997
EVT0079237,BMW00500,WBA00000000000500,2026-10-03 03:00:00,43.78,41.12,43.3,37.819473,-9.927845
EVT0097406,BMW00908,WBA00000000000908,2026-12-05 05:05:00,30.57,131.06,35.28,39.275581,78.945569
EVT0066564,BMW00613,WBA00000000000613,2026-08-20 02:55:00,49.13,0.58,29.27,9.723536,-41.472499
EVT0018812,BMW00715,WBA00000000000715,2026-03-07 07:35:00,98.33,110.18,46.45,30.202902,18.794009
EVT0026644,BMW00319,WBA00000000000319,2026-04-03 12:15:00,64.92,58.67,0.07,47.394219,-59.244592
EVT0003392,BMW00520,WBA00000000000520,2026-01-12 18:35:00,80.49,21.09,-5.06,17.957229,29.543131
EVT0020434,BMW00522,WBA00000000000522,2026-03-12 22:45:00,80.79,10.3,48.78,41.078007,-50.303009
EVT0009153,BMW00815,WBA00000000000815,2026-02-01 18:40:00,45.98,141.55,-5.39,33.249678,82.870209
EVT0077176,BMW00943,WBA00000000000943,2026-09-25 23:15:00,99.39,84.15,-3.04,17.439897,21.541634
EVT0016950,BMW00609,WBA00000000000609,2026-02-28 20:25:00,22.07,124.22,9.28,30.462444,49.952582
EVT0055922,BMW00756,WBA00000000000756,2026-07-14 04:05:00,31.03,151.12,25.24,31.153277,-55.045203
EVT0072942,BMW00766,WBA00000000000766,2026-09-11 06:25:00,86.18,8.96,51.53,18.274488,4.531885
EVT0004956,BMW00209,WBA00000000000209,2026-01-18 04:55:00,57.02,26.03,-3.55,41.675602,-34.056819
EVT0071609,BMW00789,WBA00000000000789,2026-09-06 15:20:00,14.93,59.81,32.15,53.356079,2.419266
EVT0051856,BMW00906,WBA00000000000906,2026-06-30 01:15:00,85.99,66.72,-0.07,52.55886,134.456535
EVT0058587,BMW00342,WBA00000000000342,2026-07-23 10:10:00,39.67,80.27,-1.19,44.688406,-71.98123
EVT0025403,BMW00965,WBA00000000000965,2026-03-30 04:50:00,14.67,111.02,10.59,51.970432,-67.504254
EVT0080561,BMW00429,WBA00000000000429,2026-10-07 17:20:00,89.15,65.34,50.03,19.636308,-94.479011
EVT0022214,BMW00012,WBA00000000000012,2026-03-19 03:05:00,35.83,8.69,44.5,38.746167,-106.59375
EVT0021325,BMW00386,WBA00000000000386,2026-03-16 01:00:00,80.63,137.19,37.97,33.977289,41.555215
EVT0089980,BMW00224,WBA00000000000224,2026-11-09 10:15:00,27.29,112.82,49.61,29.035279,20.491335
EVT0020278,BMW00526,WBA00000000000526,2026-03-12 09:45:00,83.82,41.03,-0.17,32.279384,-111.280104
EVT0061787,BMW00943,WBA00000000000943,2026-08-03 12:50:00,52.6,16.26,3.13,52.164364,-102.12986
EVT0032055,BMW00300,WBA00000000000300,2026-04-22 07:10:00,62.71,100.44,9.95,45.908966,-69.450589
EVT0065713,BMW00647,WBA00000000000647,2026-08-17 04:00:00,55.89,112.32,47.85,47.109677,20.394309
EVT0081219,BMW00687,WBA00000000000687,2026-10-10 00:10:00,74.78,83.62,16.95,32.934636,20.493638
EVT0097584,BMW00465,WBA00000000000465,2026-12-05 19:55:00,42.35,105.37,8.64,27.781948,-44.959631
EVT0070233,BMW00965,WBA00000000000965,2026-09-01 20:40:00,12.26,119.57,54.49,31.074983,-12.174083
EVT0018803,BMW00702,WBA00000000000702,2026-03-07 06:50:00,17.23,122.12,-4.25,25.019371,12.712368
EVT0090930,BMW00879,WBA00000000000879,2026-11-12 17:25:00,37.01,147.45,48.97,39.227925,-70.518278
EVT0011771,BMW00340,WBA00000000000340,2026-02-10 20:50:00,19.03,8.11,24.12,31.304906,-3.744618
EVT0007528,BMW00705,WBA00000000000705,2026-01-27 03:15:00,24.77,25.59,-6.75,50.021324,44.405088
EVT0055304,BMW00215,WBA00000000000215,2026-07-12 00:35:00,73.33,17.2,1.32,11.930678,126.608795
EVT0011285,BMW00344,WBA00000000000344,2026-02-09 04:20:00,94.15,132.67,3.44,24.978195,-20.779827
EVT0043022,BMW00974,WBA00000000000974,2026-05-30 09:05:00,55.28,82.24,48.72,43.457915,-71.03747
EVT0007328,BMW00571,WBA00000000000571,2026-01-26 10:35:00,20.0,111.0,18.46,25.369189,-13.30135
EVT0063495,BMW00328,WBA00000000000328,2026-08-09 11:10:00,69.98,4.92,16.9,15.145579,-79.01762
EVT0064748,BMW00393,WBA00000000000393,2026-08-13 19:35:00,38.67,156.78,11.11,20.143488,134.73501
EVT0067019,BMW00656,WBA00000000000656,2026-08-21 16:50:00,98.56,128.67,38.39,23.572058,40.056825
EVT0024442,BMW00878,WBA00000000000878,2026-03-26 20:45:00,15.66,29.86,14.17,47.006661,141.362104
EVT0014076,BMW00236,WBA00000000000236,2026-02-18 20:55:00,92.04,89.83,52.32,9.122204,45.942627
EVT0078903,BMW00758,WBA00000000000758,2026-10-01 23:10:00,27.13,33.71,2.78,19.332457,99.020558
EVT0016264,BMW00299,WBA00000000000299,2026-02-26 11:15:00,21.71,61.86,-9.13,53.764112,89.690893
EVT0030114,BMW00882,WBA00000000000882,2026-04-15 13:25:00,58.74,91.73,-2.08,29.660637,76.135842
EVT0075530,BMW00856,WBA00000000000856,2026-09-20 06:05:00,76.29,119.51,45.14,29.88728,-9.545932
EVT0083198,BMW00159,WBA00000000000159,2026-10-16 21:05:00,16.73,38.42,40.63,42.263132,-1.452663
EVT0034290,BMW00036,WBA00000000000036,2026-04-30 01:25:00,79.62,124.86,8.52,30.594993,62.966527
EVT0021271,BMW00594,WBA00000000000594,2026-03-15 20:30:00,49.8,26.95,44.38,10.557034,41.94364
EVT0085826,BMW00125,WBA00000000000125,2026-10-26 00:05:00,82.73,143.54,44.98,9.252509,-77.889021
EVT0071221,BMW00292,WBA00000000000292,2026-09-05 07:00:00,71.8,34.33,24.42,15.847518,-51.109975
EVT0035682,BMW00384,WBA00000000000384,2026-05-04 21:25:00,96.54,36.01,37.99,48.908454,-26.48284
EVT0084137,BMW00189,WBA00000000000189,2026-10-20 03:20:00,32.17,118.18,6.32,42.282836,132.223945
EVT0042397,BMW00253,WBA00000000000253,2026-05-28 05:00:00,79.78,64.85,40.97,22.920891,82.503242
EVT0075768,BMW00907,WBA00000000000907,2026-09-21 01:55:00,79.53,152.65,25.15,32.240744,109.040136
EVT0027966,BMW00567,WBA00000000000567,2026-04-08 02:25:00,35.65,95.73,-2.94,54.26725,-26.313244
EVT0076899,BMW00349,WBA00000000000349,2026-09-25 00:10:00,75.21,63.29,12.84,48.10735,44.943523
EVT0021811,BMW00044,WBA00000000000044,2026-03-17 17:30:00,98.06,63.3,4.25,24.441253,52.142897
EVT0077735,BMW00503,WBA00000000000503,2026-09-27 21:50:00,56.33,150.93,52.66,51.435378,-73.315914
EVT0071365,BMW00101,WBA00000000000101,2026-09-05 19:00:00,36.28,37.15,11.11,40.240744,-115.016284
EVT0033189,BMW00109,WBA00000000000109,2026-04-26 05:40:00,96.85,59.69,29.86,19.711507,43.737114
EVT0066481,BMW00183,WBA00000000000183,2026-08-19 20:00:00,40.4,35.59,28.08,28.808678,36.640279
EVT0001110,BMW00615,WBA00000000000615,2026-01-04 20:25:00,94.27,143.42,37.18,41.373123,-70.250972
EVT0035749,BMW00646,WBA00000000000646,2026-05-05 03:00:00,30.96,55.73,27.89,34.799917,120.986574
EVT0069131,BMW00660,WBA00000000000660,2026-08-29 00:50:00,12.53,73.54,7.04,47.01482,-10.164256
EVT0093337,BMW00807,WBA00000000000807,2026-11-21 02:00:00,46.25,99.23,-4.52,51.739446,120.656953
EVT0008019,BMW00889,WBA00000000000889,2026-01-28 20:10:00,27.83,55.69,0.86,44.154604,110.815146
EVT0072620,BMW00853,WBA00000000000853,2026-09-10 03:35:00,51.13,54.0,37.31,33.060876,-112.275876
EVT0082241,BMW00649,WBA00000000000649,2026-10-13 13:20:00,94.42,84.62,46.6,42.554027,-87.182769
EVT0013446,BMW00334,WBA00000000000334,2026-02-16 16:25:00,76.66,98.57,28.28,50.247565,148.76325
EVT0077561,BMW00678,WBA00000000000678,2026-09-27 07:20:00,57.69,31.64,32.11,21.983786,-58.037819
EVT0053171,BMW00905,WBA00000000000905,2026-07-04 14:50:00,50.04,25.12,3.96,8.90716,-53.35562
EVT0071317,BMW00452,WBA00000000000452,2026-09-05 15:00:00,27.1,100.74,14.57,54.917605,-33.458599
EVT0019437,BMW00314,WBA00000000000314,2026-03-09 11:40:00,17.16,6.16,37.24,16.549534,136.113822
EVT0097919,BMW00346,WBA00000000000346,2026-12-06 23:50:00,42.32,60.18,29.59,12.22381,87.781381
EVT0022120,BMW00716,WBA00000000000716,2026-03-18 19:15:00,71.91,126.06,2.44,24.648486,-19.269817
EVT0016360,BMW00429,WBA00000000000429,2026-02-26 19:15:00,23.51,90.49,46.71,38.103014,-62.906167
EVT0071544,BMW00792,WBA00000000000792,2026-09-06 09:55:00,24.92,77.87,17.03,32.862348,34.607024
EVT0017412,BMW00163,WBA00000000000163,2026-03-02 10:55:00,78.03,115.88,-5.84,26.831509,47.528264
EVT0036271,BMW00724,WBA00000000000724,2026-05-06 22:30:00,58.48,9.89,14.54,24.84509,-0.180395
EVT0036003,BMW00077,WBA00000000000077,2026-05-06 00:10:00,33.8,43.47,3.67,48.7976,86.427664
EVT0033326,BMW00283,WBA00000000000283,2026-04-26 17:05:00,60.62,157.37,40.93,36.305479,148.498387
EVT0099743,BMW00909,WBA00000000000909,2026-12-13 07:50:00,48.13,71.89,7.16,54.47018,33.682053
EVT0025048,BMW00670,WBA00000000000670,2026-03-28 23:15:00,36.39,148.99,38.83,33.51101,-34.843511
EVT0036986,BMW00145,WBA00000000000145,2026-05-09 10:05:00,80.67,23.35,18.57,27.154294,68.092908
EVT0055117,BMW00322,WBA00000000000322,2026-07-11 09:00:00,47.97,48.24,30.99,31.906001,71.891577
EVT0008455,BMW00251,WBA00000000000251,2026-01-30 08:30:00,48.31,142.62,-9.22,51.725594,-90.625071
EVT0068761,BMW00590,WBA00000000000590,2026-08-27 18:00:00,42.28,36.57,6.24,12.339245,-84.859045
EVT0044937,BMW00322,WBA00000000000322,2026-06-06 00:40:00,82.33,41.69,6.26,23.385696,3.724595
EVT0017220,BMW00362,WBA00000000000362,2026-03-01 18:55:00,11.13,148.13,4.29,26.276004,99.161469
EVT0093275,BMW00692,WBA00000000000692,2026-11-20 20:50:00,70.3,126.37,47.19,28.101385,-81.521433
EVT0088156,BMW00257,WBA00000000000257,2026-11-03 02:15:00,26.59,39.99,-1.56,19.901299,-103.632605
EVT0064175,BMW00940,WBA00000000000940,2026-08-11 19:50:00,46.99,113.82,11.54,8.014101,116.713501
EVT0062527,BMW00111,WBA00000000000111,2026-08-06 02:30:00,58.05,59.14,44.87,49.895295,49.559889
EVT0091234,BMW00129,WBA00000000000129,2026-11-13 18:45:00,94.18,77.45,8.07,53.658516,-4.418703
EVT0014821,BMW00369,WBA00000000000369,2026-02-21 11:00:00,66.39,45.1,42.29,26.058673,3.406662
EVT0070342,BMW00015,WBA00000000000015,2026-09-02 05:45:00,22.7,96.1,44.91,23.383849,-77.178197
EVT0059082,BMW00082,WBA00000000000082,2026-07-25 03:25:00,36.13,62.85,29.9,40.421451,-14.913564
EVT0004149,BMW00438,WBA00000000000438,2026-01-15 09:40:00,28.71,18.89,48.45,16.50131,22.978191
EVT0028542,BMW00999,WBA00000000000999,2026-04-10 02:25:00,13.55,158.48,53.27,30.742353,-13.388032
EVT0002542,BMW00940,WBA00000000000940,2026-01-09 19:45:00,28.22,48.06,-5.19,38.926476,122.492919
EVT0000949,BMW00935,WBA00000000000935,2026-01-04 07:00:00,74.82,101.62,54.65,39.573209,9.394819
EVT0039536,BMW00259,WBA00000000000259,2026-05-18 06:35:00,97.11,39.81,26.55,10.628625,-119.839384
EVT0086488,BMW00927,WBA00000000000927,2026-10-28 07:15:00,75.32,143.41,10.66,27.688171,22.567363
EVT0062350,BMW00066,WBA00000000000066,2026-08-05 11:45:00,79.46,42.25,42.92,14.357239,27.758478
EVT0081563,BMW00921,WBA00000000000921,2026-10-11 04:50:00,24.94,81.77,38.29,14.095034,10.405845
EVT0017671,BMW00568,WBA00000000000568,2026-03-03 08:30:00,67.43,88.57,-4.24,10.015095,-31.377139
EVT0052465,BMW00005,WBA00000000000005,2026-07-02 04:00:00,12.35,91.27,52.63,27.678627,102.875532
EVT0024720,BMW00475,WBA00000000000475,2026-03-27 19:55:00,37.01,27.01,33.17,22.239935,-74.174604
EVT0010866,BMW00071,WBA00000000000071,2026-02-07 17:25:00,12.38,71.49,54.98,28.716647,-71.672468
EVT0025332,BMW00196,WBA00000000000196,2026-03-29 22:55:00,55.66,62.73,48.96,18.493741,28.651251
EVT0008993,BMW00868,WBA00000000000868,2026-02-01 05:20:00,69.83,123.14,20.93,19.475802,143.812134
EVT0047677,BMW00723,WBA00000000000723,2026-06-15 13:00:00,24.64,111.77,44.46,13.088427,-44.401509
EVT0078131,BMW00882,WBA00000000000882,2026-09-29 06:50:00,89.0,13.99,42.06,21.856905,-56.751713
EVT0087738,BMW00085,WBA00000000000085,2026-11-01 15:25:00,17.06,140.28,33.43,25.0187,120.296066
EVT0048492,BMW00192,WBA00000000000192,2026-06-18 08:55:00,53.12,16.9,24.81,10.86258,66.877485
EVT0038374,BMW00768,WBA00000000000768,2026-05-14 05:45:00,89.89,47.23,46.41,14.743831,89.939329
EVT0027060,BMW00498,WBA00000000000498,2026-04-04 22:55:00,98.8,72.62,12.36,21.14845,48.25726
EVT0069999,BMW00836,WBA00000000000836,2026-09-01 01:10:00,21.09,157.7,50.88,51.779512,17.220511
EVT0057995,BMW00898,WBA00000000000898,2026-07-21 08:50:00,61.92,90.65,31.9,41.893973,29.062414
EVT0051552,BMW00462,WBA00000000000462,2026-06-28 23:55:00,97.07,45.47,52.0,53.626129,97.088526
EVT0050848,BMW00884,WBA00000000000884,2026-06-26 13:15:00,45.04,86.33,23.18,15.724171,19.211743
EVT0071130,BMW00677,WBA00000000000677,2026-09-04 23:25:00,56.92,67.31,2.6,11.788058,-11.791692
EVT0081995,BMW00237,WBA00000000000237,2026-10-12 16:50:00,28.61,70.38,2.37,46.198909,82.21133
EVT0067128,BMW00518,WBA00000000000518,2026-08-22 01:55:00,15.82,54.26,30.11,50.322382,-119.490883
EVT0002835,BMW00921,WBA00000000000921,2026-01-10 20:10:00,38.42,102.36,4.02,43.722375,128.022187
EVT0097878,BMW00654,WBA00000000000654,2026-12-06 20:25:00,76.1,152.41,22.79,21.228258,-79.222048
EVT0039136,BMW00879,WBA00000000000879,2026-05-16 21:15:00,57.39,154.34,17.08,21.189131,130.098546
EVT0072876,BMW00330,WBA00000000000330,2026-09-11 00:55:00,34.36,100.48,-1.71,49.49118,-15.403744
EVT0075884,BMW00330,WBA00000000000330,2026-09-21 11:35:00,62.77,57.31,54.81,27.066657,121.618446
EVT0053428,BMW00382,WBA00000000000382,2026-07-05 12:15:00,54.38,52.07,17.01,53.944105,60.192784
EVT0097859,BMW00893,WBA00000000000893,2026-12-06 18:50:00,60.3,77.0,11.55,54.146904,-58.549726
EVT0039701,BMW00676,WBA00000000000676,2026-05-18 20:20:00,55.35,155.89,53.02,39.067236,118.146518
EVT0021568,BMW00241,WBA00000000000241,2026-03-16 21:15:00,91.79,113.95,51.58,12.544512,42.46225
EVT0096426,BMW00588,WBA00000000000588,2026-12-01 19:25:00,49.83,152.6,19.07,45.802495,-117.858943
EVT0073365,BMW00755,WBA00000000000755,2026-09-12 17:40:00,15.52,143.77,25.85,9.062611,42.691555
EVT0079255,BMW00190,WBA00000000000190,2026-10-03 04:30:00,53.42,13.29,9.98,51.556509,95.951422
EVT0016394,BMW00470,WBA00000000000470,2026-02-26 22:05:00,41.94,59.42,50.23,17.045824,-15.416169
EVT0046325,BMW00165,WBA00000000000165,2026-06-10 20:20:00,11.17,92.29,39.27,8.729559,30.296044
EVT0040635,BMW00950,WBA00000000000950,2026-05-22 02:10:00,42.68,37.03,29.36,51.736481,-10.80142
EVT0025464,BMW00885,WBA00000000000885,2026-03-30 09:55:00,78.89,118.6,4.57,40.761581,83.645013
EVT0040714,BMW00112,WBA00000000000112,2026-05-22 08:45:00,87.44,138.86,19.75,49.956058,140.835502
EVT0034244,BMW00716,WBA00000000000716,2026-04-29 21:35:00,42.44,18.94,34.09,43.456446,-24.202385
EVT0047186,BMW00878,WBA00000000000878,2026-06-13 20:05:00,55.49,66.77,34.29,40.850712,-62.586709
EVT0071876,BMW00959,WBA00000000000959,2026-09-07 13:35:00,34.85,54.35,32.63,37.20851,116.126816
EVT0065742,BMW00236,WBA00000000000236,2026-08-17 06:25:00,75.37,16.14,48.87,47.341646,-49.280346
EVT0000132,BMW00397,WBA00000000000397,2026-01-01 10:55:00,43.07,32.55,-1.61,50.488812,88.09159
EVT0063557,BMW00014,WBA00000000000014,2026-08-09 16:20:00,66.34,103.54,31.08,27.53029,118.572155
EVT0048503,BMW00943,WBA00000000000943,2026-06-18 09:50:00,23.6,37.86,34.37,20.388254,-47.953134
EVT0085081,BMW00336,WBA00000000000336,2026-10-23 10:00:00,48.18,21.31,20.0,30.541655,11.076162
EVT0057530,BMW00489,WBA00000000000489,2026-07-19 18:05:00,72.55,150.5,15.76,27.006865,15.984665
EVT0032936,BMW00548,WBA00000000000548,2026-04-25 08:35:00,13.61,66.08,48.62,19.494096,-59.93144
EVT0069465,BMW00626,WBA00000000000626,2026-08-30 04:40:00,98.09,127.31,14.05,28.201692,-25.760889
EVT0055007,BMW00199,WBA00000000000199,2026-07-10 23:50:00,55.82,94.96,1.91,23.938724,-61.540945
EVT0017900,BMW00544,WBA00000000000544,2026-03-04 03:35:00,68.1,110.43,39.55,51.016436,20.626593
EVT0050467,BMW00766,WBA00000000000766,2026-06-25 05:30:00,55.83,105.87,6.43,51.480983,133.259769
EVT0033643,BMW00763,WBA00000000000763,2026-04-27 19:30:00,80.57,120.14,33.97,13.272046,140.072057
EVT0086802,BMW00365,WBA00000000000365,2026-10-29 09:25:00,13.5,14.2,33.46,46.264982,-7.102615
EVT0090016,BMW00530,WBA00000000000530,2026-11-09 13:15:00,45.33,50.55,-0.64,50.729444,-51.199497
EVT0085105,BMW00884,WBA00000000000884,2026-10-23 12:00:00,49.13,22.56,6.83,48.942156,-85.718831
EVT0069600,BMW00010,WBA00000000000010,2026-08-30 15:55:00,55.24,68.63,29.67,22.293953,-93.315051
EVT0054292,BMW00997,WBA00000000000997,2026-07-08 12:15:00,41.98,14.86,37.35,9.416969,-66.050998
EVT0079878,BMW00866,WBA00000000000866,2026-10-05 08:25:00,35.96,27.67,25.97,15.142642,-17.765056
EVT0003116,BMW00954,WBA00000000000954,2026-01-11 19:35:00,62.45,123.22,53.76,45.446995,42.580657
EVT0038083,BMW00026,WBA00000000000026,2026-05-13 05:30:00,75.51,120.32,44.17,54.619373,107.827506
EVT0077005,BMW00151,WBA00000000000151,2026-09-25 09:00:00,79.76,129.58,23.86,9.573022,39.655502
EVT0052725,BMW00405,WBA00000000000405,2026-07-03 01:40:00,24.79,91.65,44.66,29.373667,71.679016
EVT0022742,BMW00359,WBA00000000000359,2026-03-20 23:05:00,58.92,32.54,49.6,11.07935,144.490212
EVT0025926,BMW00777,WBA00000000000777,2026-04-01 00:25:00,35.48,41.18,44.97,21.687084,-23.377729
EVT0014784,BMW00504,WBA00000000000504,2026-02-21 07:55:00,75.85,35.28,-0.18,20.256756,-108.093028
EVT0010464,BMW00439,WBA00000000000439,2026-02-06 07:55:00,53.55,109.62,-3.34,13.520114,-68.708638
EVT0014522,BMW00883,WBA00000000000883,2026-02-20 10:05:00,50.27,25.54,54.28,11.558074,-82.593429
EVT0048951,BMW00826,WBA00000000000826,2026-06-19 23:10:00,67.46,86.68,41.39,51.583965,73.782478
EVT0046104,BMW00234,WBA00000000000234,2026-06-10 01:55:00,62.13,137.91,-4.08,42.369636,-47.591239
EVT0048317,BMW00894,WBA00000000000894,2026-06-17 18:20:00,51.15,153.06,-2.71,27.705801,81.402555
EVT0016267,BMW00241,WBA00000000000241,2026-02-26 11:30:00,36.79,66.27,38.24,22.223289,-95.045153
EVT0059075,BMW00507,WBA00000000000507,2026-07-25 02:50:00,12.58,77.79,-5.76,12.658373,72.455136
EVT0053012,BMW00885,WBA00000000000885,2026-07-04 01:35:00,37.4,103.75,23.24,8.756034,-46.735239
EVT0025601,BMW00386,WBA00000000000386,2026-03-30 21:20:00,72.58,26.37,33.47,41.361814,30.996807
EVT0082848,BMW00002,WBA00000000000002,2026-10-15 15:55:00,88.14,122.62,36.12,12.312303,-11.247197
EVT0091745,BMW00255,WBA00000000000255,2026-11-15 13:20:00,73.28,31.08,37.69,40.508772,-83.161872
EVT0074050,BMW00665,WBA00000000000665,2026-09-15 02:45:00,74.54,16.44,1.07,32.010781,-92.37421
EVT0029776,BMW00686,WBA00000000000686,2026-04-14 09:15:00,51.32,93.07,-0.76,20.074227,55.370811
EVT0081905,BMW00796,WBA00000000000796,2026-10-12 09:20:00,88.72,41.37,47.64,30.321608,-13.878485
EVT0087375,BMW00866,WBA00000000000866,2026-10-31 09:10:00,76.13,22.25,7.54,42.070997,-84.479101
EVT0055276,BMW00420,WBA00000000000420,2026-07-11 22:15:00,59.09,73.67,16.17,50.163735,-70.771272
EVT0050538,BMW00051,WBA00000000000051,2026-06-25 11:25:00,93.79,145.89,8.21,8.417872,30.141779
EVT0013079,BMW00295,WBA00000000000295,2026-02-15 09:50:00,91.81,32.22,23.07,53.808219,50.148718
EVT0049000,BMW00919,WBA00000000000919,2026-06-20 03:15:00,31.06,87.25,31.92,39.987511,-118.042018
EVT0077578,BMW00828,WBA00000000000828,2026-09-27 08:45:00,72.49,73.33,24.91,54.105715,-2.901731
EVT0098076,BMW00693,WBA00000000000693,2026-12-07 12:55:00,21.51,123.79,20.89,27.572277,-94.408798
EVT0032891,BMW00917,WBA00000000000917,2026-04-25 04:50:00,47.32,133.92,2.94,31.482617,106.604666
EVT0012118,BMW00300,WBA00000000000300,2026-02-12 01:45:00,75.03,67.6,14.51,54.106752,-58.074378
EVT0037707,BMW00081,WBA00000000000081,2026-05-11 22:10:00,60.43,29.07,18.22,19.32782,136.269666
EVT0061352,BMW00478,WBA00000000000478,2026-08-02 00:35:00,58.39,113.03,21.63,41.541555,57.65519
EVT0075640,BMW00084,WBA00000000000084,2026-09-20 15:15:00,47.81,62.81,12.49,12.300018,-39.393653
EVT0046276,BMW00487,WBA00000000000487,2026-06-10 16:15:00,60.86,8.24,26.81,25.316124,-5.044298
EVT0028945,BMW00276,WBA00000000000276,2026-04-11 12:00:00,34.65,59.04,38.18,38.756672,-3.834712
EVT0066781,BMW00312,WBA00000000000312,2026-08-20 21:00:00,75.6,157.79,47.14,17.740707,-20.931443
EVT0053681,BMW00326,WBA00000000000326,2026-07-06 09:20:00,42.14,42.78,16.83,41.403389,-61.48357
EVT0031845,BMW00316,WBA00000000000316,2026-04-21 13:40:00,55.9,62.37,1.39,15.288651,-52.366904
EVT0049166,BMW00349,WBA00000000000349,2026-06-20 17:05:00,44.1,53.46,-8.98,50.20811,142.983335
EVT0044463,BMW00378,WBA00000000000378,2026-06-04 09:10:00,78.26,31.93,-1.81,20.295925,142.847771
EVT0080334,BMW00445,WBA00000000000445,2026-10-06 22:25:00,48.63,32.01,-3.29,12.701076,36.298799
EVT0006495,BMW00935,WBA00000000000935,2026-01-23 13:10:00,44.21,119.8,34.67,44.686172,-64.830397
EVT0063812,BMW00701,WBA00000000000701,2026-08-10 13:35:00,72.51,56.3,20.85,16.851861,-3.774568
EVT0067661,BMW00328,WBA00000000000328,2026-08-23 22:20:00,48.3,105.77,-1.8,42.725734,134.263349
EVT0092696,BMW00735,WBA00000000000735,2026-11-18 20:35:00,99.45,55.66,25.1,17.188904,-5.918127
EVT0087247,BMW00029,WBA00000000000029,2026-10-30 22:30:00,94.0,27.63,0.55,11.25936,61.226987
EVT0073063,BMW00134,WBA00000000000134,2026-09-11 16:30:00,63.76,23.62,15.7,47.601605,-70.923183
EVT0020863,BMW00398,WBA00000000000398,2026-03-14 10:30:00,32.83,88.15,19.97,52.794057,36.92843
EVT0048916,BMW00593,WBA00000000000593,2026-06-19 20:15:00,60.17,39.03,4.14,20.470371,91.67354
EVT0026062,BMW00954,WBA00000000000954,2026-04-01 11:45:00,12.87,71.75,49.68,34.883744,97.507485
EVT0008552,BMW00386,WBA00000000000386,2026-01-30 16:35:00,90.06,77.51,51.48,13.680977,24.04836
EVT0024918,BMW00877,WBA00000000000877,2026-03-28 12:25:00,84.48,74.41,44.79,36.866317,136.801722
EVT0095781,BMW00700,WBA00000000000700,2026-11-29 13:40:00,22.98,14.19,17.76,26.070749,21.842168
EVT0075538,BMW00772,WBA00000000000772,2026-09-20 06:45:00,79.75,49.03,53.09,42.507116,2.299649
EVT0069340,BMW00300,WBA00000000000300,2026-08-29 18:15:00,95.77,52.9,42.94,45.799273,87.484007
EVT0045064,BMW00033,WBA00000000000033,2026-06-06 11:15:00,92.36,158.9,4.85,45.54451,-6.636644
EVT0063415,BMW00248,WBA00000000000248,2026-08-09 04:30:00,62.92,52.35,0.44,29.624615,37.298752
EVT0042367,BMW00778,WBA00000000000778,2026-05-28 02:30:00,75.46,153.16,34.41,27.591493,140.018391
EVT0098637,BMW00498,WBA00000000000498,2026-12-09 11:40:00,32.45,88.11,19.22,53.62919,67.551769
EVT0016687,BMW00774,WBA00000000000774,2026-02-27 22:30:00,94.53,39.8,-5.54,37.569291,36.013794
EVT0057777,BMW00715,WBA00000000000715,2026-07-20 14:40:00,88.19,51.29,33.95,37.081929,77.864142
EVT0060205,BMW00796,WBA00000000000796,2026-07-29 01:00:00,99.57,122.59,19.51,41.46133,-86.98956
EVT0002336,BMW00129,WBA00000000000129,2026-01-09 02:35:00,38.62,73.18,17.14,49.631466,134.667017
EVT0079838,BMW00791,WBA00000000000791,2026-10-05 05:05:00,81.16,10.47,45.59,53.899452,-85.412307
EVT0029002,BMW00595,WBA00000000000595,2026-04-11 16:45:00,64.77,153.22,2.15,9.640979,-48.21001
EVT0018471,BMW00899,WBA00000000000899,2026-03-06 03:10:00,93.74,28.89,45.18,24.999176,-10.7794
EVT0052711,BMW00337,WBA00000000000337,2026-07-03 00:30:00,97.79,62.07,15.22,14.151073,131.270931
EVT0096152,BMW00357,WBA00000000000357,2026-11-30 20:35:00,48.51,128.41,39.35,28.572317,110.864301
EVT0047815,BMW00669,WBA00000000000669,2026-06-16 00:30:00,81.25,70.83,34.17,28.623416,-93.486093
EVT0092357,BMW00550,WBA00000000000550,2026-11-17 16:20:00,73.06,34.31,5.87,14.097825,-69.018081
EVT0005074,BMW00896,WBA00000000000896,2026-01-18 14:45:00,80.78,96.7,38.44,8.706959,96.187521
EVT0054695,BMW00388,WBA00000000000388,2026-07-09 21:50:00,19.61,156.92,42.22,11.580008,-1.403245
EVT0088214,BMW00709,WBA00000000000709,2026-11-03 07:05:00,76.43,80.65,18.7,45.85744,-54.06388
EVT0017813,BMW00404,WBA00000000000404,2026-03-03 20:20:00,12.68,26.67,-3.15,44.466662,128.24867
EVT0024812,BMW00644,WBA00000000000644,2026-03-28 03:35:00,58.54,127.39,53.65,49.190389,81.302889
EVT0098672,BMW00512,WBA00000000000512,2026-12-09 14:35:00,34.3,139.3,26.15,50.698913,-85.403776
EVT0042066,BMW00441,WBA00000000000441,2026-05-27 01:25:00,89.26,120.99,44.35,48.537929,41.615278
EVT0071025,BMW00043,WBA00000000000043,2026-09-04 14:40:00,44.93,65.85,28.41,35.863696,69.320614
EVT0066111,BMW00964,WBA00000000000964,2026-08-18 13:10:00,12.39,69.57,39.63,11.228103,127.959424
EVT0064282,BMW00490,WBA00000000000490,2026-08-12 04:45:00,23.59,145.21,11.04,50.312046,111.995463
EVT0012829,BMW00784,WBA00000000000784,2026-02-14 13:00:00,33.36,140.19,49.02,8.891542,140.870295
EVT0037526,BMW00098,WBA00000000000098,2026-05-11 07:05:00,14.77,135.22,52.49,47.346893,71.973671
EVT0000115,BMW00239,WBA00000000000239,2026-01-01 09:30:00,88.45,129.4,38.65,13.58752,40.116382
EVT0007718,BMW00508,WBA00000000000508,2026-01-27 19:05:00,19.88,52.43,34.77,28.367408,122.578339
EVT0067110,BMW00617,WBA00000000000617,2026-08-22 00:25:00,47.95,53.35,43.63,29.267385,132.913657
EVT0079309,BMW00385,WBA00000000000385,2026-10-03 09:00:00,79.56,134.51,20.11,15.233216,105.857627
EVT0010505,BMW00195,WBA00000000000195,2026-02-06 11:20:00,89.05,112.85,25.77,33.793732,102.979755
EVT0053466,BMW00683,WBA00000000000683,2026-07-05 15:25:00,33.0,47.91,34.4,29.989728,-88.440033
EVT0000414,BMW00893,WBA00000000000893,2026-01-02 10:25:00,78.56,39.96,42.94,16.065797,9.466227
EVT0059666,BMW00696,WBA00000000000696,2026-07-27 04:05:00,31.3,70.7,36.91,50.956254,119.054706
EVT0014409,BMW00501,WBA00000000000501,2026-02-20 00:40:00,98.85,126.49,5.09,9.214125,-12.05658
EVT0054709,BMW00790,WBA00000000000790,2026-07-09 23:00:00,91.6,141.89,30.0,31.61828,-12.397067
EVT0006094,BMW00972,WBA00000000000972,2026-01-22 03:45:00,73.27,142.74,38.65,36.940277,82.327549
EVT0082530,BMW00973,WBA00000000000973,2026-10-14 13:25:00,37.81,82.28,19.73,42.469848,-99.191279
EVT0053757,BMW00645,WBA00000000000645,2026-07-06 15:40:00,37.89,112.72,45.89,49.599548,-77.339116
EVT0072976,BMW00960,WBA00000000000960,2026-09-11 09:15:00,72.53,91.91,-4.64,31.726015,-88.83542
EVT0009164,BMW00839,WBA00000000000839,2026-02-01 19:35:00,84.94,42.65,40.92,46.717276,-14.631909
EVT0085328,BMW00841,WBA00000000000841,2026-10-24 06:35:00,56.28,136.89,45.65,17.497538,89.218957
EVT0065964,BMW00994,WBA00000000000994,2026-08-18 00:55:00,53.22,93.79,15.86,43.66102,60.485623
EVT0099318,BMW00437,WBA00000000000437,2026-12-11 20:25:00,72.08,156.35,-2.86,25.564794,-94.878176
EVT0083995,BMW00860,WBA00000000000860,2026-10-19 15:30:00,67.99,14.71,-7.94,53.258501,61.337749
EVT0042388,BMW00139,WBA00000000000139,2026-05-28 04:15:00,50.58,149.09,2.75,42.838529,-60.782103
EVT0075339,BMW00583,WBA00000000000583,2026-09-19 14:10:00,37.81,83.68,33.92,54.355425,145.406915
EVT0060054,BMW00075,WBA00000000000075,2026-07-28 12:25:00,69.53,68.56,47.13,53.623904,-97.862755
EVT0016380,BMW00986,WBA00000000000986,2026-02-26 20:55:00,18.67,68.9,42.22,33.427317,25.772391
EVT0063945,BMW00867,WBA00000000000867,2026-08-11 00:40:00,45.67,149.13,20.86,26.384509,128.680599
EVT0099460,BMW00116,WBA00000000000116,2026-12-12 08:15:00,85.28,137.86,28.86,23.47325,-88.772917
EVT0027020,BMW00715,WBA00000000000715,2026-04-04 19:35:00,48.7,144.35,31.91,24.639067,28.115227
EVT0094704,BMW00606,WBA00000000000606,2026-11-25 19:55:00,47.22,139.8,50.3,26.34483,-88.02502
EVT0066227,BMW00382,WBA00000000000382,2026-08-18 22:50:00,29.01,81.82,19.8,16.554063,134.365281
EVT0053384,BMW00048,WBA00000000000048,2026-07-05 08:35:00,64.32,68.43,20.4,49.234661,-27.953849
EVT0072491,BMW00127,WBA00000000000127,2026-09-09 16:50:00,21.99,3.37,-0.9,13.385323,-87.037807
EVT0072380,BMW00326,WBA00000000000326,2026-09-09 07:35:00,73.67,124.11,13.79,25.267051,-80.33544
EVT0035115,BMW00557,WBA00000000000557,2026-05-02 22:10:00,47.52,131.37,1.17,53.371958,-46.207207
EVT0032366,BMW00018,WBA00000000000018,2026-04-23 09:05:00,37.88,49.76,40.05,21.199656,2.056032
EVT0089695,BMW00593,WBA00000000000593,2026-11-08 10:30:00,53.69,19.18,23.29,21.401038,6.90701
EVT0027709,BMW00659,WBA00000000000659,2026-04-07 05:00:00,62.79,62.38,22.43,26.970076,-57.641689
EVT0009025,BMW00591,WBA00000000000591,2026-02-01 08:00:00,91.63,129.93,11.75,31.035428,66.782886
EVT0039465,BMW00029,WBA00000000000029,2026-05-18 00:40:00,23.64,24.26,-6.95,21.490348,72.549563
EVT0003537,BMW00556,WBA00000000000556,2026-01-13 06:40:00,24.45,51.91,0.23,17.1955,130.628563
EVT0032082,BMW00720,WBA00000000000720,2026-04-22 09:25:00,22.55,47.41,7.33,9.854841,25.382466
EVT0023797,BMW00761,WBA00000000000761,2026-03-24 15:00:00,21.61,86.76,15.92,50.976259,54.191088
EVT0041445,BMW00294,WBA00000000000294,2026-05-24 21:40:00,66.46,108.18,51.51,23.491146,55.143078
EVT0027761,BMW00302,WBA00000000000302,2026-04-07 09:20:00,29.58,57.96,23.58,40.814904,-42.667395
EVT0026308,BMW00319,WBA00000000000319,2026-04-02 08:15:00,23.95,157.03,9.03,48.12701,65.134046
EVT0013351,BMW00963,WBA00000000000963,2026-02-16 08:30:00,51.29,149.84,40.52,19.522813,-75.526408
EVT0045050,BMW00704,WBA00000000000704,2026-06-06 10:05:00,92.04,0.99,42.52,12.363183,130.088265
EVT0031059,BMW00128,WBA00000000000128,2026-04-18 20:10:00,53.38,25.95,-4.54,34.20005,-19.679797
EVT0030011,BMW00827,WBA00000000000827,2026-04-15 04:50:00,35.48,153.77,-1.67,17.49627,-77.476297
EVT0045193,BMW00739,WBA00000000000739,2026-06-06 22:00:00,29.91,118.87,46.09,21.663615,-22.811281
EVT0029739,BMW00702,WBA00000000000702,2026-04-14 06:10:00,33.03,123.57,9.04,19.897305,5.849145
EVT0095500,BMW00308,WBA00000000000308,2026-11-28 14:15:00,85.1,31.52,6.72,47.752405,-17.093108
EVT0071479,BMW00367,WBA00000000000367,2026-09-06 04:30:00,84.3,6.75,-2.59,51.200177,-87.633428
EVT0081304,BMW00074,WBA00000000000074,2026-10-10 07:15:00,35.21,101.09,7.89,36.445529,128.210571
EVT0069947,BMW00705,WBA00000000000705,2026-08-31 20:50:00,17.91,36.57,54.16,20.850133,42.285784
EVT0049834,BMW00471,WBA00000000000471,2026-06-23 00:45:00,19.01,91.12,16.48,47.999961,-36.683
EVT0050723,BMW00179,WBA00000000000179,2026-06-26 02:50:00,34.76,137.94,10.48,28.917931,-58.493067
EVT0089689,BMW00231,WBA00000000000231,2026-11-08 10:00:00,83.4,7.51,39.75,30.218535,74.99006
EVT0065426,BMW00524,WBA00000000000524,2026-08-16 04:05:00,12.76,62.03,52.96,15.829887,-76.222683
EVT0092246,BMW00672,WBA00000000000672,2026-11-17 07:05:00,48.83,36.71,-3.53,10.98979,-27.829702
EVT0071492,BMW00105,WBA00000000000105,2026-09-06 05:35:00,18.62,146.39,0.68,32.393172,22.455285
EVT0004435,BMW00422,WBA00000000000422,2026-01-16 09:30:00,71.96,75.01,43.04,29.573304,81.026453
EVT0084910,BMW00509,WBA00000000000509,2026-10-22 19:45:00,88.79,107.03,13.35,25.83847,-82.220754
EVT0002079,BMW00231,WBA00000000000231,2026-01-08 05:10:00,25.2,26.85,45.58,35.670826,1.781441
EVT0017033,BMW00682,WBA00000000000682,2026-03-01 03:20:00,87.47,149.5,38.29,51.485192,20.338744
EVT0095354,BMW00132,WBA00000000000132,2026-11-28 02:05:00,72.62,12.95,15.02,40.78904,119.185146
EVT0067639,BMW00762,WBA00000000000762,2026-08-23 20:30:00,75.27,17.48,14.03,50.554454,103.017819
EVT0075527,BMW00771,WBA00000000000771,2026-09-20 05:50:00,98.82,88.52,53.93,53.356125,-45.909668
EVT0094076,BMW00916,WBA00000000000916,2026-11-23 15:35:00,22.34,97.99,29.17,18.582713,-21.909018
EVT0071803,BMW00391,WBA00000000000391,2026-09-07 07:30:00,52.43,66.69,6.91,32.590362,117.676404
EVT0099824,BMW00553,WBA00000000000553,2026-12-13 14:35:00,24.3,117.91,-1.53,50.920385,59.348326
EVT0059639,BMW00043,WBA00000000000043,2026-07-27 01:50:00,27.05,16.73,17.17,46.397948,-50.375599
EVT0048181,BMW00931,WBA00000000000931,2026-06-17 07:00:00,98.34,108.11,-8.09,34.547004,-1.207412
EVT0056697,BMW00253,WBA00000000000253,2026-07-16 20:40:00,94.89,100.42,-6.33,9.710831,46.248012
EVT0083143,BMW00927,WBA00000000000927,2026-10-16 16:30:00,53.73,76.97,0.1,40.894283,114.826297
EVT0035816,BMW00709,WBA00000000000709,2026-05-05 08:35:00,59.54,52.79,51.3,35.904966,-32.364405
EVT0006188,BMW00010,WBA00000000000010,2026-01-22 11:35:00,87.83,44.14,4.5,15.918084,67.324447
EVT0004501,BMW00921,WBA00000000000921,2026-01-16 15:00:00,71.67,26.65,22.34,32.173952,107.60169
EVT0084321,BMW00080,WBA00000000000080,2026-10-20 18:40:00,64.07,44.74,26.44,12.089061,114.716869
EVT0084300,BMW00310,WBA00000000000310,2026-10-20 16:55:00,84.87,104.68,2.42,35.061483,65.530877
EVT0026893,BMW00696,WBA00000000000696,2026-04-04 09:00:00,31.68,48.37,25.24,30.174964,-84.327769
EVT0084945,BMW00870,WBA00000000000870,2026-10-22 22:40:00,30.19,61.88,50.87,31.475799,-48.231905
EVT0074716,BMW00647,WBA00000000000647,2026-09-17 10:15:00,22.05,157.68,53.76,33.296742,97.973874
EVT0045516,BMW00042,WBA00000000000042,2026-06-08 00:55:00,47.71,35.79,21.1,43.475596,-119.952473
EVT0020242,BMW00723,WBA00000000000723,2026-03-12 06:45:00,82.66,126.0,47.3,53.357184,31.162102
EVT0009601,BMW00211,WBA00000000000211,2026-02-03 08:00:00,10.17,26.15,32.18,37.381183,119.768759
EVT0067539,BMW00508,WBA00000000000508,2026-08-23 12:10:00,81.62,3.98,47.34,52.186963,-60.649763
EVT0099676,BMW00411,WBA00000000000411,2026-12-13 02:15:00,28.01,64.77,46.45,28.498339,-40.524722
EVT0063593,BMW00620,WBA00000000000620,2026-08-09 19:20:00,88.42,154.17,54.78,43.708941,117.617637
EVT0062756,BMW00041,WBA00000000000041,2026-08-06 21:35:00,96.88,91.39,42.39,18.730772,147.233374
EVT0096376,BMW00398,WBA00000000000398,2026-12-01 15:15:00,43.66,116.51,26.48,10.361837,70.781811
EVT0006777,BMW00742,WBA00000000000742,2026-01-24 12:40:00,34.9,26.7,3.83,14.905574,-54.507524
EVT0072999,BMW00564,WBA00000000000564,2026-09-11 11:10:00,88.09,63.36,3.55,16.5846,148.993068
EVT0020456,BMW00664,WBA00000000000664,2026-03-13 00:35:00,46.4,42.22,16.5,20.670714,-1.203391
EVT0018850,BMW00191,WBA00000000000191,2026-03-07 10:45:00,15.37,114.03,20.64,23.653556,108.695461
EVT0037038,BMW00325,WBA00000000000325,2026-05-09 14:25:00,85.98,25.44,46.01,36.70227,-98.69208
EVT0094621,BMW00631,WBA00000000000631,2026-11-25 13:00:00,40.79,93.04,46.62,52.609655,135.893096
EVT0062967,BMW00440,WBA00000000000440,2026-08-07 15:10:00,20.35,159.62,36.28,12.425609,-111.038028
EVT0028217,BMW00277,WBA00000000000277,2026-04-08 23:20:00,54.07,65.79,33.71,18.039603,-25.653771
EVT0078116,BMW00019,WBA00000000000019,2026-09-29 05:35:00,73.52,155.06,12.13,41.328295,-67.141581
EVT0019787,BMW00186,WBA00000000000186,2026-03-10 16:50:00,93.95,28.15,-5.8,52.077875,-34.582823
EVT0008668,BMW00974,WBA00000000000974,2026-01-31 02:15:00,51.42,1.13,32.71,41.440127,-95.031832
EVT0045969,BMW00506,WBA00000000000506,2026-06-09 14:40:00,13.07,150.58,53.03,32.873419,141.242715
EVT0007052,BMW00872,WBA00000000000872,2026-01-25 11:35:00,10.93,108.73,29.57,39.651227,96.421337
EVT0035463,BMW00731,WBA00000000000731,2026-05-04 03:10:00,51.7,133.73,28.8,13.456783,106.429271
EVT0063498,BMW00341,WBA00000000000341,2026-08-09 11:25:00,96.44,123.02,50.42,23.987315,60.908185
EVT0025708,BMW00736,WBA00000000000736,2026-03-31 06:15:00,55.89,27.54,43.23,21.73409,74.462165
EVT0038333,BMW00692,WBA00000000000692,2026-05-14 02:20:00,77.3,54.04,15.09,46.039724,-112.315037
EVT0075026,BMW00840,WBA00000000000840,2026-09-18 12:05:00,26.0,88.0,-6.42,38.202125,-119.035585
EVT0025888,BMW00267,WBA00000000000267,2026-03-31 21:15:00,15.51,20.83,-8.29,14.766062,16.513662
EVT0022258,BMW00893,WBA00000000000893,2026-03-19 06:45:00,97.52,79.64,15.45,18.182223,-106.391248
EVT0049275,BMW00152,WBA00000000000152,2026-06-21 02:10:00,48.55,11.35,34.38,38.890124,-114.313903
EVT0029805,BMW00037,WBA00000000000037,2026-04-14 11:40:00,60.55,129.53,2.92,52.103104,101.574777
EVT0043185,BMW00744,WBA00000000000744,2026-05-30 22:40:00,87.28,69.94,10.92,36.550515,-11.810896
EVT0021235,BMW00119,WBA00000000000119,2026-03-15 17:30:00,82.47,128.3,26.54,41.250209,-29.790045
EVT0042966,BMW00464,WBA00000000000464,2026-05-30 04:25:00,74.71,92.6,-3.92,50.694518,-56.383683
EVT0037784,BMW00769,WBA00000000000769,2026-05-12 04:35:00,93.5,71.32,-6.94,43.246649,21.117014
EVT0008285,BMW00595,WBA00000000000595,2026-01-29 18:20:00,21.13,21.0,-4.3,23.098263,3.657765
EVT0057915,BMW00389,WBA00000000000389,2026-07-21 02:10:00,81.18,25.39,25.13,26.541322,-1.180627
EVT0088563,BMW00079,WBA00000000000079,2026-11-04 12:10:00,12.33,23.34,-8.82,36.245065,-95.010504
EVT0084175,BMW00259,WBA00000000000259,2026-10-20 06:30:00,29.51,20.78,7.69,35.613836,133.534634
EVT0064646,BMW00635,WBA00000000000635,2026-08-13 11:05:00,65.49,102.15,17.12,50.859359,0.781997
EVT0099939,BMW00295,WBA00000000000295,2026-12-14 00:10:00,70.33,21.29,32.87,15.242472,127.835286
EVT0057329,BMW00361,WBA00000000000361,2026-07-19 01:20:00,30.14,73.72,42.19,49.184883,119.431845
EVT0083876,BMW00271,WBA00000000000271,2026-10-19 05:35:00,57.01,41.6,14.35,37.964068,28.91555
EVT0048754,BMW00758,WBA00000000000758,2026-06-19 06:45:00,90.61,35.43,13.67,33.060242,144.371977
EVT0046191,BMW00889,WBA00000000000889,2026-06-10 09:10:00,65.81,42.79,-6.39,51.298493,66.993941
EVT0007903,BMW00055,WBA00000000000055,2026-01-28 10:30:00,28.58,126.25,-4.07,23.193275,-15.750182
EVT0010574,BMW00694,WBA00000000000694,2026-02-06 17:05:00,46.78,157.49,38.29,37.659389,-53.169662
EVT0023483,BMW00204,WBA00000000000204,2026-03-23 12:50:00,73.74,135.14,-8.19,12.89125,-26.277004
EVT0047422,BMW00689,WBA00000000000689,2026-06-14 15:45:00,55.59,95.53,34.87,14.919707,119.129085
EVT0010706,BMW00582,WBA00000000000582,2026-02-07 04:05:00,16.32,23.8,16.8,38.793512,92.415045
EVT0045001,BMW00094,WBA00000000000094,2026-06-06 06:00:00,30.49,69.77,10.51,29.537511,88.113666
EVT0042083,BMW00036,WBA00000000000036,2026-05-27 02:50:00,51.03,93.53,7.46,30.916757,115.531763
EVT0000600,BMW00771,WBA00000000000771,2026-01-03 01:55:00,94.78,78.01,26.95,35.037323,-10.258524
EVT0066588,BMW00261,WBA00000000000261,2026-08-20 04:55:00,24.91,103.87,33.96,9.422812,82.831486
EVT0076482,BMW00057,WBA00000000000057,2026-09-23 13:25:00,11.74,72.08,22.97,35.550209,-21.953886
EVT0053601,BMW00355,WBA00000000000355,2026-07-06 02:40:00,33.41,44.72,16.91,31.487297,17.041967
EVT0079812,BMW00936,WBA00000000000936,2026-10-05 02:55:00,48.26,137.44,44.14,19.010721,127.111493
EVT0039001,BMW00296,WBA00000000000296,2026-05-16 10:00:00,82.24,158.87,28.63,35.76055,100.53935
EVT0061752,BMW00724,WBA00000000000724,2026-08-03 09:55:00,10.78,14.29,19.75,9.406141,-20.141132
EVT0050284,BMW00800,WBA00000000000800,2026-06-24 14:15:00,60.6,48.01,18.57,16.653143,90.418911
EVT0085581,BMW00088,WBA00000000000088,2026-10-25 03:40:00,55.59,58.56,36.02,8.209319,-103.545487
EVT0042071,BMW00707,WBA00000000000707,2026-05-27 01:50:00,95.73,102.98,9.77,52.374409,104.321231
EVT0061943,BMW00781,WBA00000000000781,2026-08-04 01:50:00,82.97,70.04,29.75,13.102099,-75.083601
EVT0019131,BMW00205,WBA00000000000205,2026-03-08 10:10:00,64.46,16.41,11.24,12.174675,113.815393
EVT0041414,BMW00483,WBA00000000000483,2026-05-24 19:05:00,42.07,22.23,32.36,37.806853,100.170824
EVT0064487,BMW00348,WBA00000000000348,2026-08-12 21:50:00,18.14,96.08,18.11,38.204304,-43.461579
EVT0039826,BMW00809,WBA00000000000809,2026-05-19 06:45:00,14.48,53.22,19.48,33.678888,85.850446
EVT0019355,BMW00043,WBA00000000000043,2026-03-09 04:50:00,16.81,21.86,34.2,46.78629,-62.550235
EVT0072846,BMW00932,WBA00000000000932,2026-09-10 22:25:00,72.83,50.81,17.63,22.182176,-65.639671
EVT0033426,BMW00979,WBA00000000000979,2026-04-27 01:25:00,33.42,109.83,46.79,39.746498,-31.579222
EVT0073522,BMW00663,WBA00000000000663,2026-09-13 06:45:00,85.25,85.59,24.18,13.920946,50.063909
EVT0041757,BMW00360,WBA00000000000360,2026-05-25 23:40:00,39.02,30.72,44.19,28.289403,54.832376
EVT0027171,BMW00936,WBA00000000000936,2026-04-05 08:10:00,85.77,90.96,-7.19,40.035125,106.512093
EVT0099304,BMW00356,WBA00000000000356,2026-12-11 19:15:00,42.06,116.86,8.47,53.102918,21.374769
EVT0008199,BMW00082,WBA00000000000082,2026-01-29 11:10:00,91.11,18.41,8.49,11.789254,22.875742
EVT0045182,BMW00513,WBA00000000000513,2026-06-06 21:05:00,34.48,95.66,-3.05,23.669885,36.48485
EVT0002162,BMW00766,WBA00000000000766,2026-01-08 12:05:00,57.11,4.72,21.66,28.893059,70.158085
EVT0067643,BMW00969,WBA00000000000969,2026-08-23 20:50:00,36.48,142.24,36.35,50.973821,-21.762499
EVT0015064,BMW00752,WBA00000000000752,2026-02-22 07:15:00,49.57,38.95,26.86,43.854541,-80.542169
EVT0007479,BMW00497,WBA00000000000497,2026-01-26 23:10:00,37.97,8.51,11.94,13.606627,102.235639
EVT0078794,BMW00064,WBA00000000000064,2026-10-01 14:05:00,47.71,34.28,-2.0,17.678563,-78.529776
EVT0043044,BMW00246,WBA00000000000246,2026-05-30 10:55:00,33.72,10.73,49.97,52.218294,14.288676
EVT0024780,BMW00458,WBA00000000000458,2026-03-28 00:55:00,39.17,131.5,18.89,10.700433,-55.440443
EVT0044208,BMW00473,WBA00000000000473,2026-06-03 11:55:00,63.89,29.2,9.04,42.278782,-54.441803
EVT0066750,BMW00645,WBA00000000000645,2026-08-20 18:25:00,68.08,90.08,13.87,38.040018,-11.196568
EVT0086002,BMW00510,WBA00000000000510,2026-10-26 14:45:00,43.42,19.85,-1.83,24.975647,-9.235307
EVT0045033,BMW00303,WBA00000000000303,2026-06-06 08:40:00,53.61,103.64,-5.92,30.345165,71.161551
EVT0078614,BMW00155,WBA00000000000155,2026-09-30 23:05:00,47.45,103.55,2.6,28.991026,66.456109
EVT0012871,BMW00470,WBA00000000000470,2026-02-14 16:30:00,95.29,67.05,10.53,43.100831,45.017422
EVT0072183,BMW00867,WBA00000000000867,2026-09-08 15:10:00,13.24,92.5,47.47,34.351166,6.731234
EVT0089537,BMW00915,WBA00000000000915,2026-11-07 21:20:00,19.67,109.2,15.44,18.199328,-113.659138
EVT0046655,BMW00264,WBA00000000000264,2026-06-11 23:50:00,87.99,119.32,20.82,8.435776,11.928469
EVT0026056,BMW00798,WBA00000000000798,2026-04-01 11:15:00,34.08,146.44,17.14,43.8942,116.648699
EVT0041437,BMW00295,WBA00000000000295,2026-05-24 21:00:00,96.79,86.89,16.62,21.495302,20.259171
EVT0051985,BMW00807,WBA00000000000807,2026-06-30 12:00:00,53.27,22.81,20.86,26.655469,-34.783614
EVT0099768,BMW00936,WBA00000000000936,2026-12-13 09:55:00,53.21,47.54,38.93,21.958338,129.938245
EVT0077497,BMW00947,WBA00000000000947,2026-09-27 02:00:00,36.52,68.07,39.45,21.674273,52.142114
EVT0089703,BMW00288,WBA00000000000288,2026-11-08 11:10:00,61.38,72.58,13.03,33.033942,40.79599
EVT0091534,BMW00084,WBA00000000000084,2026-11-14 19:45:00,23.23,86.01,37.58,16.500766,58.844945
EVT0057151,BMW00254,WBA00000000000254,2026-07-18 10:30:00,88.16,5.56,46.89,20.248786,14.193063
EVT0032950,BMW00607,WBA00000000000607,2026-04-25 09:45:00,59.49,3.21,5.67,45.236839,-62.95086
EVT0004196,BMW00182,WBA00000000000182,2026-01-15 13:35:00,40.29,155.0,54.44,13.043307,139.703101
EVT0033212,BMW00119,WBA00000000000119,2026-04-26 07:35:00,70.74,91.34,49.9,31.748921,59.459858
EVT0038244,BMW00147,WBA00000000000147,2026-05-13 18:55:00,55.61,152.9,51.89,34.140447,-98.379019
EVT0061862,BMW00064,WBA00000000000064,2026-08-03 19:05:00,67.79,65.68,45.3,24.15488,-37.247769
EVT0039886,BMW00650,WBA00000000000650,2026-05-19 11:45:00,35.45,98.63,0.85,42.128054,-61.447417
EVT0072039,BMW00383,WBA00000000000383,2026-09-08 03:10:00,59.97,75.0,32.6,42.182115,-53.398047
EVT0085525,BMW00251,WBA00000000000251,2026-10-24 23:00:00,29.83,126.89,0.97,13.935678,-17.825545
EVT0045975,BMW00422,WBA00000000000422,2026-06-09 15:10:00,12.17,51.77,21.24,15.512482,-45.43831
EVT0061932,BMW00735,WBA00000000000735,2026-08-04 00:55:00,98.22,147.92,28.48,33.094146,-42.585907
EVT0026729,BMW00917,WBA00000000000917,2026-04-03 19:20:00,67.18,63.31,25.13,52.754422,14.275461
EVT0078107,BMW00353,WBA00000000000353,2026-09-29 04:50:00,75.92,47.28,11.12,39.281879,-18.810522
EVT0007810,BMW00195,WBA00000000000195,2026-01-28 02:45:00,15.09,60.0,1.33,28.368143,-102.908297
EVT0055493,BMW00671,WBA00000000000671,2026-07-12 16:20:00,34.1,72.13,-9.04,27.640688,32.060938
EVT0011513,BMW00537,WBA00000000000537,2026-02-09 23:20:00,85.14,93.85,48.58,19.62645,-61.083563
EVT0061633,BMW00788,WBA00000000000788,2026-08-03 00:00:00,60.95,46.55,24.14,38.716708,-114.865829
EVT0023597,BMW00781,WBA00000000000781,2026-03-23 22:20:00,67.58,76.04,45.86,38.344671,-115.157467
EVT0081902,BMW00149,WBA00000000000149,2026-10-12 09:05:00,62.82,66.27,7.11,38.957132,-27.504857
EVT0089313,BMW00179,WBA00000000000179,2026-11-07 02:40:00,85.52,9.74,7.02,8.562555,90.975534
EVT0013640,BMW00096,WBA00000000000096,2026-02-17 08:35:00,93.53,17.31,53.14,23.737354,-53.976067
EVT0080875,BMW00020,WBA00000000000020,2026-10-08 19:30:00,24.22,78.24,32.99,43.374999,-52.976945
EVT0065189,BMW00355,WBA00000000000355,2026-08-15 08:20:00,75.88,41.47,-2.31,37.880053,-97.16785
EVT0034620,BMW00480,WBA00000000000480,2026-05-01 04:55:00,83.34,55.75,23.75,8.218884,-75.357305
EVT0071394,BMW00617,WBA00000000000617,2026-09-05 21:25:00,73.81,43.99,-5.93,14.646367,23.791977
EVT0089823,BMW00366,WBA00000000000366,2026-11-08 21:10:00,13.14,131.41,24.46,48.081419,7.360266
EVT0021699,BMW00920,WBA00000000000920,2026-03-17 08:10:00,50.9,81.67,41.98,48.054772,-29.366853
EVT0090089,BMW00123,WBA00000000000123,2026-11-09 19:20:00,85.85,106.46,6.65,52.069545,10.711121
EVT0001468,BMW00100,WBA00000000000100,2026-01-06 02:15:00,44.38,136.72,7.87,42.930086,142.137364
EVT0022029,BMW00665,WBA00000000000665,2026-03-18 11:40:00,45.66,86.76,27.66,48.73968,-69.582433
EVT0046389,BMW00137,WBA00000000000137,2026-06-11 01:40:00,52.34,87.4,50.12,23.31963,69.750834
EVT0078620,BMW00252,WBA00000000000252,2026-09-30 23:35:00,62.36,34.67,-5.12,16.604225,-70.434455
EVT0024170,BMW00789,WBA00000000000789,2026-03-25 22:05:00,82.08,94.95,11.17,20.754857,-22.563332
EVT0043392,BMW00671,WBA00000000000671,2026-05-31 15:55:00,98.08,123.94,18.69,15.932739,140.594606
EVT0092430,BMW00525,WBA00000000000525,2026-11-17 22:25:00,11.06,148.12,9.65,37.062873,111.778241
EVT0090015,BMW00097,WBA00000000000097,2026-11-09 13:10:00,74.01,50.29,39.29,8.730924,-98.260936
EVT0051533,BMW00970,WBA00000000000970,2026-06-28 22:20:00,16.93,77.54,-4.52,50.818385,79.446582
EVT0085185,BMW00111,WBA00000000000111,2026-10-23 18:40:00,48.58,0.98,48.43,36.840039,89.456468
EVT0087405,BMW00568,WBA00000000000568,2026-10-31 11:40:00,99.53,47.38,29.88,36.669832,39.157795
EVT0038502,BMW00949,WBA00000000000949,2026-05-14 16:25:00,30.15,27.73,-9.79,18.775836,85.773754
EVT0017558,BMW00408,WBA00000000000408,2026-03-02 23:05:00,26.89,72.67,54.82,47.036702,125.479414
EVT0002186,BMW00806,WBA00000000000806,2026-01-08 14:05:00,70.08,59.83,53.57,14.020743,2.493942
EVT0079985,BMW00676,WBA00000000000676,2026-10-05 17:20:00,93.25,124.88,19.5,33.209712,71.716868
EVT0024496,BMW00465,WBA00000000000465,2026-03-27 01:15:00,66.08,148.8,53.96,50.504844,66.036085
EVT0095239,BMW00167,WBA00000000000167,2026-11-27 16:30:00,41.16,133.26,-5.42,9.432384,-6.066569
EVT0078953,BMW00684,WBA00000000000684,2026-10-02 03:20:00,49.71,134.25,20.43,25.75235,129.593216
EVT0086004,BMW00881,WBA00000000000881,2026-10-26 14:55:00,21.52,152.19,0.39,19.153036,-31.740915
EVT0058632,BMW00191,WBA00000000000191,2026-07-23 13:55:00,68.99,3.63,-6.2,10.952813,115.622427
EVT0020927,BMW00175,WBA00000000000175,2026-03-14 15:50:00,41.45,56.06,24.65,26.873514,30.163852
EVT0088031,BMW00278,WBA00000000000278,2026-11-02 15:50:00,74.12,136.08,24.9,41.000533,37.144177
EVT0035376,BMW00479,WBA00000000000479,2026-05-03 19:55:00,83.03,146.38,-9.45,13.581173,114.716437
EVT0060642,BMW00591,WBA00000000000591,2026-07-30 13:25:00,67.14,132.99,8.98,24.924417,130.419056
EVT0025813,BMW00569,WBA00000000000569,2026-03-31 15:00:00,70.42,151.97,40.81,32.501196,48.120918
EVT0065528,BMW00469,WBA00000000000469,2026-08-16 12:35:00,18.74,146.86,-1.87,45.470256,-33.912357
EVT0093701,BMW00581,WBA00000000000581,2026-11-22 08:20:00,39.48,144.66,18.25,40.187879,-49.098158
EVT0097190,BMW00650,WBA00000000000650,2026-12-04 11:05:00,32.02,6.33,41.16,10.216486,119.431086
EVT0083260,BMW00813,WBA00000000000813,2026-10-17 02:15:00,86.4,62.3,31.65,34.763072,-119.664242
EVT0026419,BMW00240,WBA00000000000240,2026-04-02 17:30:00,96.86,27.1,48.15,53.279025,87.958835
EVT0039935,BMW00982,WBA00000000000982,2026-05-19 15:50:00,98.51,18.01,-2.76,31.345827,-112.652032
EVT0044745,BMW00796,WBA00000000000796,2026-06-05 08:40:00,90.15,99.31,9.67,23.786016,-85.128769
EVT0021360,BMW00959,WBA00000000000959,2026-03-16 03:55:00,46.09,98.97,39.95,41.812045,-7.505353
EVT0004928,BMW00244,WBA00000000000244,2026-01-18 02:35:00,94.21,123.35,48.76,49.358857,-32.855176
EVT0039501,BMW00473,WBA00000000000473,2026-05-18 03:40:00,89.59,30.93,32.41,8.476018,69.564275
EVT0019132,BMW00437,WBA00000000000437,2026-03-08 10:15:00,20.56,111.23,33.34,25.436021,-93.630252
EVT0051727,BMW00522,WBA00000000000522,2026-06-29 14:30:00,47.96,153.88,9.26,40.849276,19.324103
EVT0035673,BMW00943,WBA00000000000943,2026-05-04 20:40:00,24.51,132.37,32.44,23.636649,34.071267
EVT0008547,BMW00913,WBA00000000000913,2026-01-30 16:10:00,21.03,36.12,32.72,22.7514,-51.370971
EVT0051248,BMW00615,WBA00000000000615,2026-06-27 22:35:00,92.88,159.45,11.12,13.80787,-56.250089
EVT0055818,BMW00701,WBA00000000000701,2026-07-13 19:25:00,45.83,77.7,2.82,32.395992,22.725371
EVT0055407,BMW00790,WBA00000000000790,2026-07-12 09:10:00,83.02,128.37,4.24,30.957671,131.371357
EVT0070551,BMW00216,WBA00000000000216,2026-09-02 23:10:00,26.54,111.53,4.04,13.489019,69.935203
EVT0093061,BMW00200,WBA00000000000200,2026-11-20 03:00:00,57.96,78.18,28.48,48.940142,26.120749
EVT0047828,BMW00938,WBA00000000000938,2026-06-16 01:35:00,70.59,37.45,-6.68,28.823131,107.576251
EVT0032152,BMW00511,WBA00000000000511,2026-04-22 15:15:00,99.66,152.88,6.64,50.527623,-94.379376
EVT0089601,BMW00338,WBA00000000000338,2026-11-08 02:40:00,82.27,104.2,-8.13,15.193556,31.275632
EVT0042678,BMW00600,WBA00000000000600,2026-05-29 04:25:00,97.17,153.3,9.55,24.953027,138.539368
EVT0001695,BMW00138,WBA00000000000138,2026-01-06 21:10:00,30.1,120.13,-6.11,13.452388,-54.487707
EVT0020597,BMW00479,WBA00000000000479,2026-03-13 12:20:00,59.92,56.58,39.93,25.02909,-26.59531
EVT0098779,BMW00297,WBA00000000000297,2026-12-09 23:30:00,63.9,134.13,38.01,9.737226,-92.731373
EVT0093912,BMW00551,WBA00000000000551,2026-11-23 01:55:00,53.73,97.4,30.21,23.275731,126.395926
EVT0072871,BMW00863,WBA00000000000863,2026-09-11 00:30:00,18.25,2.6,53.47,15.067745,15.418047
EVT0018627,BMW00109,WBA00000000000109,2026-03-06 16:10:00,53.79,123.07,-4.02,43.337849,-4.397779
EVT0057019,BMW00827,WBA00000000000827,2026-07-17 23:30:00,16.3,48.67,51.96,18.587704,39.954365
EVT0048184,BMW00172,WBA00000000000172,2026-06-17 07:15:00,22.34,43.76,52.91,17.063015,-11.073073
EVT0035214,BMW00476,WBA00000000000476,2026-05-03 06:25:00,46.55,2.86,-3.54,13.671268,-31.02656
EVT0008252,BMW00910,WBA00000000000910,2026-01-29 15:35:00,32.07,103.11,40.45,16.944843,-93.725243
EVT0073937,BMW00407,WBA00000000000407,2026-09-14 17:20:00,15.11,60.55,34.76,49.368705,-38.93938
EVT0002394,BMW00300,WBA00000000000300,2026-01-09 07:25:00,91.59,28.92,-5.82,32.384535,142.879734
EVT0063391,BMW00106,WBA00000000000106,2026-08-09 02:30:00,83.71,104.26,14.38,48.307297,27.663863
EVT0078852,BMW00651,WBA00000000000651,2026-10-01 18:55:00,12.73,81.78,20.39,42.832734,5.527121
EVT0071723,BMW00067,WBA00000000000067,2026-09-07 00:50:00,54.93,67.42,18.42,16.990191,-63.250184
EVT0067101,BMW00620,WBA00000000000620,2026-08-21 23:40:00,58.96,155.85,16.98,48.055033,73.867487
EVT0091458,BMW00691,WBA00000000000691,2026-11-14 13:25:00,71.93,148.99,1.63,8.365614,-94.254776
EVT0075758,BMW00354,WBA00000000000354,2026-09-21 01:05:00,73.11,80.55,46.65,42.971588,-97.795159
EVT0071870,BMW00778,WBA00000000000778,2026-09-07 13:05:00,70.95,71.51,26.86,43.754229,-79.809154
EVT0075852,BMW00677,WBA00000000000677,2026-09-21 08:55:00,11.25,48.04,16.35,24.930174,-94.376133
EVT0079784,BMW00192,WBA00000000000192,2026-10-05 00:35:00,50.54,30.47,14.36,24.614203,142.645344
EVT0064767,BMW00695,WBA00000000000695,2026-08-13 21:10:00,79.21,29.61,41.64,22.739093,46.135148
EVT0048462,BMW00419,WBA00000000000419,2026-06-18 06:25:00,15.97,120.62,-9.53,14.770085,3.560313
EVT0027394,BMW00563,WBA00000000000563,2026-04-06 02:45:00,71.08,109.98,-2.16,39.432029,32.652676
EVT0097898,BMW00599,WBA00000000000599,2026-12-06 22:05:00,92.33,25.14,-7.29,34.933119,30.745609
EVT0052799,BMW00748,WBA00000000000748,2026-07-03 07:50:00,12.5,100.0,53.16,54.099801,140.86623
EVT0010262,BMW00509,WBA00000000000509,2026-02-05 15:05:00,94.14,100.39,5.76,22.181372,55.005297
EVT0063581,BMW00860,WBA00000000000860,2026-08-09 18:20:00,41.14,158.47,23.06,44.763773,35.13435
EVT0087390,BMW00298,WBA00000000000298,2026-10-31 10:25:00,87.09,73.9,23.11,21.351839,-2.357224
EVT0045170,BMW00651,WBA00000000000651,2026-06-06 20:05:00,58.99,112.54,48.39,21.851066,-17.533058
EVT0027900,BMW00282,WBA00000000000282,2026-04-07 20:55:00,31.27,4.68,35.47,54.182251,-34.634242
EVT0017614,BMW00260,WBA00000000000260,2026-03-03 03:45:00,28.21,156.73,7.96,9.432478,-110.116159
EVT0007004,BMW00119,WBA00000000000119,2026-01-25 07:35:00,40.06,44.27,53.41,36.461996,-4.93251
EVT0056135,BMW00512,WBA00000000000512,2026-07-14 21:50:00,65.37,158.99,4.18,17.028337,124.675685
EVT0047437,BMW00486,WBA00000000000486,2026-06-14 17:00:00,36.6,155.04,19.24,14.540427,85.694754
EVT0089898,BMW00812,WBA00000000000812,2026-11-09 03:25:00,48.16,148.33,-2.44,36.444806,-64.899335
EVT0042558,BMW00197,WBA00000000000197,2026-05-28 18:25:00,51.54,25.03,1.2,33.486803,52.33361
EVT0087783,BMW00589,WBA00000000000589,2026-11-01 19:10:00,46.84,77.96,35.04,30.935138,140.442006
EVT0045539,BMW00591,WBA00000000000591,2026-06-08 02:50:00,95.19,144.5,39.23,53.444404,84.496913
EVT0078210,BMW00981,WBA00000000000981,2026-09-29 13:25:00,46.6,62.56,33.74,18.041487,34.414704
EVT0093574,BMW00975,WBA00000000000975,2026-11-21 21:45:00,90.54,93.75,-1.98,10.123494,-5.583372
EVT0098744,BMW00439,WBA00000000000439,2026-12-09 20:35:00,91.62,63.04,37.72,22.969621,-43.08363
EVT0068725,BMW00395,WBA00000000000395,2026-08-27 15:00:00,94.65,50.73,6.73,35.617972,-34.594427
EVT0031452,BMW00796,WBA00000000000796,2026-04-20 04:55:00,47.47,36.13,36.0,31.433281,-8.616304
EVT0067305,BMW00458,WBA00000000000458,2026-08-22 16:40:00,76.73,11.56,3.69,49.522375,52.261354
EVT0059169,BMW00809,WBA00000000000809,2026-07-25 10:40:00,34.71,118.73,51.04,15.833621,-39.46147
EVT0082322,BMW00210,WBA00000000000210,2026-10-13 20:05:00,86.07,25.89,27.46,52.732194,-102.059437
EVT0073705,BMW00037,WBA00000000000037,2026-09-13 22:00:00,25.26,61.3,34.0,9.605947,-40.413067
EVT0084721,BMW00528,WBA00000000000528,2026-10-22 04:00:00,75.86,82.98,51.06,25.633203,90.859671
EVT0076003,BMW00555,WBA00000000000555,2026-09-21 21:30:00,56.95,45.77,24.81,46.71526,120.619337
EVT0035826,BMW00459,WBA00000000000459,2026-05-05 09:25:00,25.62,62.83,12.87,37.67972,69.732325
EVT0058479,BMW00813,WBA00000000000813,2026-07-23 01:10:00,22.26,67.68,24.7,9.575667,-8.921407
EVT0050243,BMW00448,WBA00000000000448,2026-06-24 10:50:00,60.64,56.77,45.12,17.402696,-69.528715
EVT0000750,BMW00119,WBA00000000000119,2026-01-03 14:25:00,47.22,139.24,2.06,49.941424,77.15715
EVT0091594,BMW00250,WBA00000000000250,2026-11-15 00:45:00,58.8,150.36,49.0,18.575824,-19.865445
EVT0098842,BMW00874,WBA00000000000874,2026-12-10 04:45:00,39.2,92.04,7.03,34.053557,15.352137
EVT0063111,BMW00866,WBA00000000000866,2026-08-08 03:10:00,13.38,48.46,36.26,42.468262,-36.82389
EVT0020986,BMW00390,WBA00000000000390,2026-03-14 20:45:00,37.32,148.15,31.79,10.54904,-73.539892
EVT0023688,BMW00387,WBA00000000000387,2026-03-24 05:55:00,28.98,119.63,43.2,8.133832,-112.364375
EVT0056576,BMW00858,WBA00000000000858,2026-07-16 10:35:00,29.63,25.8,23.26,49.970414,-63.53309
EVT0085704,BMW00166,WBA00000000000166,2026-10-25 13:55:00,67.43,10.48,50.98,10.203449,-52.506715
EVT0095278,BMW00657,WBA00000000000657,2026-11-27 19:45:00,99.26,61.34,-3.1,19.411948,98.714773
EVT0071144,BMW00769,WBA00000000000769,2026-09-05 00:35:00,24.95,119.79,48.59,54.812045,-69.360777
EVT0012216,BMW00746,WBA00000000000746,2026-02-12 09:55:00,77.31,28.6,10.63,45.678102,-3.378092
EVT0008784,BMW00322,WBA00000000000322,2026-01-31 11:55:00,30.7,110.4,40.94,9.640278,130.26677
EVT0076013,BMW00642,WBA00000000000642,2026-09-21 22:20:00,58.2,13.65,23.78,20.394461,94.358487
EVT0008076,BMW00588,WBA00000000000588,2026-01-29 00:55:00,56.49,157.86,34.27,11.562247,-74.756106
EVT0089409,BMW00418,WBA00000000000418,2026-11-07 10:40:00,84.33,50.92,-2.92,27.490089,-46.579908
EVT0094543,BMW00558,WBA00000000000558,2026-11-25 06:30:00,87.68,58.3,1.37,26.663012,107.488104
EVT0078213,BMW00521,WBA00000000000521,2026-09-29 13:40:00,42.48,158.92,24.75,26.21836,-0.983458
EVT0085217,BMW00063,WBA00000000000063,2026-10-23 21:20:00,68.05,81.99,36.47,12.28896,-91.954188
EVT0088494,BMW00139,WBA00000000000139,2026-11-04 06:25:00,37.75,144.74,41.89,15.520417,-80.534236
EVT0049038,BMW00852,WBA00000000000852,2026-06-20 06:25:00,78.5,53.94,11.15,31.814426,-46.803685
EVT0091058,BMW00558,WBA00000000000558,2026-11-13 04:05:00,89.79,30.62,-4.43,46.803989,-0.120889
EVT0041601,BMW00590,WBA00000000000590,2026-05-25 10:40:00,80.59,138.98,-5.02,33.546438,137.485813
EVT0083244,BMW00578,WBA00000000000578,2026-10-17 00:55:00,79.07,143.52,-3.7,52.98698,-52.209175
EVT0089784,BMW00510,WBA00000000000510,2026-11-08 17:55:00,52.25,135.76,-8.04,12.738583,20.48497
EVT0006403,BMW00045,WBA00000000000045,2026-01-23 05:30:00,20.22,65.14,17.98,9.432584,58.971595
EVT0069525,BMW00307,WBA00000000000307,2026-08-30 09:40:00,50.07,33.24,20.44,44.720897,52.023777
EVT0012581,BMW00803,WBA00000000000803,2026-02-13 16:20:00,12.61,112.96,22.91,48.462606,141.992517
EVT0032309,BMW00916,WBA00000000000916,2026-04-23 04:20:00,49.03,21.41,47.95,43.805321,-68.792262
EVT0083296,BMW00040,WBA00000000000040,2026-10-17 05:15:00,40.11,152.51,25.03,16.637952,130.749192
EVT0045280,BMW00812,WBA00000000000812,2026-06-07 05:15:00,51.14,28.27,6.92,48.110962,76.83068
EVT0022747,BMW00652,WBA00000000000652,2026-03-20 23:30:00,98.59,81.28,40.35,30.377436,49.805222
EVT0012123,BMW00437,WBA00000000000437,2026-02-12 02:10:00,39.19,11.02,15.69,18.194922,-75.108126
EVT0054247,BMW00205,WBA00000000000205,2026-07-08 08:30:00,87.72,52.26,19.13,54.917763,-24.125777
EVT0029159,BMW00051,WBA00000000000051,2026-04-12 05:50:00,66.36,104.92,35.82,46.386157,3.253288
EVT0056012,BMW00069,WBA00000000000069,2026-07-14 11:35:00,25.36,125.8,39.56,36.343959,125.025936
EVT0097136,BMW00983,WBA00000000000983,2026-12-04 06:35:00,39.95,9.96,25.37,44.353192,-56.413477
EVT0036604,BMW00998,WBA00000000000998,2026-05-08 02:15:00,60.21,99.01,-0.29,52.77109,57.413837
EVT0028292,BMW00358,WBA00000000000358,2026-04-09 05:35:00,59.6,17.44,42.88,45.06109,4.868108
EVT0018340,BMW00670,WBA00000000000670,2026-03-05 16:15:00,63.38,102.65,-1.95,46.008083,-3.348403
EVT0096680,BMW00583,WBA00000000000583,2026-12-02 16:35:00,11.44,33.31,35.42,44.750281,-56.163777
EVT0087893,BMW00484,WBA00000000000484,2026-11-02 04:20:00,20.75,137.61,-8.48,9.092983,-23.642212
EVT0093572,BMW00988,WBA00000000000988,2026-11-21 21:35:00,50.44,68.54,49.54,42.335628,13.075355
EVT0075857,BMW00307,WBA00000000000307,2026-09-21 09:20:00,28.55,119.8,32.47,41.60363,-52.994303
EVT0012137,BMW00828,WBA00000000000828,2026-02-12 03:20:00,88.23,128.51,10.45,19.371493,-110.850701
EVT0064370,BMW00875,WBA00000000000875,2026-08-12 12:05:00,18.51,154.59,28.18,17.667064,31.901622
EVT0067351,BMW00016,WBA00000000000016,2026-08-22 20:30:00,78.4,114.51,12.64,28.252962,-25.004595
EVT0009038,BMW00027,WBA00000000000027,2026-02-01 09:05:00,43.09,67.01,30.32,14.538186,-41.794362
EVT0086243,BMW00672,WBA00000000000672,2026-10-27 10:50:00,25.99,117.19,27.05,34.862712,125.285474
EVT0096711,BMW00911,WBA00000000000911,2026-12-02 19:10:00,51.04,147.94,10.72,34.949336,26.602697
EVT0094699,BMW00224,WBA00000000000224,2026-11-25 19:30:00,44.58,156.81,1.89,28.767273,-119.071046
EVT0002513,BMW00482,WBA00000000000482,2026-01-09 17:20:00,10.64,66.51,3.89,22.458194,-118.848153
EVT0052825,BMW00553,WBA00000000000553,2026-07-03 10:00:00,13.9,41.2,29.66,14.895716,89.540244
EVT0008745,BMW00320,WBA00000000000320,2026-01-31 08:40:00,66.98,48.44,27.73,22.168483,66.886535
EVT0087618,BMW00966,WBA00000000000966,2026-11-01 05:25:00,83.83,135.69,54.29,22.627141,113.431499
EVT0039656,BMW00876,WBA00000000000876,2026-05-18 16:35:00,26.3,26.36,46.03,31.957855,-106.268548
EVT0002710,BMW00604,WBA00000000000604,2026-01-10 09:45:00,11.93,31.12,33.68,11.456302,125.299212
EVT0094917,BMW00295,WBA00000000000295,2026-11-26 13:40:00,90.75,83.69,-5.11,31.76409,-38.583619
EVT0083022,BMW00586,WBA00000000000586,2026-10-16 06:25:00,21.17,35.91,30.77,38.46469,117.949898
EVT0063689,BMW00400,WBA00000000000400,2026-08-10 03:20:00,15.96,122.94,0.68,22.676911,53.564235
EVT0074818,BMW00528,WBA00000000000528,2026-09-17 18:45:00,36.68,105.36,3.41,11.84243,96.006066
EVT0011379,BMW00417,WBA00000000000417,2026-02-09 12:10:00,21.18,79.75,9.76,51.5591,-61.074447
EVT0019149,BMW00019,WBA00000000000019,2026-03-08 11:40:00,78.87,123.4,38.73,50.37629,134.419058
EVT0088285,BMW00326,WBA00000000000326,2026-11-03 13:00:00,30.84,39.31,32.46,19.079092,71.455284
EVT0031460,BMW00719,WBA00000000000719,2026-04-20 05:35:00,36.69,16.33,54.56,12.984275,-74.571765
EVT0040265,BMW00263,WBA00000000000263,2026-05-20 19:20:00,86.01,46.53,10.63,28.553951,-108.965179
EVT0065046,BMW00525,WBA00000000000525,2026-08-14 20:25:00,62.42,80.49,-5.87,46.177412,118.767981
EVT0012264,BMW00517,WBA00000000000517,2026-02-12 13:55:00,44.91,141.03,47.15,24.755431,-105.587253
EVT0047637,BMW00540,WBA00000000000540,2026-06-15 09:40:00,70.95,158.32,2.39,40.505196,101.665211
EVT0052530,BMW00230,WBA00000000000230,2026-07-02 09:25:00,63.06,23.6,43.19,10.130717,77.100871
EVT0021868,BMW00681,WBA00000000000681,2026-03-17 22:15:00,17.8,67.38,11.08,17.550894,-100.825297
EVT0060104,BMW00187,WBA00000000000187,2026-07-28 16:35:00,69.54,148.94,50.23,15.103289,-119.872606
EVT0083932,BMW00305,WBA00000000000305,2026-10-19 10:15:00,47.95,112.62,5.22,22.242988,131.28429
EVT0039978,BMW00728,WBA00000000000728,2026-05-19 19:25:00,56.69,85.47,32.1,18.12586,-10.553393
EVT0035303,BMW00239,WBA00000000000239,2026-05-03 13:50:00,54.72,131.9,39.0,24.624253,142.496721
EVT0096962,BMW00061,WBA00000000000061,2026-12-03 16:05:00,33.32,40.99,13.07,25.619341,6.452774
EVT0036035,BMW00584,WBA00000000000584,2026-05-06 02:50:00,18.33,83.2,-5.57,15.401576,-84.778632
EVT0023257,BMW00339,WBA00000000000339,2026-03-22 18:00:00,49.58,120.18,-8.72,27.064816,-114.103481
EVT0018380,BMW00657,WBA00000000000657,2026-03-05 19:35:00,35.2,140.31,5.37,41.055374,-50.150271
EVT0008237,BMW00941,WBA00000000000941,2026-01-29 14:20:00,15.5,34.28,1.57,17.533818,-83.177285
EVT0066147,BMW00090,WBA00000000000090,2026-08-18 16:10:00,95.1,109.31,36.77,52.306685,-66.297348
EVT0093357,BMW00913,WBA00000000000913,2026-11-21 03:40:00,56.95,159.76,11.17,36.340776,39.623794
EVT0078207,BMW00654,WBA00000000000654,2026-09-29 13:10:00,35.78,24.12,7.58,18.920557,16.06636
EVT0050160,BMW00729,WBA00000000000729,2026-06-24 03:55:00,40.7,140.0,-1.63,20.30972,12.301356
EVT0051778,BMW00690,WBA00000000000690,2026-06-29 18:45:00,36.71,58.32,48.08,23.329673,38.128482
EVT0051216,BMW00332,WBA00000000000332,2026-06-27 19:55:00,18.05,45.97,33.15,10.87085,-15.504324
EVT0066751,BMW00137,WBA00000000000137,2026-08-20 18:30:00,53.89,17.73,40.9,49.879541,-101.794613
EVT0014231,BMW00153,WBA00000000000153,2026-02-19 09:50:00,45.07,48.46,17.75,50.240174,-50.692443
EVT0035263,BMW00894,WBA00000000000894,2026-05-03 10:30:00,92.27,36.57,18.99,36.668956,144.800103
EVT0052167,BMW00368,WBA00000000000368,2026-07-01 03:10:00,37.28,10.26,16.2,50.119536,46.53078
EVT0037495,BMW00844,WBA00000000000844,2026-05-11 04:30:00,21.13,119.58,26.78,50.334153,-77.442799
EVT0022761,BMW00199,WBA00000000000199,2026-03-21 00:40:00,55.07,88.85,28.65,33.429922,-10.621729
EVT0037042,BMW00669,WBA00000000000669,2026-05-09 14:45:00,33.2,76.05,32.9,21.157415,-78.65257
EVT0044365,BMW00688,WBA00000000000688,2026-06-04 01:00:00,98.16,12.05,47.42,25.09757,-19.693446
EVT0098441,BMW00194,WBA00000000000194,2026-12-08 19:20:00,11.25,115.73,38.67,8.055682,114.961548
EVT0085980,BMW00876,WBA00000000000876,2026-10-26 12:55:00,40.87,58.82,38.94,12.353966,116.376314
EVT0051764,BMW00853,WBA00000000000853,2026-06-29 17:35:00,30.99,137.74,-7.82,37.189214,-73.145838
EVT0058922,BMW00991,WBA00000000000991,2026-07-24 14:05:00,41.2,87.0,25.88,48.824282,-13.721358
EVT0037903,BMW00365,WBA00000000000365,2026-05-12 14:30:00,90.31,118.21,37.46,14.78241,-52.228663
EVT0029584,BMW00194,WBA00000000000194,2026-04-13 17:15:00,51.64,136.27,-5.41,38.090525,-102.960032
EVT0003401,BMW00683,WBA00000000000683,2026-01-12 19:20:00,74.75,100.12,-9.71,24.844849,28.426898
EVT0087474,BMW00624,WBA00000000000624,2026-10-31 17:25:00,81.34,99.86,50.91,17.831125,-54.831408
EVT0042521,BMW00425,WBA00000000000425,2026-05-28 15:20:00,69.26,93.28,12.48,37.209722,-76.014255
EVT0074491,BMW00466,WBA00000000000466,2026-09-16 15:30:00,93.97,133.44,50.43,8.079742,144.80039
EVT0082296,BMW00997,WBA00000000000997,2026-10-13 17:55:00,45.56,27.92,-7.6,34.453901,62.609112
EVT0070575,BMW00345,WBA00000000000345,2026-09-03 01:10:00,90.68,127.32,-5.72,18.708203,-113.777537
EVT0004255,BMW00870,WBA00000000000870,2026-01-15 18:30:00,33.09,8.99,3.45,41.756785,-85.033983
EVT0002007,BMW00612,WBA00000000000612,2026-01-07 23:10:00,87.05,1.97,38.33,8.412998,4.195015
EVT0002110,BMW00293,WBA00000000000293,2026-01-08 07:45:00,57.32,142.24,14.0,10.796216,78.675813
EVT0064988,BMW00321,WBA00000000000321,2026-08-14 15:35:00,45.88,23.04,8.04,23.09939,31.402881
EVT0008282,BMW00024,WBA00000000000024,2026-01-29 18:05:00,44.83,61.32,18.45,19.397724,120.012287
EVT0075622,BMW00254,WBA00000000000254,2026-09-20 13:45:00,42.9,60.13,28.21,19.109772,3.700872
EVT0002917,BMW00668,WBA00000000000668,2026-01-11 03:00:00,50.0,23.76,-6.55,37.512362,-19.026718
EVT0048420,BMW00747,WBA00000000000747,2026-06-18 02:55:00,24.75,48.73,43.99,25.324849,-86.949931
EVT0060376,BMW00846,WBA00000000000846,2026-07-29 15:15:00,34.06,28.67,12.48,35.289737,5.345265
EVT0083631,BMW00414,WBA00000000000414,2026-10-18 09:10:00,79.85,64.34,47.62,22.984477,86.914818
EVT0011722,BMW00172,WBA00000000000172,2026-02-10 16:45:00,34.38,103.66,54.12,54.103647,-102.344742
EVT0021636,BMW00333,WBA00000000000333,2026-03-17 02:55:00,90.26,63.69,45.9,27.416162,100.310368
EVT0098570,BMW00641,WBA00000000000641,2026-12-09 06:05:00,97.11,158.22,35.43,26.043814,103.243604
EVT0033943,BMW00179,WBA00000000000179,2026-04-28 20:30:00,49.56,123.65,21.96,9.601751,-80.351223
EVT0015418,BMW00259,WBA00000000000259,2026-02-23 12:45:00,22.12,80.21,44.41,42.713778,-56.064477
EVT0077483,BMW00616,WBA00000000000616,2026-09-27 00:50:00,50.14,140.43,36.04,46.584543,-82.774991
EVT0033526,BMW00650,WBA00000000000650,2026-04-27 09:45:00,76.37,82.19,12.25,48.97582,74.538249
EVT0071635,BMW00110,WBA00000000000110,2026-09-06 17:30:00,84.08,81.38,22.07,13.161342,104.101006
EVT0038660,BMW00454,WBA00000000000454,2026-05-15 05:35:00,91.4,142.61,44.9,11.292033,-6.426721
EVT0044428,BMW00858,WBA00000000000858,2026-06-04 06:15:00,62.53,153.43,4.18,15.178496,-88.589619
EVT0046949,BMW00757,WBA00000000000757,2026-06-13 00:20:00,92.24,95.66,30.23,9.235382,118.787071
EVT0046050,BMW00046,WBA00000000000046,2026-06-09 21:25:00,81.29,45.33,1.65,48.289279,19.45824
EVT0090140,BMW00218,WBA00000000000218,2026-11-09 23:35:00,62.83,32.04,54.17,32.740958,93.3624
EVT0052540,BMW00417,WBA00000000000417,2026-07-02 10:15:00,23.16,105.41,29.7,28.611506,-48.518725
EVT0032676,BMW00518,WBA00000000000518,2026-04-24 10:55:00,29.95,122.27,35.83,11.085807,89.534857
EVT0059300,BMW00875,WBA00000000000875,2026-07-25 21:35:00,73.77,22.74,14.28,16.3683,-82.13325
EVT0097588,BMW00524,WBA00000000000524,2026-12-05 20:15:00,42.99,14.72,-9.6,23.557164,-55.922533
EVT0094866,BMW00521,WBA00000000000521,2026-11-26 09:25:00,72.67,108.69,16.44,36.448069,-47.006514
EVT0001904,BMW00560,WBA00000000000560,2026-01-07 14:35:00,61.25,59.43,-3.6,45.585176,-78.547856
EVT0064045,BMW00233,WBA00000000000233,2026-08-11 09:00:00,34.21,108.44,37.72,17.124839,-32.841231
EVT0082221,BMW00544,WBA00000000000544,2026-10-13 11:40:00,49.29,6.65,2.99,45.670873,101.392043
EVT0092453,BMW00242,WBA00000000000242,2026-11-18 00:20:00,94.14,126.42,23.57,20.225378,78.5357
EVT0076873,BMW00967,WBA00000000000967,2026-09-24 22:00:00,99.23,31.31,8.46,26.441672,-112.375481
EVT0016711,BMW00222,WBA00000000000222,2026-02-28 00:30:00,99.68,93.35,36.52,16.722121,-81.102174
EVT0062017,BMW00361,WBA00000000000361,2026-08-04 08:00:00,60.84,138.75,-6.24,53.641643,-70.812591
EVT0008020,BMW00576,WBA00000000000576,2026-01-28 20:15:00,72.33,32.41,-6.1,49.397708,103.698372
EVT0010216,BMW00066,WBA00000000000066,2026-02-05 11:15:00,27.24,52.21,29.85,26.586214,5.686153
EVT0099526,BMW00361,WBA00000000000361,2026-12-12 13:45:00,51.96,36.61,50.27,8.325525,-48.564386
EVT0034804,BMW00396,WBA00000000000396,2026-05-01 20:15:00,34.73,4.17,50.16,42.269904,50.150653
EVT0065461,BMW00732,WBA00000000000732,2026-08-16 07:00:00,51.17,39.07,29.55,17.792119,-8.596346
EVT0048320,BMW00855,WBA00000000000855,2026-06-17 18:35:00,74.47,84.82,45.06,46.606485,34.841852
EVT0024893,BMW00251,WBA00000000000251,2026-03-28 10:20:00,13.12,21.6,6.87,17.934533,-39.534506
EVT0092082,BMW00061,WBA00000000000061,2026-11-16 17:25:00,23.21,74.8,35.77,43.796572,92.676293
EVT0059374,BMW00565,WBA00000000000565,2026-07-26 03:45:00,32.3,7.03,14.16,27.798615,50.184158
EVT0054226,BMW00343,WBA00000000000343,2026-07-08 06:45:00,71.4,70.15,1.29,12.268071,-87.304632
EVT0062409,BMW00118,WBA00000000000118,2026-08-05 16:40:00,20.51,26.55,34.42,52.163545,137.107619
EVT0052036,BMW00806,WBA00000000000806,2026-06-30 16:15:00,18.63,101.6,47.53,28.831781,-84.764279
EVT0047292,BMW00404,WBA00000000000404,2026-06-14 04:55:00,51.54,46.42,44.13,27.318332,-95.272539
EVT0043143,BMW00670,WBA00000000000670,2026-05-30 19:10:00,52.39,38.64,-0.18,11.19449,23.650639
EVT0068475,BMW00525,WBA00000000000525,2026-08-26 18:10:00,21.26,138.54,27.43,36.090679,-118.131885
EVT0043233,BMW00673,WBA00000000000673,2026-05-31 02:40:00,82.56,52.96,40.73,53.621498,26.925435
EVT0016076,BMW00776,WBA00000000000776,2026-02-25 19:35:00,99.31,128.25,23.92,23.761032,93.123007
EVT0005593,BMW00282,WBA00000000000282,2026-01-20 10:00:00,75.58,49.39,34.05,35.712813,82.283438
EVT0001307,BMW00808,WBA00000000000808,2026-01-05 12:50:00,57.35,150.71,51.84,9.215161,-78.854515
EVT0033776,BMW00458,WBA00000000000458,2026-04-28 06:35:00,49.64,101.85,48.19,12.302495,145.948033
EVT0047811,BMW00123,WBA00000000000123,2026-06-16 00:10:00,99.03,144.83,40.5,23.265701,-77.915746
EVT0026879,BMW00272,WBA00000000000272,2026-04-04 07:50:00,72.71,22.45,37.23,49.612486,141.804352
EVT0013551,BMW00019,WBA00000000000019,2026-02-17 01:10:00,20.66,12.72,45.1,38.93666,92.63452
EVT0043351,BMW00398,WBA00000000000398,2026-05-31 12:30:00,54.2,92.98,14.03,40.695553,38.419829
EVT0090593,BMW00137,WBA00000000000137,2026-11-11 13:20:00,48.24,129.87,15.92,17.62196,-76.046032
EVT0069211,BMW00354,WBA00000000000354,2026-08-29 07:30:00,45.03,98.51,29.75,9.444297,-25.207544
EVT0008157,BMW00415,WBA00000000000415,2026-01-29 07:40:00,42.16,134.51,32.07,40.377576,-83.233768
EVT0093590,BMW00199,WBA00000000000199,2026-11-21 23:05:00,73.39,48.11,13.81,17.60103,-84.019331
EVT0095507,BMW00716,WBA00000000000716,2026-11-28 14:50:00,16.86,154.17,25.63,45.94097,102.654268
EVT0083828,BMW00363,WBA00000000000363,2026-10-19 01:35:00,71.09,3.33,13.98,22.364223,-112.727763
EVT0072822,BMW00261,WBA00000000000261,2026-09-10 20:25:00,28.82,71.26,-4.7,45.55412,-42.337335
EVT0022478,BMW00946,WBA00000000000946,2026-03-20 01:05:00,27.76,148.35,21.32,14.022386,5.722267
EVT0007744,BMW00052,WBA00000000000052,2026-01-27 21:15:00,38.2,83.56,5.68,11.056126,46.612484
EVT0028546,BMW00983,WBA00000000000983,2026-04-10 02:45:00,25.51,16.06,16.49,33.015941,-38.438751
EVT0084533,BMW00834,WBA00000000000834,2026-10-21 12:20:00,83.4,32.98,5.12,44.444825,-37.537665
EVT0001328,BMW00715,WBA00000000000715,2026-01-05 14:35:00,36.51,37.64,44.84,54.595525,137.790678
EVT0022449,BMW00100,WBA00000000000100,2026-03-19 22:40:00,18.61,74.71,-3.43,19.433025,-12.290643
EVT0052062,BMW00876,WBA00000000000876,2026-06-30 18:25:00,69.0,45.76,1.3,43.738558,-86.115998
EVT0075311,BMW00842,WBA00000000000842,2026-09-19 11:50:00,64.45,37.07,43.6,45.371187,43.324284
EVT0031526,BMW00606,WBA00000000000606,2026-04-20 11:05:00,15.42,55.0,-4.65,42.070815,96.408613
EVT0092589,BMW00754,WBA00000000000754,2026-11-18 11:40:00,74.64,105.24,30.33,46.01876,-24.656898
EVT0041724,BMW00957,WBA00000000000957,2026-05-25 20:55:00,65.38,70.45,19.89,25.447755,-63.99716
EVT0085952,BMW00572,WBA00000000000572,2026-10-26 10:35:00,13.02,30.34,6.56,47.143174,-82.010865
EVT0067994,BMW00808,WBA00000000000808,2026-08-25 02:05:00,13.52,44.62,47.82,9.512955,-101.196994
EVT0037132,BMW00726,WBA00000000000726,2026-05-09 22:15:00,60.15,115.53,44.36,32.804152,-34.916774
EVT0078633,BMW00914,WBA00000000000914,2026-10-01 00:40:00,73.65,59.28,9.08,25.340965,29.319387
EVT0085484,BMW00128,WBA00000000000128,2026-10-24 19:35:00,89.68,61.27,-9.76,24.626446,75.961881
EVT0030573,BMW00429,WBA00000000000429,2026-04-17 03:40:00,99.89,48.09,42.58,14.789922,2.619618
EVT0057282,BMW00016,WBA00000000000016,2026-07-18 21:25:00,22.02,74.15,27.23,22.832114,-66.924228
EVT0006883,BMW00628,WBA00000000000628,2026-01-24 21:30:00,87.9,113.18,16.2,26.608651,45.024243
EVT0006019,BMW00159,WBA00000000000159,2026-01-21 21:30:00,69.5,63.96,13.66,47.125612,76.578346
EVT0070140,BMW00217,WBA00000000000217,2026-09-01 12:55:00,31.67,93.46,-1.39,30.984251,2.786668
EVT0050256,BMW00799,WBA00000000000799,2026-06-24 11:55:00,94.57,88.27,-4.2,28.388579,30.058925
EVT0084780,BMW00097,WBA00000000000097,2026-10-22 08:55:00,19.43,12.2,42.97,10.425269,-12.133563
EVT0071867,BMW00900,WBA00000000000900,2026-09-07 12:50:00,49.2,57.52,13.77,13.257715,137.462766
EVT0025274,BMW00057,WBA00000000000057,2026-03-29 18:05:00,11.28,51.29,53.12,46.264615,18.755009
EVT0030959,BMW00510,WBA00000000000510,2026-04-18 11:50:00,74.9,136.24,44.9,13.656211,-66.121365
EVT0041062,BMW00968,WBA00000000000968,2026-05-23 13:45:00,90.12,108.71,-4.76,40.007094,-32.542102
EVT0095736,BMW00511,WBA00000000000511,2026-11-29 09:55:00,65.74,61.91,32.88,29.409217,97.890644
EVT0095594,BMW00513,WBA00000000000513,2026-11-28 22:05:00,63.38,4.53,6.11,40.214477,132.65779
EVT0090262,BMW00674,WBA00000000000674,2026-11-10 09:45:00,38.6,148.29,42.71,50.162006,-96.702767
EVT0094905,BMW00841,WBA00000000000841,2026-11-26 12:40:00,68.18,116.57,35.19,21.106856,18.188359
EVT0023142,BMW00720,WBA00000000000720,2026-03-22 08:25:00,83.6,41.71,19.91,54.543007,-26.367984
EVT0058529,BMW00862,WBA00000000000862,2026-07-23 05:20:00,94.45,24.26,50.46,52.560643,100.285035
EVT0091877,BMW00611,WBA00000000000611,2026-11-16 00:20:00,30.64,101.58,35.2,32.987152,25.823241
EVT0021192,BMW00536,WBA00000000000536,2026-03-15 13:55:00,14.61,153.71,17.28,11.404129,-7.317779
EVT0082899,BMW00576,WBA00000000000576,2026-10-15 20:10:00,71.46,62.53,19.64,18.024036,-21.856815
EVT0010298,BMW00318,WBA00000000000318,2026-02-05 18:05:00,23.28,95.23,32.19,19.967749,76.433311
EVT0066617,BMW00953,WBA00000000000953,2026-08-20 07:20:00,89.44,95.9,6.65,17.649168,-17.694163
EVT0052824,BMW00047,WBA00000000000047,2026-07-03 09:55:00,83.95,81.4,37.47,51.477241,-19.616583
EVT0019251,BMW00185,WBA00000000000185,2026-03-08 20:10:00,65.39,69.87,9.85,16.877081,10.865779
EVT0098274,BMW00483,WBA00000000000483,2026-12-08 05:25:00,89.22,115.07,4.85,8.642998,-102.218036
EVT0053492,BMW00131,WBA00000000000131,2026-07-05 17:35:00,45.48,126.93,31.02,34.25352,17.991848
EVT0017346,BMW00805,WBA00000000000805,2026-03-02 05:25:00,29.41,130.24,33.82,37.495293,-21.260387
EVT0014990,BMW00356,WBA00000000000356,2026-02-22 01:05:00,32.22,79.48,41.93,38.800228,129.584248
EVT0092775,BMW00218,WBA00000000000218,2026-11-19 03:10:00,55.02,122.7,40.23,29.717058,-36.18482
EVT0063792,BMW00964,WBA00000000000964,2026-08-10 11:55:00,24.03,39.42,24.93,54.774581,-102.831214
EVT0071052,BMW00162,WBA00000000000162,2026-09-04 16:55:00,40.94,71.86,25.89,40.349921,-67.518249
EVT0049514,BMW00433,WBA00000000000433,2026-06-21 22:05:00,36.65,106.87,-4.79,36.62786,42.089154
EVT0087004,BMW00775,WBA00000000000775,2026-10-30 02:15:00,72.33,75.58,-6.87,48.261338,53.810458
EVT0071782,BMW00836,WBA00000000000836,2026-09-07 05:45:00,43.59,76.68,31.92,18.925601,126.682787
EVT0099983,BMW00096,WBA00000000000096,2026-12-14 03:50:00,35.42,61.1,6.28,33.543911,83.195335
EVT0000715,BMW00958,WBA00000000000958,2026-01-03 11:30:00,96.25,28.27,-0.1,31.743303,-89.14377
EVT0010813,BMW00379,WBA00000000000379,2026-02-07 13:00:00,63.08,59.42,48.09,51.674748,70.267627
EVT0053502,BMW00342,WBA00000000000342,2026-07-05 18:25:00,93.3,91.3,28.98,39.127353,107.987748
EVT0088307,BMW00072,WBA00000000000072,2026-11-03 14:50:00,73.03,109.04,54.59,52.206646,60.470522
EVT0031324,BMW00742,WBA00000000000742,2026-04-19 18:15:00,95.98,104.35,32.05,44.823848,-112.445839
EVT0075510,BMW00208,WBA00000000000208,2026-09-20 04:25:00,88.69,77.01,19.41,10.202556,125.657004
EVT0025488,BMW00959,WBA00000000000959,2026-03-30 11:55:00,23.85,51.51,22.06,13.032245,-82.740748
EVT0014496,BMW00895,WBA00000000000895,2026-02-20 07:55:00,10.87,22.07,10.3,48.742682,73.685484
EVT0099608,BMW00206,WBA00000000000206,2026-12-12 20:35:00,13.28,14.29,12.47,35.474244,-37.746159
EVT0044435,BMW00452,WBA00000000000452,2026-06-04 06:50:00,85.55,140.73,35.58,8.624605,-25.285433
EVT0018833,BMW00553,WBA00000000000553,2026-03-07 09:20:00,46.19,16.96,3.35,50.12207,-2.207115
EVT0091826,BMW00852,WBA00000000000852,2026-11-15 20:05:00,77.88,88.76,48.73,22.18442,55.044875
EVT0087073,BMW00931,WBA00000000000931,2026-10-30 08:00:00,89.48,12.1,53.88,27.931017,3.943176
EVT0039257,BMW00464,WBA00000000000464,2026-05-17 07:20:00,74.26,148.94,22.84,21.780794,33.543961
EVT0067164,BMW00196,WBA00000000000196,2026-08-22 04:55:00,71.53,5.48,2.65,40.926539,-100.865978
EVT0008324,BMW00884,WBA00000000000884,2026-01-29 21:35:00,34.64,139.24,18.87,47.082266,52.631248
EVT0038879,BMW00589,WBA00000000000589,2026-05-15 23:50:00,34.16,21.0,13.67,18.593517,-3.003979
EVT0026599,BMW00220,WBA00000000000220,2026-04-03 08:30:00,98.62,40.73,-3.75,13.961831,14.345191
EVT0079110,BMW00599,WBA00000000000599,2026-10-02 16:25:00,16.42,136.17,33.97,40.344798,-2.553273
EVT0087331,BMW00510,WBA00000000000510,2026-10-31 05:30:00,80.27,88.89,43.51,20.261148,113.694116
EVT0077556,BMW00978,WBA00000000000978,2026-09-27 06:55:00,86.61,51.44,28.18,23.234072,32.276961
EVT0096332,BMW00876,WBA00000000000876,2026-12-01 11:35:00,40.74,133.01,46.1,17.648712,19.618082
EVT0070303,BMW00881,WBA00000000000881,2026-09-02 02:30:00,34.2,88.1,31.85,45.452726,55.97763
EVT0063937,BMW00300,WBA00000000000300,2026-08-11 00:00:00,95.85,42.36,9.99,20.77194,73.869843
EVT0097923,BMW00902,WBA00000000000902,2026-12-07 00:10:00,57.82,32.0,34.35,49.625379,69.142524
EVT0026462,BMW00417,WBA00000000000417,2026-04-02 21:05:00,50.23,63.23,28.13,24.166088,3.445775
EVT0007865,BMW00317,WBA00000000000317,2026-01-28 07:20:00,21.73,49.81,15.48,13.875616,118.567269
EVT0004396,BMW00479,WBA00000000000479,2026-01-16 06:15:00,61.7,21.74,51.88,54.941575,17.618286
EVT0047769,BMW00854,WBA00000000000854,2026-06-15 20:40:00,96.53,0.75,14.73,42.753532,52.829826
EVT0052362,BMW00852,WBA00000000000852,2026-07-01 19:25:00,29.74,45.05,21.38,10.273709,143.667716
EVT0079124,BMW00329,WBA00000000000329,2026-10-02 17:35:00,78.85,46.03,14.64,38.340433,84.520999
EVT0091802,BMW00470,WBA00000000000470,2026-11-15 18:05:00,54.23,80.11,-4.14,50.691024,27.783078
EVT0079931,BMW00503,WBA00000000000503,2026-10-05 12:50:00,62.59,78.89,34.45,13.4407,37.501082
EVT0057576,BMW00306,WBA00000000000306,2026-07-19 21:55:00,93.2,30.74,4.97,9.201614,34.461658
EVT0055463,BMW00945,WBA00000000000945,2026-07-12 13:50:00,45.6,146.1,52.86,16.949085,-80.855532
EVT0024393,BMW00241,WBA00000000000241,2026-03-26 16:40:00,38.85,35.51,2.59,35.245896,95.975663
EVT0093496,BMW00685,WBA00000000000685,2026-11-21 15:15:00,64.46,122.65,45.24,32.116285,42.444918
EVT0097939,BMW00880,WBA00000000000880,2026-12-07 01:30:00,98.77,53.54,-9.83,29.704488,55.97081
EVT0075603,BMW00694,WBA00000000000694,2026-09-20 12:10:00,93.72,1.57,44.66,34.338974,139.376809
EVT0075302,BMW00062,WBA00000000000062,2026-09-19 11:05:00,57.17,2.16,49.74,11.994261,113.896721
EVT0013502,BMW00242,WBA00000000000242,2026-02-16 21:05:00,35.19,131.07,-9.94,46.337754,73.946077
EVT0001329,BMW00078,WBA00000000000078,2026-01-05 14:40:00,68.41,125.14,19.0,16.252906,-12.874077
EVT0062218,BMW00938,WBA00000000000938,2026-08-05 00:45:00,16.16,112.1,48.39,53.573344,-17.030371
EVT0032479,BMW00393,WBA00000000000393,2026-04-23 18:30:00,41.72,127.98,35.34,39.337073,21.47723
EVT0072680,BMW00888,WBA00000000000888,2026-09-10 08:35:00,41.04,130.92,28.93,49.231356,137.889166
EVT0054346,BMW00869,WBA00000000000869,2026-07-08 16:45:00,29.69,109.75,53.26,42.576654,18.575383
EVT0096117,BMW00870,WBA00000000000870,2026-11-30 17:40:00,14.01,60.06,32.2,45.806171,112.004196
EVT0045872,BMW00959,WBA00000000000959,2026-06-09 06:35:00,23.58,41.95,3.73,23.772591,-83.387516
EVT0040759,BMW00435,WBA00000000000435,2026-05-22 12:30:00,11.81,22.48,33.5,29.842303,-96.539011
EVT0075416,BMW00426,WBA00000000000426,2026-09-19 20:35:00,94.93,102.5,9.1,46.216372,121.937276
EVT0002567,BMW00419,WBA00000000000419,2026-01-09 21:50:00,69.1,94.98,21.04,8.207096,-106.405982
EVT0018352,BMW00216,WBA00000000000216,2026-03-05 17:15:00,14.17,100.24,21.41,10.999739,113.009383
EVT0087664,BMW00896,WBA00000000000896,2026-11-01 09:15:00,26.68,84.14,38.17,32.48664,82.263591
EVT0052153,BMW00397,WBA00000000000397,2026-07-01 02:00:00,58.69,113.25,37.87,47.936656,48.160211
EVT0082890,BMW00721,WBA00000000000721,2026-10-15 19:25:00,26.78,29.9,32.61,28.489699,75.290814
EVT0040837,BMW00931,WBA00000000000931,2026-05-22 19:00:00,37.32,129.47,43.14,38.634189,87.415619
EVT0095802,BMW00858,WBA00000000000858,2026-11-29 15:25:00,19.41,49.93,41.81,42.82412,-68.890083
EVT0078241,BMW00731,WBA00000000000731,2026-09-29 16:00:00,72.76,116.63,3.63,43.869648,3.373043
EVT0096826,BMW00479,WBA00000000000479,2026-12-03 04:45:00,10.35,68.13,54.36,47.993108,-8.462514
EVT0093491,BMW00127,WBA00000000000127,2026-11-21 14:50:00,30.37,46.42,5.04,12.721553,-103.044134
EVT0029737,BMW00926,WBA00000000000926,2026-04-14 06:00:00,33.64,144.86,42.94,48.428645,39.722571
EVT0051690,BMW00096,WBA00000000000096,2026-06-29 11:25:00,51.29,35.71,42.35,43.417771,111.821568
EVT0026035,BMW00127,WBA00000000000127,2026-04-01 09:30:00,38.65,70.3,52.46,35.086217,-60.867657
EVT0073351,BMW00350,WBA00000000000350,2026-09-12 16:30:00,47.4,61.24,44.98,16.679347,-107.958883
EVT0077315,BMW00379,WBA00000000000379,2026-09-26 10:50:00,87.81,117.98,18.43,18.667717,64.334894
EVT0061963,BMW00791,WBA00000000000791,2026-08-04 03:30:00,42.49,137.14,13.5,54.187564,28.857953
EVT0081244,BMW00722,WBA00000000000722,2026-10-10 02:15:00,85.64,91.36,21.91,20.06265,-82.348316
EVT0051647,BMW00796,WBA00000000000796,2026-06-29 07:50:00,34.5,127.9,10.29,42.033985,-52.693922
EVT0006083,BMW00664,WBA00000000000664,2026-01-22 02:50:00,27.18,93.79,13.0,26.059758,52.858089
EVT0048050,BMW00040,WBA00000000000040,2026-06-16 20:05:00,17.11,107.2,47.95,42.137271,-72.373916
EVT0054114,BMW00872,WBA00000000000872,2026-07-07 21:25:00,90.92,79.53,31.63,31.012904,132.695646
EVT0074697,BMW00137,WBA00000000000137,2026-09-17 08:40:00,33.11,101.59,8.3,9.663432,-0.513033
EVT0064326,BMW00490,WBA00000000000490,2026-08-12 08:25:00,59.83,50.71,10.1,11.601084,-44.751458
EVT0073688,BMW00171,WBA00000000000171,2026-09-13 20:35:00,71.79,74.71,45.54,46.207568,-100.139979
EVT0096701,BMW00404,WBA00000000000404,2026-12-02 18:20:00,89.04,43.01,-4.62,47.617866,101.784204
EVT0092494,BMW00063,WBA00000000000063,2026-11-18 03:45:00,65.94,81.26,7.54,9.171706,-76.102218
EVT0066310,BMW00659,WBA00000000000659,2026-08-19 05:45:00,98.6,120.85,21.92,38.878927,-85.248224
EVT0020085,BMW00028,WBA00000000000028,2026-03-11 17:40:00,31.17,120.42,51.41,53.372086,-22.854341
EVT0064654,BMW00302,WBA00000000000302,2026-08-13 11:45:00,17.85,86.34,53.23,28.433209,90.143425
EVT0011444,BMW00784,WBA00000000000784,2026-02-09 17:35:00,33.33,131.4,15.0,26.715953,1.874045
EVT0039923,BMW00676,WBA00000000000676,2026-05-19 14:50:00,12.59,15.67,30.51,21.589871,-36.779891
EVT0053677,BMW00057,WBA00000000000057,2026-07-06 09:00:00,43.67,134.35,15.38,8.47301,83.111217
EVT0089905,BMW00381,WBA00000000000381,2026-11-09 04:00:00,33.63,111.11,36.97,32.905613,-62.411256
EVT0061008,BMW00425,WBA00000000000425,2026-07-31 19:55:00,65.12,8.51,17.53,54.571512,-61.136165
EVT0096485,BMW00948,WBA00000000000948,2026-12-02 00:20:00,79.98,48.01,8.84,13.42343,138.870815
EVT0059531,BMW00032,WBA00000000000032,2026-07-26 16:50:00,57.35,38.11,43.88,40.205828,7.102595
EVT0065923,BMW00064,WBA00000000000064,2026-08-17 21:30:00,81.88,124.53,12.4,24.480145,98.737878
EVT0035812,BMW00916,WBA00000000000916,2026-05-05 08:15:00,60.16,136.32,36.71,26.172486,-45.86869
EVT0057559,BMW00986,WBA00000000000986,2026-07-19 20:30:00,17.07,121.36,15.01,45.921267,61.101066
EVT0038294,BMW00847,WBA00000000000847,2026-05-13 23:05:00,57.04,134.85,-0.78,37.605629,44.290293
EVT0083444,BMW00811,WBA00000000000811,2026-10-17 17:35:00,69.05,119.03,29.01,26.001703,64.23967
EVT0093243,BMW00862,WBA00000000000862,2026-11-20 18:10:00,80.74,27.1,35.55,19.592917,-70.247697
EVT0031517,BMW00963,WBA00000000000963,2026-04-20 10:20:00,41.51,57.26,24.33,30.622377,16.189726
EVT0046264,BMW00863,WBA00000000000863,2026-06-10 15:15:00,30.13,122.2,40.85,10.854076,24.716176
EVT0045709,BMW00417,WBA00000000000417,2026-06-08 17:00:00,73.39,65.62,35.46,43.79636,130.947608
EVT0027017,BMW00986,WBA00000000000986,2026-04-04 19:20:00,90.5,98.3,0.12,49.225884,-73.812231
EVT0059677,BMW00625,WBA00000000000625,2026-07-27 05:00:00,96.62,127.54,25.12,29.365966,87.111957
EVT0051509,BMW00679,WBA00000000000679,2026-06-28 20:20:00,86.33,70.32,3.52,14.818749,-113.327161
EVT0001247,BMW00791,WBA00000000000791,2026-01-05 07:50:00,76.11,108.41,16.94,47.894613,-78.884136
EVT0028066,BMW00809,WBA00000000000809,2026-04-08 10:45:00,82.52,16.65,-1.67,41.506553,-11.666061
EVT0003995,BMW00024,WBA00000000000024,2026-01-14 20:50:00,36.47,87.76,-9.85,31.783398,-23.215597
EVT0053969,BMW00163,WBA00000000000163,2026-07-07 09:20:00,88.37,129.33,32.18,14.031974,-67.248091
EVT0072363,BMW00892,WBA00000000000892,2026-09-09 06:10:00,69.96,134.95,6.66,8.173532,-1.112323
EVT0082761,BMW00003,WBA00000000000003,2026-10-15 08:40:00,55.53,57.33,11.82,43.544272,100.46384
EVT0065570,BMW00508,WBA00000000000508,2026-08-16 16:05:00,66.5,63.22,7.47,51.12581,-97.120374
EVT0041567,BMW00455,WBA00000000000455,2026-05-25 07:50:00,13.11,9.02,6.08,18.842767,-57.173619
EVT0047888,BMW00087,WBA00000000000087,2026-06-16 06:35:00,86.3,119.12,42.08,24.788536,96.809002
EVT0029836,BMW00782,WBA00000000000782,2026-04-14 14:15:00,39.63,23.63,13.56,8.377242,-11.199003
EVT0077747,BMW00249,WBA00000000000249,2026-09-27 22:50:00,43.46,19.73,27.39,54.623634,82.244885
EVT0021917,BMW00969,WBA00000000000969,2026-03-18 02:20:00,81.32,38.41,53.22,21.550045,17.678844
EVT0023816,BMW00633,WBA00000000000633,2026-03-24 16:35:00,95.91,66.59,38.27,44.29496,-51.617041
EVT0006567,BMW00131,WBA00000000000131,2026-01-23 19:10:00,77.32,26.55,35.4,42.802232,42.186956
EVT0095942,BMW00564,WBA00000000000564,2026-11-30 03:05:00,61.52,1.83,20.89,31.486303,-114.641682
EVT0098709,BMW00204,WBA00000000000204,2026-12-09 17:40:00,44.85,72.4,26.79,29.979904,-87.212388
EVT0070992,BMW00554,WBA00000000000554,2026-09-04 11:55:00,43.25,51.79,11.41,35.771328,35.09041
EVT0089268,BMW00635,WBA00000000000635,2026-11-06 22:55:00,84.52,41.43,37.86,31.513402,-104.21619
EVT0044566,BMW00495,WBA00000000000495,2026-06-04 17:45:00,94.92,130.71,32.37,23.288402,0.346622
EVT0008046,BMW00045,WBA00000000000045,2026-01-28 22:25:00,53.79,93.4,39.3,32.537932,27.473505
EVT0093940,BMW00947,WBA00000000000947,2026-11-23 04:15:00,42.68,79.37,13.48,23.151867,-22.86874
EVT0038412,BMW00242,WBA00000000000242,2026-05-14 08:55:00,70.76,151.59,53.35,22.967153,-114.430354
EVT0072467,BMW00322,WBA00000000000322,2026-09-09 14:50:00,12.81,144.18,-6.37,46.546171,-105.218446
EVT0035209,BMW00287,WBA00000000000287,2026-05-03 06:00:00,84.79,35.4,-5.89,40.193268,49.814765
EVT0063762,BMW00066,WBA00000000000066,2026-08-10 09:25:00,39.97,76.85,26.86,19.198447,85.263793
EVT0005522,BMW00651,WBA00000000000651,2026-01-20 04:05:00,36.7,47.35,45.97,44.697734,-67.421904
EVT0079833,BMW00922,WBA00000000000922,2026-10-05 04:40:00,68.91,127.74,33.21,48.473712,143.283451
EVT0045117,BMW00408,WBA00000000000408,2026-06-06 15:40:00,74.67,136.86,28.87,13.098377,-95.322104
EVT0070230,BMW00473,WBA00000000000473,2026-09-01 20:25:00,34.27,136.49,7.46,9.460175,72.556862
EVT0051311,BMW00082,WBA00000000000082,2026-06-28 03:50:00,29.61,142.39,-3.24,54.808722,36.817155
EVT0003427,BMW00261,WBA00000000000261,2026-01-12 21:30:00,11.89,85.69,30.28,37.133003,25.740236
EVT0057139,BMW00049,WBA00000000000049,2026-07-18 09:30:00,79.6,143.83,24.0,21.616031,149.832772
EVT0048067,BMW00603,WBA00000000000603,2026-06-16 21:30:00,48.06,20.89,13.74,42.860462,-81.666044
EVT0056893,BMW00183,WBA00000000000183,2026-07-17 13:00:00,54.32,109.24,21.46,40.959743,143.211467
EVT0055316,BMW00067,WBA00000000000067,2026-07-12 01:35:00,80.78,86.26,32.35,48.137904,-25.38101
EVT0087724,BMW00414,WBA00000000000414,2026-11-01 14:15:00,36.89,3.96,-8.5,9.166516,137.316062
EVT0038642,BMW00033,WBA00000000000033,2026-05-15 04:05:00,72.3,37.35,28.95,12.010739,133.691391
EVT0026872,BMW00003,WBA00000000000003,2026-04-04 07:15:00,39.7,24.85,41.85,44.58554,-12.686293
EVT0006287,BMW00053,WBA00000000000053,2026-01-22 19:50:00,61.9,29.34,12.55,11.111368,-93.07845
EVT0042223,BMW00921,WBA00000000000921,2026-05-27 14:30:00,43.36,108.69,48.01,38.733135,111.698683
EVT0079381,BMW00879,WBA00000000000879,2026-10-03 15:00:00,17.95,123.61,-6.84,53.976576,115.831552
EVT0038873,BMW00576,WBA00000000000576,2026-05-15 23:20:00,57.49,45.24,27.38,11.922733,55.228363
EVT0015339,BMW00150,WBA00000000000150,2026-02-23 06:10:00,92.46,67.1,37.39,54.957252,58.417024
EVT0022612,BMW00023,WBA00000000000023,2026-03-20 12:15:00,84.31,105.04,39.13,27.997025,-83.983756
EVT0094977,BMW00806,WBA00000000000806,2026-11-26 18:40:00,19.35,48.68,23.82,13.747001,15.111901
EVT0062342,BMW00592,WBA00000000000592,2026-08-05 11:05:00,14.69,53.72,28.62,43.351328,78.819473
EVT0081728,BMW00415,WBA00000000000415,2026-10-11 18:35:00,46.1,50.39,35.48,30.943692,-119.099212
EVT0044300,BMW00979,WBA00000000000979,2026-06-03 19:35:00,55.16,29.65,-4.5,10.234742,-23.869494
EVT0061250,BMW00451,WBA00000000000451,2026-08-01 16:05:00,47.06,78.61,53.11,14.889333,-55.497957
EVT0088044,BMW00166,WBA00000000000166,2026-11-02 16:55:00,14.57,19.14,39.9,32.385864,137.340489
EVT0041686,BMW00743,WBA00000000000743,2026-05-25 17:45:00,34.2,46.02,38.45,22.278568,-107.10418
EVT0093148,BMW00439,WBA00000000000439,2026-11-20 10:15:00,50.02,70.51,-8.97,29.678995,-10.202067
EVT0029404,BMW00070,WBA00000000000070,2026-04-13 02:15:00,54.21,90.01,14.87,15.915074,135.912167
EVT0000955,BMW00681,WBA00000000000681,2026-01-04 07:30:00,77.29,5.56,48.96,28.434373,-108.710161
EVT0021255,BMW00859,WBA00000000000859,2026-03-15 19:10:00,16.97,78.7,27.99,26.683907,136.422013
EVT0030201,BMW00988,WBA00000000000988,2026-04-15 20:40:00,16.18,29.15,-6.67,42.11754,-116.209775
EVT0040892,BMW00421,WBA00000000000421,2026-05-22 23:35:00,64.48,18.61,20.3,39.436367,-99.484843
EVT0018517,BMW00278,WBA00000000000278,2026-03-06 07:00:00,39.97,144.86,52.2,52.514934,6.800192
EVT0031633,BMW00446,WBA00000000000446,2026-04-20 20:00:00,88.43,1.68,-0.74,9.31203,24.776127
EVT0040815,BMW00378,WBA00000000000378,2026-05-22 17:10:00,49.01,73.94,24.89,37.521508,-63.899105
EVT0029250,BMW00291,WBA00000000000291,2026-04-12 13:25:00,61.17,65.15,32.52,11.130712,-10.443468
EVT0059853,BMW00110,WBA00000000000110,2026-07-27 19:40:00,15.44,128.06,-3.38,36.454563,-45.604659
EVT0011041,BMW00656,WBA00000000000656,2026-02-08 08:00:00,23.17,140.59,23.1,31.733707,140.401292
EVT0068854,BMW00196,WBA00000000000196,2026-08-28 01:45:00,50.47,143.44,34.61,16.341646,63.510012
EVT0092345,BMW00125,WBA00000000000125,2026-11-17 15:20:00,68.8,13.31,20.04,44.391473,33.69895
EVT0046712,BMW00017,WBA00000000000017,2026-06-12 04:35:00,50.25,1.72,12.39,19.656533,-21.655926
EVT0010338,BMW00633,WBA00000000000633,2026-02-05 21:25:00,66.72,8.57,43.2,23.503386,2.303398
EVT0028397,BMW00796,WBA00000000000796,2026-04-09 14:20:00,30.07,37.36,20.39,11.236723,66.462
EVT0044944,BMW00309,WBA00000000000309,2026-06-06 01:15:00,76.42,57.65,3.85,27.531288,52.398229
EVT0019720,BMW00995,WBA00000000000995,2026-03-10 11:15:00,52.81,140.07,1.82,20.69719,16.849993
EVT0081439,BMW00484,WBA00000000000484,2026-10-10 18:30:00,90.24,111.4,53.4,13.167586,139.221888
EVT0081592,BMW00841,WBA00000000000841,2026-10-11 07:15:00,55.16,67.23,-1.69,29.937827,11.226447
EVT0082130,BMW00301,WBA00000000000301,2026-10-13 04:05:00,94.13,22.87,45.67,43.351476,23.491215
EVT0072494,BMW00320,WBA00000000000320,2026-09-09 17:05:00,87.3,17.79,-3.26,30.849989,-74.125122
EVT0015061,BMW00535,WBA00000000000535,2026-02-22 07:00:00,56.76,94.55,32.92,30.686305,62.630203
EVT0099682,BMW00553,WBA00000000000553,2026-12-13 02:45:00,28.28,99.97,9.43,48.104525,18.564001
EVT0010968,BMW00973,WBA00000000000973,2026-02-08 01:55:00,88.31,72.81,27.13,53.366586,-49.493644
EVT0056523,BMW00969,WBA00000000000969,2026-07-16 06:10:00,21.84,81.91,17.85,42.050643,135.769716
EVT0034390,BMW00771,WBA00000000000771,2026-04-30 09:45:00,72.45,115.44,-4.64,16.448882,41.895222
EVT0097106,BMW00638,WBA00000000000638,2026-12-04 04:05:00,78.8,58.7,45.37,10.287657,33.189286
EVT0087848,BMW00308,WBA00000000000308,2026-11-02 00:35:00,46.4,23.36,-8.12,17.681873,124.807882
EVT0038167,BMW00387,WBA00000000000387,2026-05-13 12:30:00,33.12,47.46,23.73,18.962452,20.267032
EVT0075807,BMW00644,WBA00000000000644,2026-09-21 05:10:00,57.73,10.15,17.72,13.234272,112.86351
EVT0063980,BMW00320,WBA00000000000320,2026-08-11 03:35:00,49.56,19.47,36.94,31.010377,77.845644
EVT0066194,BMW00779,WBA00000000000779,2026-08-18 20:05:00,85.47,136.31,-8.56,33.455655,102.410183
EVT0052151,BMW00393,WBA00000000000393,2026-07-01 01:50:00,76.44,25.51,53.25,35.624106,74.148432
EVT0085579,BMW00167,WBA00000000000167,2026-10-25 03:30:00,87.35,159.71,-5.86,47.028752,-105.188053
EVT0050431,BMW00482,WBA00000000000482,2026-06-25 02:30:00,54.9,122.15,47.32,20.136887,-72.361085
EVT0012153,BMW00680,WBA00000000000680,2026-02-12 04:40:00,29.19,111.11,0.49,17.735521,31.991231
EVT0009652,BMW00350,WBA00000000000350,2026-02-03 12:15:00,50.26,15.26,3.22,52.9204,-81.135104
EVT0083235,BMW00448,WBA00000000000448,2026-10-17 00:10:00,87.53,27.68,1.25,45.195511,-19.360154
EVT0020273,BMW00691,WBA00000000000691,2026-03-12 09:20:00,46.55,30.05,-9.43,11.957769,34.750193
EVT0014344,BMW00967,WBA00000000000967,2026-02-19 19:15:00,88.38,111.99,12.74,14.810676,82.494267
EVT0097218,BMW00663,WBA00000000000663,2026-12-04 13:25:00,46.15,85.32,22.09,45.269909,122.480031
EVT0061498,BMW00117,WBA00000000000117,2026-08-02 12:45:00,61.21,60.13,23.04,26.283477,113.472581
EVT0020791,BMW00856,WBA00000000000856,2026-03-14 04:30:00,80.08,44.63,40.24,22.566674,43.505593
EVT0011535,BMW00979,WBA00000000000979,2026-02-10 01:10:00,41.56,2.2,-4.6,17.634454,-82.691485
EVT0076951,BMW00412,WBA00000000000412,2026-09-25 04:30:00,90.94,54.42,35.39,48.318628,86.876624
EVT0038415,BMW00705,WBA00000000000705,2026-05-14 09:10:00,53.85,44.98,3.11,35.001159,-105.469642
EVT0037582,BMW00880,WBA00000000000880,2026-05-11 11:45:00,57.66,120.03,-9.03,31.828798,85.453416
EVT0039576,BMW00050,WBA00000000000050,2026-05-18 09:55:00,64.45,78.06,11.26,37.349718,134.047699
EVT0050031,BMW00096,WBA00000000000096,2026-06-23 17:10:00,71.11,51.07,-3.86,8.825702,-11.829234
EVT0054273,BMW00697,WBA00000000000697,2026-07-08 10:40:00,90.12,117.26,49.91,51.727276,8.903152
EVT0021710,BMW00805,WBA00000000000805,2026-03-17 09:05:00,54.18,28.98,10.71,33.522103,-91.003856
EVT0055419,BMW00294,WBA00000000000294,2026-07-12 10:10:00,30.87,87.34,30.12,20.135622,-61.944876
EVT0040605,BMW00810,WBA00000000000810,2026-05-21 23:40:00,95.31,158.89,1.49,13.690666,-82.960368
EVT0092133,BMW00747,WBA00000000000747,2026-11-16 21:40:00,77.31,57.04,18.62,22.640675,112.289273
EVT0010463,BMW00853,WBA00000000000853,2026-02-06 07:50:00,75.42,74.31,30.11,33.173328,59.000496
EVT0020318,BMW00949,WBA00000000000949,2026-03-12 13:05:00,77.05,132.14,13.26,19.936571,89.40799
EVT0098975,BMW00565,WBA00000000000565,2026-12-10 15:50:00,15.95,104.25,43.51,39.30207,137.544162
EVT0074442,BMW00586,WBA00000000000586,2026-09-16 11:25:00,32.75,156.94,39.66,42.609971,7.596933
EVT0051101,BMW00229,WBA00000000000229,2026-06-27 10:20:00,86.85,105.25,20.19,24.237531,112.557198
EVT0093084,BMW00683,WBA00000000000683,2026-11-20 04:55:00,74.94,79.83,8.47,20.367578,146.316352
EVT0095676,BMW00854,WBA00000000000854,2026-11-29 04:55:00,84.86,34.45,29.29,37.862289,-74.030969
EVT0025238,BMW00442,WBA00000000000442,2026-03-29 15:05:00,98.43,54.87,27.91,39.820644,71.448949
EVT0002015,BMW00430,WBA00000000000430,2026-01-07 23:50:00,54.07,134.77,33.36,51.168199,111.603428
EVT0091367,BMW00255,WBA00000000000255,2026-11-14 05:50:00,66.48,90.67,34.07,41.055168,-77.302028
EVT0086925,BMW00109,WBA00000000000109,2026-10-29 19:40:00,82.93,16.88,48.39,16.142635,102.014151
EVT0092489,BMW00548,WBA00000000000548,2026-11-18 03:20:00,21.12,65.46,-1.41,46.819283,-41.525366
EVT0017663,BMW00928,WBA00000000000928,2026-03-03 07:50:00,82.32,28.1,38.73,10.372009,22.127516
EVT0039212,BMW00818,WBA00000000000818,2026-05-17 03:35:00,34.67,115.34,45.18,30.789612,77.925638
EVT0091441,BMW00643,WBA00000000000643,2026-11-14 12:00:00,45.96,62.84,30.4,30.965743,-63.020817
EVT0090133,BMW00535,WBA00000000000535,2026-11-09 23:00:00,77.8,28.47,11.12,51.429652,106.622684
EVT0049607,BMW00165,WBA00000000000165,2026-06-22 05:50:00,80.44,113.84,39.96,37.680065,22.886986
EVT0085357,BMW00749,WBA00000000000749,2026-10-24 09:00:00,48.84,124.61,19.76,44.775067,-27.168822
EVT0073692,BMW00029,WBA00000000000029,2026-09-13 20:55:00,59.35,155.51,50.04,28.015062,-82.906197
EVT0020262,BMW00335,WBA00000000000335,2026-03-12 08:25:00,68.93,144.75,49.98,27.850062,-1.165096
EVT0078474,BMW00988,WBA00000000000988,2026-09-30 11:25:00,93.67,103.8,37.69,39.648361,-106.916046
EVT0087682,BMW00442,WBA00000000000442,2026-11-01 10:45:00,77.4,88.18,19.18,45.639544,-60.010363
EVT0011894,BMW00434,WBA00000000000434,2026-02-11 07:05:00,29.6,142.2,18.5,21.911745,-21.014903
EVT0091187,BMW00355,WBA00000000000355,2026-11-13 14:50:00,95.25,112.53,36.65,9.561081,137.101634
EVT0062698,BMW00143,WBA00000000000143,2026-08-06 16:45:00,39.39,68.81,13.35,40.314515,-26.995433
EVT0044816,BMW00542,WBA00000000000542,2026-06-05 14:35:00,85.25,50.73,-0.71,41.07094,4.766533
EVT0099111,BMW00478,WBA00000000000478,2026-12-11 03:10:00,52.59,134.85,52.3,47.784536,-0.489088
EVT0084743,BMW00566,WBA00000000000566,2026-10-22 05:50:00,69.01,96.07,9.69,25.241491,-26.290612
EVT0087598,BMW00133,WBA00000000000133,2026-11-01 03:45:00,17.69,102.92,-3.08,43.079183,104.684524
EVT0083020,BMW00668,WBA00000000000668,2026-10-16 06:15:00,44.94,33.61,28.54,49.019916,-62.982543
EVT0076532,BMW00851,WBA00000000000851,2026-09-23 17:35:00,17.96,82.64,17.33,10.103344,-59.151248
EVT0097213,BMW00520,WBA00000000000520,2026-12-04 13:00:00,96.34,99.73,31.09,20.946209,28.344758
EVT0051773,BMW00350,WBA00000000000350,2026-06-29 18:20:00,43.8,11.62,22.56,13.428223,108.045451
EVT0008609,BMW00022,WBA00000000000022,2026-01-30 21:20:00,99.45,95.51,11.78,36.671845,75.74601
EVT0081089,BMW00119,WBA00000000000119,2026-10-09 13:20:00,44.38,114.98,40.58,16.974152,-102.069996
EVT0094781,BMW00797,WBA00000000000797,2026-11-26 02:20:00,53.51,17.29,37.11,54.100445,16.77532
EVT0093610,BMW00494,WBA00000000000494,2026-11-22 00:45:00,60.55,5.85,-3.41,42.067663,-67.536523
EVT0033779,BMW00084,WBA00000000000084,2026-04-28 06:50:00,40.02,54.44,5.41,17.806129,145.680295
EVT0036038,BMW00965,WBA00000000000965,2026-05-06 03:05:00,59.62,25.83,15.81,26.563033,47.758317
EVT0000822,BMW00705,WBA00000000000705,2026-01-03 20:25:00,67.16,133.93,52.68,38.766216,106.933422
EVT0008890,BMW00383,WBA00000000000383,2026-01-31 20:45:00,14.69,24.88,23.19,50.307309,90.139644
EVT0053974,BMW00467,WBA00000000000467,2026-07-07 09:45:00,43.96,30.58,12.05,23.913971,-78.502559
EVT0056467,BMW00043,WBA00000000000043,2026-07-16 01:30:00,46.36,16.94,-2.11,26.4361,-21.23319
EVT0008703,BMW00835,WBA00000000000835,2026-01-31 05:10:00,65.83,62.25,-6.47,51.407494,52.367045
EVT0037703,BMW00729,WBA00000000000729,2026-05-11 21:50:00,41.34,111.7,45.4,25.097267,33.955883
EVT0031755,BMW00702,WBA00000000000702,2026-04-21 06:10:00,90.48,151.37,42.72,53.947264,55.84439
EVT0067300,BMW00243,WBA00000000000243,2026-08-22 16:15:00,52.46,8.52,37.04,13.944966,-11.101523
EVT0050567,BMW00629,WBA00000000000629,2026-06-25 13:50:00,45.85,40.7,51.32,8.46489,-9.069844
EVT0017610,BMW00776,WBA00000000000776,2026-03-03 03:25:00,67.11,24.98,51.41,44.10444,107.068207
EVT0086446,BMW00653,WBA00000000000653,2026-10-28 03:45:00,18.38,54.14,15.73,43.486911,-24.136193
EVT0026272,BMW00922,WBA00000000000922,2026-04-02 05:15:00,99.78,71.58,44.11,50.546542,-118.302152
EVT0076970,BMW00061,WBA00000000000061,2026-09-25 06:05:00,27.03,13.8,49.88,22.345536,-89.806163
EVT0045028,BMW00180,WBA00000000000180,2026-06-06 08:15:00,99.46,29.81,44.79,16.202862,58.702704
EVT0087929,BMW00314,WBA00000000000314,2026-11-02 07:20:00,62.18,24.0,29.53,44.69221,140.886299
EVT0052487,BMW00463,WBA00000000000463,2026-07-02 05:50:00,41.64,56.98,20.16,49.095658,-37.952427
EVT0004500,BMW00111,WBA00000000000111,2026-01-16 14:55:00,59.44,19.22,38.87,51.825645,90.017282
EVT0070916,BMW00901,WBA00000000000901,2026-09-04 05:35:00,68.82,50.87,12.26,49.282689,-54.039062
EVT0096196,BMW00159,WBA00000000000159,2026-12-01 00:15:00,95.31,27.76,-0.6,27.067226,12.59939
EVT0071743,BMW00020,WBA00000000000020,2026-09-07 02:30:00,72.69,13.23,8.9,37.104053,33.208597
EVT0090974,BMW00375,WBA00000000000375,2026-11-12 21:05:00,59.02,143.81,46.44,36.592517,134.608918
EVT0018130,BMW00154,WBA00000000000154,2026-03-04 22:45:00,26.58,158.57,22.39,30.188146,-78.622876
EVT0038276,BMW00742,WBA00000000000742,2026-05-13 21:35:00,89.94,159.11,53.11,12.959078,2.120654
EVT0024736,BMW00004,WBA00000000000004,2026-03-27 21:15:00,25.85,3.39,39.08,23.478385,-92.22538
EVT0023998,BMW00473,WBA00000000000473,2026-03-25 07:45:00,72.34,10.68,17.09,51.97257,99.504197
EVT0072611,BMW00716,WBA00000000000716,2026-09-10 02:50:00,35.74,75.27,31.36,37.227329,-98.838769
EVT0011493,BMW00484,WBA00000000000484,2026-02-09 21:40:00,42.17,90.09,32.21,30.547623,11.165139
EVT0020826,BMW00290,WBA00000000000290,2026-03-14 07:25:00,79.51,119.97,25.31,40.101057,0.306093
EVT0001340,BMW00605,WBA00000000000605,2026-01-05 15:35:00,70.16,4.47,20.64,52.173375,110.560307
EVT0090489,BMW00583,WBA00000000000583,2026-11-11 04:40:00,15.59,116.78,32.8,34.587982,-59.654257
EVT0050974,BMW00657,WBA00000000000657,2026-06-26 23:45:00,19.81,131.04,-7.43,30.586905,-7.971231
EVT0094526,BMW00356,WBA00000000000356,2026-11-25 05:05:00,54.54,78.35,26.53,25.043968,2.810233
EVT0088060,BMW00253,WBA00000000000253,2026-11-02 18:15:00,39.3,5.57,27.58,27.106559,61.717255
EVT0049439,BMW00131,WBA00000000000131,2026-06-21 15:50:00,74.33,98.22,43.6,28.80878,69.569202
EVT0045082,BMW00131,WBA00000000000131,2026-06-06 12:45:00,89.95,99.62,32.92,34.788731,135.05795
EVT0013514,BMW00540,WBA00000000000540,2026-02-16 22:05:00,16.0,102.82,54.84,23.143826,12.764497
EVT0000180,BMW00403,WBA00000000000403,2026-01-01 14:55:00,64.29,40.56,5.39,11.119637,-42.124521
EVT0039897,BMW00563,WBA00000000000563,2026-05-19 12:40:00,84.78,70.18,53.18,17.230968,-39.159121
EVT0028704,BMW00542,WBA00000000000542,2026-04-10 15:55:00,16.51,130.36,0.42,26.272843,-66.897145
EVT0008102,BMW00864,WBA00000000000864,2026-01-29 03:05:00,53.05,87.62,21.29,10.847592,-56.050888
EVT0023751,BMW00534,WBA00000000000534,2026-03-24 11:10:00,85.25,32.18,20.16,33.196242,-22.432435
EVT0091345,BMW00946,WBA00000000000946,2026-11-14 04:00:00,24.16,29.37,-7.81,51.823298,83.495594
EVT0094907,BMW00788,WBA00000000000788,2026-11-26 12:50:00,21.46,12.01,26.82,31.348306,-3.603288
EVT0007814,BMW00963,WBA00000000000963,2026-01-28 03:05:00,29.41,29.84,-1.89,43.960614,84.626021
EVT0050442,BMW00779,WBA00000000000779,2026-06-25 03:25:00,78.35,48.06,28.5,14.65386,146.858175
EVT0053212,BMW00717,WBA00000000000717,2026-07-04 18:15:00,95.27,107.84,5.94,54.022335,-96.663988
EVT0064426,BMW00468,WBA00000000000468,2026-08-12 16:45:00,70.86,126.21,17.1,51.986493,100.989738
EVT0035450,BMW00879,WBA00000000000879,2026-05-04 02:05:00,56.88,6.57,-1.11,44.243098,141.966735
EVT0092306,BMW00875,WBA00000000000875,2026-11-17 12:05:00,47.8,132.86,18.86,10.429948,28.130424
EVT0053905,BMW00495,WBA00000000000495,2026-07-07 04:00:00,75.3,107.24,13.4,51.508366,26.354046
EVT0030151,BMW00019,WBA00000000000019,2026-04-15 16:30:00,62.31,153.33,-3.57,32.84622,-15.191816
EVT0055686,BMW00373,WBA00000000000373,2026-07-13 08:25:00,82.79,32.17,10.84,44.012385,-39.000567
EVT0098199,BMW00728,WBA00000000000728,2026-12-07 23:10:00,68.79,42.61,8.88,37.216635,-96.726613
EVT0057509,BMW00627,WBA00000000000627,2026-07-19 16:20:00,15.61,101.99,15.25,29.37872,-21.066075
EVT0030245,BMW00384,WBA00000000000384,2026-04-16 00:20:00,91.96,131.37,54.74,40.954777,-13.85622
EVT0059060,BMW00330,WBA00000000000330,2026-07-25 01:35:00,65.03,131.57,0.63,38.334543,-107.539875
EVT0062950,BMW00904,WBA00000000000904,2026-08-07 13:45:00,10.66,86.27,12.43,41.994526,-89.568529
EVT0062466,BMW00350,WBA00000000000350,2026-08-05 21:25:00,54.45,4.24,33.57,33.500023,-25.360652
EVT0037364,BMW00020,WBA00000000000020,2026-05-10 17:35:00,16.31,41.34,3.46,32.003849,133.430285
EVT0063147,BMW00786,WBA00000000000786,2026-08-08 06:10:00,65.99,125.86,51.18,16.48401,-57.705523
EVT0062220,BMW00018,WBA00000000000018,2026-08-05 00:55:00,31.96,30.21,-4.63,54.632635,141.87697
EVT0047076,BMW00325,WBA00000000000325,2026-06-13 10:55:00,70.62,120.45,37.39,28.73355,-83.025128
EVT0037709,BMW00176,WBA00000000000176,2026-05-11 22:20:00,12.88,92.86,43.63,44.102151,33.948535
EVT0065399,BMW00642,WBA00000000000642,2026-08-16 01:50:00,52.65,4.57,0.5,51.591855,10.003071
EVT0036872,BMW00653,WBA00000000000653,2026-05-09 00:35:00,21.8,53.79,3.96,46.782556,-76.040917
EVT0006059,BMW00884,WBA00000000000884,2026-01-22 00:50:00,87.46,131.96,8.18,47.702463,120.648952
EVT0038125,BMW00529,WBA00000000000529,2026-05-13 09:00:00,22.94,36.42,52.76,31.480261,-42.321377
EVT0027783,BMW00040,WBA00000000000040,2026-04-07 11:10:00,25.71,43.91,4.7,23.206236,96.570059
EVT0028500,BMW00556,WBA00000000000556,2026-04-09 22:55:00,51.13,19.11,25.44,28.366115,-86.997588
EVT0005347,BMW00944,WBA00000000000944,2026-01-19 13:30:00,42.03,20.99,17.99,51.122528,-77.886527
EVT0075512,BMW00768,WBA00000000000768,2026-09-20 04:35:00,67.46,115.4,15.76,42.677939,63.911847
EVT0095300,BMW00641,WBA00000000000641,2026-11-27 21:35:00,45.65,22.38,-3.73,22.435123,35.478095
EVT0020831,BMW00206,WBA00000000000206,2026-03-14 07:50:00,39.19,74.81,36.94,16.025007,43.863949
EVT0069912,BMW00430,WBA00000000000430,2026-08-31 17:55:00,13.48,148.61,27.24,17.732052,-49.449648
EVT0057893,BMW00386,WBA00000000000386,2026-07-21 00:20:00,78.13,68.78,18.28,28.407868,58.72346
EVT0021365,BMW00002,WBA00000000000002,2026-03-16 04:20:00,30.46,48.26,53.27,14.072177,2.296319
EVT0056174,BMW00529,WBA00000000000529,2026-07-15 01:05:00,52.31,65.22,9.26,22.641874,23.528954
EVT0072129,BMW00624,WBA00000000000624,2026-09-08 10:40:00,77.93,132.66,35.29,14.494383,23.085291
EVT0016578,BMW00031,WBA00000000000031,2026-02-27 13:25:00,24.11,73.54,32.93,42.118428,110.077234
EVT0084992,BMW00178,WBA00000000000178,2026-10-23 02:35:00,82.78,21.75,-5.85,15.798096,117.536591
EVT0034701,BMW00637,WBA00000000000637,2026-05-01 11:40:00,30.83,120.69,32.16,11.487593,108.055275
EVT0099570,BMW00605,WBA00000000000605,2026-12-12 17:25:00,72.68,27.57,24.53,31.09491,-91.778105
EVT0029560,BMW00029,WBA00000000000029,2026-04-13 15:15:00,36.52,125.3,39.6,54.398843,37.868706
EVT0048466,BMW00277,WBA00000000000277,2026-06-18 06:45:00,21.04,101.05,22.94,33.782638,-84.526658
EVT0062215,BMW00022,WBA00000000000022,2026-08-05 00:30:00,39.57,11.96,32.78,10.650968,-20.683196
EVT0055564,BMW00544,WBA00000000000544,2026-07-12 22:15:00,35.3,32.98,-4.21,50.523913,-47.46573
EVT0051435,BMW00351,WBA00000000000351,2026-06-28 14:10:00,32.26,43.29,28.78,44.122434,70.584208
EVT0019685,BMW00547,WBA00000000000547,2026-03-10 08:20:00,79.33,141.83,-8.87,26.638215,148.928349
EVT0043815,BMW00304,WBA00000000000304,2026-06-02 03:10:00,14.15,148.09,5.64,52.888768,120.961348
EVT0011034,BMW00764,WBA00000000000764,2026-02-08 07:25:00,51.35,63.0,14.17,43.319005,-54.507074
EVT0071177,BMW00360,WBA00000000000360,2026-09-05 03:20:00,84.12,75.34,33.03,43.371017,39.157725
EVT0017168,BMW00709,WBA00000000000709,2026-03-01 14:35:00,44.33,128.46,53.9,53.353914,-25.751646
EVT0052178,BMW00583,WBA00000000000583,2026-07-01 04:05:00,99.69,80.76,52.27,40.236051,-66.526715
EVT0050264,BMW00371,WBA00000000000371,2026-06-24 12:35:00,12.31,69.17,32.36,34.826567,-87.311114
EVT0042456,BMW00064,WBA00000000000064,2026-05-28 09:55:00,77.29,81.71,43.47,17.626351,84.677308
EVT0068899,BMW00973,WBA00000000000973,2026-08-28 05:30:00,44.65,36.24,42.59,10.260919,100.98462
EVT0031547,BMW00404,WBA00000000000404,2026-04-20 12:50:00,85.88,106.35,39.57,24.708968,27.338153
EVT0075513,BMW00257,WBA00000000000257,2026-09-20 04:40:00,27.55,57.61,43.09,21.628535,41.919275
EVT0086701,BMW00303,WBA00000000000303,2026-10-29 01:00:00,56.5,158.19,-1.31,48.099263,-16.231651
EVT0092002,BMW00385,WBA00000000000385,2026-11-16 10:45:00,89.04,30.05,-1.56,14.018123,17.969956
EVT0012353,BMW00036,WBA00000000000036,2026-02-12 21:20:00,80.27,93.51,41.05,38.797807,17.774101
EVT0077166,BMW00004,WBA00000000000004,2026-09-25 22:25:00,40.48,98.22,-7.56,9.526239,121.988303
EVT0079708,BMW00551,WBA00000000000551,2026-10-04 18:15:00,22.02,101.93,54.22,38.781052,146.612402
EVT0071073,BMW00441,WBA00000000000441,2026-09-04 18:40:00,47.38,61.79,8.32,26.763633,-35.457788
EVT0097591,BMW00069,WBA00000000000069,2026-12-05 20:30:00,89.42,55.84,21.48,38.460159,-36.449271
EVT0067775,BMW00199,WBA00000000000199,2026-08-24 07:50:00,36.48,76.73,14.25,11.817417,-103.653954
EVT0001262,BMW00427,WBA00000000000427,2026-01-05 09:05:00,66.2,41.64,1.22,34.85564,-69.180127
EVT0094512,BMW00324,WBA00000000000324,2026-11-25 03:55:00,29.61,77.69,18.76,9.881814,7.720623
EVT0080855,BMW00235,WBA00000000000235,2026-10-08 17:50:00,39.64,120.13,34.6,30.999522,105.733148
EVT0093349,BMW00127,WBA00000000000127,2026-11-21 03:00:00,19.73,122.74,19.08,19.81198,-117.446123
EVT0055158,BMW00669,WBA00000000000669,2026-07-11 12:25:00,20.39,132.44,7.73,15.284442,-26.904933
EVT0007855,BMW00232,WBA00000000000232,2026-01-28 06:30:00,99.25,124.72,31.17,24.925912,-65.791293
EVT0010163,BMW00684,WBA00000000000684,2026-02-05 06:50:00,53.03,154.31,33.91,26.048935,-62.763923
EVT0030278,BMW00960,WBA00000000000960,2026-04-16 03:05:00,64.7,122.61,25.3,25.158523,132.273625
EVT0010605,BMW00881,WBA00000000000881,2026-02-06 19:40:00,15.5,53.47,40.68,28.548741,70.700259
EVT0030626,BMW00476,WBA00000000000476,2026-04-17 08:05:00,82.05,7.27,3.8,47.214181,149.98252
EVT0081614,BMW00173,WBA00000000000173,2026-10-11 09:05:00,90.18,133.37,53.44,54.094406,63.601755
EVT0010440,BMW00438,WBA00000000000438,2026-02-06 05:55:00,87.77,53.1,16.55,43.178782,-84.323735
EVT0091135,BMW00394,WBA00000000000394,2026-11-13 10:30:00,74.6,94.95,36.86,12.036585,59.048301
EVT0053190,BMW00757,WBA00000000000757,2026-07-04 16:25:00,97.84,101.96,53.79,36.669291,-3.310267
EVT0013535,BMW00735,WBA00000000000735,2026-02-16 23:50:00,59.64,92.83,38.88,30.464006,3.695954
EVT0059100,BMW00448,WBA00000000000448,2026-07-25 04:55:00,40.49,79.15,24.5,48.453005,-49.708536
EVT0064501,BMW00617,WBA00000000000617,2026-08-12 23:00:00,44.33,70.55,25.67,53.592834,13.412763
EVT0016307,BMW00525,WBA00000000000525,2026-02-26 14:50:00,16.37,94.27,44.56,40.502454,-117.459306
EVT0021295,BMW00159,WBA00000000000159,2026-03-15 22:30:00,72.72,40.23,7.19,54.11314,116.737154
EVT0054305,BMW00779,WBA00000000000779,2026-07-08 13:20:00,66.33,39.16,-7.22,43.116597,91.105448
EVT0096811,BMW00373,WBA00000000000373,2026-12-03 03:30:00,93.28,42.66,53.71,49.46153,144.899752
EVT0038834,BMW00496,WBA00000000000496,2026-05-15 20:05:00,90.36,54.07,39.22,27.577503,-25.363326
EVT0058656,BMW00044,WBA00000000000044,2026-07-23 15:55:00,63.91,60.34,13.83,50.831743,-21.888841
EVT0023769,BMW00971,WBA00000000000971,2026-03-24 12:40:00,32.29,71.19,-1.96,45.90354,40.078647
EVT0098671,BMW00172,WBA00000000000172,2026-12-09 14:30:00,16.69,80.97,11.6,31.162994,-7.599738
EVT0061435,BMW00665,WBA00000000000665,2026-08-02 07:30:00,23.14,13.22,28.32,54.37674,-63.930625
EVT0015560,BMW00984,WBA00000000000984,2026-02-24 00:35:00,14.5,2.29,-4.49,47.640739,46.770941
EVT0008622,BMW00168,WBA00000000000168,2026-01-30 22:25:00,53.43,91.51,32.79,46.496742,52.991202
EVT0077146,BMW00557,WBA00000000000557,2026-09-25 20:45:00,91.47,62.36,13.1,38.02655,-22.623559
EVT0089532,BMW00694,WBA00000000000694,2026-11-07 20:55:00,63.39,112.32,5.74,36.915206,113.250331
EVT0020014,BMW00705,WBA00000000000705,2026-03-11 11:45:00,64.35,8.8,35.03,22.133434,96.314377
EVT0014641,BMW00742,WBA00000000000742,2026-02-20 20:00:00,72.3,67.88,36.86,50.480679,99.244099
EVT0042520,BMW00803,WBA00000000000803,2026-05-28 15:15:00,55.86,13.33,18.69,17.539422,-101.651928
EVT0098990,BMW00821,WBA00000000000821,2026-12-10 17:05:00,44.52,120.32,44.48,29.115085,64.835474
EVT0073531,BMW00172,WBA00000000000172,2026-09-13 07:30:00,54.2,142.78,39.84,47.239212,-57.938888
EVT0077958,BMW00844,WBA00000000000844,2026-09-28 16:25:00,66.23,80.41,12.94,39.282697,105.293605
EVT0050671,BMW00451,WBA00000000000451,2026-06-25 22:30:00,73.44,64.86,12.33,9.44744,58.647024
EVT0009754,BMW00080,WBA00000000000080,2026-02-03 20:45:00,83.33,75.78,35.26,46.46714,-3.525923
EVT0096737,BMW00504,WBA00000000000504,2026-12-02 21:20:00,46.85,14.49,5.36,53.604085,-5.385603
EVT0098142,BMW00029,WBA00000000000029,2026-12-07 18:25:00,72.73,36.52,28.93,20.819838,67.727175
EVT0068773,BMW00812,WBA00000000000812,2026-08-27 19:00:00,26.84,111.94,25.57,43.892435,-19.590914
EVT0071356,BMW00215,WBA00000000000215,2026-09-05 18:15:00,42.39,152.3,-7.78,14.289778,123.392568
EVT0057061,BMW00380,WBA00000000000380,2026-07-18 03:00:00,61.39,10.01,22.28,14.14777,121.348015
EVT0072973,BMW00072,WBA00000000000072,2026-09-11 09:00:00,14.19,26.07,15.75,38.641072,29.274438
EVT0085501,BMW00357,WBA00000000000357,2026-10-24 21:00:00,86.33,42.25,50.7,44.73513,87.044454
EVT0074492,BMW00092,WBA00000000000092,2026-09-16 15:35:00,43.87,82.37,1.42,22.955835,-6.926672
EVT0091322,BMW00272,WBA00000000000272,2026-11-14 02:05:00,91.92,92.97,54.67,46.56136,-96.242301
EVT0087410,BMW00007,WBA00000000000007,2026-10-31 12:05:00,66.97,141.37,-2.93,11.751579,40.649633
EVT0039840,BMW00106,WBA00000000000106,2026-05-19 07:55:00,30.48,60.18,40.67,15.714764,36.294923
EVT0014385,BMW00420,WBA00000000000420,2026-02-19 22:40:00,18.09,19.56,8.68,17.001505,145.172044
EVT0020026,BMW00258,WBA00000000000258,2026-03-11 12:45:00,10.28,30.98,-9.56,17.577912,-82.978325
EVT0066035,BMW00981,WBA00000000000981,2026-08-18 06:50:00,93.42,133.78,11.17,38.475134,77.018548
EVT0045983,BMW00253,WBA00000000000253,2026-06-09 15:50:00,68.01,119.79,17.34,35.602227,145.178854
EVT0053654,BMW00836,WBA00000000000836,2026-07-06 07:05:00,89.8,99.46,10.89,21.34143,-68.033663
EVT0093680,BMW00278,WBA00000000000278,2026-11-22 06:35:00,78.26,120.85,46.88,13.876781,-105.559235
EVT0039402,BMW00812,WBA00000000000812,2026-05-17 19:25:00,59.97,14.24,36.14,29.995783,54.020114
EVT0029128,BMW00568,WBA00000000000568,2026-04-12 03:15:00,33.88,70.43,48.78,35.414633,88.705854
EVT0022876,BMW00328,WBA00000000000328,2026-03-21 10:15:00,27.62,1.07,-0.03,32.534068,136.256383
EVT0015575,BMW00190,WBA00000000000190,2026-02-24 01:50:00,75.0,87.15,-5.59,23.443974,28.897968
EVT0010921,BMW00707,WBA00000000000707,2026-02-07 22:00:00,84.9,118.31,7.35,46.768805,36.670226
EVT0056150,BMW00328,WBA00000000000328,2026-07-14 23:05:00,14.02,147.69,19.15,42.910075,59.115717
EVT0051695,BMW00604,WBA00000000000604,2026-06-29 11:50:00,30.01,147.89,21.2,47.294268,-94.901309
EVT0044466,BMW00111,WBA00000000000111,2026-06-04 09:25:00,20.47,140.04,51.22,33.982523,123.793717
EVT0004131,BMW00564,WBA00000000000564,2026-01-15 08:10:00,68.44,94.18,15.62,26.645429,-34.612068
EVT0011194,BMW00078,WBA00000000000078,2026-02-08 20:45:00,33.37,119.28,45.56,34.024164,115.847044
EVT0005391,BMW00110,WBA00000000000110,2026-01-19 17:10:00,94.29,25.93,13.79,18.654406,144.807817
EVT0074021,BMW00421,WBA00000000000421,2026-09-15 00:20:00,23.88,90.18,41.14,53.504738,31.308932
EVT0090662,BMW00903,WBA00000000000903,2026-11-11 19:05:00,74.55,80.07,12.31,42.164852,-79.020438
EVT0089578,BMW00842,WBA00000000000842,2026-11-08 00:45:00,73.02,23.58,-2.73,16.207448,13.256912
EVT0036165,BMW00104,WBA00000000000104,2026-05-06 13:40:00,78.66,17.61,5.91,52.351418,107.019439
EVT0062781,BMW00107,WBA00000000000107,2026-08-06 23:40:00,46.03,134.81,-5.48,20.31341,-22.764854
EVT0021071,BMW00820,WBA00000000000820,2026-03-15 03:50:00,89.77,122.14,15.19,47.3114,-96.634038
EVT0017979,BMW00012,WBA00000000000012,2026-03-04 10:10:00,15.64,158.15,-5.14,52.668604,71.435349
EVT0081360,BMW00195,WBA00000000000195,2026-10-10 11:55:00,32.97,130.88,7.63,26.795589,48.803766
EVT0037217,BMW00113,WBA00000000000113,2026-05-10 05:20:00,27.25,40.17,-1.88,34.179033,-57.3049
EVT0012330,BMW00076,WBA00000000000076,2026-02-12 19:25:00,56.5,74.48,18.23,32.140728,132.078756
EVT0051738,BMW00589,WBA00000000000589,2026-06-29 15:25:00,63.1,142.89,45.05,18.790222,37.877767
EVT0003318,BMW00451,WBA00000000000451,2026-01-12 12:25:00,80.96,62.44,-9.21,35.099642,-42.709726
EVT0076846,BMW00767,WBA00000000000767,2026-09-24 19:45:00,89.02,35.0,23.05,51.717022,-33.060462
EVT0095116,BMW00350,WBA00000000000350,2026-11-27 06:15:00,12.62,93.89,43.09,12.405361,104.365278
EVT0098529,BMW00632,WBA00000000000632,2026-12-09 02:40:00,24.29,120.99,23.98,48.451775,63.244554
EVT0013381,BMW00614,WBA00000000000614,2026-02-16 11:00:00,79.0,81.24,16.42,46.273179,-109.174847
EVT0011870,BMW00764,WBA00000000000764,2026-02-11 05:05:00,79.26,121.02,11.03,34.606933,104.592058
EVT0033905,BMW00614,WBA00000000000614,2026-04-28 17:20:00,28.34,90.84,51.12,18.187553,139.336972
EVT0048062,BMW00794,WBA00000000000794,2026-06-16 21:05:00,49.05,131.39,-6.59,47.622374,112.590611
EVT0096841,BMW00210,WBA00000000000210,2026-12-03 06:00:00,79.96,15.1,8.53,10.939023,70.965046
EVT0025948,BMW00893,WBA00000000000893,2026-04-01 02:15:00,93.92,36.96,4.15,16.4251,139.0077
EVT0055830,BMW00756,WBA00000000000756,2026-07-13 20:25:00,50.52,68.07,19.29,40.908435,-115.605083
EVT0039844,BMW00422,WBA00000000000422,2026-05-19 08:15:00,85.17,90.77,7.55,50.96201,-44.634098
EVT0070015,BMW00889,WBA00000000000889,2026-09-01 02:30:00,28.2,20.65,46.84,31.7514,118.466683
EVT0078457,BMW00960,WBA00000000000960,2026-09-30 10:00:00,76.08,54.39,29.95,20.511536,-51.028112
EVT0051002,BMW00673,WBA00000000000673,2026-06-27 02:05:00,61.08,49.96,-7.87,10.603549,-106.42308
EVT0047258,BMW00013,WBA00000000000013,2026-06-14 02:05:00,25.18,131.17,-7.03,41.493182,26.834083
EVT0096262,BMW00740,WBA00000000000740,2026-12-01 05:45:00,46.81,56.0,10.83,50.862261,144.205352
EVT0039954,BMW00640,WBA00000000000640,2026-05-19 17:25:00,85.42,46.04,-3.67,15.056262,-66.712658
EVT0084078,BMW00422,WBA00000000000422,2026-10-19 22:25:00,91.18,43.42,7.74,44.704132,-76.602606
EVT0049790,BMW00304,WBA00000000000304,2026-06-22 21:05:00,51.05,17.39,-7.04,54.686165,124.770082
EVT0027096,BMW00332,WBA00000000000332,2026-04-05 01:55:00,89.25,16.48,28.16,37.469927,80.310603
EVT0095846,BMW00832,WBA00000000000832,2026-11-29 19:05:00,69.34,66.76,-5.87,25.967335,146.893247
EVT0013872,BMW00556,WBA00000000000556,2026-02-18 03:55:00,45.01,24.84,48.38,37.23809,49.494671
EVT0052712,BMW00302,WBA00000000000302,2026-07-03 00:35:00,97.74,86.38,43.4,35.4688,134.256852
EVT0037827,BMW00168,WBA00000000000168,2026-05-12 08:10:00,33.01,12.77,29.36,9.987255,139.710515
EVT0065474,BMW00408,WBA00000000000408,2026-08-16 08:05:00,36.9,116.23,39.35,16.57594,-88.433885
EVT0051253,BMW00402,WBA00000000000402,2026-06-27 23:00:00,93.44,79.54,12.61,44.57745,77.968242
EVT0034671,BMW00425,WBA00000000000425,2026-05-01 09:10:00,38.46,138.2,46.45,47.791105,130.99023
EVT0045957,BMW00742,WBA00000000000742,2026-06-09 13:40:00,59.03,132.86,31.92,27.466834,-113.105718
EVT0046441,BMW00444,WBA00000000000444,2026-06-11 06:00:00,40.22,21.73,4.24,8.886513,126.877343
EVT0060572,BMW00701,WBA00000000000701,2026-07-30 07:35:00,94.07,19.22,37.57,21.888376,111.285686
EVT0084261,BMW00900,WBA00000000000900,2026-10-20 13:40:00,61.67,122.51,32.1,39.325327,-14.530473
EVT0033666,BMW00727,WBA00000000000727,2026-04-27 21:25:00,51.65,95.98,-3.63,15.168263,82.792792
EVT0098826,BMW00998,WBA00000000000998,2026-12-10 03:25:00,55.55,96.24,23.91,19.728659,6.225535
EVT0020875,BMW00352,WBA00000000000352,2026-03-14 11:30:00,33.47,10.31,6.83,12.702304,104.730671
EVT0099551,BMW00554,WBA00000000000554,2026-12-12 15:50:00,96.32,15.31,-3.26,16.409428,-24.488992
EVT0069318,BMW00171,WBA00000000000171,2026-08-29 16:25:00,19.32,126.79,16.75,45.05937,137.336478
EVT0042001,BMW00977,WBA00000000000977,2026-05-26 20:00:00,13.14,76.14,42.01,18.700606,28.858362
EVT0093611,BMW00170,WBA00000000000170,2026-11-22 00:50:00,91.75,15.61,11.83,17.854703,-39.604228
EVT0057394,BMW00608,WBA00000000000608,2026-07-19 06:45:00,79.61,85.05,50.69,42.456511,-46.65757
EVT0035399,BMW00997,WBA00000000000997,2026-05-03 21:50:00,40.27,158.57,45.58,52.68202,-89.917585
EVT0011856,BMW00234,WBA00000000000234,2026-02-11 03:55:00,50.15,47.23,4.87,17.199459,-30.939548
EVT0029994,BMW00922,WBA00000000000922,2026-04-15 03:25:00,40.97,151.63,6.24,13.100008,103.220244
EVT0037204,BMW00418,WBA00000000000418,2026-05-10 04:15:00,12.95,37.65,28.19,13.804376,-38.130213
EVT0049730,BMW00452,WBA00000000000452,2026-06-22 16:05:00,54.96,1.3,8.68,16.728065,14.34423
EVT0030048,BMW00435,WBA00000000000435,2026-04-15 07:55:00,60.03,152.09,10.29,21.051421,24.966591
EVT0083216,BMW00176,WBA00000000000176,2026-10-16 22:35:00,20.39,2.11,3.83,30.37774,21.691287
EVT0069585,BMW00384,WBA00000000000384,2026-08-30 14:40:00,22.86,4.43,49.95,12.595923,22.387149
EVT0045076,BMW00861,WBA00000000000861,2026-06-06 12:15:00,61.3,86.05,26.66,17.380666,-42.63476
EVT0066407,BMW00493,WBA00000000000493,2026-08-19 13:50:00,63.85,52.83,3.14,51.286617,-29.343276
EVT0058864,BMW00444,WBA00000000000444,2026-07-24 09:15:00,11.05,0.3,9.65,25.890894,2.581558
EVT0064493,BMW00611,WBA00000000000611,2026-08-12 22:20:00,13.74,132.86,47.05,32.691725,-0.096938
EVT0013478,BMW00788,WBA00000000000788,2026-02-16 19:05:00,91.56,64.18,-0.05,9.566889,-99.870011
EVT0085813,BMW00399,WBA00000000000399,2026-10-25 23:00:00,51.47,159.92,-4.93,42.71411,39.461561
EVT0007329,BMW00279,WBA00000000000279,2026-01-26 10:40:00,68.27,90.15,30.27,44.300258,47.590901
EVT0016536,BMW00430,WBA00000000000430,2026-02-27 09:55:00,56.17,149.01,32.68,45.905867,-25.540396
EVT0054583,BMW00411,WBA00000000000411,2026-07-09 12:30:00,53.98,58.37,3.53,50.09054,149.866825
EVT0038096,BMW00569,WBA00000000000569,2026-05-13 06:35:00,49.7,43.01,40.25,17.734137,116.470139
EVT0088277,BMW00535,WBA00000000000535,2026-11-03 12:20:00,33.96,155.97,10.85,52.392635,116.877405
EVT0060795,BMW00584,WBA00000000000584,2026-07-31 02:10:00,52.72,99.21,10.95,34.866884,-93.87273
EVT0044872,BMW00549,WBA00000000000549,2026-06-05 19:15:00,68.21,73.6,18.3,34.680936,-41.425575
EVT0019307,BMW00448,WBA00000000000448,2026-03-09 00:50:00,82.53,92.81,49.11,12.175409,-112.888266
EVT0072394,BMW00328,WBA00000000000328,2026-09-09 08:45:00,58.05,124.58,15.54,31.086292,66.155359
EVT0013031,BMW00154,WBA00000000000154,2026-02-15 05:50:00,76.73,124.93,29.88,28.710733,17.861634
EVT0010018,BMW00622,WBA00000000000622,2026-02-04 18:45:00,20.65,9.97,-5.01,19.564702,86.374526
EVT0066462,BMW00036,WBA00000000000036,2026-08-19 18:25:00,21.84,41.72,50.26,13.795449,-31.613895
EVT0089255,BMW00521,WBA00000000000521,2026-11-06 21:50:00,23.49,88.99,-8.9,54.910506,137.309276
EVT0010360,BMW00973,WBA00000000000973,2026-02-05 23:15:00,72.75,18.76,53.22,46.256891,74.235507
EVT0091642,BMW00973,WBA00000000000973,2026-11-15 04:45:00,99.75,11.1,41.67,9.384361,98.311384
EVT0074847,BMW00248,WBA00000000000248,2026-09-17 21:10:00,51.65,57.99,26.48,14.644164,-31.576069
EVT0092953,BMW00152,WBA00000000000152,2026-11-19 18:00:00,95.89,30.13,48.23,13.806361,-76.743425
EVT0054890,BMW00675,WBA00000000000675,2026-07-10 14:05:00,60.53,14.86,53.82,8.708481,131.986556
EVT0095618,BMW00570,WBA00000000000570,2026-11-29 00:05:00,28.19,52.78,44.89,36.593328,13.972938
EVT0081566,BMW00522,WBA00000000000522,2026-10-11 05:05:00,48.8,49.37,17.57,14.161547,-90.239066
EVT0051173,BMW00801,WBA00000000000801,2026-06-27 16:20:00,82.88,31.89,-5.48,51.072219,-70.042844
EVT0016879,BMW00165,WBA00000000000165,2026-02-28 14:30:00,74.06,82.59,13.29,15.272377,-100.278875
EVT0009054,BMW00600,WBA00000000000600,2026-02-01 10:25:00,37.11,83.97,29.94,20.953179,-14.116995
EVT0033761,BMW00600,WBA00000000000600,2026-04-28 05:20:00,28.59,87.78,35.41,47.42082,-19.885966
EVT0020087,BMW00502,WBA00000000000502,2026-03-11 17:50:00,67.73,134.15,53.7,51.041053,54.542014
EVT0088171,BMW00765,WBA00000000000765,2026-11-03 03:30:00,10.24,43.34,0.86,9.399389,-68.840691
EVT0051806,BMW00769,WBA00000000000769,2026-06-29 21:05:00,83.28,116.53,8.56,13.597247,56.724703
EVT0071786,BMW00213,WBA00000000000213,2026-09-07 06:05:00,21.15,54.64,2.21,35.072388,69.679036
EVT0086513,BMW00115,WBA00000000000115,2026-10-28 09:20:00,72.18,58.34,26.26,39.390166,19.565485
EVT0029127,BMW00848,WBA00000000000848,2026-04-12 03:10:00,11.62,9.1,6.34,48.370443,31.577512
EVT0005916,BMW00646,WBA00000000000646,2026-01-21 12:55:00,72.2,43.65,40.59,39.586205,-42.88579
EVT0021263,BMW00465,WBA00000000000465,2026-03-15 19:50:00,89.82,0.55,47.79,24.389162,47.984108
EVT0092404,BMW00086,WBA00000000000086,2026-11-17 20:15:00,78.74,90.18,18.38,22.757153,-117.37309
EVT0069538,BMW00859,WBA00000000000859,2026-08-30 10:45:00,58.82,112.81,27.82,28.554286,30.108527
EVT0050392,BMW00916,WBA00000000000916,2026-06-24 23:15:00,69.11,32.79,8.53,43.001885,102.222027
EVT0067666,BMW00417,WBA00000000000417,2026-08-23 22:45:00,20.94,92.3,18.59,42.252812,-50.380403
EVT0035074,BMW00404,WBA00000000000404,2026-05-02 18:45:00,66.13,141.04,27.49,23.114305,72.621124
EVT0091046,BMW00349,WBA00000000000349,2026-11-13 03:05:00,79.72,45.62,24.45,37.317531,-30.283323
EVT0032245,BMW00213,WBA00000000000213,2026-04-22 23:00:00,56.24,87.67,5.76,30.611229,91.316037
EVT0060719,BMW00730,WBA00000000000730,2026-07-30 19:50:00,22.71,135.91,53.01,49.201403,-95.209294
EVT0069641,BMW00082,WBA00000000000082,2026-08-30 19:20:00,55.83,97.59,-1.6,53.838342,148.799549
EVT0093499,BMW00814,WBA00000000000814,2026-11-21 15:30:00,75.67,32.34,27.3,52.89831,8.17174
EVT0024625,BMW00620,WBA00000000000620,2026-03-27 12:00:00,47.17,81.65,35.81,19.952539,34.343862
EVT0065616,BMW00259,WBA00000000000259,2026-08-16 19:55:00,42.91,50.38,26.97,8.007916,-98.002014
EVT0027694,BMW00433,WBA00000000000433,2026-04-07 03:45:00,59.94,132.1,-4.51,34.155532,-53.094059
EVT0077198,BMW00019,WBA00000000000019,2026-09-26 01:05:00,78.86,67.31,30.41,33.746194,-31.303046
EVT0079296,BMW00201,WBA00000000000201,2026-10-03 07:55:00,58.5,115.01,1.41,51.489087,126.962754
EVT0015337,BMW00883,WBA00000000000883,2026-02-23 06:00:00,68.22,9.34,53.89,33.031747,-28.457633
EVT0089234,BMW00299,WBA00000000000299,2026-11-06 20:05:00,14.08,11.52,35.98,39.69684,-27.031056
EVT0063721,BMW00059,WBA00000000000059,2026-08-10 06:00:00,79.61,101.22,13.68,37.62859,-53.064526
EVT0056753,BMW00665,WBA00000000000665,2026-07-17 01:20:00,12.28,150.99,26.99,10.035143,94.94851
EVT0051677,BMW00630,WBA00000000000630,2026-06-29 10:20:00,54.11,123.87,-5.32,50.971119,45.600233
EVT0010095,BMW00272,WBA00000000000272,2026-02-05 01:10:00,48.26,13.9,7.45,32.274205,-52.292826
EVT0054191,BMW00665,WBA00000000000665,2026-07-08 03:50:00,39.93,136.18,2.88,24.880023,-36.488263
EVT0070414,BMW00391,WBA00000000000391,2026-09-02 11:45:00,28.89,31.64,21.57,49.680326,134.100867
EVT0025193,BMW00957,WBA00000000000957,2026-03-29 11:20:00,41.39,13.04,41.7,28.798463,-96.990359
EVT0015679,BMW00269,WBA00000000000269,2026-02-24 10:30:00,32.58,15.19,24.34,19.732176,132.189917
EVT0072224,BMW00611,WBA00000000000611,2026-09-08 18:35:00,15.99,106.16,21.19,26.844256,19.140128
EVT0020531,BMW00559,WBA00000000000559,2026-03-13 06:50:00,75.99,55.31,-0.21,16.504709,-98.382659
EVT0082225,BMW00723,WBA00000000000723,2026-10-13 12:00:00,94.41,99.82,25.6,54.248259,33.854214
EVT0074518,BMW00534,WBA00000000000534,2026-09-16 17:45:00,12.42,67.24,31.94,26.412477,46.491994
EVT0078071,BMW00496,WBA00000000000496,2026-09-29 01:50:00,51.03,80.27,16.81,14.372347,86.078665
EVT0051974,BMW00324,WBA00000000000324,2026-06-30 11:05:00,12.32,83.56,-4.28,9.85728,-113.961539
EVT0036432,BMW00079,WBA00000000000079,2026-05-07 11:55:00,45.94,110.86,3.92,16.994571,-91.946984
EVT0076286,BMW00275,WBA00000000000275,2026-09-22 21:05:00,78.5,138.9,33.26,23.864439,-115.13815
EVT0074757,BMW00695,WBA00000000000695,2026-09-17 13:40:00,63.94,31.96,25.22,44.949809,-80.967484
EVT0036799,BMW00475,WBA00000000000475,2026-05-08 18:30:00,60.2,72.53,43.54,40.880238,0.628065
EVT0008060,BMW00084,WBA00000000000084,2026-01-28 23:35:00,58.26,8.7,53.0,36.397088,-37.913718
EVT0057050,BMW00251,WBA00000000000251,2026-07-18 02:05:00,85.52,141.71,14.01,15.803103,47.964983
EVT0083865,BMW00040,WBA00000000000040,2026-10-19 04:40:00,55.64,75.14,-1.16,10.853502,146.396872
EVT0050321,BMW00817,WBA00000000000817,2026-06-24 17:20:00,21.07,85.54,42.5,20.29723,20.600804
EVT0063370,BMW00522,WBA00000000000522,2026-08-09 00:45:00,97.77,143.84,9.03,49.987778,-60.317039
EVT0071411,BMW00387,WBA00000000000387,2026-09-05 22:50:00,47.69,36.17,-1.57,8.300295,-101.783359
EVT0001838,BMW00058,WBA00000000000058,2026-01-07 09:05:00,32.56,86.69,2.41,12.881059,21.598192
EVT0076667,BMW00329,WBA00000000000329,2026-09-24 04:50:00,54.56,61.79,40.09,9.537781,93.380669
EVT0072812,BMW00283,WBA00000000000283,2026-09-10 19:35:00,43.67,106.67,22.44,48.164181,12.99144
EVT0081131,BMW00489,WBA00000000000489,2026-10-09 16:50:00,91.74,60.61,51.42,8.590238,64.464611
EVT0040744,BMW00552,WBA00000000000552,2026-05-22 11:15:00,39.49,35.35,19.99,37.616479,-38.965529
EVT0071103,BMW00472,WBA00000000000472,2026-09-04 21:10:00,65.87,58.89,47.38,8.411047,104.996101
EVT0037090,BMW00772,WBA00000000000772,2026-05-09 18:45:00,76.17,79.66,10.44,25.148857,-61.230015
EVT0008840,BMW00595,WBA00000000000595,2026-01-31 16:35:00,43.72,88.49,47.86,50.041814,-73.699223
EVT0034556,BMW00295,WBA00000000000295,2026-04-30 23:35:00,23.66,128.04,14.42,12.328402,-25.01336
EVT0058576,BMW00160,WBA00000000000160,2026-07-23 09:15:00,80.76,66.83,28.65,20.880626,11.6787
EVT0029929,BMW00798,WBA00000000000798,2026-04-14 22:00:00,98.13,149.54,21.7,46.81598,34.446182
EVT0015561,BMW00639,WBA00000000000639,2026-02-24 00:40:00,84.7,88.11,19.61,45.919825,-118.614906
EVT0089067,BMW00135,WBA00000000000135,2026-11-06 06:10:00,79.04,123.47,21.4,26.610936,146.310097
EVT0092467,BMW00420,WBA00000000000420,2026-11-18 01:30:00,33.73,22.18,48.54,29.325149,26.434593
EVT0075028,BMW00130,WBA00000000000130,2026-09-18 12:15:00,36.18,6.22,23.13,15.769259,-82.952638
EVT0071376,BMW00153,WBA00000000000153,2026-09-05 19:55:00,49.87,139.15,11.91,16.285843,81.293967
EVT0061607,BMW00298,WBA00000000000298,2026-08-02 21:50:00,38.37,54.09,7.4,46.610466,88.389409
EVT0001277,BMW00072,WBA00000000000072,2026-01-05 10:20:00,36.53,17.06,-4.11,23.780039,60.532066
EVT0060083,BMW00167,WBA00000000000167,2026-07-28 14:50:00,87.79,111.08,17.03,48.560232,-46.646533
EVT0072518,BMW00776,WBA00000000000776,2026-09-09 19:05:00,35.43,102.34,-1.06,47.921375,88.21834
EVT0026793,BMW00127,WBA00000000000127,2026-04-04 00:40:00,45.06,102.36,20.84,39.091089,9.620677
EVT0079174,BMW00621,WBA00000000000621,2026-10-02 21:45:00,68.15,137.94,16.68,43.006109,-65.379763
EVT0051939,BMW00782,WBA00000000000782,2026-06-30 08:10:00,11.23,135.26,1.2,40.189074,-84.991764
EVT0099602,BMW00686,WBA00000000000686,2026-12-12 20:05:00,57.35,135.36,42.32,32.599384,86.619252
EVT0086649,BMW00305,WBA00000000000305,2026-10-28 20:40:00,20.45,131.87,38.86,42.959336,69.821611
EVT0052265,BMW00860,WBA00000000000860,2026-07-01 11:20:00,98.39,68.89,30.01,34.699919,-55.682466
EVT0005645,BMW00852,WBA00000000000852,2026-01-20 14:20:00,21.51,151.56,16.41,47.552458,-10.819641
EVT0003391,BMW00992,WBA00000000000992,2026-01-12 18:30:00,77.02,146.61,40.65,22.295597,3.633129
EVT0010555,BMW00428,WBA00000000000428,2026-02-06 15:30:00,20.48,18.15,16.68,9.676822,-53.409117
EVT0007092,BMW00389,WBA00000000000389,2026-01-25 14:55:00,84.76,130.88,24.03,23.127156,46.805964
EVT0092627,BMW00769,WBA00000000000769,2026-11-18 14:50:00,67.12,150.13,38.88,39.332958,27.549182
EVT0049662,BMW00423,WBA00000000000423,2026-06-22 10:25:00,36.65,51.83,43.28,29.035965,99.307373
EVT0029046,BMW00046,WBA00000000000046,2026-04-11 20:25:00,67.09,153.58,41.4,44.287531,-16.002418
EVT0072963,BMW00531,WBA00000000000531,2026-09-11 08:10:00,75.05,21.49,1.95,29.025982,-8.760853
EVT0096590,BMW00423,WBA00000000000423,2026-12-02 09:05:00,77.11,134.96,-1.61,54.808105,-85.472593
EVT0027821,BMW00199,WBA00000000000199,2026-04-07 14:20:00,31.1,154.41,-2.03,10.321115,46.414569
EVT0024813,BMW00714,WBA00000000000714,2026-03-28 03:40:00,58.24,141.85,53.84,47.108543,126.956007
EVT0031773,BMW00615,WBA00000000000615,2026-04-21 07:40:00,73.35,98.0,-4.75,53.553773,-37.238024
EVT0003193,BMW00215,WBA00000000000215,2026-01-12 02:00:00,28.32,107.98,45.59,17.158653,19.01878
EVT0030781,BMW00716,WBA00000000000716,2026-04-17 21:00:00,76.87,111.13,54.43,28.432069,68.59595
EVT0098486,BMW00516,WBA00000000000516,2026-12-08 23:05:00,30.31,6.76,43.06,51.823868,79.463356
EVT0060095,BMW00377,WBA00000000000377,2026-07-28 15:50:00,89.57,56.74,45.15,45.772897,-76.847922
EVT0026752,BMW00655,WBA00000000000655,2026-04-03 21:15:00,52.25,140.97,15.02,36.49553,-86.099464
EVT0056218,BMW00289,WBA00000000000289,2026-07-15 04:45:00,22.57,23.44,44.83,29.97029,103.379457
EVT0063386,BMW00452,WBA00000000000452,2026-08-09 02:05:00,66.99,48.84,26.17,20.713481,-9.944875
EVT0055992,BMW00461,WBA00000000000461,2026-07-14 09:55:00,33.81,78.89,-5.79,17.047983,-91.562039
EVT0060976,BMW00577,WBA00000000000577,2026-07-31 17:15:00,93.75,39.74,45.04,39.124662,-8.998611
EVT0053373,BMW00130,WBA00000000000130,2026-07-05 07:40:00,57.47,22.2,33.37,20.000866,45.512445
EVT0052516,BMW00087,WBA00000000000087,2026-07-02 08:15:00,65.79,4.02,44.69,22.058979,130.072339
EVT0001283,BMW00596,WBA00000000000596,2026-01-05 10:50:00,80.64,43.62,52.16,41.750452,128.868769
EVT0043304,BMW00056,WBA00000000000056,2026-05-31 08:35:00,10.03,36.04,9.17,40.159655,106.81396
EVT0020419,BMW00243,WBA00000000000243,2026-03-12 21:30:00,53.0,86.15,11.58,52.126587,-36.429378
EVT0035549,BMW00325,WBA00000000000325,2026-05-04 10:20:00,93.32,116.17,44.59,23.423422,53.398313
EVT0036835,BMW00645,WBA00000000000645,2026-05-08 21:30:00,91.48,147.13,6.42,36.876617,121.473821
EVT0041550,BMW00525,WBA00000000000525,2026-05-25 06:25:00,82.97,143.04,-1.07,27.430584,-48.952664
EVT0066369,BMW00425,WBA00000000000425,2026-08-19 10:40:00,27.43,114.81,-6.23,10.546542,72.264769
EVT0012505,BMW00804,WBA00000000000804,2026-02-13 10:00:00,69.21,41.38,44.65,17.104012,40.411552
EVT0051273,BMW00336,WBA00000000000336,2026-06-28 00:40:00,87.4,110.08,-6.74,51.219526,133.671458
EVT0003962,BMW00460,WBA00000000000460,2026-01-14 18:05:00,81.51,62.62,39.56,36.95431,36.45104
EVT0033163,BMW00444,WBA00000000000444,2026-04-26 03:30:00,88.44,159.15,6.39,36.530455,-117.547292
EVT0038025,BMW00029,WBA00000000000029,2026-05-13 00:40:00,11.74,125.24,47.86,46.472131,-115.813727
EVT0005559,BMW00567,WBA00000000000567,2026-01-20 07:10:00,53.7,50.81,49.32,49.802156,7.164474
EVT0047513,BMW00495,WBA00000000000495,2026-06-14 23:20:00,46.8,92.2,17.81,25.958381,27.91117
EVT0043964,BMW00354,WBA00000000000354,2026-06-02 15:35:00,74.46,130.3,33.71,16.627799,-104.903325
EVT0030424,BMW00476,WBA00000000000476,2026-04-16 15:15:00,91.26,142.81,42.92,30.781308,145.301934
EVT0010244,BMW00742,WBA00000000000742,2026-02-05 13:35:00,71.89,87.63,16.48,22.984588,-78.674391
EVT0076054,BMW00690,WBA00000000000690,2026-09-22 01:45:00,30.76,125.91,-5.61,9.671022,31.185429
EVT0074661,BMW00227,WBA00000000000227,2026-09-17 05:40:00,74.9,26.19,14.65,42.470501,-98.730464
EVT0006405,BMW00834,WBA00000000000834,2026-01-23 05:40:00,33.32,153.01,0.04,31.11019,131.010875
EVT0080209,BMW00991,WBA00000000000991,2026-10-06 12:00:00,85.66,0.97,0.82,39.019082,-62.544341
EVT0097355,BMW00778,WBA00000000000778,2026-12-05 00:50:00,63.59,43.91,-9.19,46.985968,89.637813
EVT0087957,BMW00541,WBA00000000000541,2026-11-02 09:40:00,69.15,15.59,24.42,30.319002,-29.851581
EVT0037222,BMW00086,WBA00000000000086,2026-05-10 05:45:00,82.01,121.59,20.9,9.728675,73.582867
EVT0090460,BMW00597,WBA00000000000597,2026-11-11 02:15:00,91.17,69.72,5.47,28.86132,97.643269
EVT0054685,BMW00797,WBA00000000000797,2026-07-09 21:00:00,43.47,5.14,5.77,51.807316,62.75985
EVT0011279,BMW00315,WBA00000000000315,2026-02-09 03:50:00,53.38,4.46,28.66,49.264299,-94.386064
EVT0054601,BMW00472,WBA00000000000472,2026-07-09 14:00:00,94.83,7.95,4.82,15.691834,-0.078097
EVT0097738,BMW00005,WBA00000000000005,2026-12-06 08:45:00,50.42,58.91,3.67,24.050362,102.034141
EVT0003315,BMW00037,WBA00000000000037,2026-01-12 12:10:00,22.83,152.67,25.52,35.281989,-114.596365
EVT0090996,BMW00032,WBA00000000000032,2026-11-12 22:55:00,93.42,77.94,38.01,18.060241,46.205972
EVT0015709,BMW00232,WBA00000000000232,2026-02-24 13:00:00,80.72,48.86,16.23,36.429994,105.167432
EVT0033934,BMW00244,WBA00000000000244,2026-04-28 19:45:00,66.28,99.64,19.79,46.815891,35.99416
EVT0053510,BMW00245,WBA00000000000245,2026-07-05 19:05:00,44.07,110.07,43.33,17.418507,-48.956084
EVT0023103,BMW00380,WBA00000000000380,2026-03-22 05:10:00,52.84,55.42,1.88,52.719572,130.971374
EVT0071917,BMW00791,WBA00000000000791,2026-09-07 17:00:00,28.42,95.53,5.63,27.359443,147.793217
EVT0027659,BMW00101,WBA00000000000101,2026-04-07 00:50:00,54.98,135.39,20.92,8.226258,86.207658
EVT0032444,BMW00794,WBA00000000000794,2026-04-23 15:35:00,59.72,105.28,54.93,50.753397,27.939994
EVT0038700,BMW00272,WBA00000000000272,2026-05-15 08:55:00,78.61,21.02,7.8,44.457165,-100.880751
EVT0089789,BMW00382,WBA00000000000382,2026-11-08 18:20:00,29.54,98.02,9.52,51.237645,-119.054492
EVT0050885,BMW00452,WBA00000000000452,2026-06-26 16:20:00,98.32,102.21,26.99,33.906952,-45.954139
EVT0074547,BMW00808,WBA00000000000808,2026-09-16 20:10:00,70.43,79.09,39.61,48.421324,-4.89294
EVT0099127,BMW00875,WBA00000000000875,2026-12-11 04:30:00,12.15,141.96,7.72,40.35397,41.197293
EVT0006950,BMW00969,WBA00000000000969,2026-01-25 03:05:00,53.38,132.72,-6.03,40.37807,-88.591101
EVT0017214,BMW00800,WBA00000000000800,2026-03-01 18:25:00,69.56,136.42,21.31,42.824668,-30.492051
EVT0011398,BMW00448,WBA00000000000448,2026-02-09 13:45:00,91.99,150.45,1.59,20.613827,-29.014258
EVT0064638,BMW00031,WBA00000000000031,2026-08-13 10:25:00,98.59,45.08,52.76,49.200378,69.456756
EVT0002829,BMW00552,WBA00000000000552,2026-01-10 19:40:00,90.71,59.04,53.93,31.625664,-87.188296
EVT0068362,BMW00876,WBA00000000000876,2026-08-26 08:45:00,26.16,82.85,5.18,53.967279,72.57605
EVT0070262,BMW00980,WBA00000000000980,2026-09-01 23:05:00,91.39,157.91,10.82,21.549471,87.427071
EVT0025392,BMW00752,WBA00000000000752,2026-03-30 03:55:00,64.22,28.18,17.97,31.352606,27.794348
EVT0059165,BMW00818,WBA00000000000818,2026-07-25 10:20:00,45.09,9.58,34.61,35.221777,5.006974
EVT0005170,BMW00934,WBA00000000000934,2026-01-18 22:45:00,21.63,154.43,4.9,18.060323,-67.082533
EVT0064063,BMW00003,WBA00000000000003,2026-08-11 10:30:00,96.72,135.66,38.94,27.580267,-16.142691
EVT0031823,BMW00358,WBA00000000000358,2026-04-21 11:50:00,19.85,97.33,35.39,51.470545,8.570179
EVT0003915,BMW00672,WBA00000000000672,2026-01-14 14:10:00,40.94,111.27,46.19,22.730058,57.542997
EVT0004850,BMW00475,WBA00000000000475,2026-01-17 20:05:00,87.06,123.77,16.08,32.058346,89.251306
EVT0062382,BMW00470,WBA00000000000470,2026-08-05 14:25:00,35.98,7.57,2.33,12.137543,-4.666418
EVT0028254,BMW00263,WBA00000000000263,2026-04-09 02:25:00,53.17,139.54,16.48,28.64062,30.801714
EVT0046488,BMW00454,WBA00000000000454,2026-06-11 09:55:00,23.65,133.3,4.24,13.383708,37.922134
EVT0028393,BMW00588,WBA00000000000588,2026-04-09 14:00:00,43.75,5.27,8.19,18.349657,-51.233519
EVT0070874,BMW00636,WBA00000000000636,2026-09-04 02:05:00,55.62,52.68,21.75,42.773567,1.591771
EVT0025662,BMW00843,WBA00000000000843,2026-03-31 02:25:00,14.64,44.47,30.28,23.035334,28.878513
EVT0069497,BMW00532,WBA00000000000532,2026-08-30 07:20:00,28.97,83.74,6.24,47.721182,2.780409
EVT0048678,BMW00355,WBA00000000000355,2026-06-19 00:25:00,37.1,14.47,-3.03,44.646014,43.874891
EVT0079798,BMW00737,WBA00000000000737,2026-10-05 01:45:00,63.15,134.45,20.46,29.252492,-90.727202
EVT0061019,BMW00145,WBA00000000000145,2026-07-31 20:50:00,97.93,16.56,-9.65,33.313652,147.398957
EVT0041716,BMW00583,WBA00000000000583,2026-05-25 20:15:00,31.86,110.05,26.91,27.341204,-103.824399
EVT0062475,BMW00228,WBA00000000000228,2026-08-05 22:10:00,28.69,7.44,26.8,49.446223,35.454924
EVT0008607,BMW00846,WBA00000000000846,2026-01-30 21:10:00,18.51,23.34,-9.92,21.783206,-80.474888
EVT0005795,BMW00300,WBA00000000000300,2026-01-21 02:50:00,19.59,100.93,18.25,15.518148,107.417132
EVT0072571,BMW00889,WBA00000000000889,2026-09-09 23:30:00,10.89,70.69,32.91,32.486274,-31.050155
EVT0086402,BMW00609,WBA00000000000609,2026-10-28 00:05:00,59.13,39.95,-6.59,40.485294,-103.359807
EVT0071217,BMW00560,WBA00000000000560,2026-09-05 06:40:00,16.0,113.15,20.92,54.314675,28.565124
EVT0037644,BMW00429,WBA00000000000429,2026-05-11 16:55:00,61.32,119.44,47.55,41.341631,112.788264
EVT0044919,BMW00836,WBA00000000000836,2026-06-05 23:10:00,32.97,139.84,-8.99,42.609443,13.899716
EVT0096764,BMW00824,WBA00000000000824,2026-12-02 23:35:00,52.82,57.09,3.42,28.214574,-50.28201
EVT0083286,BMW00101,WBA00000000000101,2026-10-17 04:25:00,78.2,108.45,-4.88,13.639629,-6.20182
EVT0006050,BMW00282,WBA00000000000282,2026-01-22 00:05:00,38.27,158.95,7.81,18.413069,-107.682082
EVT0055689,BMW00886,WBA00000000000886,2026-07-13 08:40:00,15.66,109.78,52.35,23.444745,23.160202
EVT0007886,BMW00838,WBA00000000000838,2026-01-28 09:05:00,46.59,132.61,54.26,49.856461,-116.014661
EVT0005501,BMW00093,WBA00000000000093,2026-01-20 02:20:00,50.17,159.21,43.03,43.1452,34.823952
EVT0015440,BMW00699,WBA00000000000699,2026-02-23 14:35:00,14.75,130.11,-4.38,26.962054,17.783529
EVT0045384,BMW00023,WBA00000000000023,2026-06-07 13:55:00,79.79,45.57,34.28,37.842019,-53.877709
EVT0055718,BMW00216,WBA00000000000216,2026-07-13 11:05:00,90.92,140.57,0.77,28.321958,0.34206
EVT0037635,BMW00878,WBA00000000000878,2026-05-11 16:10:00,95.31,110.15,2.79,32.302258,-74.53979
EVT0054256,BMW00100,WBA00000000000100,2026-07-08 09:15:00,20.51,46.33,-1.44,21.076035,-29.478796
EVT0058179,BMW00201,WBA00000000000201,2026-07-22 00:10:00,25.84,45.58,3.16,50.174808,-20.436101
EVT0042360,BMW00209,WBA00000000000209,2026-05-28 01:55:00,99.78,78.75,29.01,33.275233,-67.267957
EVT0010042,BMW00060,WBA00000000000060,2026-02-04 20:45:00,94.55,140.43,-7.89,54.561799,72.932682
EVT0071964,BMW00838,WBA00000000000838,2026-09-07 20:55:00,85.03,4.28,32.43,19.386833,99.526011
EVT0086387,BMW00954,WBA00000000000954,2026-10-27 22:50:00,28.04,38.08,28.36,8.825359,126.97897
EVT0022953,BMW00159,WBA00000000000159,2026-03-21 16:40:00,13.68,34.44,30.9,19.715591,-37.886147
EVT0035813,BMW00694,WBA00000000000694,2026-05-05 08:20:00,14.95,91.77,15.64,51.366634,31.753218
EVT0079645,BMW00871,WBA00000000000871,2026-10-04 13:00:00,54.37,45.31,25.33,20.367959,121.999779
EVT0018773,BMW00758,WBA00000000000758,2026-03-07 04:20:00,91.43,73.02,11.52,42.663201,-49.224426
EVT0000059,BMW00255,WBA00000000000255,2026-01-01 04:50:00,87.49,133.42,29.04,38.029443,-0.333301
EVT0049372,BMW00858,WBA00000000000858,2026-06-21 10:15:00,39.11,8.48,9.66,13.939227,2.868327
EVT0088617,BMW00758,WBA00000000000758,2026-11-04 16:40:00,81.83,11.39,33.92,39.658618,-22.724237
EVT0039093,BMW00390,WBA00000000000390,2026-05-16 17:40:00,89.61,3.42,23.75,41.315032,48.568058
EVT0083302,BMW00943,WBA00000000000943,2026-10-17 05:45:00,82.0,119.01,5.06,34.112808,-90.499499
EVT0036606,BMW00930,WBA00000000000930,2026-05-08 02:25:00,49.69,72.37,53.11,37.082891,19.321277
EVT0002184,BMW00329,WBA00000000000329,2026-01-08 13:55:00,56.94,4.57,13.84,30.537267,-38.50371
EVT0085775,BMW00478,WBA00000000000478,2026-10-25 19:50:00,51.87,81.04,21.11,50.831216,32.753556
EVT0030357,BMW00765,WBA00000000000765,2026-04-16 09:40:00,67.37,131.53,29.49,27.501027,53.459427
EVT0076099,BMW00055,WBA00000000000055,2026-09-22 05:30:00,21.69,17.57,-0.39,33.862541,-117.611512
EVT0064955,BMW00857,WBA00000000000857,2026-08-14 12:50:00,94.32,31.6,54.37,20.155836,142.141979
EVT0047745,BMW00571,WBA00000000000571,2026-06-15 18:40:00,87.62,95.16,4.16,43.850442,-76.677393
EVT0040918,BMW00361,WBA00000000000361,2026-05-23 01:45:00,64.66,68.17,3.15,52.119916,145.593557
EVT0013497,BMW00398,WBA00000000000398,2026-02-16 20:40:00,27.08,119.8,13.01,37.423009,74.663839
EVT0004557,BMW00754,WBA00000000000754,2026-01-16 19:40:00,77.64,150.56,44.79,35.698482,68.195639
EVT0045994,BMW00098,WBA00000000000098,2026-06-09 16:45:00,32.1,111.21,4.1,19.560175,55.935443
EVT0010829,BMW00921,WBA00000000000921,2026-02-07 14:20:00,19.5,62.71,50.12,35.10766,-27.693634
EVT0057116,BMW00902,WBA00000000000902,2026-07-18 07:35:00,76.59,112.31,51.95,43.738324,-13.202954
EVT0029179,BMW00561,WBA00000000000561,2026-04-12 07:30:00,31.84,117.52,1.41,25.858811,68.186965
EVT0068083,BMW00083,WBA00000000000083,2026-08-25 09:30:00,55.36,89.01,34.03,10.621751,133.202518
EVT0082679,BMW00300,WBA00000000000300,2026-10-15 01:50:00,35.42,88.23,19.48,23.851148,131.922797
EVT0075377,BMW00598,WBA00000000000598,2026-09-19 17:20:00,52.32,46.12,2.55,32.75807,-77.449189
EVT0012919,BMW00638,WBA00000000000638,2026-02-14 20:30:00,60.58,124.47,-0.37,52.458569,52.379603
EVT0099423,BMW00469,WBA00000000000469,2026-12-12 05:10:00,25.25,30.47,19.55,45.306964,12.718272
EVT0040209,BMW00574,WBA00000000000574,2026-05-20 14:40:00,41.37,8.86,28.52,15.977991,77.327668
EVT0049818,BMW00312,WBA00000000000312,2026-06-22 23:25:00,29.42,32.97,-4.27,39.836358,-111.487374
EVT0073214,BMW00270,WBA00000000000270,2026-09-12 05:05:00,44.27,48.71,4.22,22.087573,-10.606502
EVT0069814,BMW00122,WBA00000000000122,2026-08-31 09:45:00,94.11,56.83,46.93,27.664571,149.392234
EVT0068944,BMW00702,WBA00000000000702,2026-08-28 09:15:00,64.36,8.97,18.76,41.558124,47.488723
EVT0000676,BMW00271,WBA00000000000271,2026-01-03 08:15:00,75.15,7.44,42.57,44.916867,69.939324
EVT0095796,BMW00789,WBA00000000000789,2026-11-29 14:55:00,85.35,13.91,-7.83,13.333889,-38.211777
EVT0047226,BMW00960,WBA00000000000960,2026-06-13 23:25:00,55.82,1.61,36.22,30.239953,-34.225412
EVT0075886,BMW00536,WBA00000000000536,2026-09-21 11:45:00,91.08,33.35,6.63,54.986437,30.810936
EVT0051188,BMW00422,WBA00000000000422,2026-06-27 17:35:00,25.65,2.1,39.44,21.526548,26.270864
EVT0051610,BMW00573,WBA00000000000573,2026-06-29 04:45:00,40.2,134.73,3.28,35.276248,-21.521556
EVT0065345,BMW00480,WBA00000000000480,2026-08-15 21:20:00,74.53,148.03,47.09,29.884009,46.06535
EVT0034796,BMW00528,WBA00000000000528,2026-05-01 19:35:00,16.12,151.59,10.15,51.887984,-45.441088
EVT0030920,BMW00609,WBA00000000000609,2026-04-18 08:35:00,46.81,102.77,29.88,8.164161,-90.179661
EVT0052249,BMW00469,WBA00000000000469,2026-07-01 10:00:00,98.75,147.83,30.8,15.926889,61.886995
EVT0031817,BMW00868,WBA00000000000868,2026-04-21 11:20:00,48.11,2.61,-9.06,53.653909,90.041167
EVT0031047,BMW00945,WBA00000000000945,2026-04-18 19:10:00,59.2,4.17,14.09,11.788238,-63.567693
EVT0041379,BMW00373,WBA00000000000373,2026-05-24 16:10:00,68.22,106.63,4.65,44.037302,144.187258
EVT0076837,BMW00431,WBA00000000000431,2026-09-24 19:00:00,28.92,28.19,50.55,11.201991,-39.546506
EVT0028785,BMW00294,WBA00000000000294,2026-04-10 22:40:00,81.01,29.9,23.12,36.08294,-2.802039
EVT0075140,BMW00026,WBA00000000000026,2026-09-18 21:35:00,34.95,133.7,35.72,10.842202,-6.709746
EVT0070190,BMW00074,WBA00000000000074,2026-09-01 17:05:00,85.77,142.7,-0.07,53.332284,-108.970203
EVT0085466,BMW00704,WBA00000000000704,2026-10-24 18:05:00,19.78,138.8,24.03,41.700765,23.699702
EVT0097268,BMW00602,WBA00000000000602,2026-12-04 17:35:00,97.55,110.87,6.56,50.750213,-18.129035
EVT0031033,BMW00483,WBA00000000000483,2026-04-18 18:00:00,99.86,77.01,18.7,39.954808,-50.897139
EVT0083772,BMW00588,WBA00000000000588,2026-10-18 20:55:00,94.98,155.75,16.7,47.751798,78.117621
EVT0007061,BMW00423,WBA00000000000423,2026-01-25 12:20:00,48.01,79.13,50.8,12.4354,-25.102427
EVT0041492,BMW00921,WBA00000000000921,2026-05-25 01:35:00,24.51,121.29,12.93,44.712165,-32.037583
EVT0087651,BMW00015,WBA00000000000015,2026-11-01 08:10:00,25.08,81.35,-6.57,32.230413,67.130397
EVT0007227,BMW00202,WBA00000000000202,2026-01-26 02:10:00,95.56,4.26,-0.49,28.961086,40.123161
EVT0086272,BMW00946,WBA00000000000946,2026-10-27 13:15:00,66.79,14.26,5.81,37.739136,10.232398
EVT0016890,BMW00938,WBA00000000000938,2026-02-28 15:25:00,59.71,146.26,37.34,53.175513,138.243384
EVT0094057,BMW00526,WBA00000000000526,2026-11-23 14:00:00,64.74,91.74,23.32,53.417861,142.280335
EVT0061884,BMW00965,WBA00000000000965,2026-08-03 20:55:00,35.59,32.26,22.15,32.616698,8.117147
EVT0085568,BMW00520,WBA00000000000520,2026-10-25 02:35:00,95.5,13.92,24.28,13.751689,-18.32945
EVT0080479,BMW00924,WBA00000000000924,2026-10-07 10:30:00,75.91,25.28,53.65,53.21619,-64.547709
EVT0066006,BMW00196,WBA00000000000196,2026-08-18 04:25:00,44.02,144.86,46.2,23.453217,-43.916895
EVT0079338,BMW00414,WBA00000000000414,2026-10-03 11:25:00,82.21,84.84,25.48,38.070223,101.814556
EVT0057159,BMW00528,WBA00000000000528,2026-07-18 11:10:00,35.6,9.47,13.11,47.1873,64.21578
EVT0097481,BMW00714,WBA00000000000714,2026-12-05 11:20:00,62.27,106.67,27.53,23.164754,126.422094
EVT0076828,BMW00030,WBA00000000000030,2026-09-24 18:15:00,71.65,147.81,51.15,46.232258,45.57235
EVT0034611,BMW00903,WBA00000000000903,2026-05-01 04:10:00,88.85,128.74,41.26,41.503369,106.37161
EVT0059287,BMW00283,WBA00000000000283,2026-07-25 20:30:00,72.16,68.46,44.78,51.674955,2.107247
EVT0057328,BMW00046,WBA00000000000046,2026-07-19 01:15:00,63.55,87.88,23.23,38.561358,54.979734
EVT0063881,BMW00394,WBA00000000000394,2026-08-10 19:20:00,83.34,147.62,49.05,44.956121,-88.306359
EVT0011873,BMW00281,WBA00000000000281,2026-02-11 05:20:00,92.82,13.36,8.37,35.866745,121.135821
EVT0077068,BMW00353,WBA00000000000353,2026-09-25 14:15:00,56.47,139.35,53.0,54.009086,-66.370138
EVT0023928,BMW00253,WBA00000000000253,2026-03-25 01:55:00,76.29,102.77,-6.73,34.761223,-29.174297
EVT0093345,BMW00727,WBA00000000000727,2026-11-21 02:40:00,38.7,104.6,6.1,8.262433,117.432684
EVT0010979,BMW00478,WBA00000000000478,2026-02-08 02:50:00,49.85,63.3,-7.15,27.098805,-91.10762
EVT0020221,BMW00541,WBA00000000000541,2026-03-12 05:00:00,11.33,69.17,54.97,36.13616,-108.434718
EVT0075788,BMW00413,WBA00000000000413,2026-09-21 03:35:00,88.3,124.24,35.41,40.611106,81.696361
EVT0012333,BMW00423,WBA00000000000423,2026-02-12 19:40:00,47.14,72.49,-5.18,37.736814,-97.802451
EVT0018795,BMW00701,WBA00000000000701,2026-03-07 06:10:00,10.41,91.69,16.0,20.530849,129.755125
EVT0004927,BMW00571,WBA00000000000571,2026-01-18 02:30:00,92.41,67.24,26.43,13.603811,-74.393914
EVT0067111,BMW00374,WBA00000000000374,2026-08-22 00:30:00,32.22,38.58,0.22,46.910129,135.014463
EVT0087246,BMW00692,WBA00000000000692,2026-10-30 22:25:00,53.7,116.34,12.46,28.243287,-108.660593
EVT0073734,BMW00157,WBA00000000000157,2026-09-14 00:25:00,43.81,131.95,29.7,34.675761,-75.884762
EVT0087918,BMW00249,WBA00000000000249,2026-11-02 06:25:00,26.81,5.84,-7.24,25.103338,125.515772
EVT0088354,BMW00779,WBA00000000000779,2026-11-03 18:45:00,36.88,52.67,42.3,21.432231,-28.586275
EVT0096678,BMW00314,WBA00000000000314,2026-12-02 16:25:00,98.34,67.52,19.87,29.40473,15.176656
EVT0010731,BMW00750,WBA00000000000750,2026-02-07 06:10:00,87.53,122.42,34.6,23.890233,-51.272419
EVT0087899,BMW00419,WBA00000000000419,2026-11-02 04:50:00,32.02,18.52,27.73,54.003478,-98.421694
EVT0028301,BMW00791,WBA00000000000791,2026-04-09 06:20:00,83.2,81.6,51.8,33.804555,-99.172214
EVT0000999,BMW00753,WBA00000000000753,2026-01-04 11:10:00,88.4,123.95,53.37,25.369279,-103.896543
EVT0045203,BMW00188,WBA00000000000188,2026-06-06 22:50:00,77.88,156.08,15.03,49.772519,10.695418
EVT0098581,BMW00754,WBA00000000000754,2026-12-09 07:00:00,72.76,159.2,-1.31,39.76598,-26.596318
EVT0007690,BMW00285,WBA00000000000285,2026-01-27 16:45:00,30.64,55.75,29.59,50.831383,94.610453
EVT0056924,BMW00169,WBA00000000000169,2026-07-17 15:35:00,87.42,52.63,33.38,30.656256,-35.988874
EVT0006736,BMW00716,WBA00000000000716,2026-01-24 09:15:00,14.07,132.97,53.02,49.608371,65.252774
EVT0046517,BMW00864,WBA00000000000864,2026-06-11 12:20:00,46.37,150.36,21.19,19.442711,-77.212568
EVT0039902,BMW00226,WBA00000000000226,2026-05-19 13:05:00,56.85,25.95,27.56,13.488298,-63.332812
EVT0025442,BMW00185,WBA00000000000185,2026-03-30 08:05:00,41.97,63.15,-7.16,53.227556,-72.488016
EVT0022775,BMW00511,WBA00000000000511,2026-03-21 01:50:00,97.05,111.18,54.22,10.222553,-14.189857
EVT0013184,BMW00542,WBA00000000000542,2026-02-15 18:35:00,85.36,31.31,23.64,30.749507,30.143726
EVT0079011,BMW00520,WBA00000000000520,2026-10-02 08:10:00,21.32,41.11,21.01,31.988789,27.989603
EVT0013591,BMW00532,WBA00000000000532,2026-02-17 04:30:00,20.01,95.38,-7.41,38.100413,105.157199
EVT0062061,BMW00051,WBA00000000000051,2026-08-04 11:40:00,93.51,24.86,-7.63,51.236584,136.508423
EVT0083986,BMW00271,WBA00000000000271,2026-10-19 14:45:00,42.44,95.45,-4.82,53.533076,-43.519178
EVT0084425,BMW00835,WBA00000000000835,2026-10-21 03:20:00,94.88,72.49,28.26,51.446649,142.225515
EVT0023005,BMW00312,WBA00000000000312,2026-03-21 21:00:00,85.76,57.4,37.74,18.273642,33.134906
EVT0017796,BMW00717,WBA00000000000717,2026-03-03 18:55:00,68.96,69.35,43.89,44.027954,-24.777182
EVT0068482,BMW00694,WBA00000000000694,2026-08-26 18:45:00,45.98,113.11,-9.1,40.039814,71.592194
EVT0050619,BMW00311,WBA00000000000311,2026-06-25 18:10:00,62.99,49.84,14.19,42.568162,-53.137408
EVT0083463,BMW00694,WBA00000000000694,2026-10-17 19:10:00,75.84,18.26,47.82,30.043339,81.835267
EVT0004093,BMW00706,WBA00000000000706,2026-01-15 05:00:00,65.6,95.44,33.28,31.660147,29.37698
EVT0022905,BMW00966,WBA00000000000966,2026-03-21 12:40:00,31.84,144.7,50.13,40.955473,26.507386
EVT0025779,BMW00170,WBA00000000000170,2026-03-31 12:10:00,56.91,33.32,12.33,32.218892,146.11362
EVT0042257,BMW00775,WBA00000000000775,2026-05-27 17:20:00,81.45,21.16,19.81,26.051386,-62.995515
EVT0047229,BMW00724,WBA00000000000724,2026-06-13 23:40:00,82.04,7.5,-4.99,33.227797,101.043844
EVT0062108,BMW00102,WBA00000000000102,2026-08-04 15:35:00,97.47,101.61,4.62,12.316296,-88.081059
EVT0094187,BMW00447,WBA00000000000447,2026-11-24 00:50:00,55.05,109.01,50.65,31.698175,126.610289
EVT0026564,BMW00587,WBA00000000000587,2026-04-03 05:35:00,10.56,70.95,15.99,33.959826,-94.634359
EVT0090381,BMW00568,WBA00000000000568,2026-11-10 19:40:00,82.38,64.14,12.49,50.589941,79.754125
EVT0094500,BMW00622,WBA00000000000622,2026-11-25 02:55:00,46.35,2.06,22.85,38.699345,87.207432
EVT0068929,BMW00816,WBA00000000000816,2026-08-28 08:00:00,68.61,35.57,20.72,36.576264,99.28754
EVT0062041,BMW00606,WBA00000000000606,2026-08-04 10:00:00,46.0,135.63,48.95,8.418266,58.744374
EVT0043731,BMW00864,WBA00000000000864,2026-06-01 20:10:00,16.86,12.68,3.54,22.13189,41.319542
EVT0045916,BMW00148,WBA00000000000148,2026-06-09 10:15:00,44.89,135.88,17.67,52.279795,125.429747
EVT0017462,BMW00062,WBA00000000000062,2026-03-02 15:05:00,17.15,36.26,-3.45,8.700002,-14.923293
EVT0079041,BMW00691,WBA00000000000691,2026-10-02 10:40:00,61.29,37.25,12.38,28.764303,1.620108
EVT0054395,BMW00413,WBA00000000000413,2026-07-08 20:50:00,37.57,27.11,15.5,35.615814,17.568351
EVT0029978,BMW00562,WBA00000000000562,2026-04-15 02:05:00,19.17,90.04,25.71,14.889487,-102.718467
EVT0083033,BMW00164,WBA00000000000164,2026-10-16 07:20:00,57.17,118.19,49.44,22.798734,77.14608
EVT0064365,BMW00585,WBA00000000000585,2026-08-12 11:40:00,37.56,118.53,3.35,45.013508,45.893687
EVT0074465,BMW00888,WBA00000000000888,2026-09-16 13:20:00,86.18,132.69,22.75,49.469303,-46.858142
EVT0046608,BMW00888,WBA00000000000888,2026-06-11 19:55:00,70.87,12.19,49.1,25.714506,-5.357185
EVT0062784,BMW00319,WBA00000000000319,2026-08-06 23:55:00,64.77,39.23,42.12,50.815794,-23.241839
EVT0012788,BMW00245,WBA00000000000245,2026-02-14 09:35:00,54.29,55.82,10.5,33.376482,-66.493804
EVT0032786,BMW00791,WBA00000000000791,2026-04-24 20:05:00,29.56,155.6,-1.86,49.384482,-37.992462
EVT0038287,BMW00873,WBA00000000000873,2026-05-13 22:30:00,52.93,112.21,18.38,9.70445,-34.617466
EVT0083262,BMW00003,WBA00000000000003,2026-10-17 02:25:00,81.29,127.78,13.42,9.144535,-38.946928
EVT0052615,BMW00390,WBA00000000000390,2026-07-02 16:30:00,76.2,100.67,-3.73,23.514758,-103.183759
EVT0049370,BMW00155,WBA00000000000155,2026-06-21 10:05:00,12.41,39.48,-3.37,9.879355,62.995441
EVT0019197,BMW00138,WBA00000000000138,2026-03-08 15:40:00,10.93,58.83,41.84,54.494817,27.702134
EVT0032447,BMW00754,WBA00000000000754,2026-04-23 15:50:00,37.11,118.64,1.53,52.825099,-5.90057
EVT0008444,BMW00380,WBA00000000000380,2026-01-30 07:35:00,69.1,55.74,-5.34,48.547866,-113.711432
EVT0030843,BMW00068,WBA00000000000068,2026-04-18 02:10:00,93.18,37.53,51.27,19.133006,115.870262
EVT0050114,BMW00222,WBA00000000000222,2026-06-24 00:05:00,98.0,76.66,53.95,28.711762,44.520929
EVT0009853,BMW00692,WBA00000000000692,2026-02-04 05:00:00,66.97,34.05,24.84,18.259515,-16.199371
EVT0009303,BMW00081,WBA00000000000081,2026-02-02 07:10:00,31.57,53.82,21.38,28.251731,-8.57066
EVT0062485,BMW00928,WBA00000000000928,2026-08-05 23:00:00,66.76,150.16,4.21,54.398518,84.966824
EVT0048392,BMW00943,WBA00000000000943,2026-06-18 00:35:00,33.2,93.19,9.05,27.244224,74.687475
EVT0038504,BMW00496,WBA00000000000496,2026-05-14 16:35:00,43.3,133.02,26.05,10.764683,24.318245
EVT0050028,BMW00618,WBA00000000000618,2026-06-23 16:55:00,85.0,48.75,41.99,19.840659,-5.467902
EVT0011212,BMW00027,WBA00000000000027,2026-02-08 22:15:00,61.36,118.1,27.42,49.280767,102.278583
EVT0077302,BMW00794,WBA00000000000794,2026-09-26 09:45:00,93.41,154.25,34.72,22.180044,25.773035
EVT0071974,BMW00748,WBA00000000000748,2026-09-07 21:45:00,61.59,31.25,7.76,27.504631,-101.214427
EVT0087321,BMW00578,WBA00000000000578,2026-10-31 04:40:00,19.17,55.5,14.88,31.717292,87.914933
EVT0016962,BMW00338,WBA00000000000338,2026-02-28 21:25:00,55.15,36.71,25.45,39.339196,141.44065
EVT0017881,BMW00331,WBA00000000000331,2026-03-04 02:00:00,55.04,140.8,49.35,10.162031,37.877021
EVT0012503,BMW00456,WBA00000000000456,2026-02-13 09:50:00,30.09,148.39,42.02,37.723282,28.271292
EVT0010849,BMW00078,WBA00000000000078,2026-02-07 16:00:00,35.99,44.37,0.14,15.997874,-102.029933
EVT0014400,BMW00221,WBA00000000000221,2026-02-19 23:55:00,96.01,34.21,53.03,52.600133,62.467937
EVT0041616,BMW00582,WBA00000000000582,2026-05-25 11:55:00,40.42,56.98,-9.6,44.602195,-112.110211
EVT0010741,BMW00859,WBA00000000000859,2026-02-07 07:00:00,88.32,136.79,52.45,48.639167,-39.88056
EVT0093597,BMW00771,WBA00000000000771,2026-11-21 23:40:00,41.12,63.2,16.37,14.590949,-45.182442
EVT0045877,BMW00424,WBA00000000000424,2026-06-09 07:00:00,55.32,139.03,17.4,18.864681,-44.489059
EVT0031272,BMW00176,WBA00000000000176,2026-04-19 13:55:00,80.27,29.14,-4.53,33.485216,-33.749795
EVT0038824,BMW00640,WBA00000000000640,2026-05-15 19:15:00,22.05,48.37,10.15,42.15468,39.878681
EVT0095014,BMW00484,WBA00000000000484,2026-11-26 21:45:00,69.86,134.9,54.89,10.471593,139.092543
EVT0045208,BMW00219,WBA00000000000219,2026-06-06 23:15:00,87.38,88.22,32.87,30.428148,-6.900645
EVT0048245,BMW00857,WBA00000000000857,2026-06-17 12:20:00,46.27,2.87,-4.77,21.216089,87.20927
EVT0065457,BMW00740,WBA00000000000740,2026-08-16 06:40:00,25.85,68.85,31.41,30.687608,-68.9746
EVT0085641,BMW00743,WBA00000000000743,2026-10-25 08:40:00,34.5,5.05,-8.67,46.018579,21.89233
EVT0085598,BMW00095,WBA00000000000095,2026-10-25 05:05:00,51.53,11.13,29.14,52.435607,7.877433
EVT0055794,BMW00236,WBA00000000000236,2026-07-13 17:25:00,64.9,93.66,35.06,17.421379,-111.114572
EVT0031645,BMW00345,WBA00000000000345,2026-04-20 21:00:00,94.33,90.61,-8.24,39.382005,0.663008
EVT0074968,BMW00575,WBA00000000000575,2026-09-18 07:15:00,92.37,33.91,21.18,16.524114,102.621008
EVT0026445,BMW00133,WBA00000000000133,2026-04-02 19:40:00,49.28,158.59,35.44,25.692278,-63.320702
EVT0031218,BMW00597,WBA00000000000597,2026-04-19 09:25:00,73.58,36.82,50.93,31.603895,123.751944
EVT0084749,BMW00969,WBA00000000000969,2026-10-22 06:20:00,85.95,115.6,-9.84,30.6292,-94.737262
EVT0012980,BMW00387,WBA00000000000387,2026-02-15 01:35:00,81.58,67.89,-8.72,8.027945,11.281659
EVT0096509,BMW00805,WBA00000000000805,2026-12-02 02:20:00,67.42,67.91,45.83,35.274768,-36.967274
EVT0004988,BMW00356,WBA00000000000356,2026-01-18 07:35:00,58.16,125.86,30.6,39.206794,71.780923
EVT0035551,BMW00152,WBA00000000000152,2026-05-04 10:30:00,23.73,30.2,3.82,23.036578,-109.797739
EVT0072471,BMW00933,WBA00000000000933,2026-09-09 15:10:00,44.04,155.71,46.95,8.458753,44.695078
EVT0081195,BMW00330,WBA00000000000330,2026-10-09 22:10:00,79.95,69.2,51.53,17.678217,85.701306
EVT0023584,BMW00416,WBA00000000000416,2026-03-23 21:15:00,70.83,80.02,-9.66,30.908168,107.068398
EVT0039523,BMW00943,WBA00000000000943,2026-05-18 05:30:00,54.58,123.71,22.5,25.084975,120.208221
EVT0012945,BMW00965,WBA00000000000965,2026-02-14 22:40:00,70.42,76.15,39.44,40.251305,109.118652
EVT0027186,BMW00175,WBA00000000000175,2026-04-05 09:25:00,60.28,102.18,2.75,32.067816,-52.604793
EVT0035536,BMW00776,WBA00000000000776,2026-05-04 09:15:00,24.25,15.0,47.94,22.205695,62.390179
EVT0081701,BMW00568,WBA00000000000568,2026-10-11 16:20:00,46.55,89.37,19.0,38.266353,-53.352651
EVT0092181,BMW00787,WBA00000000000787,2026-11-17 01:40:00,47.64,94.82,54.81,42.162035,-79.456379
EVT0072214,BMW00849,WBA00000000000849,2026-09-08 17:45:00,43.91,63.82,49.11,15.048217,-100.84708
EVT0056307,BMW00418,WBA00000000000418,2026-07-15 12:10:00,30.26,140.49,39.6,53.180307,38.850808
EVT0054887,BMW00963,WBA00000000000963,2026-07-10 13:50:00,78.32,125.71,24.91,40.52988,7.910168
EVT0069198,BMW00571,WBA00000000000571,2026-08-29 06:25:00,95.45,119.98,40.86,26.804078,142.278473
EVT0032505,BMW00352,WBA00000000000352,2026-04-23 20:40:00,84.9,54.37,32.37,14.011042,-63.875282
EVT0045838,BMW00418,WBA00000000000418,2026-06-09 03:45:00,75.65,103.78,-9.89,12.026452,90.525203
EVT0011791,BMW00004,WBA00000000000004,2026-02-10 22:30:00,68.94,110.27,31.13,33.402288,-28.220157
EVT0059183,BMW00937,WBA00000000000937,2026-07-25 11:50:00,23.33,140.73,45.88,19.030131,-88.403354
EVT0076730,BMW00907,WBA00000000000907,2026-09-24 10:05:00,76.68,138.31,0.47,27.09631,94.369505
EVT0088793,BMW00137,WBA00000000000137,2026-11-05 07:20:00,10.72,22.61,54.87,50.30761,-44.767209
EVT0082150,BMW00684,WBA00000000000684,2026-10-13 05:45:00,31.74,148.54,17.32,25.384937,69.154865
EVT0001182,BMW00875,WBA00000000000875,2026-01-05 02:25:00,32.18,10.5,21.9,46.704603,95.884122
EVT0031058,BMW00559,WBA00000000000559,2026-04-18 20:05:00,21.18,70.33,12.38,41.934582,-12.055727
EVT0045791,BMW00056,WBA00000000000056,2026-06-08 23:50:00,39.01,111.96,0.86,45.536788,-79.249776
EVT0066953,BMW00425,WBA00000000000425,2026-08-21 11:20:00,72.36,149.79,16.31,17.813624,6.947866
EVT0080889,BMW00917,WBA00000000000917,2026-10-08 20:40:00,34.15,144.23,22.7,26.207514,25.742765
EVT0074318,BMW00864,WBA00000000000864,2026-09-16 01:05:00,88.9,50.5,0.4,47.5154,-2.662989
EVT0034002,BMW00917,WBA00000000000917,2026-04-29 01:25:00,60.24,97.18,42.7,20.879953,127.335619
EVT0028853,BMW00588,WBA00000000000588,2026-04-11 04:20:00,61.36,98.63,8.11,35.527595,-38.336008
EVT0013484,BMW00494,WBA00000000000494,2026-02-16 19:35:00,82.65,137.81,30.43,51.388223,120.679632
EVT0085488,BMW00540,WBA00000000000540,2026-10-24 19:55:00,28.48,21.94,43.78,28.901308,-23.325278
EVT0003745,BMW00407,WBA00000000000407,2026-01-14 00:00:00,26.18,144.2,44.82,54.145463,-22.644815
EVT0073660,BMW00984,WBA00000000000984,2026-09-13 18:15:00,30.69,136.29,-4.23,22.231381,8.595623
EVT0098036,BMW00023,WBA00000000000023,2026-12-07 09:35:00,84.62,54.17,30.83,8.890999,-38.064675
EVT0039581,BMW00323,WBA00000000000323,2026-05-18 10:20:00,13.5,38.21,45.58,47.696014,-27.61758
EVT0005280,BMW00843,WBA00000000000843,2026-01-19 07:55:00,89.99,50.8,34.39,48.451117,47.13834
EVT0078803,BMW00842,WBA00000000000842,2026-10-01 14:50:00,37.82,86.26,26.72,29.179519,77.797831
EVT0092021,BMW00219,WBA00000000000219,2026-11-16 12:20:00,34.45,45.24,26.25,53.569827,95.225297
EVT0041915,BMW00954,WBA00000000000954,2026-05-26 12:50:00,11.95,97.19,8.39,28.656944,112.40575
EVT0035987,BMW00015,WBA00000000000015,2026-05-05 22:50:00,15.86,24.3,23.56,15.746315,-27.103955
EVT0091993,BMW00972,WBA00000000000972,2026-11-16 10:00:00,19.76,102.91,44.71,45.097972,49.039022
EVT0024895,BMW00452,WBA00000000000452,2026-03-28 10:30:00,29.06,150.96,22.58,20.725252,128.706665
EVT0017930,BMW00874,WBA00000000000874,2026-03-04 06:05:00,22.1,49.06,-8.53,13.508443,29.508827
EVT0004381,BMW00006,WBA00000000000006,2026-01-16 05:00:00,88.35,6.2,49.46,13.001032,122.098871
EVT0049264,BMW00156,WBA00000000000156,2026-06-21 01:15:00,15.25,13.67,14.32,26.064865,-92.032272
EVT0092617,BMW00806,WBA00000000000806,2026-11-18 14:00:00,71.77,21.37,34.93,37.325134,-96.640756
EVT0081293,BMW00188,WBA00000000000188,2026-10-10 06:20:00,18.6,143.81,30.46,23.176009,-60.54778
EVT0042670,BMW00547,WBA00000000000547,2026-05-29 03:45:00,80.91,129.46,28.52,32.764319,139.078179
EVT0068341,BMW00662,WBA00000000000662,2026-08-26 07:00:00,84.25,158.02,35.8,29.652295,-116.215607
EVT0025822,BMW00947,WBA00000000000947,2026-03-31 15:45:00,87.4,89.26,8.13,8.671351,-26.21794
EVT0095871,BMW00907,WBA00000000000907,2026-11-29 21:10:00,68.21,39.68,23.86,38.396603,71.328568
EVT0097025,BMW00681,WBA00000000000681,2026-12-03 21:20:00,89.19,18.12,13.71,27.830684,43.071671
EVT0050714,BMW00537,WBA00000000000537,2026-06-26 02:05:00,37.8,122.11,43.58,54.785559,-7.813282
EVT0029297,BMW00298,WBA00000000000298,2026-04-12 17:20:00,19.5,90.54,4.73,14.926883,-28.943274
EVT0008086,BMW00923,WBA00000000000923,2026-01-29 01:45:00,20.07,108.92,39.94,32.147131,-96.781816
EVT0059285,BMW00810,WBA00000000000810,2026-07-25 20:20:00,14.45,59.39,27.25,15.313211,67.639527
EVT0024548,BMW00300,WBA00000000000300,2026-03-27 05:35:00,78.9,106.44,28.3,34.547163,-30.57916
EVT0093642,BMW00549,WBA00000000000549,2026-11-22 03:25:00,89.69,53.01,4.41,13.489412,17.462038
EVT0009857,BMW00310,WBA00000000000310,2026-02-04 05:20:00,51.94,141.06,36.83,23.941723,-8.738297
EVT0074952,BMW00035,WBA00000000000035,2026-09-18 05:55:00,40.04,12.91,30.74,36.271844,-103.073657
EVT0007068,BMW00021,WBA00000000000021,2026-01-25 12:55:00,19.74,29.16,28.83,54.087735,-112.906032
EVT0018394,BMW00733,WBA00000000000733,2026-03-05 20:45:00,96.66,107.73,22.18,30.292546,101.120952
EVT0033911,BMW00443,WBA00000000000443,2026-04-28 17:50:00,16.94,43.73,36.64,19.057244,106.849594
EVT0041744,BMW00491,WBA00000000000491,2026-05-25 22:35:00,77.22,152.03,46.48,16.133538,138.587903
EVT0019491,BMW00356,WBA00000000000356,2026-03-09 16:10:00,96.32,74.13,27.9,14.939238,-93.213626
EVT0004116,BMW00725,WBA00000000000725,2026-01-15 06:55:00,98.11,115.31,7.06,39.290693,0.51506
EVT0030041,BMW00874,WBA00000000000874,2026-04-15 07:20:00,92.8,12.17,29.16,29.441989,-62.114923
EVT0052663,BMW00268,WBA00000000000268,2026-07-02 20:30:00,69.47,111.68,19.54,38.253359,-86.309008
EVT0097600,BMW00402,WBA00000000000402,2026-12-05 21:15:00,93.91,77.11,34.0,54.327972,69.113494
EVT0056582,BMW00968,WBA00000000000968,2026-07-16 11:05:00,90.25,47.06,53.29,48.578755,-32.678095
EVT0041203,BMW00284,WBA00000000000284,2026-05-24 01:30:00,86.31,62.15,-7.64,48.978211,86.355135
EVT0020234,BMW00558,WBA00000000000558,2026-03-12 06:05:00,13.97,43.15,-2.93,12.993671,17.050228
EVT0021449,BMW00827,WBA00000000000827,2026-03-16 11:20:00,92.21,79.39,30.96,37.977058,-47.176151
EVT0058648,BMW00410,WBA00000000000410,2026-07-23 15:15:00,99.01,41.54,33.94,41.41927,-68.230154
EVT0072298,BMW00236,WBA00000000000236,2026-09-09 00:45:00,31.88,8.35,40.78,41.624156,-1.875233
EVT0047151,BMW00294,WBA00000000000294,2026-06-13 17:10:00,34.41,123.44,19.22,39.862219,97.339308
EVT0052286,BMW00801,WBA00000000000801,2026-07-01 13:05:00,81.66,73.72,0.88,10.447547,-38.499809
