event_id,vehicle_id,vin,timestamp,battery_level,speed,temperature,latitude,longitude,quarantine_dataset,quarantine_error_type,quarantine_error_message,quarantine_validation_rule,quarantine_timestamp
EVT0093403,BMW00006,WBA00000000000006,2026-11-21 07:30:00,143.93,51.68,18.77,9.471768,-109.068932,telemetry,OUT_OF_RANGE,Out-of-range value in: battery_level,OUT_OF_RANGE,2026-09-16T17:39:46.226977+00:00
EVT0041063,BMWX00064,WBA00000000000107,2026-05-23 13:50:00,88.81,67.84,44.78,9.969029,29.480467,telemetry,REFERENTIAL_INTEGRITY,Referential integrity violation,REFERENTIAL_INTEGRITY,2026-09-16T17:39:46.226977+00:00
EVT0092474,BMW00320,WBA00000000000320,2026-11-18 02:05:00,36.77,19.56,,21.048304,57.474096,telemetry,NULL_VALUE|OUT_OF_RANGE,Null values in: temperature | Out-of-range value in: temperature,NULL_VALUE|OUT_OF_RANGE,2026-09-16T17:39:46.226977+00:00
EVT0016400,BMW00848,,2026-02-26 22:35:00,62.68,148.12,45.89,42.98951,-96.423894,telemetry,NULL_VALUE|INVALID_VIN,Null values in: vin | Invalid or missing VIN,NULL_VALUE|INVALID_VIN,2026-09-16T17:39:46.226977+00:00
EVT0042948,,WBA00000000000561,2026-05-30 02:55:00,76.29,6.23,29.15,54.105006,37.568691,telemetry,NULL_VALUE|REFERENTIAL_INTEGRITY,Null values in: vehicle_id | Referential integrity violation,NULL_VALUE|REFERENTIAL_INTEGRITY,2026-09-16T17:39:46.226977+00:00
EVT0018513,BMW00371,WBA00000000000371,2026-03-06 06:40:00,92.96,155.84,200.0,44.11888,21.711724,telemetry,OUT_OF_RANGE,Out-of-range value in: temperature,OUT_OF_RANGE,2026-09-16T17:39:46.226977+00:00
EVT0001680,BMW00521,WBA00000000000521,2026-01-06 19:55:00,-10.0,86.9,17.08,35.119967,-96.952431,telemetry,OUT_OF_RANGE,Out-of-range value in: battery_level,OUT_OF_RANGE,2026-09-16T17:39:46.226977+00:00
EVT0090758,BMW00795,,2026-11-12 03:05:00,43.68,104.12,27.44,30.528167,-108.378096,telemetry,NULL_VALUE|INVALID_VIN,Null values in: vin | Invalid or missing VIN,NULL_VALUE|INVALID_VIN,2026-09-16T17:39:46.226977+00:00
EVT0094059,BMW00260,WBA00000000000260,2026-11-23 14:10:00,155.6,22.66,2.74,19.422713,99.614903,telemetry,OUT_OF_RANGE,Out-of-range value in: battery_level,OUT_OF_RANGE,2026-09-16T17:39:46.226977+00:00
EVT0003016,BMW00153,,2026-01-11 11:15:00,84.69,144.48,54.33,46.613771,-43.84972,telemetry,NULL_VALUE|INVALID_VIN,Null values in: vin | Invalid or missing VIN,NULL_VALUE|INVALID_VIN,2026-09-16T17:39:46.226977+00:00
EVT0038470,BMW00868,WBA00000000000868,,96.65,78.06,32.83,9.508429,2.171114,telemetry,NULL_VALUE|INVALID_DATE,Null values in: timestamp | Invalid date in: timestamp,NULL_VALUE|INVALID_DATE,2026-09-16T17:39:46.226977+00:00
EVT0071532,BMW00028,INVALID_VIN,2026-09-06 08:55:00,12.02,140.8,20.02,12.920391,132.151213,telemetry,INVALID_VIN,Invalid or missing VIN,INVALID_VIN,2026-09-16T17:39:46.226977+00:00
EVT0017584,,WBA00000000000362,2026-03-03 01:15:00,79.96,144.28,-5.32,47.590778,-27.601042,telemetry,NULL_VALUE|REFERENTIAL_INTEGRITY,Null values in: vehicle_id | Referential integrity violation,NULL_VALUE|REFERENTIAL_INTEGRITY,2026-09-16T17:39:46.226977+00:00
EVT0093033,,WBA00000000000159,2026-11-20 00:40:00,83.28,2.51,32.72,17.435181,63.915577,telemetry,NULL_VALUE|REFERENTIAL_INTEGRITY,Null values in: vehicle_id | Referential integrity violation,NULL_VALUE|REFERENTIAL_INTEGRITY,2026-09-16T17:39:46.226977+00:00
EVT0073640,BMW00342,,2026-09-13 16:35:00,69.57,89.64,18.2,31.661854,-68.007282,telemetry,NULL_VALUE|INVALID_VIN,Null values in: vin | Invalid or missing VIN,NULL_VALUE|INVALID_VIN,2026-09-16T17:39:46.226977+00:00
EVT0009784,BMW00015,WBA00000000000015,2026-15-40 99:99:99,95.15,83.24,16.49,23.879772,22.251848,telemetry,INVALID_DATE,Invalid date in: timestamp,INVALID_DATE,2026-09-16T17:39:46.226977+00:00
EVT0099933,BMW00932,WBA00000000000932,2026-12-13 23:40:00,-31.52,75.73,19.08,52.761288,-106.630318,telemetry,OUT_OF_RANGE,Out-of-range value in: battery_level,OUT_OF_RANGE,2026-09-16T17:39:46.226977+00:00
EVT0071034,BMW00259,,2026-09-04 15:25:00,27.49,64.5,53.66,14.978807,-66.610233,telemetry,NULL_VALUE|INVALID_VIN,Null values in: vin | Invalid or missing VIN,NULL_VALUE|INVALID_VIN,2026-09-16T17:39:46.226977+00:00
EVT0088011,,WBA00000000000183,2026-11-02 14:10:00,85.9,117.61,43.66,38.608417,-10.396398,telemetry,NULL_VALUE|REFERENTIAL_INTEGRITY,Null values in: vehicle_id | Referential integrity violation,NULL_VALUE|REFERENTIAL_INTEGRITY,2026-09-16T17:39:46.226977+00:00
EVT0059240,,WBA00000000000755,2026-07-25 16:35:00,43.06,159.07,2.79,30.366668,3.091947,telemetry,NULL_VALUE|REFERENTIAL_INTEGRITY,Null values in: vehicle_id | Referential integrity violation,NULL_VALUE|REFERENTIAL_INTEGRITY,2026-09-16T17:39:46.226977+00:00
EVT0088906,BMW00749,WBA00000000000749,2026-11-05 16:45:00,150.0,93.8,11.51,8.226521,-89.084454,telemetry,OUT_OF_RANGE,Out-of-range value in: battery_level,OUT_OF_RANGE,2026-09-16T17:39:46.226977+00:00
EVT0061130,BMW00836,!!BADVIN!!,2026-08-01 06:05:00,96.07,147.87,54.36,45.840654,120.580497,telemetry,INVALID_VIN,Invalid or missing VIN,INVALID_VIN,2026-09-16T17:39:46.226977+00:00
EVT0091189,,WBA00000000000024,2026-11-13 15:00:00,81.83,3.41,5.28,26.178065,142.983385,telemetry,NULL_VALUE|REFERENTIAL_INTEGRITY,Null values in: vehicle_id | Referential integrity violation,NULL_VALUE|REFERENTIAL_INTEGRITY,2026-09-16T17:39:46.226977+00:00
EVT0073082,BMW00444,INVALID_VIN,2026-09-11 18:05:00,11.28,95.04,7.31,52.089102,113.368243,telemetry,INVALID_VIN,Invalid or missing VIN,INVALID_VIN,2026-09-16T17:39:46.226977+00:00
EVT0000370,BMW00286,,2026-01-02 06:45:00,67.76,129.79,-9.65,27.292941,15.799278,telemetry,NULL_VALUE|INVALID_VIN,Null values in: vin | Invalid or missing VIN,NULL_VALUE|INVALID_VIN,2026-09-16T17:39:46.226977+00:00
EVT0031545,BMW00150,!!BADVIN!!,2026-04-20 12:40:00,24.62,77.99,31.52,13.521933,45.901374,telemetry,INVALID_VIN,Invalid or missing VIN,INVALID_VIN,2026-09-16T17:39:46.226977+00:00
EVT0080438,BMW00735,,2026-10-07 07:05:00,74.02,43.73,-4.0,33.539671,-3.466019,telemetry,NULL_VALUE|INVALID_VIN,Null values in: vin | Invalid or missing VIN,NULL_VALUE|INVALID_VIN,2026-09-16T17:39:46.226977+00:00
EVT0029410,BMW00211,,2026-04-13 02:45:00,62.23,29.14,-2.69,41.196143,-117.148674,telemetry,NULL_VALUE|INVALID_VIN,Null values in: vin | Invalid or missing VIN,NULL_VALUE|INVALID_VIN,2026-09-16T17:39:46.226977+00:00
EVT0086500,BMW00003,,2026-10-28 08:15:00,70.0,114.93,23.72,43.729834,-84.870875,telemetry,NULL_VALUE|INVALID_VIN,Null values in: vin | Invalid or missing VIN,NULL_VALUE|INVALID_VIN,2026-09-16T17:39:46.226977+00:00
EVT0063455,BMW00273,WBA00000000000273,2026-08-09 07:50:00,-46.77,76.82,15.48,16.646293,-1.25028,telemetry,OUT_OF_RANGE,Out-of-range value in: battery_level,OUT_OF_RANGE,2026-09-16T17:39:46.226977+00:00
EVT0047883,BMW00673,WBA00000000000673,2026-06-16 06:10:00,148.21,1.48,19.18,33.374488,101.534545,telemetry,OUT_OF_RANGE,Out-of-range value in: battery_level,OUT_OF_RANGE,2026-09-16T17:39:46.226977+00:00
EVT0016892,,WBA00000000000960,2026-02-28 15:35:00,14.81,86.43,43.53,26.570601,-18.892854,telemetry,NULL_VALUE|REFERENTIAL_INTEGRITY,Null values in: vehicle_id | Referential integrity violation,NULL_VALUE|REFERENTIAL_INTEGRITY,2026-09-16T17:39:46.226977+00:00
EVT0054806,BMW00156,,2026-07-10 07:05:00,59.53,114.95,47.07,47.628825,80.363496,telemetry,NULL_VALUE|INVALID_VIN,Null values in: vin | Invalid or missing VIN,NULL_VALUE|INVALID_VIN,2026-09-16T17:39:46.226977+00:00
EVT0075506,FAKE00002,WBA00000000000843,2026-09-20 04:05:00,66.5,7.51,-7.39,32.38252,147.885334,telemetry,REFERENTIAL_INTEGRITY,Referential integrity violation,REFERENTIAL_INTEGRITY,2026-09-16T17:39:46.226977+00:00
EVT0075430,,WBA00000000000688,2026-09-19 21:45:00,76.94,116.87,53.79,29.805757,65.484872,telemetry,NULL_VALUE|REFERENTIAL_INTEGRITY,Null values in: vehicle_id | Referential integrity violation,NULL_VALUE|REFERENTIAL_INTEGRITY,2026-09-16T17:39:46.226977+00:00
EVT0018187,BMW00770,,2026-03-05 03:30:00,68.88,133.89,41.59,8.289408,-31.936907,telemetry,NULL_VALUE|INVALID_VIN,Null values in: vin | Invalid or missing VIN,NULL_VALUE|INVALID_VIN,2026-09-16T17:39:46.226977+00:00
EVT0002845,BMW00175,,2026-01-10 21:00:00,90.69,54.01,-6.71,20.172066,83.926219,telemetry,NULL_VALUE|INVALID_VIN,Null values in: vin | Invalid or missing VIN,NULL_VALUE|INVALID_VIN,2026-09-16T17:39:46.226977+00:00
EVT0062884,BMW00423,WBA00000000000423,2026/99/99,16.84,114.93,12.19,12.820547,113.817999,telemetry,INVALID_DATE,Invalid date in: timestamp,INVALID_DATE,2026-09-16T17:39:46.226977+00:00
EVT0020028,BMW00703,WBA00000000000703,,50.49,158.13,17.05,13.216285,-63.604511,telemetry,NULL_VALUE|INVALID_DATE,Null values in: timestamp | Invalid date in: timestamp,NULL_VALUE|INVALID_DATE,2026-09-16T17:39:46.226977+00:00
EVT0070529,BMW00611,INVALIDVIN,2026-09-02 21:20:00,22.41,60.47,7.17,16.726352,5.772696,telemetry,INVALID_VIN,Invalid or missing VIN,INVALID_VIN,2026-09-16T17:39:46.226977+00:00
EVT0018104,,WBA00000000000861,2026-03-04 20:35:00,80.04,109.22,51.36,17.545531,-44.561671,telemetry,NULL_VALUE|REFERENTIAL_INTEGRITY,Null values in: vehicle_id | Referential integrity violation,NULL_VALUE|REFERENTIAL_INTEGRITY,2026-09-16T17:39:46.226977+00:00
EVT0033355,BMW00920,,2026-04-26 19:30:00,98.19,15.54,49.65,8.985975,106.83316,telemetry,NULL_VALUE|INVALID_VIN,Null values in: vin | Invalid or missing VIN,NULL_VALUE|INVALID_VIN,2026-09-16T17:39:46.226977+00:00
EVT0005669,BMW00405,WBA000,2026-01-20 16:20:00,46.47,22.14,-1.48,19.35833,-113.297983,telemetry,INVALID_VIN,Invalid or missing VIN,INVALID_VIN,2026-09-16T17:39:46.226977+00:00
EVT0098504,BMW00414,WBA00000000000414,2026-12-09 00:35:00,,137.18,6.73,27.527024,114.311112,telemetry,NULL_VALUE|OUT_OF_RANGE,Null values in: battery_level | Out-of-range value in: battery_level,NULL_VALUE|OUT_OF_RANGE,2026-09-16T17:39:46.226977+00:00
EVT0045808,BMW00731,,2026-06-09 01:15:00,63.21,42.6,51.14,43.709235,48.786968,telemetry,NULL_VALUE|INVALID_VIN,Null values in: vin | Invalid or missing VIN,NULL_VALUE|INVALID_VIN,2026-09-16T17:39:46.226977+00:00
EVT0018412,BMW00427,,2026-03-05 22:15:00,51.33,27.43,25.41,16.416552,-79.506632,telemetry,NULL_VALUE|INVALID_VIN,Null values in: vin | Invalid or missing VIN,NULL_VALUE|INVALID_VIN,2026-09-16T17:39:46.226977+00:00
EVT0054703,BMW00537,,2026-07-09 22:30:00,76.0,134.61,29.11,49.124493,69.085122,telemetry,NULL_VALUE|INVALID_VIN,Null values in: vin | Invalid or missing VIN,NULL_VALUE|INVALID_VIN,2026-09-16T17:39:46.226977+00:00
EVT0011327,BMW00307,WBA00000000000307,0000-00-00,56.07,82.6,-2.29,39.212938,128.073614,telemetry,INVALID_DATE,Invalid date in: timestamp,INVALID_DATE,2026-09-16T17:39:46.226977+00:00
EVT0030142,BMW00471,,2026-04-15 15:45:00,20.4,90.45,0.09,32.999596,48.060522,telemetry,NULL_VALUE|INVALID_VIN,Null values in: vin | Invalid or missing VIN,NULL_VALUE|INVALID_VIN,2026-09-16T17:39:46.226977+00:00
EVT0092912,BMW00071,WBA00000000000071,,44.13,100.79,43.12,46.001912,-89.752453,telemetry,NULL_VALUE|INVALID_DATE,Null values in: timestamp | Invalid date in: timestamp,NULL_VALUE|INVALID_DATE,2026-09-16T17:39:46.226977+00:00
EVT0046297,,WBA00000000000119,2026-06-10 18:00:00,85.65,27.63,19.8,50.614173,81.607261,telemetry,NULL_VALUE|REFERENTIAL_INTEGRITY,Null values in: vehicle_id | Referential integrity violation,NULL_VALUE|REFERENTIAL_INTEGRITY,2026-09-16T17:39:46.226977+00:00
EVT0037176,BMW00260,WBA00000000000260,2026-05-10 01:55:00,-25.0,44.09,7.59,23.818317,57.274336,telemetry,OUT_OF_RANGE,Out-of-range value in: battery_level,OUT_OF_RANGE,2026-09-16T17:39:46.226977+00:00
BAD00069,UNKNOWN,BADVIN,not-a-date,999.0,-50.0,999.0,999.0,999.0,telemetry,INVALID_VIN|INVALID_DATE|OUT_OF_RANGE|REFERENTIAL_INTEGRITY,"Invalid or missing VIN | Invalid date in: timestamp | Out-of-range value in: battery_level, temperature, speed | Referential integrity violation",INVALID_VIN|INVALID_DATE|OUT_OF_RANGE|REFERENTIAL_INTEGRITY,2026-09-16T17:39:46.226977+00:00
EVT0071188,FAKE00019,WBA00000000000231,2026-09-05 04:15:00,17.61,77.78,14.04,29.331993,-79.319687,telemetry,REFERENTIAL_INTEGRITY,Referential integrity violation,REFERENTIAL_INTEGRITY,2026-09-16T17:39:46.226977+00:00
EVT0086085,,WBA00000000000125,2026-10-26 21:40:00,20.34,149.31,-5.61,37.717859,52.538259,telemetry,NULL_VALUE|REFERENTIAL_INTEGRITY,Null values in: vehicle_id | Referential integrity violation,NULL_VALUE|REFERENTIAL_INTEGRITY,2026-09-16T17:39:46.226977+00:00
EVT0054430,FAKE00005,WBA00000000000635,2026-07-08 23:45:00,20.18,130.98,27.74,22.585504,-86.020017,telemetry,REFERENTIAL_INTEGRITY,Referential integrity violation,REFERENTIAL_INTEGRITY,2026-09-16T17:39:46.226977+00:00
EVT0050586,BMWX00123,WBA00000000000152,2026-06-25 15:25:00,52.63,91.25,18.75,25.545727,31.069255,telemetry,REFERENTIAL_INTEGRITY,Referential integrity violation,REFERENTIAL_INTEGRITY,2026-09-16T17:39:46.226977+00:00
EVT0056867,BMW00414,123456789,2026-07-17 10:50:00,27.57,136.09,34.77,53.718629,-99.794129,telemetry,INVALID_VIN,Invalid or missing VIN,INVALID_VIN,2026-09-16T17:39:46.226977+00:00
EVT0001649,BMW00551,WBA00000000000551,2026-01-06 17:20:00,,25.2,50.37,34.502654,91.046444,telemetry,NULL_VALUE|OUT_OF_RANGE,Null values in: battery_level | Out-of-range value in: battery_level,NULL_VALUE|OUT_OF_RANGE,2026-09-16T17:39:46.226977+00:00
EVT0026234,BMW00957,123456789,2026-04-02 02:05:00,17.27,56.63,7.53,47.630268,54.441697,telemetry,INVALID_VIN,Invalid or missing VIN,INVALID_VIN,2026-09-16T17:39:46.226977+00:00
EVT0090763,,WBA00000000000580,2026-11-12 03:30:00,52.94,118.46,16.72,31.951497,114.078383,telemetry,NULL_VALUE|REFERENTIAL_INTEGRITY,Null values in: vehicle_id | Referential integrity violation,NULL_VALUE|REFERENTIAL_INTEGRITY,2026-09-16T17:39:46.226977+00:00
EVT0040098,BMW00874,WBA00000000000874,2026-05-20 05:25:00,-38.94,52.36,48.43,23.498219,-18.294213,telemetry,OUT_OF_RANGE,Out-of-range value in: battery_level,OUT_OF_RANGE,2026-09-16T17:39:46.226977+00:00
EVT0005438,BMW00293,WBA00000000000293,2026-15-40 99:99:99,38.09,54.66,13.72,18.075171,-117.627316,telemetry,INVALID_DATE,Invalid date in: timestamp,INVALID_DATE,2026-09-16T17:39:46.226977+00:00
EVT0085311,BMW00899,WBA00000000000899,not-a-date,13.68,49.02,-8.36,12.41068,45.133487,telemetry,INVALID_DATE,Invalid date in: timestamp,INVALID_DATE,2026-09-16T17:39:46.226977+00:00
EVT0092638,BMW00608,WBA00000000000608,2026-11-18 15:45:00,23.28,91.04,,19.687447,121.331131,telemetry,NULL_VALUE|OUT_OF_RANGE,Null values in: temperature | Out-of-range value in: temperature,NULL_VALUE|OUT_OF_RANGE,2026-09-16T17:39:46.226977+00:00
EVT0024358,FAKE00001,WBA00000000000128,2026-03-26 13:45:00,71.29,68.8,2.83,49.748934,-90.886141,telemetry,REFERENTIAL_INTEGRITY,Referential integrity violation,REFERENTIAL_INTEGRITY,2026-09-16T17:39:46.226977+00:00
EVT0084505,,WBA00000000000324,2026-10-21 10:00:00,88.84,18.92,10.69,21.511231,42.459602,telemetry,NULL_VALUE|REFERENTIAL_INTEGRITY,Null values in: vehicle_id | Referential integrity violation,NULL_VALUE|REFERENTIAL_INTEGRITY,2026-09-16T17:39:46.226977+00:00
EVT0032352,,WBA00000000000024,2026-04-23 07:55:00,94.12,104.97,34.08,42.75534,-112.039329,telemetry,NULL_VALUE|REFERENTIAL_INTEGRITY,Null values in: vehicle_id | Referential integrity violation,NULL_VALUE|REFERENTIAL_INTEGRITY,2026-09-16T17:39:46.226977+00:00
EVT0088205,BMW00508,WBA00000000000508,2026-15-40 99:99:99,87.56,91.31,48.99,54.222898,-82.75141,telemetry,INVALID_DATE,Invalid date in: timestamp,INVALID_DATE,2026-09-16T17:39:46.226977+00:00
EVT0094756,,WBA00000000000020,2026-11-26 00:15:00,15.85,6.27,5.64,37.826805,-32.645417,telemetry,NULL_VALUE|REFERENTIAL_INTEGRITY,Null values in: vehicle_id | Referential integrity violation,NULL_VALUE|REFERENTIAL_INTEGRITY,2026-09-16T17:39:46.226977+00:00
EVT0001649,BMW00551,WBA00000000000551,2026-01-06 17:20:00,,25.2,50.37,34.502654,91.046444,telemetry,NULL_VALUE|DUPLICATE_RECORD|OUT_OF_RANGE,Null values in: battery_level | Duplicate record detected | Out-of-range value in: battery_level,NULL_VALUE|DUPLICATE_RECORD|OUT_OF_RANGE,2026-09-16T17:39:46.226977+00:00
EVT0033899,BMW00151,,2026-04-28 16:50:00,60.28,48.92,52.14,23.414862,85.669975,telemetry,NULL_VALUE|INVALID_VIN,Null values in: vin | Invalid or missing VIN,NULL_VALUE|INVALID_VIN,2026-09-16T17:39:46.226977+00:00
EVT0029254,,WBA00000000000331,2026-04-12 13:45:00,84.88,21.37,-4.55,31.133129,-99.038399,telemetry,NULL_VALUE|REFERENTIAL_INTEGRITY,Null values in: vehicle_id | Referential integrity violation,NULL_VALUE|REFERENTIAL_INTEGRITY,2026-09-16T17:39:46.226977+00:00
EVT0014836,BMW00413,,2026-02-21 12:15:00,99.79,36.72,14.01,29.999917,-57.419744,telemetry,NULL_VALUE|INVALID_VIN,Null values in: vin | Invalid or missing VIN,NULL_VALUE|INVALID_VIN,2026-09-16T17:39:46.226977+00:00
EVT0012365,BMW00619,,2026-02-12 22:20:00,62.79,113.45,9.1,17.908718,-21.788659,telemetry,NULL_VALUE|INVALID_VIN,Null values in: vin | Invalid or missing VIN,NULL_VALUE|INVALID_VIN,2026-09-16T17:39:46.226977+00:00
EVT0040515,BMW00711,WBA00000000000711,2026-05-21 16:10:00,180.0,77.98,54.01,32.192585,128.704299,telemetry,OUT_OF_RANGE,Out-of-range value in: battery_level,OUT_OF_RANGE,2026-09-16T17:39:46.226977+00:00
EVT0043996,,WBA00000000000194,2026-06-02 18:15:00,68.93,121.78,3.21,9.137837,24.143328,telemetry,NULL_VALUE|REFERENTIAL_INTEGRITY,Null values in: vehicle_id | Referential integrity violation,NULL_VALUE|REFERENTIAL_INTEGRITY,2026-09-16T17:39:46.226977+00:00
EVT0085450,BMW00612,WBA000,2026-10-24 16:45:00,79.1,4.98,16.18,22.465213,125.967221,telemetry,INVALID_VIN,Invalid or missing VIN,INVALID_VIN,2026-09-16T17:39:46.226977+00:00
EVT0048509,BMW00873,INVALID_VIN,2026-06-18 10:20:00,81.63,10.46,14.2,49.034765,-62.53158,telemetry,INVALID_VIN,Invalid or missing VIN,INVALID_VIN,2026-09-16T17:39:46.226977+00:00
EVT0045658,,WBA00000000000137,2026-06-08 12:45:00,78.02,60.9,27.6,53.785816,95.686989,telemetry,NULL_VALUE|REFERENTIAL_INTEGRITY,Null values in: vehicle_id | Referential integrity violation,NULL_VALUE|REFERENTIAL_INTEGRITY,2026-09-16T17:39:46.226977+00:00
EVT0034100,BMW00083,WBA00000000000083,abc,37.29,101.57,2.64,49.660127,0.622081,telemetry,INVALID_DATE,Invalid date in: timestamp,INVALID_DATE,2026-09-16T17:39:46.226977+00:00
EVT0047256,,WBA00000000000311,2026-06-14 01:55:00,,156.76,24.47,45.094172,-1.887874,telemetry,NULL_VALUE|OUT_OF_RANGE|REFERENTIAL_INTEGRITY,"Null values in: vehicle_id, battery_level | Out-of-range value in: battery_level | Referential integrity violation",NULL_VALUE|OUT_OF_RANGE|REFERENTIAL_INTEGRITY,2026-09-16T17:39:46.226977+00:00
EVT0034876,,WBA00000000000099,2026-05-02 02:15:00,16.73,39.99,44.78,36.036613,86.81019,telemetry,NULL_VALUE|REFERENTIAL_INTEGRITY,Null values in: vehicle_id | Referential integrity violation,NULL_VALUE|REFERENTIAL_INTEGRITY,2026-09-16T17:39:46.226977+00:00
EVT0041705,BMW00054,,2026-05-25 19:20:00,180.0,45.67,18.17,42.260495,99.611217,telemetry,NULL_VALUE|INVALID_VIN|OUT_OF_RANGE,Null values in: vin | Invalid or missing VIN | Out-of-range value in: battery_level,NULL_VALUE|INVALID_VIN|OUT_OF_RANGE,2026-09-16T17:39:46.226977+00:00
EVT0067369,,WBA00000000000253,2026-08-22 22:00:00,94.41,111.15,17.39,50.322104,44.129875,telemetry,NULL_VALUE|REFERENTIAL_INTEGRITY,Null values in: vehicle_id | Referential integrity violation,NULL_VALUE|REFERENTIAL_INTEGRITY,2026-09-16T17:39:46.226977+00:00
EVT0014149,BMW00745,WBA00000000000745,2026-02-19 03:00:00,85.75,82.47,,46.635704,-116.111185,telemetry,NULL_VALUE|OUT_OF_RANGE,Null values in: temperature | Out-of-range value in: temperature,NULL_VALUE|OUT_OF_RANGE,2026-09-16T17:39:46.226977+00:00
EVT0081296,BMW00518,,2026-10-10 06:35:00,86.27,14.74,23.11,33.215497,10.736124,telemetry,NULL_VALUE|INVALID_VIN,Null values in: vin | Invalid or missing VIN,NULL_VALUE|INVALID_VIN,2026-09-16T17:39:46.226977+00:00
EVT0073218,BMW00623,WBA00000000000623,2026-09-12 05:25:00,42.17,45.36,,33.843477,119.620349,telemetry,NULL_VALUE|OUT_OF_RANGE,Null values in: temperature | Out-of-range value in: temperature,NULL_VALUE|OUT_OF_RANGE,2026-09-16T17:39:46.226977+00:00
EVT0092730,BMW00382,WBA00000000000382,2026-15-40 99:99:99,16.58,50.66,49.12,13.724746,-95.07086,telemetry,INVALID_DATE,Invalid date in: timestamp,INVALID_DATE,2026-09-16T17:39:46.226977+00:00
EVT0086545,BMW00588,WBA00000000000588,2026-10-28 12:00:00,63.12,36.69,,25.458456,115.089693,telemetry,NULL_VALUE|OUT_OF_RANGE,Null values in: temperature | Out-of-range value in: temperature,NULL_VALUE|OUT_OF_RANGE,2026-09-16T17:39:46.226977+00:00
EVT0019567,BMW00568,WBA00000000000568,2026-03-09 22:30:00,135.17,135.77,29.85,30.883546,37.855731,telemetry,OUT_OF_RANGE,Out-of-range value in: battery_level,OUT_OF_RANGE,2026-09-16T17:39:46.226977+00:00
EVT0096093,BMW00216,,2026-11-30 15:40:00,82.06,93.46,33.29,46.043464,-16.489979,telemetry,NULL_VALUE|INVALID_VIN,Null values in: vin | Invalid or missing VIN,NULL_VALUE|INVALID_VIN,2026-09-16T17:39:46.226977+00:00
EVT0048813,BMW00737,WBA00000000000737,2026-06-19 11:40:00,113.34,96.57,24.07,24.623068,138.300728,telemetry,OUT_OF_RANGE,Out-of-range value in: battery_level,OUT_OF_RANGE,2026-09-16T17:39:46.226977+00:00
EVT0046828,FAKE00000,WBA00000000000650,2026-06-12 14:15:00,60.59,42.3,43.44,41.307675,-2.002602,telemetry,REFERENTIAL_INTEGRITY,Referential integrity violation,REFERENTIAL_INTEGRITY,2026-09-16T17:39:46.226977+00:00
EVT0013017,BMW00864,Y7FHWJWXZU,2026-02-15 04:40:00,13.06,20.73,42.05,41.60267,-59.41311,telemetry,INVALID_VIN,Invalid or missing VIN,INVALID_VIN,2026-09-16T17:39:46.226977+00:00
EVT0031677,BMW00971,WBA00000000000971,,33.62,94.88,43.51,54.111411,-88.45367,telemetry,NULL_VALUE|INVALID_DATE,Null values in: timestamp | Invalid date in: timestamp,NULL_VALUE|INVALID_DATE,2026-09-16T17:39:46.226977+00:00
EVT0090883,BMW00088,,2026-11-12 13:30:00,13.47,100.77,-8.27,38.442517,-36.665609,telemetry,NULL_VALUE|INVALID_VIN,Null values in: vin | Invalid or missing VIN,NULL_VALUE|INVALID_VIN,2026-09-16T17:39:46.226977+00:00
EVT0046529,BMW00506,,2026-06-11 13:20:00,98.54,131.49,36.88,51.340566,-74.768521,telemetry,NULL_VALUE|INVALID_VIN,Null values in: vin | Invalid or missing VIN,NULL_VALUE|INVALID_VIN,2026-09-16T17:39:46.226977+00:00
EVT0089259,BMW00897,,2026-11-06 22:10:00,26.84,99.92,51.98,22.105101,-119.961436,telemetry,NULL_VALUE|INVALID_VIN,Null values in: vin | Invalid or missing VIN,NULL_VALUE|INVALID_VIN,2026-09-16T17:39:46.226977+00:00
EVT0028974,BMW00110,123456789,2026-04-11 14:25:00,11.98,23.32,-0.51,50.543093,85.086154,telemetry,INVALID_VIN,Invalid or missing VIN,INVALID_VIN,2026-09-16T17:39:46.226977+00:00
EVT0030007,BMW00921,,2026-04-15 04:30:00,27.97,9.98,47.95,18.671792,-72.959096,telemetry,NULL_VALUE|INVALID_VIN,Null values in: vin | Invalid or missing VIN,NULL_VALUE|INVALID_VIN,2026-09-16T17:39:46.226977+00:00
EVT0049118,,WBA00000000000798,2026-06-20 13:05:00,78.51,49.88,-3.97,50.673131,113.395341,telemetry,NULL_VALUE|REFERENTIAL_INTEGRITY,Null values in: vehicle_id | Referential integrity violation,NULL_VALUE|REFERENTIAL_INTEGRITY,2026-09-16T17:39:46.226977+00:00
EVT0022969,BMW00268,,2026-03-21 18:00:00,39.12,156.89,43.69,27.125856,139.091855,telemetry,NULL_VALUE|INVALID_VIN,Null values in: vin | Invalid or missing VIN,NULL_VALUE|INVALID_VIN,2026-09-16T17:39:46.226977+00:00
EVT0006933,BMW00075,,2026-01-25 01:40:00,90.85,103.1,28.94,12.294896,60.566318,telemetry,NULL_VALUE|INVALID_VIN,Null values in: vin | Invalid or missing VIN,NULL_VALUE|INVALID_VIN,2026-09-16T17:39:46.226977+00:00
EVT0023402,BMW00539,WBA00000000000539,0000-00-00,82.6,144.83,2.65,13.44131,118.985408,telemetry,INVALID_DATE,Invalid date in: timestamp,INVALID_DATE,2026-09-16T17:39:46.226977+00:00
EVT0018403,BMW00634,,2026-03-05 21:30:00,44.57,115.1,30.6,49.818229,43.021239,telemetry,NULL_VALUE|INVALID_VIN,Null values in: vin | Invalid or missing VIN,NULL_VALUE|INVALID_VIN,2026-09-16T17:39:46.226977+00:00
EVT0084987,BMW00171,WBA00000000000171,2026-15-40 99:99:99,59.97,137.98,45.15,21.920899,-76.724312,telemetry,INVALID_DATE,Invalid date in: timestamp,INVALID_DATE,2026-09-16T17:39:46.226977+00:00
EVT0095880,,WBA00000000000592,2026-11-29 21:55:00,39.18,22.96,28.48,26.675012,45.475794,telemetry,NULL_VALUE|REFERENTIAL_INTEGRITY,Null values in: vehicle_id | Referential integrity violation,NULL_VALUE|REFERENTIAL_INTEGRITY,2026-09-16T17:39:46.226977+00:00
EVT0065956,BMW00296,INVALIDVIN,2026-08-18 00:15:00,23.22,153.83,-1.52,37.937881,-101.718318,telemetry,INVALID_VIN,Invalid or missing VIN,INVALID_VIN,2026-09-16T17:39:46.226977+00:00
EVT0048022,BMW00765,WBA00000000000765,2026-06-16 17:45:00,41.64,95.85,41.86,35.161259,102.039813,telemetry,DUPLICATE_RECORD,Duplicate record detected,DUPLICATE_RECORD,2026-09-16T17:39:46.226977+00:00
EVT0001798,BMW00692,WBA00000000000692,2026-01-07 05:45:00,86.04,11.14,7.26,41.688527,-115.474195,telemetry,DUPLICATE_RECORD,Duplicate record detected,DUPLICATE_RECORD,2026-09-16T17:39:46.226977+00:00
EVT0072608,BMW00849,WBA00000000000849,2026-09-10 02:35:00,-10.0,95.66,31.89,29.470998,131.647016,telemetry,OUT_OF_RANGE,Out-of-range value in: battery_level,OUT_OF_RANGE,2026-09-16T17:39:46.226977+00:00
EVT0001510,BMW00038,INVALIDVIN,2026-01-06 05:45:00,13.67,103.83,43.47,47.990019,1.612021,telemetry,INVALID_VIN,Invalid or missing VIN,INVALID_VIN,2026-09-16T17:39:46.226977+00:00
EVT0036357,BMW00459,,2026-05-07 05:40:00,38.63,37.43,36.29,54.558986,6.964309,telemetry,NULL_VALUE|INVALID_VIN,Null values in: vin | Invalid or missing VIN,NULL_VALUE|INVALID_VIN,2026-09-16T17:39:46.226977+00:00
EVT0001666,,WBA00000000000027,2026-01-06 18:45:00,61.47,27.5,-3.44,45.144947,-33.172475,telemetry,NULL_VALUE|REFERENTIAL_INTEGRITY,Null values in: vehicle_id | Referential integrity violation,NULL_VALUE|REFERENTIAL_INTEGRITY,2026-09-16T17:39:46.226977+00:00
EVT0074057,BMW00476,,2026-09-15 03:20:00,88.32,110.48,21.75,25.789997,22.754138,telemetry,NULL_VALUE|INVALID_VIN,Null values in: vin | Invalid or missing VIN,NULL_VALUE|INVALID_VIN,2026-09-16T17:39:46.226977+00:00
EVT0077741,BMW00735,WBA00000000000735,2026-09-27 22:20:00,-10.0,146.33,-5.37,35.098419,112.372765,telemetry,OUT_OF_RANGE,Out-of-range value in: battery_level,OUT_OF_RANGE,2026-09-16T17:39:46.226977+00:00
EVT0026244,BMW00407,WBA00000000000407,2026-04-02 02:55:00,86.7,88.11,,23.242742,-73.52619,telemetry,NULL_VALUE|OUT_OF_RANGE,Null values in: temperature | Out-of-range value in: temperature,NULL_VALUE|OUT_OF_RANGE,2026-09-16T17:39:46.226977+00:00
EVT0077780,BMW00343,WBA00000000000343,2026-09-28 01:35:00,68.3,93.6,45.28,10.988852,-22.60344,telemetry,DUPLICATE_RECORD,Duplicate record detected,DUPLICATE_RECORD,2026-09-16T17:39:46.226977+00:00
EVT0079088,,WBA00000000000880,2026-10-02 14:35:00,76.09,106.69,0.84,14.454187,-7.738528,telemetry,NULL_VALUE|REFERENTIAL_INTEGRITY,Null values in: vehicle_id | Referential integrity violation,NULL_VALUE|REFERENTIAL_INTEGRITY,2026-09-16T17:39:46.226977+00:00
EVT0018062,BMW00578,,2026-03-04 17:05:00,38.98,43.17,-3.01,43.754607,84.639706,telemetry,NULL_VALUE|INVALID_VIN,Null values in: vin | Invalid or missing VIN,NULL_VALUE|INVALID_VIN,2026-09-16T17:39:46.226977+00:00
EVT0017082,BMW00965,WBA00000000000965,2026-03-01 07:25:00,62.3,77.11,7.33,44.754305,-112.045602,telemetry,DUPLICATE_RECORD,Duplicate record detected,DUPLICATE_RECORD,2026-09-16T17:39:46.226977+00:00
EVT0078297,BMW00344,INVALIDVIN,2026-09-29 20:40:00,89.14,90.78,-2.41,49.646276,-115.358932,telemetry,INVALID_VIN,Invalid or missing VIN,INVALID_VIN,2026-09-16T17:39:46.226977+00:00
EVT0021920,FAKE00009,WBA00000000000482,2026-03-18 02:35:00,76.65,121.46,33.39,9.273124,38.991717,telemetry,REFERENTIAL_INTEGRITY,Referential integrity violation,REFERENTIAL_INTEGRITY,2026-09-16T17:39:46.226977+00:00
EVT0056086,BMW00793,WBA00000000000793,,43.99,121.7,-8.54,28.190239,144.893247,telemetry,NULL_VALUE|INVALID_DATE,Null values in: timestamp | Invalid date in: timestamp,NULL_VALUE|INVALID_DATE,2026-09-16T17:39:46.226977+00:00
EVT0059934,,WBA00000000000687,2026-07-28 02:25:00,45.59,57.23,-1.98,45.673354,82.145521,telemetry,NULL_VALUE|REFERENTIAL_INTEGRITY,Null values in: vehicle_id | Referential integrity violation,NULL_VALUE|REFERENTIAL_INTEGRITY,2026-09-16T17:39:46.226977+00:00
EVT0087533,BMW00695,WBA00000000000695,2026-10-31 22:20:00,21.43,75.51,-100.0,43.357239,21.722119,telemetry,OUT_OF_RANGE,Out-of-range value in: temperature,OUT_OF_RANGE,2026-09-16T17:39:46.226977+00:00
EVT0076058,BMW00999,WBA00000000000999,2026-09-22 02:05:00,,143.97,0.98,46.733227,82.36567,telemetry,NULL_VALUE|OUT_OF_RANGE,Null values in: battery_level | Out-of-range value in: battery_level,NULL_VALUE|OUT_OF_RANGE,2026-09-16T17:39:46.226977+00:00
EVT0011133,,WBA00000000000037,2026-02-08 15:40:00,19.82,149.78,19.74,18.335997,95.744215,telemetry,NULL_VALUE|REFERENTIAL_INTEGRITY,Null values in: vehicle_id | Referential integrity violation,NULL_VALUE|REFERENTIAL_INTEGRITY,2026-09-16T17:39:46.226977+00:00
EVT0056167,BMW00809,!!BADVIN!!,2026-07-15 00:30:00,69.94,141.76,18.31,54.487928,53.576227,telemetry,INVALID_VIN,Invalid or missing VIN,INVALID_VIN,2026-09-16T17:39:46.226977+00:00
EVT0095807,BMW00056,WBA00000000000056,2026-11-29 15:50:00,78.67,82.73,53.86,33.202381,-89.427962,telemetry,DUPLICATE_RECORD,Duplicate record detected,DUPLICATE_RECORD,2026-09-16T17:39:46.226977+00:00
EVT0069182,BMW00061,WBA00000000000061,0000-00-00,20.18,2.64,15.14,53.177067,60.898653,telemetry,INVALID_DATE,Invalid date in: timestamp,INVALID_DATE,2026-09-16T17:39:46.226977+00:00
EVT0038966,FAKE00025,WBA00000000000972,2026-05-16 07:05:00,35.17,67.78,38.01,14.038716,58.870284,telemetry,REFERENTIAL_INTEGRITY,Referential integrity violation,REFERENTIAL_INTEGRITY,2026-09-16T17:39:46.226977+00:00
EVT0021309,BMW00285,WBA000,2026-03-15 23:40:00,66.43,59.42,11.04,42.89688,37.232854,telemetry,INVALID_VIN,Invalid or missing VIN,INVALID_VIN,2026-09-16T17:39:46.226977+00:00
EVT0087217,BMW00602,,2026-10-30 20:00:00,77.19,59.98,1.66,34.083145,18.757398,telemetry,NULL_VALUE|INVALID_VIN,Null values in: vin | Invalid or missing VIN,NULL_VALUE|INVALID_VIN,2026-09-16T17:39:46.226977+00:00
EVT0042268,BMW00203,INVALIDVIN,2026-05-27 18:15:00,68.51,32.12,0.4,54.453188,134.142076,telemetry,INVALID_VIN,Invalid or missing VIN,INVALID_VIN,2026-09-16T17:39:46.226977+00:00
EVT0013915,BMW00037,,2026-02-18 07:30:00,22.0,77.12,54.33,25.55396,-6.228732,telemetry,NULL_VALUE|INVALID_VIN,Null values in: vin | Invalid or missing VIN,NULL_VALUE|INVALID_VIN,2026-09-16T17:39:46.226977+00:00
EVT0086200,BMW00914,WBA00000000000914,2026-15-40 99:99:99,13.33,116.9,5.99,33.287679,63.366692,telemetry,INVALID_DATE,Invalid date in: timestamp,INVALID_DATE,2026-09-16T17:39:46.226977+00:00
EVT0008137,BMW00623,,2026-01-29 06:00:00,51.46,22.9,41.82,9.690559,-119.904591,telemetry,NULL_VALUE|INVALID_VIN,Null values in: vin | Invalid or missing VIN,NULL_VALUE|INVALID_VIN,2026-09-16T17:39:46.226977+00:00
EVT0042897,BMW00683,,2026-05-29 22:40:00,59.98,138.28,21.67,27.956523,118.970357,telemetry,NULL_VALUE|INVALID_VIN,Null values in: vin | Invalid or missing VIN,NULL_VALUE|INVALID_VIN,2026-09-16T17:39:46.226977+00:00
EVT0002556,BMW00079,WBA00000000000079,2026-01-09 20:55:00,74.14,117.63,18.14,38.443241,-118.105667,telemetry,DUPLICATE_RECORD,Duplicate record detected,DUPLICATE_RECORD,2026-09-16T17:39:46.226977+00:00
EVT0021254,BMW00621,123456789,2026-03-15 19:05:00,66.42,130.88,17.61,49.593926,-65.524694,telemetry,INVALID_VIN,Invalid or missing VIN,INVALID_VIN,2026-09-16T17:39:46.226977+00:00
EVT0024676,BMW00329,WBA00000000000329,2026-03-27 16:15:00,,27.25,24.16,50.026991,13.786004,telemetry,NULL_VALUE|OUT_OF_RANGE,Null values in: battery_level | Out-of-range value in: battery_level,NULL_VALUE|OUT_OF_RANGE,2026-09-16T17:39:46.226977+00:00
EVT0012543,BMW00269,INVALIDVIN,2026-02-13 13:10:00,59.18,57.32,-4.14,13.659715,-107.372488,telemetry,INVALID_VIN,Invalid or missing VIN,INVALID_VIN,2026-09-16T17:39:46.226977+00:00
EVT0075202,BMW00835,,2026-09-19 02:45:00,31.48,116.84,38.63,12.166338,10.473771,telemetry,NULL_VALUE|INVALID_VIN,Null values in: vin | Invalid or missing VIN,NULL_VALUE|INVALID_VIN,2026-09-16T17:39:46.226977+00:00
EVT0002080,BMW00304,WBA00000000000304,,17.31,61.23,0.26,31.452665,66.062823,telemetry,NULL_VALUE|INVALID_DATE,Null values in: timestamp | Invalid date in: timestamp,NULL_VALUE|INVALID_DATE,2026-09-16T17:39:46.226977+00:00
EVT0000165,,WBA00000000000355,2026-01-01 13:40:00,52.05,89.5,27.73,28.435647,12.007332,telemetry,NULL_VALUE|REFERENTIAL_INTEGRITY,Null values in: vehicle_id | Referential integrity violation,NULL_VALUE|REFERENTIAL_INTEGRITY,2026-09-16T17:39:46.226977+00:00
EVT0087843,BMW00188,,2026-11-02 00:10:00,33.22,22.34,4.28,53.974306,-31.852895,telemetry,NULL_VALUE|INVALID_VIN,Null values in: vin | Invalid or missing VIN,NULL_VALUE|INVALID_VIN,2026-09-16T17:39:46.226977+00:00
EVT0044877,BMW00032,WBA00000000000032,2026-06-05 19:40:00,-30.91,50.46,36.82,11.763804,115.330709,telemetry,OUT_OF_RANGE,Out-of-range value in: battery_level,OUT_OF_RANGE,2026-09-16T17:39:46.226977+00:00
EVT0026639,BMW00800,WBA00000000000800,2026-04-03 11:50:00,,108.76,49.83,26.77882,39.117001,telemetry,NULL_VALUE|OUT_OF_RANGE,Null values in: battery_level | Out-of-range value in: battery_level,NULL_VALUE|OUT_OF_RANGE,2026-09-16T17:39:46.226977+00:00
EVT0084862,BMW00288,WBA00000000000288,2026-10-22 15:45:00,111.4,96.07,15.24,35.194938,-52.26022,telemetry,OUT_OF_RANGE,Out-of-range value in: battery_level,OUT_OF_RANGE,2026-09-16T17:39:46.226977+00:00
EVT0060959,BMW00372,INVALIDVIN,2026-07-31 15:50:00,55.45,4.24,7.48,18.519643,110.908573,telemetry,INVALID_VIN,Invalid or missing VIN,INVALID_VIN,2026-09-16T17:39:46.226977+00:00
EVT0019935,BMW00266,WBA00000000000266,2026-03-11 05:10:00,92.55,110.85,-80.0,49.761928,-25.754681,telemetry,OUT_OF_RANGE,Out-of-range value in: temperature,OUT_OF_RANGE,2026-09-16T17:39:46.226977+00:00
EVT0036913,,WBA00000000000343,2026-05-09 04:00:00,83.76,20.43,-4.08,33.174479,97.43091,telemetry,NULL_VALUE|REFERENTIAL_INTEGRITY,Null values in: vehicle_id | Referential integrity violation,NULL_VALUE|REFERENTIAL_INTEGRITY,2026-09-16T17:39:46.226977+00:00
EVT0027018,,WBA00000000000530,2026-04-04 19:25:00,74.92,28.18,20.85,35.01284,-40.395104,telemetry,NULL_VALUE|REFERENTIAL_INTEGRITY,Null values in: vehicle_id | Referential integrity violation,NULL_VALUE|REFERENTIAL_INTEGRITY,2026-09-16T17:39:46.226977+00:00
EVT0004733,BMW00600,S0132AN417,2026-01-17 10:20:00,83.53,71.43,1.91,18.575697,116.05911,telemetry,INVALID_VIN,Invalid or missing VIN,INVALID_VIN,2026-09-16T17:39:46.226977+00:00
EVT0004183,BMW00872,WBA00000000000872,2026-15-40 99:99:99,83.83,123.66,6.62,21.768877,35.14842,telemetry,INVALID_DATE,Invalid date in: timestamp,INVALID_DATE,2026-09-16T17:39:46.226977+00:00
EVT0084931,BMW00194,,2026-10-22 21:30:00,37.04,33.4,13.62,51.325739,-55.380397,telemetry,NULL_VALUE|INVALID_VIN,Null values in: vin | Invalid or missing VIN,NULL_VALUE|INVALID_VIN,2026-09-16T17:39:46.226977+00:00
EVT0076593,BMW00932,WBA00000000000932,2026-09-23 22:40:00,35.48,144.55,200.0,48.327051,4.67234,telemetry,OUT_OF_RANGE,Out-of-range value in: temperature,OUT_OF_RANGE,2026-09-16T17:39:46.226977+00:00
EVT0007729,,WBA00000000000945,2026-01-27 20:00:00,96.91,118.33,37.43,20.108838,85.064786,telemetry,NULL_VALUE|REFERENTIAL_INTEGRITY,Null values in: vehicle_id | Referential integrity violation,NULL_VALUE|REFERENTIAL_INTEGRITY,2026-09-16T17:39:46.226977+00:00
EVT0027813,BMW00589,WBA00000000000589,2026-04-07 13:40:00,61.66,80.76,28.65,27.802553,-41.999507,telemetry,DUPLICATE_RECORD,Duplicate record detected,DUPLICATE_RECORD,2026-09-16T17:39:46.226977+00:00
EVT0067543,FAKE00017,WBA00000000000503,2026-08-23 12:30:00,10.83,30.25,8.67,48.634245,-34.94371,telemetry,REFERENTIAL_INTEGRITY,Referential integrity violation,REFERENTIAL_INTEGRITY,2026-09-16T17:39:46.226977+00:00
EVT0017317,BMW00530,WBA00000000000530,2026-03-02 03:00:00,86.29,31.43,,43.325331,5.753101,telemetry,NULL_VALUE|OUT_OF_RANGE,Null values in: temperature | Out-of-range value in: temperature,NULL_VALUE|OUT_OF_RANGE,2026-09-16T17:39:46.226977+00:00
EVT0079470,BMW00105,WBA00000000000105,2026-15-40 99:99:99,15.8,9.2,20.83,54.313299,119.898497,telemetry,INVALID_DATE,Invalid date in: timestamp,INVALID_DATE,2026-09-16T17:39:46.226977+00:00
EVT0034562,BMW00848,,2026-05-01 00:05:00,10.57,154.87,39.33,37.440021,138.866995,telemetry,NULL_VALUE|INVALID_VIN,Null values in: vin | Invalid or missing VIN,NULL_VALUE|INVALID_VIN,2026-09-16T17:39:46.226977+00:00
EVT0087991,BMW00055,WBA00000000000055,2026-11-02 12:30:00,32.93,132.14,12.35,8.742844,-101.732992,telemetry,DUPLICATE_RECORD,Duplicate record detected,DUPLICATE_RECORD,2026-09-16T17:39:46.226977+00:00
EVT0034993,,WBA00000000000129,2026-05-02 12:00:00,52.32,42.51,50.6,47.163895,40.625691,telemetry,NULL_VALUE|REFERENTIAL_INTEGRITY,Null values in: vehicle_id | Referential integrity violation,NULL_VALUE|REFERENTIAL_INTEGRITY,2026-09-16T17:39:46.226977+00:00
EVT0013279,BMW00943,WBA00000000000943,2026-02-16 02:30:00,-41.63,8.49,17.48,54.49243,-30.415027,telemetry,OUT_OF_RANGE,Out-of-range value in: battery_level,OUT_OF_RANGE,2026-09-16T17:39:46.226977+00:00
EVT0012934,BMW00506,WBA00000000000506,2026-15-40 99:99:99,63.48,18.7,51.91,23.62508,46.137717,telemetry,INVALID_DATE,Invalid date in: timestamp,INVALID_DATE,2026-09-16T17:39:46.226977+00:00
EVT0008055,FAKE00024,WBA00000000000272,2026-01-28 23:10:00,70.77,119.74,0.16,10.040267,-60.571214,telemetry,REFERENTIAL_INTEGRITY,Referential integrity violation,REFERENTIAL_INTEGRITY,2026-09-16T17:39:46.226977+00:00
EVT0050875,BMW00858,WBA00000000000858,2026-06-26 15:30:00,150.0,85.6,-0.5,9.494286,18.107296,telemetry,OUT_OF_RANGE,Out-of-range value in: battery_level,OUT_OF_RANGE,2026-09-16T17:39:46.226977+00:00
EVT0057947,BMW00949,!!BADVIN!!,2026-07-21 04:50:00,99.67,35.54,-3.31,22.315234,-68.188122,telemetry,INVALID_VIN,Invalid or missing VIN,INVALID_VIN,2026-09-16T17:39:46.226977+00:00
EVT0085831,BMW00508,WBA000,2026-10-26 00:30:00,98.75,109.97,0.22,10.748858,125.759837,telemetry,INVALID_VIN,Invalid or missing VIN,INVALID_VIN,2026-09-16T17:39:46.226977+00:00
EVT0031771,BMW00504,WBA000,2026-04-21 07:30:00,26.57,47.72,28.42,14.568971,78.233115,telemetry,INVALID_VIN,Invalid or missing VIN,INVALID_VIN,2026-09-16T17:39:46.226977+00:00
EVT0090563,FAKE00026,WBA00000000000757,2026-11-11 10:50:00,10.9,105.09,-6.05,30.790957,-50.024423,telemetry,REFERENTIAL_INTEGRITY,Referential integrity violation,REFERENTIAL_INTEGRITY,2026-09-16T17:39:46.226977+00:00
EVT0046376,BMW00849,WBA000,2026-06-11 00:35:00,58.73,86.42,48.09,25.630693,115.183606,telemetry,INVALID_VIN,Invalid or missing VIN,INVALID_VIN,2026-09-16T17:39:46.226977+00:00
EVT0027810,BMW00491,WBA000,2026-04-07 13:25:00,30.39,20.77,-6.87,12.773959,-109.122891,telemetry,INVALID_VIN,Invalid or missing VIN,INVALID_VIN,2026-09-16T17:39:46.226977+00:00
EVT0043987,BMW00815,WBA00000000000815,2026-06-02 17:30:00,150.0,55.95,46.13,13.519601,-20.921775,telemetry,OUT_OF_RANGE,Out-of-range value in: battery_level,OUT_OF_RANGE,2026-09-16T17:39:46.226977+00:00
EVT0057103,,WBA00000000000434,2026-07-18 06:30:00,65.78,35.61,46.82,10.156533,-91.363245,telemetry,NULL_VALUE|REFERENTIAL_INTEGRITY,Null values in: vehicle_id | Referential integrity violation,NULL_VALUE|REFERENTIAL_INTEGRITY,2026-09-16T17:39:46.226977+00:00
EVT0096534,,WBA00000000000734,2026-12-02 04:25:00,96.5,54.2,48.38,45.230239,98.049898,telemetry,NULL_VALUE|REFERENTIAL_INTEGRITY,Null values in: vehicle_id | Referential integrity violation,NULL_VALUE|REFERENTIAL_INTEGRITY,2026-09-16T17:39:46.226977+00:00
EVT0074857,BMW00471,WBA00000000000471,2026-09-17 22:00:00,22.81,64.28,43.28,47.941449,-74.174028,telemetry,DUPLICATE_RECORD,Duplicate record detected,DUPLICATE_RECORD,2026-09-16T17:39:46.226977+00:00
EVT0069982,BMW00630,INVALIDVIN,2026-08-31 23:45:00,14.45,80.25,25.02,51.293519,-62.866499,telemetry,INVALID_VIN,Invalid or missing VIN,INVALID_VIN,2026-09-16T17:39:46.226977+00:00
EVT0042413,BMW00713,WBA00000000000713,2026-15-40 99:99:99,12.5,60.69,17.19,27.147457,92.845968,telemetry,INVALID_DATE,Invalid date in: timestamp,INVALID_DATE,2026-09-16T17:39:46.226977+00:00
EVT0049242,BMW00314,,2026-06-20 23:25:00,69.66,107.88,-1.08,8.681419,105.082203,telemetry,NULL_VALUE|INVALID_VIN,Null values in: vin | Invalid or missing VIN,NULL_VALUE|INVALID_VIN,2026-09-16T17:39:46.226977+00:00
EVT0055178,BMW00091,WBA00000000000091,2026-07-11 14:05:00,47.75,38.88,-2.39,52.247903,119.403031,telemetry,DUPLICATE_RECORD,Duplicate record detected,DUPLICATE_RECORD,2026-09-16T17:39:46.226977+00:00
EVT0017736,BMW00801,INVALIDVIN,2026-03-03 13:55:00,80.16,92.32,11.34,20.286667,-107.414931,telemetry,INVALID_VIN,Invalid or missing VIN,INVALID_VIN,2026-09-16T17:39:46.226977+00:00
EVT0064135,FAKE00021,WBA00000000000455,2026-08-11 16:30:00,50.01,22.57,24.73,13.79932,146.326594,telemetry,REFERENTIAL_INTEGRITY,Referential integrity violation,REFERENTIAL_INTEGRITY,2026-09-16T17:39:46.226977+00:00
EVT0000548,BMW00049,WBA000,2026-01-02 21:35:00,49.97,99.01,54.35,25.124189,18.779216,telemetry,INVALID_VIN,Invalid or missing VIN,INVALID_VIN,2026-09-16T17:39:46.226977+00:00
EVT0026370,BMW00126,WBA00000000000126,2026-04-02 13:25:00,81.44,89.27,-2.81,16.498576,97.260162,telemetry,DUPLICATE_RECORD,Duplicate record detected,DUPLICATE_RECORD,2026-09-16T17:39:46.226977+00:00
EVT0019944,BMW00216,INVALIDVIN,2026-03-11 05:55:00,35.79,151.27,44.39,44.33516,-86.314133,telemetry,INVALID_VIN,Invalid or missing VIN,INVALID_VIN,2026-09-16T17:39:46.226977+00:00
EVT0095863,BMW00374,WBA00000000000374,2026-11-29 20:30:00,-1.37,11.14,21.31,48.106774,-102.084315,telemetry,OUT_OF_RANGE,Out-of-range value in: battery_level,OUT_OF_RANGE,2026-09-16T17:39:46.226977+00:00
EVT0072905,BMW00400,123456789,2026-09-11 03:20:00,41.5,79.02,0.27,30.096551,83.636226,telemetry,INVALID_VIN,Invalid or missing VIN,INVALID_VIN,2026-09-16T17:39:46.226977+00:00
EVT0094266,BMW00706,123456789,2026-11-24 07:25:00,67.51,110.71,41.16,17.129441,-41.882789,telemetry,INVALID_VIN,Invalid or missing VIN,INVALID_VIN,2026-09-16T17:39:46.226977+00:00
EVT0041542,,WBA00000000000014,2026-05-25 05:45:00,40.09,92.9,37.54,33.906654,-0.508084,telemetry,NULL_VALUE|REFERENTIAL_INTEGRITY,Null values in: vehicle_id | Referential integrity violation,NULL_VALUE|REFERENTIAL_INTEGRITY,2026-09-16T17:39:46.226977+00:00
EVT0012699,BMW00176,123456789,2026-02-14 02:10:00,12.54,32.07,3.19,52.077166,-82.734562,telemetry,INVALID_VIN,Invalid or missing VIN,INVALID_VIN,2026-09-16T17:39:46.226977+00:00
EVT0053912,BMWX00020,WBA00000000000269,2026-07-07 04:35:00,35.13,38.31,30.41,35.229367,-65.959577,telemetry,REFERENTIAL_INTEGRITY,Referential integrity violation,REFERENTIAL_INTEGRITY,2026-09-16T17:39:46.226977+00:00
EVT0067731,BMW00328,WBA00000000000328,2026-08-24 04:10:00,,43.74,45.05,30.250825,-45.908651,telemetry,NULL_VALUE|OUT_OF_RANGE,Null values in: battery_level | Out-of-range value in: battery_level,NULL_VALUE|OUT_OF_RANGE,2026-09-16T17:39:46.226977+00:00
EVT0088653,BMW00457,WBA00000000000457,2026-11-04 19:40:00,-25.0,105.73,34.91,47.105503,15.594207,telemetry,OUT_OF_RANGE,Out-of-range value in: battery_level,OUT_OF_RANGE,2026-09-16T17:39:46.226977+00:00
EVT0095338,BMW00539,WBA00000000000539,2026-11-28 00:45:00,150.0,60.17,36.69,36.130574,84.167749,telemetry,OUT_OF_RANGE,Out-of-range value in: battery_level,OUT_OF_RANGE,2026-09-16T17:39:46.226977+00:00
EVT0068544,,WBA00000000000469,2026-08-26 23:55:00,43.07,93.76,11.3,42.976876,-51.958071,telemetry,NULL_VALUE|REFERENTIAL_INTEGRITY,Null values in: vehicle_id | Referential integrity violation,NULL_VALUE|REFERENTIAL_INTEGRITY,2026-09-16T17:39:46.226977+00:00
EVT0041705,BMW00054,,2026-05-25 19:20:00,180.0,45.67,18.17,42.260495,99.611217,telemetry,NULL_VALUE|DUPLICATE_RECORD|INVALID_VIN|OUT_OF_RANGE,Null values in: vin | Duplicate record detected | Invalid or missing VIN | Out-of-range value in: battery_level,NULL_VALUE|DUPLICATE_RECORD|INVALID_VIN|OUT_OF_RANGE,2026-09-16T17:39:46.226977+00:00
EVT0094812,BMW00856,,2026-11-26 04:55:00,79.1,98.41,38.52,45.529416,105.968787,telemetry,NULL_VALUE|INVALID_VIN,Null values in: vin | Invalid or missing VIN,NULL_VALUE|INVALID_VIN,2026-09-16T17:39:46.226977+00:00
EVT0064697,BMW00100,WBA00000000000100,,10.96,48.88,1.84,30.696446,92.86735,telemetry,NULL_VALUE|INVALID_DATE,Null values in: timestamp | Invalid date in: timestamp,NULL_VALUE|INVALID_DATE,2026-09-16T17:39:46.226977+00:00
EVT0056188,BMW00092,WBA00000000000092,,19.64,103.97,48.28,30.290955,51.442736,telemetry,NULL_VALUE|INVALID_DATE,Null values in: timestamp | Invalid date in: timestamp,NULL_VALUE|INVALID_DATE,2026-09-16T17:39:46.226977+00:00
BAD00082,UNKNOWN,BADVIN,not-a-date,999.0,-50.0,999.0,999.0,999.0,telemetry,INVALID_VIN|INVALID_DATE|OUT_OF_RANGE|REFERENTIAL_INTEGRITY,"Invalid or missing VIN | Invalid date in: timestamp | Out-of-range value in: battery_level, temperature, speed | Referential integrity violation",INVALID_VIN|INVALID_DATE|OUT_OF_RANGE|REFERENTIAL_INTEGRITY,2026-09-16T17:39:46.226977+00:00
EVT0081445,FAKE00007,WBA00000000000808,2026-10-10 19:00:00,40.29,124.73,48.11,28.989079,30.058421,telemetry,REFERENTIAL_INTEGRITY,Referential integrity violation,REFERENTIAL_INTEGRITY,2026-09-16T17:39:46.226977+00:00
EVT0035490,FAKE00004,WBA00000000000727,2026-05-04 05:25:00,96.65,94.9,-0.21,49.378474,-80.159514,telemetry,REFERENTIAL_INTEGRITY,Referential integrity violation,REFERENTIAL_INTEGRITY,2026-09-16T17:39:46.226977+00:00
EVT0019568,BMW00277,WBA000,2026-03-09 22:35:00,78.42,24.45,-9.88,8.08162,-98.712087,telemetry,INVALID_VIN,Invalid or missing VIN,INVALID_VIN,2026-09-16T17:39:46.226977+00:00
EVT0052357,,WBA00000000000020,2026-07-01 19:00:00,11.3,121.34,35.55,47.115717,65.886354,telemetry,NULL_VALUE|REFERENTIAL_INTEGRITY,Null values in: vehicle_id | Referential integrity violation,NULL_VALUE|REFERENTIAL_INTEGRITY,2026-09-16T17:39:46.226977+00:00
EVT0021490,,WBA00000000000299,2026-03-16 14:45:00,33.7,127.56,13.89,15.093639,114.52232,telemetry,NULL_VALUE|REFERENTIAL_INTEGRITY,Null values in: vehicle_id | Referential integrity violation,NULL_VALUE|REFERENTIAL_INTEGRITY,2026-09-16T17:39:46.226977+00:00
EVT0079152,,WBA00000000000295,2026-10-02 19:55:00,81.33,77.15,21.9,15.816543,19.292629,telemetry,NULL_VALUE|REFERENTIAL_INTEGRITY,Null values in: vehicle_id | Referential integrity violation,NULL_VALUE|REFERENTIAL_INTEGRITY,2026-09-16T17:39:46.226977+00:00
EVT0009336,BMW00197,WBA00000000000197,2026-02-02 09:55:00,,111.31,9.32,44.687834,147.018951,telemetry,NULL_VALUE|OUT_OF_RANGE,Null values in: battery_level | Out-of-range value in: battery_level,NULL_VALUE|OUT_OF_RANGE,2026-09-16T17:39:46.226977+00:00
EVT0095289,,WBA00000000000208,2026-11-27 20:40:00,70.9,12.64,37.4,32.416334,100.895803,telemetry,NULL_VALUE|REFERENTIAL_INTEGRITY,Null values in: vehicle_id | Referential integrity violation,NULL_VALUE|REFERENTIAL_INTEGRITY,2026-09-16T17:39:46.226977+00:00
EVT0050355,BMWX00158,WBA00000000000701,2026-06-24 20:10:00,45.58,20.17,39.19,17.082664,-99.820296,telemetry,REFERENTIAL_INTEGRITY,Referential integrity violation,REFERENTIAL_INTEGRITY,2026-09-16T17:39:46.226977+00:00
EVT0004972,BMW00333,WBA00000000000333,2026-01-18 06:15:00,49.98,153.79,32.45,45.483478,-109.935035,telemetry,DUPLICATE_RECORD,Duplicate record detected,DUPLICATE_RECORD,2026-09-16T17:39:46.226977+00:00
EVT0066535,BMW00082,,2026-08-20 00:30:00,60.68,32.61,23.66,36.38007,-60.951618,telemetry,NULL_VALUE|INVALID_VIN,Null values in: vin | Invalid or missing VIN,NULL_VALUE|INVALID_VIN,2026-09-16T17:39:46.226977+00:00
EVT0084768,BMW00607,WBA00000000000607,2026-10-22 07:55:00,-4.64,0.11,3.8,41.626153,-27.840882,telemetry,OUT_OF_RANGE,Out-of-range value in: battery_level,OUT_OF_RANGE,2026-09-16T17:39:46.226977+00:00
EVT0007854,BMW00115,,2026-01-28 06:25:00,39.26,147.14,45.83,12.890542,75.860654,telemetry,NULL_VALUE|INVALID_VIN,Null values in: vin | Invalid or missing VIN,NULL_VALUE|INVALID_VIN,2026-09-16T17:39:46.226977+00:00
EVT0099427,BMW00422,WBA00000000000422,2026-12-12 05:30:00,62.28,120.23,42.97,30.385613,9.586963,telemetry,DUPLICATE_RECORD,Duplicate record detected,DUPLICATE_RECORD,2026-09-16T17:39:46.226977+00:00
EVT0043318,BMW00606,,2026-05-31 09:45:00,50.96,109.53,47.6,46.956627,9.552827,telemetry,NULL_VALUE|INVALID_VIN,Null values in: vin | Invalid or missing VIN,NULL_VALUE|INVALID_VIN,2026-09-16T17:39:46.226977+00:00
EVT0077511,FAKE00010,INVALIDVIN,2026-09-27 03:10:00,37.05,126.49,17.53,11.760474,117.633037,telemetry,INVALID_VIN|REFERENTIAL_INTEGRITY,Invalid or missing VIN | Referential integrity violation,INVALID_VIN|REFERENTIAL_INTEGRITY,2026-09-16T17:39:46.226977+00:00
EVT0078538,BMW00449,WBA00000000000449,2026-09-30 16:45:00,,138.42,1.83,30.048253,-100.773555,telemetry,NULL_VALUE|OUT_OF_RANGE,Null values in: battery_level | Out-of-range value in: battery_level,NULL_VALUE|OUT_OF_RANGE,2026-09-16T17:39:46.226977+00:00
EVT0058839,,WBA00000000000266,2026-07-24 07:10:00,82.25,135.37,32.56,27.260167,-36.821535,telemetry,NULL_VALUE|REFERENTIAL_INTEGRITY,Null values in: vehicle_id | Referential integrity violation,NULL_VALUE|REFERENTIAL_INTEGRITY,2026-09-16T17:39:46.226977+00:00
EVT0061644,BMW00072,WBA00000000000072,2026-08-03 00:55:00,74.17,37.42,,31.763392,15.572461,telemetry,NULL_VALUE|OUT_OF_RANGE,Null values in: temperature | Out-of-range value in: temperature,NULL_VALUE|OUT_OF_RANGE,2026-09-16T17:39:46.226977+00:00
EVT0009775,BMW00777,WBA00000000000777,2026-02-03 22:30:00,180.0,64.23,42.33,22.559709,40.885457,telemetry,OUT_OF_RANGE,Out-of-range value in: battery_level,OUT_OF_RANGE,2026-09-16T17:39:46.226977+00:00
EVT0004261,BMW00366,,2026-01-15 19:00:00,42.35,9.0,4.65,34.854296,129.179043,telemetry,NULL_VALUE|INVALID_VIN,Null values in: vin | Invalid or missing VIN,NULL_VALUE|INVALID_VIN,2026-09-16T17:39:46.226977+00:00
EVT0020848,FAKE00003,WBA00000000000205,2026-03-14 09:15:00,34.79,40.65,15.3,17.984675,-46.770562,telemetry,REFERENTIAL_INTEGRITY,Referential integrity violation,REFERENTIAL_INTEGRITY,2026-09-16T17:39:46.226977+00:00
EVT0050984,BMW00773,,2026-06-27 00:35:00,20.5,143.16,12.82,10.168389,74.196504,telemetry,NULL_VALUE|INVALID_VIN,Null values in: vin | Invalid or missing VIN,NULL_VALUE|INVALID_VIN,2026-09-16T17:39:46.226977+00:00
EVT0061788,,WBA00000000000414,2026-08-03 12:55:00,69.94,79.8,28.3,21.357187,-17.497799,telemetry,NULL_VALUE|REFERENTIAL_INTEGRITY,Null values in: vehicle_id | Referential integrity violation,NULL_VALUE|REFERENTIAL_INTEGRITY,2026-09-16T17:39:46.226977+00:00
EVT0090789,BMW00919,,2026-11-12 05:40:00,76.63,22.01,-9.44,39.701067,80.083394,telemetry,NULL_VALUE|INVALID_VIN,Null values in: vin | Invalid or missing VIN,NULL_VALUE|INVALID_VIN,2026-09-16T17:39:46.226977+00:00
EVT0044644,BMW00256,INVALIDVIN,2026-06-05 00:15:00,41.7,89.64,-3.73,33.455013,107.476575,telemetry,INVALID_VIN,Invalid or missing VIN,INVALID_VIN,2026-09-16T17:39:46.226977+00:00
EVT0027685,BMW00132,WBA00000000000132,2026-15-40 99:99:99,92.09,85.72,49.3,29.559078,4.051392,telemetry,INVALID_DATE,Invalid date in: timestamp,INVALID_DATE,2026-09-16T17:39:46.226977+00:00
EVT0025089,BMW00076,,2026-03-29 02:40:00,87.12,109.03,40.6,34.468459,-40.818017,telemetry,NULL_VALUE|INVALID_VIN,Null values in: vin | Invalid or missing VIN,NULL_VALUE|INVALID_VIN,2026-09-16T17:39:46.226977+00:00
EVT0077919,BMW00265,WBA00000000000265,2026-09-28 13:10:00,65.64,52.37,,43.090045,41.333074,telemetry,NULL_VALUE|OUT_OF_RANGE,Null values in: temperature | Out-of-range value in: temperature,NULL_VALUE|OUT_OF_RANGE,2026-09-16T17:39:46.226977+00:00
EVT0056341,BMW00114,,2026-07-15 15:00:00,65.79,138.11,38.05,50.212834,10.758821,telemetry,NULL_VALUE|INVALID_VIN,Null values in: vin | Invalid or missing VIN,NULL_VALUE|INVALID_VIN,2026-09-16T17:39:46.226977+00:00
EVT0038917,BMW00635,WBA00000000000635,2026-15-40 99:99:99,26.67,125.88,42.76,27.16569,-44.642698,telemetry,INVALID_DATE,Invalid date in: timestamp,INVALID_DATE,2026-09-16T17:39:46.226977+00:00
EVT0058063,BMW00768,NSGZSR8RUW,2026-07-21 14:30:00,41.66,45.53,14.98,52.82149,-50.345541,telemetry,INVALID_VIN,Invalid or missing VIN,INVALID_VIN,2026-09-16T17:39:46.226977+00:00
EVT0064690,BMW00747,WBA00000000000747,2026-08-13 14:45:00,,47.27,2.98,35.148339,130.607346,telemetry,NULL_VALUE|OUT_OF_RANGE,Null values in: battery_level | Out-of-range value in: battery_level,NULL_VALUE|OUT_OF_RANGE,2026-09-16T17:39:46.226977+00:00
EVT0002702,BMW00425,,2026-01-10 09:05:00,21.77,75.99,3.31,44.678577,-37.887517,telemetry,NULL_VALUE|INVALID_VIN,Null values in: vin | Invalid or missing VIN,NULL_VALUE|INVALID_VIN,2026-09-16T17:39:46.226977+00:00
EVT0053577,,WBA00000000000581,2026-07-06 00:40:00,34.95,37.66,37.37,38.569677,96.438725,telemetry,NULL_VALUE|REFERENTIAL_INTEGRITY,Null values in: vehicle_id | Referential integrity violation,NULL_VALUE|REFERENTIAL_INTEGRITY,2026-09-16T17:39:46.226977+00:00
EVT0091286,,WBA00000000000528,2026-11-13 23:05:00,67.34,40.11,43.64,54.891748,119.777686,telemetry,NULL_VALUE|REFERENTIAL_INTEGRITY,Null values in: vehicle_id | Referential integrity violation,NULL_VALUE|REFERENTIAL_INTEGRITY,2026-09-16T17:39:46.226977+00:00
EVT0014615,BMW00204,BRD399Q68R,2026-02-20 17:50:00,66.27,97.94,47.26,9.511709,148.953207,telemetry,INVALID_VIN,Invalid or missing VIN,INVALID_VIN,2026-09-16T17:39:46.226977+00:00
EVT0012161,BMW00455,WBA00000000000455,2026-02-12 05:20:00,-43.75,71.58,51.26,49.425018,135.145621,telemetry,OUT_OF_RANGE,Out-of-range value in: battery_level,OUT_OF_RANGE,2026-09-16T17:39:46.226977+00:00
BAD00081,UNKNOWN,BADVIN,not-a-date,999.0,-50.0,999.0,999.0,999.0,telemetry,INVALID_VIN|INVALID_DATE|OUT_OF_RANGE|REFERENTIAL_INTEGRITY,"Invalid or missing VIN | Invalid date in: timestamp | Out-of-range value in: battery_level, temperature, speed | Referential integrity violation",INVALID_VIN|INVALID_DATE|OUT_OF_RANGE|REFERENTIAL_INTEGRITY,2026-09-16T17:39:46.226977+00:00
EVT0056515,,WBA00000000000251,2026-07-16 05:30:00,71.36,102.99,4.87,47.440125,-86.681115,telemetry,NULL_VALUE|REFERENTIAL_INTEGRITY,Null values in: vehicle_id | Referential integrity violation,NULL_VALUE|REFERENTIAL_INTEGRITY,2026-09-16T17:39:46.226977+00:00
EVT0069033,,WBA00000000000476,2026-08-28 16:40:00,28.2,72.54,17.45,45.718662,16.847033,telemetry,NULL_VALUE|REFERENTIAL_INTEGRITY,Null values in: vehicle_id | Referential integrity violation,NULL_VALUE|REFERENTIAL_INTEGRITY,2026-09-16T17:39:46.226977+00:00
EVT0036823,BMW00764,,2026-05-08 20:30:00,80.27,2.45,34.85,46.738262,88.635838,telemetry,NULL_VALUE|INVALID_VIN,Null values in: vin | Invalid or missing VIN,NULL_VALUE|INVALID_VIN,2026-09-16T17:39:46.226977+00:00
EVT0038559,BMW00176,WBA00000000000176,2026-05-14 21:10:00,72.83,147.82,,38.337307,-12.043572,telemetry,NULL_VALUE|OUT_OF_RANGE,Null values in: temperature | Out-of-range value in: temperature,NULL_VALUE|OUT_OF_RANGE,2026-09-16T17:39:46.226977+00:00
EVT0069708,BMW00710,WBA00000000000710,2026-08-31 00:55:00,69.11,98.45,25.57,42.086404,32.818419,telemetry,DUPLICATE_RECORD,Duplicate record detected,DUPLICATE_RECORD,2026-09-16T17:39:46.226977+00:00
EVT0032042,BMW00398,WBA00000000000398,2026-04-22 06:05:00,27.7,156.4,31.91,14.960897,-5.8098,telemetry,DUPLICATE_RECORD,Duplicate record detected,DUPLICATE_RECORD,2026-09-16T17:39:46.226977+00:00
EVT0068163,FAKE00029,WBA00000000000816,2026-08-25 16:10:00,81.67,25.45,37.65,29.505289,-21.526453,telemetry,REFERENTIAL_INTEGRITY,Referential integrity violation,REFERENTIAL_INTEGRITY,2026-09-16T17:39:46.226977+00:00
EVT0023425,BMW00989,,2026-03-23 08:00:00,41.07,150.27,33.27,53.117482,48.84403,telemetry,NULL_VALUE|INVALID_VIN,Null values in: vin | Invalid or missing VIN,NULL_VALUE|INVALID_VIN,2026-09-16T17:39:46.226977+00:00
EVT0049916,BMW00842,,2026-06-23 07:35:00,62.94,41.74,5.47,34.323293,-53.673833,telemetry,NULL_VALUE|INVALID_VIN,Null values in: vin | Invalid or missing VIN,NULL_VALUE|INVALID_VIN,2026-09-16T17:39:46.226977+00:00
EVT0069571,BMW00439,WBA00000000000439,2026-08-30 13:30:00,37.92,3.73,38.86,50.691453,119.574809,telemetry,DUPLICATE_RECORD,Duplicate record detected,DUPLICATE_RECORD,2026-09-16T17:39:46.226977+00:00
EVT0095845,,WBA00000000000514,2026-11-29 19:00:00,38.43,142.56,14.51,37.944202,-14.739377,telemetry,NULL_VALUE|REFERENTIAL_INTEGRITY,Null values in: vehicle_id | Referential integrity violation,NULL_VALUE|REFERENTIAL_INTEGRITY,2026-09-16T17:39:46.226977+00:00
EVT0009684,BMW00286,WBA00000000000286,2026-02-03 14:55:00,52.4,147.56,21.01,45.573379,80.92494,telemetry,DUPLICATE_RECORD,Duplicate record detected,DUPLICATE_RECORD,2026-09-16T17:39:46.226977+00:00
EVT0090780,BMW00563,WBA00000000000563,2026-11-12 04:55:00,93.44,52.75,200.0,25.305709,-74.534742,telemetry,OUT_OF_RANGE,Out-of-range value in: temperature,OUT_OF_RANGE,2026-09-16T17:39:46.226977+00:00
EVT0049608,BMW00465,INVALID_VIN,2026-06-22 05:55:00,89.0,98.45,42.1,50.035154,-97.277168,telemetry,INVALID_VIN,Invalid or missing VIN,INVALID_VIN,2026-09-16T17:39:46.226977+00:00
EVT0037944,,WBA00000000000647,2026-05-12 17:55:00,86.26,99.6,18.26,53.877523,51.442386,telemetry,NULL_VALUE|REFERENTIAL_INTEGRITY,Null values in: vehicle_id | Referential integrity violation,NULL_VALUE|REFERENTIAL_INTEGRITY,2026-09-16T17:39:46.226977+00:00
EVT0022312,BMW00186,WBA00000000000186,2026-03-19 11:15:00,29.3,90.49,24.76,50.272571,135.551321,telemetry,DUPLICATE_RECORD,Duplicate record detected,DUPLICATE_RECORD,2026-09-16T17:39:46.226977+00:00
EVT0035611,BMW00624,,2026-05-04 15:30:00,73.1,109.74,-7.05,35.206095,-90.389655,telemetry,NULL_VALUE|INVALID_VIN,Null values in: vin | Invalid or missing VIN,NULL_VALUE|INVALID_VIN,2026-09-16T17:39:46.226977+00:00
EVT0012377,BMW00167,WBA000,2026-02-12 23:20:00,58.94,15.27,10.69,37.622368,-4.48432,telemetry,INVALID_VIN,Invalid or missing VIN,INVALID_VIN,2026-09-16T17:39:46.226977+00:00
EVT0007037,BMW00515,WBA00000000000515,2026-01-25 10:20:00,76.16,158.12,43.56,48.32965,149.934976,telemetry,DUPLICATE_RECORD,Duplicate record detected,DUPLICATE_RECORD,2026-09-16T17:39:46.226977+00:00
EVT0018119,BMW00931,123456789,2026-03-04 21:50:00,73.19,15.53,27.51,42.065163,136.404974,telemetry,INVALID_VIN,Invalid or missing VIN,INVALID_VIN,2026-09-16T17:39:46.226977+00:00
EVT0024456,BMW00113,WBA00000000000113,2026-15-40 99:99:99,19.32,146.05,-0.55,23.55416,50.032726,telemetry,INVALID_DATE,Invalid date in: timestamp,INVALID_DATE,2026-09-16T17:39:46.226977+00:00
EVT0050867,BMW00849,WBA00000000000849,2026-06-26 14:50:00,,76.61,-5.13,50.621178,20.466041,telemetry,NULL_VALUE|OUT_OF_RANGE,Null values in: battery_level | Out-of-range value in: battery_level,NULL_VALUE|OUT_OF_RANGE,2026-09-16T17:39:46.226977+00:00
EVT0044622,BMW00907,,2026-06-04 22:25:00,53.87,19.92,53.65,35.89353,-96.154499,telemetry,NULL_VALUE|INVALID_VIN,Null values in: vin | Invalid or missing VIN,NULL_VALUE|INVALID_VIN,2026-09-16T17:39:46.226977+00:00
EVT0018765,BMW00435,WBA00000000000435,2026-03-07 03:40:00,-10.0,67.15,46.13,50.832317,42.691115,telemetry,OUT_OF_RANGE,Out-of-range value in: battery_level,OUT_OF_RANGE,2026-09-16T17:39:46.226977+00:00
EVT0035130,,WBA00000000000452,2026-05-02 23:25:00,98.28,36.74,11.98,12.518514,95.750317,telemetry,NULL_VALUE|REFERENTIAL_INTEGRITY,Null values in: vehicle_id | Referential integrity violation,NULL_VALUE|REFERENTIAL_INTEGRITY,2026-09-16T17:39:46.226977+00:00
EVT0028661,,WBA00000000000441,2026-04-10 12:20:00,75.34,2.98,-9.96,13.984643,-78.844955,telemetry,NULL_VALUE|REFERENTIAL_INTEGRITY,Null values in: vehicle_id | Referential integrity violation,NULL_VALUE|REFERENTIAL_INTEGRITY,2026-09-16T17:39:46.226977+00:00
EVT0081225,,WBA00000000000732,2026-10-10 00:40:00,80.12,152.84,-7.02,25.614159,-110.425005,telemetry,NULL_VALUE|REFERENTIAL_INTEGRITY,Null values in: vehicle_id | Referential integrity violation,NULL_VALUE|REFERENTIAL_INTEGRITY,2026-09-16T17:39:46.226977+00:00
EVT0025716,BMW00308,,2026-03-31 06:55:00,82.58,149.89,46.4,12.138949,-103.173148,telemetry,NULL_VALUE|INVALID_VIN,Null values in: vin | Invalid or missing VIN,NULL_VALUE|INVALID_VIN,2026-09-16T17:39:46.226977+00:00
EVT0080115,BMW00699,INVALIDVIN,2026-10-06 04:10:00,18.49,152.98,17.58,52.649636,-116.231636,telemetry,INVALID_VIN,Invalid or missing VIN,INVALID_VIN,2026-09-16T17:39:46.226977+00:00
EVT0035089,BMW00793,WBA00000000000793,2026-05-02 20:00:00,87.27,33.17,30.61,20.137943,-104.68573,telemetry,DUPLICATE_RECORD,Duplicate record detected,DUPLICATE_RECORD,2026-09-16T17:39:46.226977+00:00
EVT0041047,BMW00829,WBA00000000000829,31-02-2026,85.19,77.97,36.85,36.379382,-28.546221,telemetry,INVALID_DATE,Invalid date in: timestamp,INVALID_DATE,2026-09-16T17:39:46.226977+00:00
EVT0023057,FAKE00011,WBA00000000000519,2026-03-22 01:20:00,18.06,41.73,12.1,17.283524,99.441827,telemetry,REFERENTIAL_INTEGRITY,Referential integrity violation,REFERENTIAL_INTEGRITY,2026-09-16T17:39:46.226977+00:00
EVT0067826,BMW00401,INVALIDVIN,2026-08-24 12:05:00,81.9,125.71,45.82,37.685632,-69.990034,telemetry,INVALID_VIN,Invalid or missing VIN,INVALID_VIN,2026-09-16T17:39:46.226977+00:00
EVT0020031,,INVALIDVIN,2026-03-11 13:10:00,88.35,158.28,3.81,31.249219,-38.308922,telemetry,NULL_VALUE|INVALID_VIN|REFERENTIAL_INTEGRITY,Null values in: vehicle_id | Invalid or missing VIN | Referential integrity violation,NULL_VALUE|INVALID_VIN|REFERENTIAL_INTEGRITY,2026-09-16T17:39:46.226977+00:00
EVT0085644,BMW00286,WBA00000000000286,2026-10-25 08:55:00,160.89,82.33,-9.91,8.871585,-102.314876,telemetry,OUT_OF_RANGE,Out-of-range value in: battery_level,OUT_OF_RANGE,2026-09-16T17:39:46.226977+00:00
EVT0027971,BMW00374,WBA00000000000374,abc,55.37,12.79,27.0,17.861768,22.833655,telemetry,INVALID_DATE,Invalid date in: timestamp,INVALID_DATE,2026-09-16T17:39:46.226977+00:00
EVT0040430,FAKE00016,WBA00000000000668,2026-05-21 09:05:00,96.98,146.49,41.37,30.877668,-9.131579,telemetry,REFERENTIAL_INTEGRITY,Referential integrity violation,REFERENTIAL_INTEGRITY,2026-09-16T17:39:46.226977+00:00
EVT0056300,BMW00333,WBA00000000000333,2026-07-15 11:35:00,98.03,131.42,-2.21,15.088548,-28.584225,telemetry,DUPLICATE_RECORD,Duplicate record detected,DUPLICATE_RECORD,2026-09-16T17:39:46.226977+00:00
EVT0031779,,WBA00000000000532,2026-04-21 08:10:00,77.53,14.47,19.34,27.799038,-29.688204,telemetry,NULL_VALUE|REFERENTIAL_INTEGRITY,Null values in: vehicle_id | Referential integrity violation,NULL_VALUE|REFERENTIAL_INTEGRITY,2026-09-16T17:39:46.226977+00:00
EVT0045734,BMW00938,WBA00000000000938,not-a-date,34.64,24.53,5.42,37.426828,103.500121,telemetry,INVALID_DATE,Invalid date in: timestamp,INVALID_DATE,2026-09-16T17:39:46.226977+00:00
EVT0006195,BMW00035,123456789,2026-01-22 12:10:00,32.71,15.09,19.72,38.215169,77.509622,telemetry,INVALID_VIN,Invalid or missing VIN,INVALID_VIN,2026-09-16T17:39:46.226977+00:00
EVT0005945,BMW00605,WBA00000000000605,2026-01-21 15:20:00,97.55,35.21,0.15,14.583114,115.165148,telemetry,DUPLICATE_RECORD,Duplicate record detected,DUPLICATE_RECORD,2026-09-16T17:39:46.226977+00:00
EVT0092811,BMW00445,,2026-11-19 06:10:00,60.33,64.7,-4.93,12.527522,-26.921452,telemetry,NULL_VALUE|INVALID_VIN,Null values in: vin | Invalid or missing VIN,NULL_VALUE|INVALID_VIN,2026-09-16T17:39:46.226977+00:00
EVT0066667,BMW00708,WBA00000000000708,9999-99-99 00:00:00,90.07,103.87,31.28,45.909546,-16.854845,telemetry,INVALID_DATE,Invalid date in: timestamp,INVALID_DATE,2026-09-16T17:39:46.226977+00:00
EVT0056403,BMW00046,WBA00000000000046,2026-07-15 20:10:00,70.49,107.22,8.46,43.851631,122.436955,telemetry,DUPLICATE_RECORD,Duplicate record detected,DUPLICATE_RECORD,2026-09-16T17:39:46.226977+00:00
BAD00076,UNKNOWN,BADVIN,not-a-date,999.0,-50.0,999.0,999.0,999.0,telemetry,INVALID_VIN|INVALID_DATE|OUT_OF_RANGE|REFERENTIAL_INTEGRITY,"Invalid or missing VIN | Invalid date in: timestamp | Out-of-range value in: battery_level, temperature, speed | Referential integrity violation",INVALID_VIN|INVALID_DATE|OUT_OF_RANGE|REFERENTIAL_INTEGRITY,2026-09-16T17:39:46.226977+00:00
EVT0024053,,WBA00000000000618,2026-03-25 12:20:00,73.25,68.77,39.39,12.609749,32.66454,telemetry,NULL_VALUE|REFERENTIAL_INTEGRITY,Null values in: vehicle_id | Referential integrity violation,NULL_VALUE|REFERENTIAL_INTEGRITY,2026-09-16T17:39:46.226977+00:00
EVT0069273,,WBA00000000000387,2026-08-29 12:40:00,46.17,98.37,45.3,17.256577,-29.438488,telemetry,NULL_VALUE|REFERENTIAL_INTEGRITY,Null values in: vehicle_id | Referential integrity violation,NULL_VALUE|REFERENTIAL_INTEGRITY,2026-09-16T17:39:46.226977+00:00
EVT0005553,BMW00918,WBA000,2026-01-20 06:40:00,69.96,0.86,5.98,38.112206,53.943487,telemetry,INVALID_VIN,Invalid or missing VIN,INVALID_VIN,2026-09-16T17:39:46.226977+00:00
EVT0042620,,WBA00000000000963,2026-05-28 23:35:00,86.33,108.8,52.81,18.660274,-15.957505,telemetry,NULL_VALUE|REFERENTIAL_INTEGRITY,Null values in: vehicle_id | Referential integrity violation,NULL_VALUE|REFERENTIAL_INTEGRITY,2026-09-16T17:39:46.226977+00:00
EVT0002407,BMW00988,,2026-01-09 08:30:00,64.59,47.45,-2.96,37.048163,-65.041247,telemetry,NULL_VALUE|INVALID_VIN,Null values in: vin | Invalid or missing VIN,NULL_VALUE|INVALID_VIN,2026-09-16T17:39:46.226977+00:00
EVT0088205,BMW00508,WBA00000000000508,2026-15-40 99:99:99,87.56,91.31,48.99,54.222898,-82.75141,telemetry,DUPLICATE_RECORD|INVALID_DATE,Duplicate record detected | Invalid date in: timestamp,DUPLICATE_RECORD|INVALID_DATE,2026-09-16T17:39:46.226977+00:00
EVT0064310,BMW00520,WBA00000000000520,2026-08-12 07:05:00,48.2,33.53,-2.05,47.659497,53.568243,telemetry,DUPLICATE_RECORD,Duplicate record detected,DUPLICATE_RECORD,2026-09-16T17:39:46.226977+00:00
EVT0052944,,WBA00000000000941,2026-07-03 19:55:00,85.99,148.88,48.81,36.253323,-47.625133,telemetry,NULL_VALUE|REFERENTIAL_INTEGRITY,Null values in: vehicle_id | Referential integrity violation,NULL_VALUE|REFERENTIAL_INTEGRITY,2026-09-16T17:39:46.226977+00:00
EVT0077979,,WBA00000000000154,2026-09-28 18:10:00,28.9,136.48,-7.53,37.868317,118.025974,telemetry,NULL_VALUE|REFERENTIAL_INTEGRITY,Null values in: vehicle_id | Referential integrity violation,NULL_VALUE|REFERENTIAL_INTEGRITY,2026-09-16T17:39:46.226977+00:00
EVT0026008,BMW00997,,2026-04-01 07:15:00,81.13,154.32,33.16,24.750445,78.086622,telemetry,NULL_VALUE|INVALID_VIN,Null values in: vin | Invalid or missing VIN,NULL_VALUE|INVALID_VIN,2026-09-16T17:39:46.226977+00:00
EVT0094893,,WBA00000000000036,2026-11-26 11:40:00,53.2,105.26,11.96,24.314024,-91.152018,telemetry,NULL_VALUE|REFERENTIAL_INTEGRITY,Null values in: vehicle_id | Referential integrity violation,NULL_VALUE|REFERENTIAL_INTEGRITY,2026-09-16T17:39:46.226977+00:00
EVT0009583,BMW00205,WBA00000000000205,not-a-date,90.29,35.99,43.32,37.440312,-26.930657,telemetry,INVALID_DATE,Invalid date in: timestamp,INVALID_DATE,2026-09-16T17:39:46.226977+00:00
EVT0003777,BMW00825,WBA00000000000825,9999-99-99 00:00:00,29.93,73.91,26.07,35.324416,94.988693,telemetry,INVALID_DATE,Invalid date in: timestamp,INVALID_DATE,2026-09-16T17:39:46.226977+00:00
EVT0019577,BMW00110,VSYXBBF4HE,2026-03-09 23:20:00,99.88,7.73,37.64,13.924826,-98.902532,telemetry,INVALID_VIN,Invalid or missing VIN,INVALID_VIN,2026-09-16T17:39:46.226977+00:00
EVT0065431,BMW00455,INVALID_VIN,2026-08-16 04:30:00,16.54,153.4,34.74,14.149824,12.94969,telemetry,INVALID_VIN,Invalid or missing VIN,INVALID_VIN,2026-09-16T17:39:46.226977+00:00
EVT0056740,BMW00685,WBA00000000000685,2026-07-17 00:15:00,75.81,47.7,51.29,34.9442,93.239475,telemetry,DUPLICATE_RECORD,Duplicate record detected,DUPLICATE_RECORD,2026-09-16T17:39:46.226977+00:00
EVT0082211,BMW00497,WBA00000000000497,2026-10-13 10:50:00,196.83,152.74,16.14,48.260608,-94.820935,telemetry,OUT_OF_RANGE,Out-of-range value in: battery_level,OUT_OF_RANGE,2026-09-16T17:39:46.226977+00:00
EVT0054950,,WBA00000000000091,2026-07-10 19:05:00,63.82,35.55,33.51,37.484127,-72.528018,telemetry,NULL_VALUE|REFERENTIAL_INTEGRITY,Null values in: vehicle_id | Referential integrity violation,NULL_VALUE|REFERENTIAL_INTEGRITY,2026-09-16T17:39:46.226977+00:00
EVT0077099,BMW00736,L01WCNKFHB,2026-09-25 16:50:00,24.7,50.7,-6.17,9.430867,8.207373,telemetry,INVALID_VIN,Invalid or missing VIN,INVALID_VIN,2026-09-16T17:39:46.226977+00:00
EVT0084510,BMW00032,WBA00000000000032,2026-10-21 10:25:00,85.9,61.31,-6.59,26.936637,79.895827,telemetry,DUPLICATE_RECORD,Duplicate record detected,DUPLICATE_RECORD,2026-09-16T17:39:46.226977+00:00
EVT0041464,BMW00692,WBA00000000000692,2026-05-24 23:15:00,33.51,144.2,,51.949577,-27.522077,telemetry,NULL_VALUE|OUT_OF_RANGE,Null values in: temperature | Out-of-range value in: temperature,NULL_VALUE|OUT_OF_RANGE,2026-09-16T17:39:46.226977+00:00
EVT0058295,BMW00120,WBA00000000000120,2026-07-22 09:50:00,-23.95,52.11,28.64,48.266538,-99.702466,telemetry,OUT_OF_RANGE,Out-of-range value in: battery_level,OUT_OF_RANGE,2026-09-16T17:39:46.226977+00:00
EVT0085446,BMW00871,,2026-10-24 16:25:00,67.37,117.23,10.83,53.046052,73.357089,telemetry,NULL_VALUE|INVALID_VIN,Null values in: vin | Invalid or missing VIN,NULL_VALUE|INVALID_VIN,2026-09-16T17:39:46.226977+00:00
EVT0074226,BMW00695,INVALIDVIN,2026-09-15 17:25:00,52.37,2.13,31.92,24.736306,28.133256,telemetry,INVALID_VIN,Invalid or missing VIN,INVALID_VIN,2026-09-16T17:39:46.226977+00:00
EVT0092144,BMW00786,WBA00000000000786,2026-11-16 22:35:00,11.99,87.13,29.94,21.411913,-108.689514,telemetry,DUPLICATE_RECORD,Duplicate record detected,DUPLICATE_RECORD,2026-09-16T17:39:46.226977+00:00
EVT0049846,BMW00373,WBA00000000000373,2026-06-23 01:45:00,63.32,106.05,53.43,36.558674,-91.140134,telemetry,DUPLICATE_RECORD,Duplicate record detected,DUPLICATE_RECORD,2026-09-16T17:39:46.226977+00:00
EVT0030002,BMW00456,WBA00000000000456,2026-04-15 04:05:00,-46.2,91.44,26.44,16.011045,135.860808,telemetry,OUT_OF_RANGE,Out-of-range value in: battery_level,OUT_OF_RANGE,2026-09-16T17:39:46.226977+00:00
EVT0004711,BMW00130,WBA00000000000130,2026-01-17 08:30:00,52.27,111.41,7.59,45.265077,-10.92856,telemetry,DUPLICATE_RECORD,Duplicate record detected,DUPLICATE_RECORD,2026-09-16T17:39:46.226977+00:00
EVT0097289,BMWX00036,WBA00000000000505,2026-12-04 19:20:00,19.18,128.48,24.63,14.588338,59.447733,telemetry,REFERENTIAL_INTEGRITY,Referential integrity violation,REFERENTIAL_INTEGRITY,2026-09-16T17:39:46.226977+00:00
EVT0001571,BMW00839,ZB5GRO9X49,2026-01-06 10:50:00,47.38,25.96,23.31,15.528941,-88.126428,telemetry,INVALID_VIN,Invalid or missing VIN,INVALID_VIN,2026-09-16T17:39:46.226977+00:00
BAD00027,UNKNOWN,BADVIN,not-a-date,999.0,-50.0,999.0,999.0,999.0,telemetry,INVALID_VIN|INVALID_DATE|OUT_OF_RANGE|REFERENTIAL_INTEGRITY,"Invalid or missing VIN | Invalid date in: timestamp | Out-of-range value in: battery_level, temperature, speed | Referential integrity violation",INVALID_VIN|INVALID_DATE|OUT_OF_RANGE|REFERENTIAL_INTEGRITY,2026-09-16T17:39:46.226977+00:00
BAD00096,UNKNOWN,BADVIN,not-a-date,999.0,-50.0,999.0,999.0,999.0,telemetry,INVALID_VIN|INVALID_DATE|OUT_OF_RANGE|REFERENTIAL_INTEGRITY,"Invalid or missing VIN | Invalid date in: timestamp | Out-of-range value in: battery_level, temperature, speed | Referential integrity violation",INVALID_VIN|INVALID_DATE|OUT_OF_RANGE|REFERENTIAL_INTEGRITY,2026-09-16T17:39:46.226977+00:00
EVT0012600,,WBA00000000000409,2026-02-13 17:55:00,42.35,67.94,-9.33,9.808641,-15.394264,telemetry,NULL_VALUE|REFERENTIAL_INTEGRITY,Null values in: vehicle_id | Referential integrity violation,NULL_VALUE|REFERENTIAL_INTEGRITY,2026-09-16T17:39:46.226977+00:00
EVT0060457,,WBA00000000000548,2026-07-29 22:00:00,27.43,63.53,3.67,33.141103,-101.963834,telemetry,NULL_VALUE|REFERENTIAL_INTEGRITY,Null values in: vehicle_id | Referential integrity violation,NULL_VALUE|REFERENTIAL_INTEGRITY,2026-09-16T17:39:46.226977+00:00
EVT0017608,,WBA00000000000849,2026-03-03 03:15:00,20.83,81.06,29.72,10.297588,-118.390494,telemetry,NULL_VALUE|REFERENTIAL_INTEGRITY,Null values in: vehicle_id | Referential integrity violation,NULL_VALUE|REFERENTIAL_INTEGRITY,2026-09-16T17:39:46.226977+00:00
EVT0032400,,WBA00000000000419,2026-04-23 11:55:00,93.49,144.53,32.82,9.206058,2.709441,telemetry,NULL_VALUE|REFERENTIAL_INTEGRITY,Null values in: vehicle_id | Referential integrity violation,NULL_VALUE|REFERENTIAL_INTEGRITY,2026-09-16T17:39:46.226977+00:00
EVT0044070,BMW00614,WBA00000000000614,2026-06-03 00:25:00,58.1,69.38,12.03,24.249301,-29.877856,telemetry,DUPLICATE_RECORD,Duplicate record detected,DUPLICATE_RECORD,2026-09-16T17:39:46.226977+00:00
EVT0022421,BMW00748,WBA00000000000748,,87.8,130.68,23.55,39.937922,-82.505266,telemetry,NULL_VALUE|INVALID_DATE,Null values in: timestamp | Invalid date in: timestamp,NULL_VALUE|INVALID_DATE,2026-09-16T17:39:46.226977+00:00
EVT0099628,BMW00060,,2026-12-12 22:15:00,14.3,92.54,44.34,34.472789,-46.183145,telemetry,NULL_VALUE|INVALID_VIN,Null values in: vin | Invalid or missing VIN,NULL_VALUE|INVALID_VIN,2026-09-16T17:39:46.226977+00:00
EVT0011685,BMW00335,,2026-02-10 13:40:00,39.76,13.89,40.82,52.927561,94.98878,telemetry,NULL_VALUE|INVALID_VIN,Null values in: vin | Invalid or missing VIN,NULL_VALUE|INVALID_VIN,2026-09-16T17:39:46.226977+00:00
EVT0088175,BMW00906,WBA00000000000906,abc,27.2,125.38,20.55,13.722755,122.094018,telemetry,INVALID_DATE,Invalid date in: timestamp,INVALID_DATE,2026-09-16T17:39:46.226977+00:00
EVT0047943,BMW00779,WBA00000000000779,2026-06-16 11:10:00,58.73,102.39,-3.69,48.169397,118.478453,telemetry,DUPLICATE_RECORD,Duplicate record detected,DUPLICATE_RECORD,2026-09-16T17:39:46.226977+00:00
EVT0061514,BMW00757,WBA00000000000757,2026-08-02 14:05:00,57.66,2.54,34.53,16.698309,-46.064984,telemetry,DUPLICATE_RECORD,Duplicate record detected,DUPLICATE_RECORD,2026-09-16T17:39:46.226977+00:00
EVT0086523,BMW00223,WBA00000000000223,2026-10-28 10:10:00,23.84,20.58,51.49,35.935535,124.770761,telemetry,DUPLICATE_RECORD,Duplicate record detected,DUPLICATE_RECORD,2026-09-16T17:39:46.226977+00:00
EVT0020521,BMW00444,,2026-03-13 06:00:00,,118.08,46.97,17.321844,72.516198,telemetry,NULL_VALUE|INVALID_VIN|OUT_OF_RANGE,"Null values in: vin, battery_level | Invalid or missing VIN | Out-of-range value in: battery_level",NULL_VALUE|INVALID_VIN|OUT_OF_RANGE,2026-09-16T17:39:46.226977+00:00
EVT0004457,,WBA00000000000060,2026-01-16 11:20:00,48.38,51.5,10.96,28.535017,103.940512,telemetry,NULL_VALUE|REFERENTIAL_INTEGRITY,Null values in: vehicle_id | Referential integrity violation,NULL_VALUE|REFERENTIAL_INTEGRITY,2026-09-16T17:39:46.226977+00:00
EVT0075898,BMW00184,WBA00000000000184,9999-99-99 00:00:00,19.52,109.42,20.72,52.872339,42.410873,telemetry,INVALID_DATE,Invalid date in: timestamp,INVALID_DATE,2026-09-16T17:39:46.226977+00:00
EVT0031615,BMW00211,WBA00000000000211,2026-04-20 18:30:00,,36.62,7.95,51.411058,43.424722,telemetry,NULL_VALUE|OUT_OF_RANGE,Null values in: battery_level | Out-of-range value in: battery_level,NULL_VALUE|OUT_OF_RANGE,2026-09-16T17:39:46.226977+00:00
BAD00025,UNKNOWN,BADVIN,not-a-date,999.0,-50.0,999.0,999.0,999.0,telemetry,INVALID_VIN|INVALID_DATE|OUT_OF_RANGE|REFERENTIAL_INTEGRITY,"Invalid or missing VIN | Invalid date in: timestamp | Out-of-range value in: battery_level, temperature, speed | Referential integrity violation",INVALID_VIN|INVALID_DATE|OUT_OF_RANGE|REFERENTIAL_INTEGRITY,2026-09-16T17:39:46.226977+00:00
EVT0020241,,WBA00000000000608,2026-03-12 06:40:00,14.13,68.38,36.41,44.859519,-1.334983,telemetry,NULL_VALUE|REFERENTIAL_INTEGRITY,Null values in: vehicle_id | Referential integrity violation,NULL_VALUE|REFERENTIAL_INTEGRITY,2026-09-16T17:39:46.226977+00:00
EVT0008228,BMW00112,,2026-01-29 13:35:00,91.67,136.69,-2.13,43.275665,73.597144,telemetry,NULL_VALUE|INVALID_VIN,Null values in: vin | Invalid or missing VIN,NULL_VALUE|INVALID_VIN,2026-09-16T17:39:46.226977+00:00
EVT0040569,BMW00893,WBA00000000000893,2026-05-21 20:40:00,19.69,2.81,48.09,46.920924,-116.008051,telemetry,DUPLICATE_RECORD,Duplicate record detected,DUPLICATE_RECORD,2026-09-16T17:39:46.226977+00:00
EVT0083481,BMW00922,WBA00000000000922,2026-10-17 20:40:00,36.59,72.68,-8.53,37.045287,-38.587694,telemetry,DUPLICATE_RECORD,Duplicate record detected,DUPLICATE_RECORD,2026-09-16T17:39:46.226977+00:00
EVT0018348,BMW00777,WBA00000000000777,9999-99-99 00:00:00,64.76,16.32,5.29,52.338935,-39.563287,telemetry,INVALID_DATE,Invalid date in: timestamp,INVALID_DATE,2026-09-16T17:39:46.226977+00:00
EVT0079407,BMW00476,WBA00000000000476,2026-10-03 17:10:00,87.9,63.54,-80.0,22.194412,111.144081,telemetry,OUT_OF_RANGE,Out-of-range value in: temperature,OUT_OF_RANGE,2026-09-16T17:39:46.226977+00:00
EVT0077945,BMW00280,WBA00000000000280,2026-09-28 15:20:00,42.06,132.32,-3.09,8.362721,-108.705666,telemetry,DUPLICATE_RECORD,Duplicate record detected,DUPLICATE_RECORD,2026-09-16T17:39:46.226977+00:00
EVT0062787,BMW00792,WBA00000000000792,2026-08-07 00:10:00,93.46,5.16,5.89,34.670077,145.983177,telemetry,DUPLICATE_RECORD,Duplicate record detected,DUPLICATE_RECORD,2026-09-16T17:39:46.226977+00:00
EVT0058743,BMW00768,,2026-07-23 23:10:00,22.44,94.16,49.5,41.462484,26.133212,telemetry,NULL_VALUE|INVALID_VIN,Null values in: vin | Invalid or missing VIN,NULL_VALUE|INVALID_VIN,2026-09-16T17:39:46.226977+00:00
EVT0057420,,WBA00000000000103,2026-07-19 08:55:00,98.88,60.66,-0.24,28.096895,142.282848,telemetry,NULL_VALUE|REFERENTIAL_INTEGRITY,Null values in: vehicle_id | Referential integrity violation,NULL_VALUE|REFERENTIAL_INTEGRITY,2026-09-16T17:39:46.226977+00:00
EVT0027913,BMW00250,WBA00000000000250,2026-04-07 22:00:00,38.0,148.19,32.47,50.959016,81.149238,telemetry,DUPLICATE_RECORD,Duplicate record detected,DUPLICATE_RECORD,2026-09-16T17:39:46.226977+00:00
EVT0060330,BMW00921,WBA00000000000921,2026-07-29 11:25:00,58.89,60.55,27.57,42.7438,-6.00724,telemetry,DUPLICATE_RECORD,Duplicate record detected,DUPLICATE_RECORD,2026-09-16T17:39:46.226977+00:00
EVT0095438,BMW00610,WBA00000000000610,31-02-2026,65.07,28.73,48.9,22.272745,-75.516569,telemetry,INVALID_DATE,Invalid date in: timestamp,INVALID_DATE,2026-09-16T17:39:46.226977+00:00
EVT0045340,,WBA00000000000265,2026-06-07 10:15:00,21.13,11.05,0.55,50.827523,2.336608,telemetry,NULL_VALUE|REFERENTIAL_INTEGRITY,Null values in: vehicle_id | Referential integrity violation,NULL_VALUE|REFERENTIAL_INTEGRITY,2026-09-16T17:39:46.226977+00:00
EVT0047261,,WBA00000000000871,2026-06-14 02:20:00,13.75,23.32,35.48,45.294345,-80.036989,telemetry,NULL_VALUE|REFERENTIAL_INTEGRITY,Null values in: vehicle_id | Referential integrity violation,NULL_VALUE|REFERENTIAL_INTEGRITY,2026-09-16T17:39:46.226977+00:00
EVT0047189,BMW00346,,2026-06-13 20:20:00,93.55,149.5,47.49,12.277547,-89.096125,telemetry,NULL_VALUE|INVALID_VIN,Null values in: vin | Invalid or missing VIN,NULL_VALUE|INVALID_VIN,2026-09-16T17:39:46.226977+00:00
EVT0035888,BMW00547,WBA00000000000547,2026-05-05 14:35:00,74.05,37.89,49.83,45.134228,-42.182686,telemetry,DUPLICATE_RECORD,Duplicate record detected,DUPLICATE_RECORD,2026-09-16T17:39:46.226977+00:00
EVT0043524,,WBA00000000000843,2026-06-01 02:55:00,60.01,51.16,46.31,16.05327,-88.138668,telemetry,NULL_VALUE|REFERENTIAL_INTEGRITY,Null values in: vehicle_id | Referential integrity violation,NULL_VALUE|REFERENTIAL_INTEGRITY,2026-09-16T17:39:46.226977+00:00
EVT0057474,BMW00475,,2026-07-19 13:25:00,21.02,22.39,4.36,13.224235,60.794896,telemetry,NULL_VALUE|INVALID_VIN,Null values in: vin | Invalid or missing VIN,NULL_VALUE|INVALID_VIN,2026-09-16T17:39:46.226977+00:00
EVT0073553,BMW00294,INVALIDVIN,2026-09-13 09:20:00,58.67,15.94,16.53,20.03589,29.404128,telemetry,INVALID_VIN,Invalid or missing VIN,INVALID_VIN,2026-09-16T17:39:46.226977+00:00
EVT0021438,FAKE00015,WBA00000000000612,2026-03-16 10:25:00,11.54,142.51,51.96,27.528142,131.846812,telemetry,REFERENTIAL_INTEGRITY,Referential integrity violation,REFERENTIAL_INTEGRITY,2026-09-16T17:39:46.226977+00:00
EVT0035777,BMW00862,,2026-05-05 05:20:00,67.7,23.44,12.56,20.594069,-73.840622,telemetry,NULL_VALUE|INVALID_VIN,Null values in: vin | Invalid or missing VIN,NULL_VALUE|INVALID_VIN,2026-09-16T17:39:46.226977+00:00
EVT0061606,BMW00749,!!BADVIN!!,2026-08-02 21:45:00,33.68,47.39,23.24,10.809986,129.735974,telemetry,INVALID_VIN,Invalid or missing VIN,INVALID_VIN,2026-09-16T17:39:46.226977+00:00
EVT0056729,BMWX00174,WBA00000000000767,2026-07-16 23:20:00,16.11,141.17,29.77,29.537835,42.738216,telemetry,REFERENTIAL_INTEGRITY,Referential integrity violation,REFERENTIAL_INTEGRITY,2026-09-16T17:39:46.226977+00:00
EVT0097231,BMW00519,FK043BLSYJ,2026-12-04 14:30:00,70.79,92.94,51.66,20.878804,82.758718,telemetry,INVALID_VIN,Invalid or missing VIN,INVALID_VIN,2026-09-16T17:39:46.226977+00:00
EVT0080570,,WBA00000000000888,2026-10-07 18:05:00,53.78,106.31,15.5,25.0211,21.858928,telemetry,NULL_VALUE|REFERENTIAL_INTEGRITY,Null values in: vehicle_id | Referential integrity violation,NULL_VALUE|REFERENTIAL_INTEGRITY,2026-09-16T17:39:46.226977+00:00
EVT0057390,BMW00330,WBA00000000000330,2026-07-19 06:25:00,34.69,24.74,28.9,24.205944,133.682729,telemetry,DUPLICATE_RECORD,Duplicate record detected,DUPLICATE_RECORD,2026-09-16T17:39:46.226977+00:00
EVT0032681,BMW00011,INVALID_VIN,2026-04-24 11:20:00,88.84,129.89,46.58,45.235059,-49.492866,telemetry,INVALID_VIN,Invalid or missing VIN,INVALID_VIN,2026-09-16T17:39:46.226977+00:00
EVT0022208,BMW00223,WBA00000000000223,,77.3,84.65,35.96,41.889073,3.936466,telemetry,NULL_VALUE|INVALID_DATE,Null values in: timestamp | Invalid date in: timestamp,NULL_VALUE|INVALID_DATE,2026-09-16T17:39:46.226977+00:00
EVT0055871,BMW00691,WBA00000000000691,2026-07-13 23:50:00,159.87,61.11,24.44,50.247893,17.930063,telemetry,OUT_OF_RANGE,Out-of-range value in: battery_level,OUT_OF_RANGE,2026-09-16T17:39:46.226977+00:00
EVT0012835,FAKE00020,WBA00000000000944,2026-02-14 13:30:00,48.81,89.84,51.04,8.329216,-21.523035,telemetry,REFERENTIAL_INTEGRITY,Referential integrity violation,REFERENTIAL_INTEGRITY,2026-09-16T17:39:46.226977+00:00
EVT0013041,BMW00519,5485HCQXCS,2026-02-15 06:40:00,42.16,100.79,40.22,54.377899,93.843143,telemetry,INVALID_VIN,Invalid or missing VIN,INVALID_VIN,2026-09-16T17:39:46.226977+00:00
EVT0061472,BMW00611,,2026-08-02 10:35:00,56.71,152.34,-1.06,52.709118,74.88072,telemetry,NULL_VALUE|INVALID_VIN,Null values in: vin | Invalid or missing VIN,NULL_VALUE|INVALID_VIN,2026-09-16T17:39:46.226977+00:00
EVT0049923,BMW00586,WBA00000000000586,2026-06-23 08:10:00,70.85,69.77,5.63,33.035012,5.694409,telemetry,DUPLICATE_RECORD,Duplicate record detected,DUPLICATE_RECORD,2026-09-16T17:39:46.226977+00:00
EVT0034209,BMW00773,WBA00000000000773,2026-04-29 18:40:00,150.0,12.53,0.3,27.743409,0.789863,telemetry,OUT_OF_RANGE,Out-of-range value in: battery_level,OUT_OF_RANGE,2026-09-16T17:39:46.226977+00:00
EVT0048999,BMW00193,WBA00000000000193,2026-06-20 03:10:00,101.98,60.12,-8.36,39.809546,145.842031,telemetry,OUT_OF_RANGE,Out-of-range value in: battery_level,OUT_OF_RANGE,2026-09-16T17:39:46.226977+00:00
EVT0063194,,WBA00000000000251,2026-08-08 10:05:00,33.56,158.28,49.55,54.27944,-107.72547,telemetry,NULL_VALUE|REFERENTIAL_INTEGRITY,Null values in: vehicle_id | Referential integrity violation,NULL_VALUE|REFERENTIAL_INTEGRITY,2026-09-16T17:39:46.226977+00:00
EVT0091836,,WBA00000000000981,2026-11-15 20:55:00,18.37,43.9,54.0,15.946911,-113.465784,telemetry,NULL_VALUE|REFERENTIAL_INTEGRITY,Null values in: vehicle_id | Referential integrity violation,NULL_VALUE|REFERENTIAL_INTEGRITY,2026-09-16T17:39:46.226977+00:00
EVT0090321,,WBA00000000000519,2026-11-10 14:40:00,42.01,3.63,12.83,8.944506,72.75363,telemetry,NULL_VALUE|REFERENTIAL_INTEGRITY,Null values in: vehicle_id | Referential integrity violation,NULL_VALUE|REFERENTIAL_INTEGRITY,2026-09-16T17:39:46.226977+00:00
EVT0024667,FAKE00008,WBA00000000000093,2026-03-27 15:30:00,80.53,3.77,23.52,26.106944,107.846155,telemetry,REFERENTIAL_INTEGRITY,Referential integrity violation,REFERENTIAL_INTEGRITY,2026-09-16T17:39:46.226977+00:00
EVT0005891,BMW00476,INVALIDVIN,2026-01-21 10:50:00,75.52,106.03,30.21,10.719454,-42.853573,telemetry,INVALID_VIN,Invalid or missing VIN,INVALID_VIN,2026-09-16T17:39:46.226977+00:00
EVT0017667,BMW00967,WBA00000000000967,2026-03-03 08:10:00,23.97,33.79,25.03,48.582579,-86.103801,telemetry,DUPLICATE_RECORD,Duplicate record detected,DUPLICATE_RECORD,2026-09-16T17:39:46.226977+00:00
EVT0043667,BMW00402,WBA00000000000402,2026-15-40 99:99:99,83.67,85.49,20.04,48.860729,121.925603,telemetry,INVALID_DATE,Invalid date in: timestamp,INVALID_DATE,2026-09-16T17:39:46.226977+00:00
EVT0099871,BMW00424,WBA00000000000424,2026-12-13 18:30:00,10.4,123.12,-1.67,21.202474,-96.634191,telemetry,DUPLICATE_RECORD,Duplicate record detected,DUPLICATE_RECORD,2026-09-16T17:39:46.226977+00:00
EVT0086693,BMW00422,WBA00000000000422,2026-10-29 00:20:00,116.2,113.09,4.59,43.966887,-85.453279,telemetry,OUT_OF_RANGE,Out-of-range value in: battery_level,OUT_OF_RANGE,2026-09-16T17:39:46.226977+00:00
EVT0099015,,WBA00000000000486,2026-12-10 19:10:00,40.62,67.62,22.16,24.767221,116.006612,telemetry,NULL_VALUE|REFERENTIAL_INTEGRITY,Null values in: vehicle_id | Referential integrity violation,NULL_VALUE|REFERENTIAL_INTEGRITY,2026-09-16T17:39:46.226977+00:00
EVT0024660,BMW00894,WBA00000000000894,abc,29.25,94.94,-2.99,42.163761,147.463638,telemetry,INVALID_DATE,Invalid date in: timestamp,INVALID_DATE,2026-09-16T17:39:46.226977+00:00
EVT0076855,BMW00921,,2026-09-24 20:30:00,64.2,12.16,-8.67,30.724689,-36.683707,telemetry,NULL_VALUE|INVALID_VIN,Null values in: vin | Invalid or missing VIN,NULL_VALUE|INVALID_VIN,2026-09-16T17:39:46.226977+00:00
EVT0073105,,WBA00000000000456,2026-09-11 20:00:00,61.49,76.6,20.73,29.610154,32.802448,telemetry,NULL_VALUE|REFERENTIAL_INTEGRITY,Null values in: vehicle_id | Referential integrity violation,NULL_VALUE|REFERENTIAL_INTEGRITY,2026-09-16T17:39:46.226977+00:00
EVT0089733,BMW00608,WBA00000000000608,2026-11-08 13:40:00,131.35,10.49,26.0,52.374139,-99.441631,telemetry,OUT_OF_RANGE,Out-of-range value in: battery_level,OUT_OF_RANGE,2026-09-16T17:39:46.226977+00:00
EVT0059000,BMWX00062,WBA00000000000537,2026-07-24 20:35:00,15.58,129.9,-1.96,14.79305,87.65806,telemetry,REFERENTIAL_INTEGRITY,Referential integrity violation,REFERENTIAL_INTEGRITY,2026-09-16T17:39:46.226977+00:00
EVT0065763,,WBA00000000000006,2026-08-17 08:10:00,55.66,120.86,13.42,34.73147,-80.447454,telemetry,NULL_VALUE|REFERENTIAL_INTEGRITY,Null values in: vehicle_id | Referential integrity violation,NULL_VALUE|REFERENTIAL_INTEGRITY,2026-09-16T17:39:46.226977+00:00
EVT0041122,,WBA00000000000391,2026-05-23 18:45:00,65.15,118.75,-2.5,34.048781,146.891211,telemetry,NULL_VALUE|REFERENTIAL_INTEGRITY,Null values in: vehicle_id | Referential integrity violation,NULL_VALUE|REFERENTIAL_INTEGRITY,2026-09-16T17:39:46.226977+00:00
EVT0044348,BMW00952,WBA00000000000952,2026-06-03 23:35:00,12.51,141.09,20.82,18.988074,52.293529,telemetry,DUPLICATE_RECORD,Duplicate record detected,DUPLICATE_RECORD,2026-09-16T17:39:46.226977+00:00
EVT0041821,BMW00064,WBA00000000000064,2026-05-26 05:00:00,69.81,35.3,30.17,46.197476,-3.579495,telemetry,DUPLICATE_RECORD,Duplicate record detected,DUPLICATE_RECORD,2026-09-16T17:39:46.226977+00:00
EVT0098383,BMW00643,123456789,2026-12-08 14:30:00,13.65,147.07,28.5,41.280784,82.734656,telemetry,INVALID_VIN,Invalid or missing VIN,INVALID_VIN,2026-09-16T17:39:46.226977+00:00
EVT0067364,BMW00910,WBA00000000000910,2026-15-40 99:99:99,30.2,45.81,1.47,12.974648,113.686147,telemetry,INVALID_DATE,Invalid date in: timestamp,INVALID_DATE,2026-09-16T17:39:46.226977+00:00
EVT0013843,BMW00480,,2026-02-18 01:30:00,44.01,149.48,20.69,44.47326,120.661723,telemetry,NULL_VALUE|INVALID_VIN,Null values in: vin | Invalid or missing VIN,NULL_VALUE|INVALID_VIN,2026-09-16T17:39:46.226977+00:00
EVT0059434,BMW00779,WBA00000000000779,2026-07-26 08:45:00,53.61,15.03,28.75,43.68722,146.357757,telemetry,DUPLICATE_RECORD,Duplicate record detected,DUPLICATE_RECORD,2026-09-16T17:39:46.226977+00:00
EVT0050165,FAKE00027,WBA00000000000883,2026-06-24 04:20:00,34.62,126.3,32.75,32.430409,-64.17735,telemetry,REFERENTIAL_INTEGRITY,Referential integrity violation,REFERENTIAL_INTEGRITY,2026-09-16T17:39:46.226977+00:00
EVT0091492,BMW00509,WBA00000000000509,2026-11-14 16:15:00,155.29,30.04,30.01,35.218222,-51.858291,telemetry,OUT_OF_RANGE,Out-of-range value in: battery_level,OUT_OF_RANGE,2026-09-16T17:39:46.226977+00:00
EVT0006619,BMW00338,WBA00000000000338,2026-01-23 23:30:00,79.76,45.25,12.67,32.923407,-98.007838,telemetry,DUPLICATE_RECORD,Duplicate record detected,DUPLICATE_RECORD,2026-09-16T17:39:46.226977+00:00
EVT0092702,BMW00523,WBA00000000000523,2026-11-18 21:05:00,88.86,39.6,43.77,30.480341,60.009222,telemetry,DUPLICATE_RECORD,Duplicate record detected,DUPLICATE_RECORD,2026-09-16T17:39:46.226977+00:00
EVT0000191,BMW00734,,2026-01-01 15:50:00,57.91,52.94,23.11,11.287591,-21.838564,telemetry,NULL_VALUE|INVALID_VIN,Null values in: vin | Invalid or missing VIN,NULL_VALUE|INVALID_VIN,2026-09-16T17:39:46.226977+00:00
EVT0002599,BMW00016,WBA00000000000016,2026-01-10 00:30:00,21.17,126.27,31.52,52.873138,36.160912,telemetry,DUPLICATE_RECORD,Duplicate record detected,DUPLICATE_RECORD,2026-09-16T17:39:46.226977+00:00
EVT0036571,,WBA00000000000125,2026-05-07 23:30:00,71.39,150.02,34.78,40.80541,73.733487,telemetry,NULL_VALUE|REFERENTIAL_INTEGRITY,Null values in: vehicle_id | Referential integrity violation,NULL_VALUE|REFERENTIAL_INTEGRITY,2026-09-16T17:39:46.226977+00:00
EVT0097017,BMW00452,WBA00000000000452,2026-15-40 99:99:99,47.83,27.22,-6.38,25.120613,-50.932592,telemetry,INVALID_DATE,Invalid date in: timestamp,INVALID_DATE,2026-09-16T17:39:46.226977+00:00
EVT0043966,BMW00273,WBA00000000000273,2026-06-02 15:45:00,88.4,16.32,39.93,20.507276,140.894675,telemetry,DUPLICATE_RECORD,Duplicate record detected,DUPLICATE_RECORD,2026-09-16T17:39:46.226977+00:00
EVT0060805,BMW00144,WBA00000000000144,not-a-date,89.77,69.57,44.02,32.466028,56.516331,telemetry,INVALID_DATE,Invalid date in: timestamp,INVALID_DATE,2026-09-16T17:39:46.226977+00:00
EVT0076446,BMW00479,WBA00000000000479,2026-09-23 10:25:00,62.34,36.93,50.59,20.95966,32.478006,telemetry,DUPLICATE_RECORD,Duplicate record detected,DUPLICATE_RECORD,2026-09-16T17:39:46.226977+00:00
EVT0092962,BMW00115,!!BADVIN!!,2026-11-19 18:45:00,80.17,148.25,45.63,21.359419,91.770306,telemetry,INVALID_VIN,Invalid or missing VIN,INVALID_VIN,2026-09-16T17:39:46.226977+00:00
EVT0075342,BMW00312,,2026-09-19 14:25:00,92.24,76.49,31.0,8.944246,-78.238051,telemetry,NULL_VALUE|INVALID_VIN,Null values in: vin | Invalid or missing VIN,NULL_VALUE|INVALID_VIN,2026-09-16T17:39:46.226977+00:00
EVT0077020,BMW00868,,2026-09-25 10:15:00,52.72,61.1,23.53,47.716214,-105.131397,telemetry,NULL_VALUE|INVALID_VIN,Null values in: vin | Invalid or missing VIN,NULL_VALUE|INVALID_VIN,2026-09-16T17:39:46.226977+00:00
EVT0028697,BMW00775,WBA00000000000775,2026-04-10 15:20:00,54.24,63.38,45.21,9.250338,114.175779,telemetry,DUPLICATE_RECORD,Duplicate record detected,DUPLICATE_RECORD,2026-09-16T17:39:46.226977+00:00
EVT0054329,BMW00924,!!BADVIN!!,2026-07-08 15:20:00,94.5,123.85,39.15,38.505299,-62.645228,telemetry,INVALID_VIN,Invalid or missing VIN,INVALID_VIN,2026-09-16T17:39:46.226977+00:00
EVT0019261,BMW00033,WBA00000000000033,2026-03-08 21:00:00,44.19,153.15,-80.0,23.734139,-44.598369,telemetry,OUT_OF_RANGE,Out-of-range value in: temperature,OUT_OF_RANGE,2026-09-16T17:39:46.226977+00:00
EVT0088225,,WBA00000000000434,2026-11-03 08:00:00,38.09,121.4,-1.03,34.260109,-81.494255,telemetry,NULL_VALUE|REFERENTIAL_INTEGRITY,Null values in: vehicle_id | Referential integrity violation,NULL_VALUE|REFERENTIAL_INTEGRITY,2026-09-16T17:39:46.226977+00:00
EVT0036981,,WBA00000000000432,2026-05-09 09:40:00,27.33,26.3,42.41,18.562808,-104.141714,telemetry,NULL_VALUE|REFERENTIAL_INTEGRITY,Null values in: vehicle_id | Referential integrity violation,NULL_VALUE|REFERENTIAL_INTEGRITY,2026-09-16T17:39:46.226977+00:00
EVT0017945,BMW00808,WBA00000000000808,2026-03-04 07:20:00,18.56,16.62,,22.405498,-107.428572,telemetry,NULL_VALUE|OUT_OF_RANGE,Null values in: temperature | Out-of-range value in: temperature,NULL_VALUE|OUT_OF_RANGE,2026-09-16T17:39:46.226977+00:00
EVT0005147,BMW00943,,2026-01-18 20:50:00,29.35,9.2,13.31,51.468317,-97.234386,telemetry,NULL_VALUE|INVALID_VIN,Null values in: vin | Invalid or missing VIN,NULL_VALUE|INVALID_VIN,2026-09-16T17:39:46.226977+00:00
EVT0067238,BMW00391,,2026-08-22 11:05:00,13.61,103.89,-6.83,28.809885,-82.4578,telemetry,NULL_VALUE|INVALID_VIN,Null values in: vin | Invalid or missing VIN,NULL_VALUE|INVALID_VIN,2026-09-16T17:39:46.226977+00:00
EVT0014913,,WBA00000000000193,2026-02-21 18:40:00,59.32,148.41,-7.63,29.443866,6.794605,telemetry,NULL_VALUE|REFERENTIAL_INTEGRITY,Null values in: vehicle_id | Referential integrity violation,NULL_VALUE|REFERENTIAL_INTEGRITY,2026-09-16T17:39:46.226977+00:00
EVT0069396,BMW00963,,2026-08-29 22:55:00,64.98,0.98,-9.6,22.980994,-49.051986,telemetry,NULL_VALUE|INVALID_VIN,Null values in: vin | Invalid or missing VIN,NULL_VALUE|INVALID_VIN,2026-09-16T17:39:46.226977+00:00
EVT0068711,,WBA00000000000821,2026-08-27 13:50:00,84.85,81.77,22.73,12.440772,-18.552146,telemetry,NULL_VALUE|REFERENTIAL_INTEGRITY,Null values in: vehicle_id | Referential integrity violation,NULL_VALUE|REFERENTIAL_INTEGRITY,2026-09-16T17:39:46.226977+00:00
EVT0066113,BMW00649,WBA00000000000649,2026-08-18 13:20:00,68.87,27.86,37.78,13.801702,-78.165901,telemetry,DUPLICATE_RECORD,Duplicate record detected,DUPLICATE_RECORD,2026-09-16T17:39:46.226977+00:00
EVT0089645,BMW00312,,2026-11-08 06:20:00,35.33,141.08,51.12,42.15086,111.280176,telemetry,NULL_VALUE|INVALID_VIN,Null values in: vin | Invalid or missing VIN,NULL_VALUE|INVALID_VIN,2026-09-16T17:39:46.226977+00:00
EVT0036228,BMW00278,,2026-05-06 18:55:00,86.97,153.01,43.1,41.612911,43.619322,telemetry,NULL_VALUE|INVALID_VIN,Null values in: vin | Invalid or missing VIN,NULL_VALUE|INVALID_VIN,2026-09-16T17:39:46.226977+00:00
EVT0047974,BMW00739,,2026-06-16 13:45:00,75.88,110.5,7.45,22.970554,-4.662392,telemetry,NULL_VALUE|INVALID_VIN,Null values in: vin | Invalid or missing VIN,NULL_VALUE|INVALID_VIN,2026-09-16T17:39:46.226977+00:00
EVT0048341,,WBA00000000000163,2026-06-17 20:20:00,40.16,88.5,31.5,32.040582,-10.440706,telemetry,NULL_VALUE|REFERENTIAL_INTEGRITY,Null values in: vehicle_id | Referential integrity violation,NULL_VALUE|REFERENTIAL_INTEGRITY,2026-09-16T17:39:46.226977+00:00
EVT0099044,BMW00924,WBA00000000000924,2026-12-10 21:35:00,54.52,69.14,47.28,16.277336,24.964689,telemetry,DUPLICATE_RECORD,Duplicate record detected,DUPLICATE_RECORD,2026-09-16T17:39:46.226977+00:00
EVT0052228,BMW00307,WBA00000000000307,2026-07-01 08:15:00,21.74,84.3,41.6,10.021156,3.771315,telemetry,DUPLICATE_RECORD,Duplicate record detected,DUPLICATE_RECORD,2026-09-16T17:39:46.226977+00:00
EVT0096882,BMW00600,WBA00000000000600,0000-00-00,89.69,140.94,15.57,46.800585,-16.222238,telemetry,INVALID_DATE,Invalid date in: timestamp,INVALID_DATE,2026-09-16T17:39:46.226977+00:00
EVT0073573,BMW00790,WBA00000000000790,2026-09-13 11:00:00,34.52,24.59,0.42,39.90522,123.851922,telemetry,DUPLICATE_RECORD,Duplicate record detected,DUPLICATE_RECORD,2026-09-16T17:39:46.226977+00:00
EVT0036646,BMW00710,WBA00000000000710,2026-05-08 05:45:00,72.71,100.97,52.06,45.921171,-45.794699,telemetry,DUPLICATE_RECORD,Duplicate record detected,DUPLICATE_RECORD,2026-09-16T17:39:46.226977+00:00
EVT0077554,BMW00551,WBA00000000000551,2026-09-27 06:45:00,33.85,39.39,26.59,45.209663,110.026531,telemetry,DUPLICATE_RECORD,Duplicate record detected,DUPLICATE_RECORD,2026-09-16T17:39:46.226977+00:00
EVT0059286,BMW00067,INVALIDVIN,2026-07-25 20:25:00,95.07,142.07,39.55,13.59844,64.018021,telemetry,INVALID_VIN,Invalid or missing VIN,INVALID_VIN,2026-09-16T17:39:46.226977+00:00
EVT0067390,BMW00285,WBA00000000000285,2026-08-22 23:45:00,30.75,68.69,19.87,33.390381,131.297473,telemetry,DUPLICATE_RECORD,Duplicate record detected,DUPLICATE_RECORD,2026-09-16T17:39:46.226977+00:00
EVT0088947,BMW00672,WBA00000000000672,2026-11-05 20:10:00,20.34,57.85,35.56,33.917611,-96.279752,telemetry,DUPLICATE_RECORD,Duplicate record detected,DUPLICATE_RECORD,2026-09-16T17:39:46.226977+00:00
EVT0018940,BMW00333,WBA00000000000333,2026-03-07 18:15:00,164.38,142.17,11.82,44.114355,-38.732265,telemetry,OUT_OF_RANGE,Out-of-range value in: battery_level,OUT_OF_RANGE,2026-09-16T17:39:46.226977+00:00
EVT0009062,BMW00001,WBA00000000000001,31-02-2026,81.94,103.57,27.27,40.102431,-74.714178,telemetry,INVALID_DATE,Invalid date in: timestamp,INVALID_DATE,2026-09-16T17:39:46.226977+00:00
EVT0068894,,WBA00000000000543,2026-08-28 05:05:00,34.74,120.97,29.14,54.504902,82.403608,telemetry,NULL_VALUE|REFERENTIAL_INTEGRITY,Null values in: vehicle_id | Referential integrity violation,NULL_VALUE|REFERENTIAL_INTEGRITY,2026-09-16T17:39:46.226977+00:00
EVT0094493,BMW00724,WBA00000000000724,,22.81,144.83,11.09,21.580784,-72.464648,telemetry,NULL_VALUE|INVALID_DATE,Null values in: timestamp | Invalid date in: timestamp,NULL_VALUE|INVALID_DATE,2026-09-16T17:39:46.226977+00:00
EVT0010933,,WBA00000000000678,2026-02-07 23:00:00,48.18,135.32,12.77,50.607044,-19.514871,telemetry,NULL_VALUE|REFERENTIAL_INTEGRITY,Null values in: vehicle_id | Referential integrity violation,NULL_VALUE|REFERENTIAL_INTEGRITY,2026-09-16T17:39:46.226977+00:00
EVT0031243,BMW00804,INVALIDVIN,2026-04-19 11:30:00,95.14,150.54,36.41,23.527072,-119.825625,telemetry,INVALID_VIN,Invalid or missing VIN,INVALID_VIN,2026-09-16T17:39:46.226977+00:00
EVT0019101,BMW00381,WBA00000000000381,2026-03-08 07:40:00,70.71,92.94,,18.792692,0.023926,telemetry,NULL_VALUE|OUT_OF_RANGE,Null values in: temperature | Out-of-range value in: temperature,NULL_VALUE|OUT_OF_RANGE,2026-09-16T17:39:46.226977+00:00
EVT0084303,,WBA00000000000614,2026-10-20 17:10:00,34.62,139.88,30.85,46.292798,103.173168,telemetry,NULL_VALUE|REFERENTIAL_INTEGRITY,Null values in: vehicle_id | Referential integrity violation,NULL_VALUE|REFERENTIAL_INTEGRITY,2026-09-16T17:39:46.226977+00:00
EVT0022697,FAKE00014,WBA00000000000352,2026-03-20 19:20:00,91.75,23.36,51.59,15.399661,19.369863,telemetry,REFERENTIAL_INTEGRITY,Referential integrity violation,REFERENTIAL_INTEGRITY,2026-09-16T17:39:46.226977+00:00
EVT0037962,BMW00686,WBA00000000000686,2026-05-12 19:25:00,79.35,49.2,20.88,42.020754,-96.355482,telemetry,DUPLICATE_RECORD,Duplicate record detected,DUPLICATE_RECORD,2026-09-16T17:39:46.226977+00:00
EVT0041831,BMW00161,WBA00000000000161,2026/99/99,68.4,19.27,40.82,11.009629,69.751088,telemetry,INVALID_DATE,Invalid date in: timestamp,INVALID_DATE,2026-09-16T17:39:46.226977+00:00
EVT0009145,BMW00613,WBA00000000000613,2026-02-01 18:00:00,116.39,100.99,38.29,16.30282,10.579191,telemetry,OUT_OF_RANGE,Out-of-range value in: battery_level,OUT_OF_RANGE,2026-09-16T17:39:46.226977+00:00
EVT0090008,BMW00390,WBA00000000000390,2026-11-09 12:35:00,92.32,32.09,50.95,36.275229,-54.077299,telemetry,DUPLICATE_RECORD,Duplicate record detected,DUPLICATE_RECORD,2026-09-16T17:39:46.226977+00:00
EVT0049959,BMW00961,WBA000,2026-06-23 11:10:00,79.31,88.52,13.26,34.589448,-81.121065,telemetry,INVALID_VIN,Invalid or missing VIN,INVALID_VIN,2026-09-16T17:39:46.226977+00:00
EVT0066322,,WBA000,2026-08-19 06:45:00,85.9,145.84,12.87,19.825628,-69.766925,telemetry,NULL_VALUE|INVALID_VIN|REFERENTIAL_INTEGRITY,Null values in: vehicle_id | Invalid or missing VIN | Referential integrity violation,NULL_VALUE|INVALID_VIN|REFERENTIAL_INTEGRITY,2026-09-16T17:39:46.226977+00:00
EVT0023173,BMW00750,WBA00000000000750,2026-03-22 11:00:00,79.13,155.95,25.41,20.878617,90.204148,telemetry,DUPLICATE_RECORD,Duplicate record detected,DUPLICATE_RECORD,2026-09-16T17:39:46.226977+00:00
EVT0096868,BMW00104,WBA00000000000104,2026-12-03 08:15:00,41.14,110.16,51.44,16.784632,-116.664679,telemetry,DUPLICATE_RECORD,Duplicate record detected,DUPLICATE_RECORD,2026-09-16T17:39:46.226977+00:00
EVT0020719,,WBA00000000000185,2026-03-13 22:30:00,53.05,145.73,19.22,13.947463,-108.422692,telemetry,NULL_VALUE|REFERENTIAL_INTEGRITY,Null values in: vehicle_id | Referential integrity violation,NULL_VALUE|REFERENTIAL_INTEGRITY,2026-09-16T17:39:46.226977+00:00
EVT0079734,BMW00805,WBA00000000000805,not-a-date,20.82,77.18,19.15,10.084405,0.686631,telemetry,INVALID_DATE,Invalid date in: timestamp,INVALID_DATE,2026-09-16T17:39:46.226977+00:00
EVT0087964,BMW00847,,2026-11-02 10:15:00,94.8,47.52,30.27,28.299888,23.923171,telemetry,NULL_VALUE|INVALID_VIN,Null values in: vin | Invalid or missing VIN,NULL_VALUE|INVALID_VIN,2026-09-16T17:39:46.226977+00:00
EVT0064212,BMW00203,WBA00000000000203,2026-08-11 22:55:00,80.89,138.33,14.55,17.38613,105.363528,telemetry,DUPLICATE_RECORD,Duplicate record detected,DUPLICATE_RECORD,2026-09-16T17:39:46.226977+00:00
EVT0087212,BMW00183,,2026-10-30 19:35:00,53.02,77.96,49.33,40.829046,-45.428965,telemetry,NULL_VALUE|INVALID_VIN,Null values in: vin | Invalid or missing VIN,NULL_VALUE|INVALID_VIN,2026-09-16T17:39:46.226977+00:00
EVT0001087,BMW00445,,2026-01-04 18:30:00,92.35,118.33,51.37,12.389302,146.973975,telemetry,NULL_VALUE|INVALID_VIN,Null values in: vin | Invalid or missing VIN,NULL_VALUE|INVALID_VIN,2026-09-16T17:39:46.226977+00:00
EVT0006556,BMW00549,WBA00000000000549,2026-01-23 18:15:00,196.91,92.0,19.25,17.956207,-90.413797,telemetry,OUT_OF_RANGE,Out-of-range value in: battery_level,OUT_OF_RANGE,2026-09-16T17:39:46.226977+00:00
EVT0084201,FAKE00022,WBA00000000000900,2026-10-20 08:40:00,58.29,141.34,31.81,52.251847,-79.77909,telemetry,REFERENTIAL_INTEGRITY,Referential integrity violation,REFERENTIAL_INTEGRITY,2026-09-16T17:39:46.226977+00:00
EVT0091645,FAKE00013,WBA00000000000287,2026-11-15 05:00:00,74.14,114.73,53.2,35.131299,69.594921,telemetry,DUPLICATE_RECORD|REFERENTIAL_INTEGRITY,Duplicate record detected | Referential integrity violation,DUPLICATE_RECORD|REFERENTIAL_INTEGRITY,2026-09-16T17:39:46.226977+00:00
EVT0007850,BMW00081,INVALIDVIN,2026-01-28 06:05:00,55.97,65.45,11.76,23.762616,74.563765,telemetry,INVALID_VIN,Invalid or missing VIN,INVALID_VIN,2026-09-16T17:39:46.226977+00:00
EVT0037538,BMW00941,WBA00000000000941,2026-05-11 08:05:00,50.8,151.44,2.94,12.054326,-103.889536,telemetry,DUPLICATE_RECORD,Duplicate record detected,DUPLICATE_RECORD,2026-09-16T17:39:46.226977+00:00
EVT0018215,BMW00068,WBA00000000000068,2026-03-05 05:50:00,11.55,31.35,20.6,41.345638,2.653299,telemetry,DUPLICATE_RECORD,Duplicate record detected,DUPLICATE_RECORD,2026-09-16T17:39:46.226977+00:00
EVT0032904,,WBA00000000000395,2026-04-25 05:55:00,55.26,118.8,28.74,44.903968,-101.278223,telemetry,NULL_VALUE|REFERENTIAL_INTEGRITY,Null values in: vehicle_id | Referential integrity violation,NULL_VALUE|REFERENTIAL_INTEGRITY,2026-09-16T17:39:46.226977+00:00
EVT0065990,BMW00116,,2026-08-18 03:05:00,16.55,52.7,37.7,15.200995,-39.495598,telemetry,NULL_VALUE|INVALID_VIN,Null values in: vin | Invalid or missing VIN,NULL_VALUE|INVALID_VIN,2026-09-16T17:39:46.226977+00:00
EVT0050975,BMW00877,WBA00000000000877,31-02-2026,95.17,43.36,35.68,40.210533,74.862719,telemetry,INVALID_DATE,Invalid date in: timestamp,INVALID_DATE,2026-09-16T17:39:46.226977+00:00
EVT0099652,BMW00574,WBA00000000000574,2026-15-40 99:99:99,67.57,43.24,2.87,41.073329,-76.269102,telemetry,INVALID_DATE,Invalid date in: timestamp,INVALID_DATE,2026-09-16T17:39:46.226977+00:00
EVT0027842,BMW00987,,2026-04-07 16:05:00,20.32,4.13,4.75,15.494456,136.410424,telemetry,NULL_VALUE|INVALID_VIN,Null values in: vin | Invalid or missing VIN,NULL_VALUE|INVALID_VIN,2026-09-16T17:39:46.226977+00:00
EVT0055299,,WBA00000000000087,2026-07-12 00:10:00,68.04,127.75,32.09,23.310269,-105.462173,telemetry,NULL_VALUE|REFERENTIAL_INTEGRITY,Null values in: vehicle_id | Referential integrity violation,NULL_VALUE|REFERENTIAL_INTEGRITY,2026-09-16T17:39:46.226977+00:00
EVT0092967,BMW00287,WBA00000000000287,2026-15-40 99:99:99,36.27,109.67,22.93,13.761618,100.142056,telemetry,INVALID_DATE,Invalid date in: timestamp,INVALID_DATE,2026-09-16T17:39:46.226977+00:00
EVT0058988,BMW00528,,2026-07-24 19:35:00,55.03,26.17,33.7,12.526914,-15.689126,telemetry,NULL_VALUE|INVALID_VIN,Null values in: vin | Invalid or missing VIN,NULL_VALUE|INVALID_VIN,2026-09-16T17:39:46.226977+00:00
EVT0065080,BMW00507,WBA00000000000507,2026-08-14 23:15:00,48.97,40.17,52.79,27.203596,90.961466,telemetry,DUPLICATE_RECORD,Duplicate record detected,DUPLICATE_RECORD,2026-09-16T17:39:46.226977+00:00
EVT0053589,BMW00171,WBA00000000000171,2026-07-06 01:40:00,13.74,148.93,-80.0,31.289853,-12.43832,telemetry,OUT_OF_RANGE,Out-of-range value in: temperature,OUT_OF_RANGE,2026-09-16T17:39:46.226977+00:00
EVT0066638,BMW00775,WBA00000000000775,2026-08-20 09:05:00,-29.44,144.82,53.15,30.889427,25.317306,telemetry,OUT_OF_RANGE,Out-of-range value in: battery_level,OUT_OF_RANGE,2026-09-16T17:39:46.226977+00:00
EVT0055645,BMW00822,WBA00000000000822,2026-07-13 05:00:00,46.65,37.89,150.0,39.721247,139.630501,telemetry,OUT_OF_RANGE,Out-of-range value in: temperature,OUT_OF_RANGE,2026-09-16T17:39:46.226977+00:00
EVT0095183,BMW00747,,2026-11-27 11:50:00,75.56,23.68,20.02,46.463587,121.16258,telemetry,NULL_VALUE|INVALID_VIN,Null values in: vin | Invalid or missing VIN,NULL_VALUE|INVALID_VIN,2026-09-16T17:39:46.226977+00:00
EVT0030549,BMW00873,WBA000,2026-04-17 01:40:00,65.3,0.73,-5.45,48.593402,-71.400418,telemetry,INVALID_VIN,Invalid or missing VIN,INVALID_VIN,2026-09-16T17:39:46.226977+00:00
EVT0076557,BMW00991,WBA00000000000991,2026-09-23 19:40:00,160.76,121.79,17.25,49.820951,9.146273,telemetry,OUT_OF_RANGE,Out-of-range value in: battery_level,OUT_OF_RANGE,2026-09-16T17:39:46.226977+00:00
EVT0065938,BMW00069,OPRMOC0K7Z,2026-08-17 22:45:00,47.29,42.2,19.62,24.704809,-11.092076,telemetry,INVALID_VIN,Invalid or missing VIN,INVALID_VIN,2026-09-16T17:39:46.226977+00:00
EVT0055623,BMW00895,,2026-07-13 03:10:00,70.37,39.29,29.42,27.919325,28.630775,telemetry,NULL_VALUE|INVALID_VIN,Null values in: vin | Invalid or missing VIN,NULL_VALUE|INVALID_VIN,2026-09-16T17:39:46.226977+00:00
EVT0098589,BMW00443,,2026-12-09 07:40:00,71.43,94.74,-3.75,45.917507,-56.144487,telemetry,NULL_VALUE|INVALID_VIN,Null values in: vin | Invalid or missing VIN,NULL_VALUE|INVALID_VIN,2026-09-16T17:39:46.226977+00:00
EVT0000045,BMW00809,WBA00000000000809,2026-01-01 03:40:00,17.01,38.95,21.39,47.375666,-71.764087,telemetry,DUPLICATE_RECORD,Duplicate record detected,DUPLICATE_RECORD,2026-09-16T17:39:46.226977+00:00
EVT0024883,BMW00175,WBA00000000000175,0000-00-00,18.69,119.73,23.34,52.747569,-27.440932,telemetry,INVALID_DATE,Invalid date in: timestamp,INVALID_DATE,2026-09-16T17:39:46.226977+00:00
EVT0043394,BMW00888,WBA00000000000888,2026-05-31 16:05:00,94.09,83.53,17.76,15.454023,-119.387892,telemetry,DUPLICATE_RECORD,Duplicate record detected,DUPLICATE_RECORD,2026-09-16T17:39:46.226977+00:00
EVT0097562,BMW00515,WBA00000000000515,2026-12-05 18:05:00,81.6,37.2,28.38,8.689948,-71.115147,telemetry,DUPLICATE_RECORD,Duplicate record detected,DUPLICATE_RECORD,2026-09-16T17:39:46.226977+00:00
EVT0059175,BMW00718,WBA00000000000718,2026-07-25 11:10:00,-7.6,36.57,8.0,44.193648,-14.660627,telemetry,OUT_OF_RANGE,Out-of-range value in: battery_level,OUT_OF_RANGE,2026-09-16T17:39:46.226977+00:00
EVT0041317,BMW00658,WBA00000000000658,,91.49,117.2,49.25,29.255693,142.345506,telemetry,NULL_VALUE|INVALID_DATE,Null values in: timestamp | Invalid date in: timestamp,NULL_VALUE|INVALID_DATE,2026-09-16T17:39:46.226977+00:00
EVT0051257,BMW00317,WBA00000000000317,2026-06-27 23:20:00,90.92,51.06,17.35,10.847471,70.633092,telemetry,DUPLICATE_RECORD,Duplicate record detected,DUPLICATE_RECORD,2026-09-16T17:39:46.226977+00:00
EVT0060964,BMW00261,INVALID_VIN,2026-07-31 16:15:00,68.61,112.97,-9.08,16.039222,-25.059331,telemetry,INVALID_VIN,Invalid or missing VIN,INVALID_VIN,2026-09-16T17:39:46.226977+00:00
EVT0088024,,WBA00000000000239,2026-11-02 15:15:00,18.94,9.58,8.34,15.006615,-92.373391,telemetry,NULL_VALUE|REFERENTIAL_INTEGRITY,Null values in: vehicle_id | Referential integrity violation,NULL_VALUE|REFERENTIAL_INTEGRITY,2026-09-16T17:39:46.226977+00:00
EVT0098270,BMW00025,,2026-12-08 05:05:00,49.35,65.78,29.92,25.47083,58.958793,telemetry,NULL_VALUE|INVALID_VIN,Null values in: vin | Invalid or missing VIN,NULL_VALUE|INVALID_VIN,2026-09-16T17:39:46.226977+00:00
EVT0077887,BMW00490,WBA00000000000490,2026-09-28 10:30:00,15.76,66.61,38.56,16.395711,46.076711,telemetry,DUPLICATE_RECORD,Duplicate record detected,DUPLICATE_RECORD,2026-09-16T17:39:46.226977+00:00
EVT0091340,BMWX00054,WBA00000000000309,2026-11-14 03:35:00,54.26,115.85,31.95,51.01234,140.881446,telemetry,REFERENTIAL_INTEGRITY,Referential integrity violation,REFERENTIAL_INTEGRITY,2026-09-16T17:39:46.226977+00:00
EVT0074848,BMW00640,,2026-09-17 21:15:00,37.83,40.47,37.39,34.092869,48.685014,telemetry,NULL_VALUE|INVALID_VIN,Null values in: vin | Invalid or missing VIN,NULL_VALUE|INVALID_VIN,2026-09-16T17:39:46.226977+00:00
EVT0088723,BMW00782,,2026-11-05 01:30:00,85.99,52.89,33.63,25.822243,65.756403,telemetry,NULL_VALUE|INVALID_VIN,Null values in: vin | Invalid or missing VIN,NULL_VALUE|INVALID_VIN,2026-09-16T17:39:46.226977+00:00
EVT0013771,BMW00749,WBA00000000000749,2026-02-17 19:30:00,,55.06,-3.62,50.469376,134.2625,telemetry,NULL_VALUE|OUT_OF_RANGE,Null values in: battery_level | Out-of-range value in: battery_level,NULL_VALUE|OUT_OF_RANGE,2026-09-16T17:39:46.226977+00:00
EVT0052274,BMW00919,WBA00000000000919,2026-07-01 12:05:00,30.7,118.44,44.75,34.879363,71.801777,telemetry,DUPLICATE_RECORD,Duplicate record detected,DUPLICATE_RECORD,2026-09-16T17:39:46.226977+00:00
EVT0042905,BMW00486,WBA00000000000486,2026-05-29 23:20:00,38.33,44.9,25.25,25.569884,-46.550046,telemetry,DUPLICATE_RECORD,Duplicate record detected,DUPLICATE_RECORD,2026-09-16T17:39:46.226977+00:00
EVT0058393,,WBA00000000000534,2026-07-22 18:00:00,66.09,111.0,-8.15,18.625829,58.867017,telemetry,NULL_VALUE|REFERENTIAL_INTEGRITY,Null values in: vehicle_id | Referential integrity violation,NULL_VALUE|REFERENTIAL_INTEGRITY,2026-09-16T17:39:46.226977+00:00
EVT0047551,,WBA00000000000152,2026-06-15 02:30:00,63.6,4.84,51.9,20.631935,-21.188176,telemetry,NULL_VALUE|REFERENTIAL_INTEGRITY,Null values in: vehicle_id | Referential integrity violation,NULL_VALUE|REFERENTIAL_INTEGRITY,2026-09-16T17:39:46.226977+00:00
EVT0022734,BMW00612,WBA00000000000612,2026-03-20 22:25:00,48.05,51.91,12.76,35.672984,87.685788,telemetry,DUPLICATE_RECORD,Duplicate record detected,DUPLICATE_RECORD,2026-09-16T17:39:46.226977+00:00
EVT0001833,BMW00436,WBA00000000000436,2026-01-07 08:40:00,180.0,16.9,15.74,21.597339,-18.51822,telemetry,OUT_OF_RANGE,Out-of-range value in: battery_level,OUT_OF_RANGE,2026-09-16T17:39:46.226977+00:00
EVT0086918,FAKE00006,WBA00000000000222,2026-10-29 19:05:00,16.04,155.05,12.3,17.563329,70.573562,telemetry,REFERENTIAL_INTEGRITY,Referential integrity violation,REFERENTIAL_INTEGRITY,2026-09-16T17:39:46.226977+00:00
EVT0001620,BMW00072,WBA00000000000072,2026-01-06 14:55:00,70.54,49.47,10.46,12.268831,40.416836,telemetry,DUPLICATE_RECORD,Duplicate record detected,DUPLICATE_RECORD,2026-09-16T17:39:46.226977+00:00
EVT0025955,BMW00942,,2026-04-01 02:50:00,41.79,128.5,42.56,12.104746,44.599023,telemetry,NULL_VALUE|INVALID_VIN,Null values in: vin | Invalid or missing VIN,NULL_VALUE|INVALID_VIN,2026-09-16T17:39:46.226977+00:00
EVT0039461,BMW00810,WBA00000000000810,2026-05-18 00:20:00,22.47,0.31,11.98,25.228176,-79.103797,telemetry,DUPLICATE_RECORD,Duplicate record detected,DUPLICATE_RECORD,2026-09-16T17:39:46.226977+00:00
EVT0068589,BMW00077,,2026-08-27 03:40:00,75.03,138.68,54.74,39.342277,0.117404,telemetry,NULL_VALUE|INVALID_VIN,Null values in: vin | Invalid or missing VIN,NULL_VALUE|INVALID_VIN,2026-09-16T17:39:46.226977+00:00
EVT0007493,,WBA00000000000256,2026-01-27 00:20:00,75.18,108.13,-7.97,13.218507,-66.182198,telemetry,NULL_VALUE|REFERENTIAL_INTEGRITY,Null values in: vehicle_id | Referential integrity violation,NULL_VALUE|REFERENTIAL_INTEGRITY,2026-09-16T17:39:46.226977+00:00
EVT0094696,BMWX00034,WBA00000000000843,2026-11-25 19:15:00,65.01,102.32,-3.19,15.148729,-79.218131,telemetry,REFERENTIAL_INTEGRITY,Referential integrity violation,REFERENTIAL_INTEGRITY,2026-09-16T17:39:46.226977+00:00
EVT0064870,BMW00303,WBA00000000000303,2026-08-14 05:45:00,,108.33,36.78,41.031147,148.928535,telemetry,NULL_VALUE|OUT_OF_RANGE,Null values in: battery_level | Out-of-range value in: battery_level,NULL_VALUE|OUT_OF_RANGE,2026-09-16T17:39:46.226977+00:00
EVT0076626,BMW00296,,2026-09-24 01:25:00,54.09,62.08,46.55,18.536301,-71.435888,telemetry,NULL_VALUE|INVALID_VIN,Null values in: vin | Invalid or missing VIN,NULL_VALUE|INVALID_VIN,2026-09-16T17:39:46.226977+00:00
EVT0037944,,WBA00000000000647,2026-05-12 17:55:00,86.26,99.6,18.26,53.877523,51.442386,telemetry,NULL_VALUE|DUPLICATE_RECORD|REFERENTIAL_INTEGRITY,Null values in: vehicle_id | Duplicate record detected | Referential integrity violation,NULL_VALUE|DUPLICATE_RECORD|REFERENTIAL_INTEGRITY,2026-09-16T17:39:46.226977+00:00
EVT0063759,BMW00851,INVALID_VIN,2026-08-10 09:10:00,35.53,152.28,33.95,39.982958,73.706924,telemetry,DUPLICATE_RECORD|INVALID_VIN,Duplicate record detected | Invalid or missing VIN,DUPLICATE_RECORD|INVALID_VIN,2026-09-16T17:39:46.226977+00:00
EVT0035727,BMW00903,WBA00000000000903,2026-05-05 01:10:00,90.76,91.12,22.12,29.416373,139.968767,telemetry,DUPLICATE_RECORD,Duplicate record detected,DUPLICATE_RECORD,2026-09-16T17:39:46.226977+00:00
EVT0043154,BMW00689,WBA00000000000689,2026-05-30 20:05:00,187.02,152.52,13.88,40.763974,73.094519,telemetry,OUT_OF_RANGE,Out-of-range value in: battery_level,OUT_OF_RANGE,2026-09-16T17:39:46.226977+00:00
EVT0049720,BMW00133,WBA00000000000133,2026-06-22 15:15:00,88.58,30.21,32.19,42.956321,-116.267822,telemetry,DUPLICATE_RECORD,Duplicate record detected,DUPLICATE_RECORD,2026-09-16T17:39:46.226977+00:00
EVT0008379,,WBA00000000000459,2026-01-30 02:10:00,57.2,116.96,18.21,16.606525,-85.405573,telemetry,NULL_VALUE|REFERENTIAL_INTEGRITY,Null values in: vehicle_id | Referential integrity violation,NULL_VALUE|REFERENTIAL_INTEGRITY,2026-09-16T17:39:46.226977+00:00
EVT0090268,BMW00545,WBA00000000000545,2026-11-10 10:15:00,189.76,91.79,7.99,32.461378,99.078038,telemetry,OUT_OF_RANGE,Out-of-range value in: battery_level,OUT_OF_RANGE,2026-09-16T17:39:46.226977+00:00
EVT0010940,BMW00043,WBA00000000000043,2026/99/99,95.66,100.46,10.25,12.231797,57.311865,telemetry,INVALID_DATE,Invalid date in: timestamp,INVALID_DATE,2026-09-16T17:39:46.226977+00:00
EVT0049675,BMW00617,INVALIDVIN,2026-06-22 11:30:00,26.18,21.18,7.45,24.100655,117.10141,telemetry,INVALID_VIN,Invalid or missing VIN,INVALID_VIN,2026-09-16T17:39:46.226977+00:00
EVT0067711,,WBA00000000000621,2026-08-24 02:30:00,87.05,72.47,7.53,40.553908,-19.15676,telemetry,NULL_VALUE|REFERENTIAL_INTEGRITY,Null values in: vehicle_id | Referential integrity violation,NULL_VALUE|REFERENTIAL_INTEGRITY,2026-09-16T17:39:46.226977+00:00
EVT0051403,BMW00042,,2026-06-28 11:30:00,91.93,71.9,5.13,11.33764,-60.98904,telemetry,NULL_VALUE|INVALID_VIN,Null values in: vin | Invalid or missing VIN,NULL_VALUE|INVALID_VIN,2026-09-16T17:39:46.226977+00:00
EVT0093919,BMW00597,WBA00000000000597,2026-11-23 02:30:00,89.59,116.7,10.67,38.638598,-32.632049,telemetry,DUPLICATE_RECORD,Duplicate record detected,DUPLICATE_RECORD,2026-09-16T17:39:46.226977+00:00
EVT0085963,BMW00420,WBA00000000000420,2026-10-26 11:30:00,32.23,141.06,-8.84,43.355819,69.89434,telemetry,DUPLICATE_RECORD,Duplicate record detected,DUPLICATE_RECORD,2026-09-16T17:39:46.226977+00:00
EVT0070571,BMW00739,INVALIDVIN,2026-09-03 00:50:00,10.48,57.96,-8.28,48.368609,-100.737814,telemetry,INVALID_VIN,Invalid or missing VIN,INVALID_VIN,2026-09-16T17:39:46.226977+00:00
EVT0087616,BMW00925,WBA00000000000925,2026-11-01 05:15:00,-25.0,84.09,46.31,25.804939,-6.436613,telemetry,OUT_OF_RANGE,Out-of-range value in: battery_level,OUT_OF_RANGE,2026-09-16T17:39:46.226977+00:00
EVT0013619,BMW00923,WBA00000000000923,2026-15-40 99:99:99,91.42,12.12,18.51,27.278976,-82.707033,telemetry,INVALID_DATE,Invalid date in: timestamp,INVALID_DATE,2026-09-16T17:39:46.226977+00:00
BAD00043,UNKNOWN,BADVIN,not-a-date,999.0,-50.0,999.0,999.0,999.0,telemetry,INVALID_VIN|INVALID_DATE|OUT_OF_RANGE|REFERENTIAL_INTEGRITY,"Invalid or missing VIN | Invalid date in: timestamp | Out-of-range value in: battery_level, temperature, speed | Referential integrity violation",INVALID_VIN|INVALID_DATE|OUT_OF_RANGE|REFERENTIAL_INTEGRITY,2026-09-16T17:39:46.226977+00:00
EVT0049098,BMW00986,INVALID_VIN,2026-06-20 11:25:00,45.03,111.26,20.32,13.383082,27.082207,telemetry,INVALID_VIN,Invalid or missing VIN,INVALID_VIN,2026-09-16T17:39:46.226977+00:00
EVT0016216,BMW00935,123456789,2026-02-26 07:15:00,37.74,140.81,-9.37,52.260765,-88.402219,telemetry,INVALID_VIN,Invalid or missing VIN,INVALID_VIN,2026-09-16T17:39:46.226977+00:00
BAD00054,UNKNOWN,BADVIN,not-a-date,999.0,-50.0,999.0,999.0,999.0,telemetry,INVALID_VIN|INVALID_DATE|OUT_OF_RANGE|REFERENTIAL_INTEGRITY,"Invalid or missing VIN | Invalid date in: timestamp | Out-of-range value in: battery_level, temperature, speed | Referential integrity violation",INVALID_VIN|INVALID_DATE|OUT_OF_RANGE|REFERENTIAL_INTEGRITY,2026-09-16T17:39:46.226977+00:00
EVT0066164,BMW00907,WBA00000000000907,2026-08-18 17:35:00,101.94,91.24,37.35,25.600191,-117.348939,telemetry,OUT_OF_RANGE,Out-of-range value in: battery_level,OUT_OF_RANGE,2026-09-16T17:39:46.226977+00:00
EVT0029607,BMW00628,!!BADVIN!!,2026-04-13 19:10:00,76.1,38.69,10.29,33.602769,18.359141,telemetry,INVALID_VIN,Invalid or missing VIN,INVALID_VIN,2026-09-16T17:39:46.226977+00:00
EVT0062865,BMW00753,WBA00000000000753,2026-08-07 06:40:00,65.16,71.15,25.0,23.860125,36.126136,telemetry,DUPLICATE_RECORD,Duplicate record detected,DUPLICATE_RECORD,2026-09-16T17:39:46.226977+00:00
EVT0096988,BMW00866,WBA00000000000866,2026-12-03 18:15:00,-10.0,53.24,-8.27,41.979138,0.393695,telemetry,OUT_OF_RANGE,Out-of-range value in: battery_level,OUT_OF_RANGE,2026-09-16T17:39:46.226977+00:00
EVT0068461,BMW00772,WBA00000000000772,2026-08-26 17:00:00,33.68,83.37,53.04,30.171974,89.238134,telemetry,DUPLICATE_RECORD,Duplicate record detected,DUPLICATE_RECORD,2026-09-16T17:39:46.226977+00:00
EVT0015105,BMW00319,WBA00000000000319,2026-02-22 10:40:00,-24.08,36.74,-8.86,9.248764,26.991667,telemetry,OUT_OF_RANGE,Out-of-range value in: battery_level,OUT_OF_RANGE,2026-09-16T17:39:46.226977+00:00
EVT0096569,BMW00203,WBA00000000000203,2026-12-02 07:20:00,33.03,8.31,27.15,44.898559,-110.546019,telemetry,DUPLICATE_RECORD,Duplicate record detected,DUPLICATE_RECORD,2026-09-16T17:39:46.226977+00:00
EVT0021700,BMW00724,WBA00000000000724,2026-03-17 08:15:00,70.94,86.68,-5.1,28.882097,-32.46219,telemetry,DUPLICATE_RECORD,Duplicate record detected,DUPLICATE_RECORD,2026-09-16T17:39:46.226977+00:00
EVT0055052,BMW01000,,2026-07-11 03:35:00,43.32,2.44,21.32,37.535079,12.399016,telemetry,NULL_VALUE|INVALID_VIN,Null values in: vin | Invalid or missing VIN,NULL_VALUE|INVALID_VIN,2026-09-16T17:39:46.226977+00:00
EVT0083299,BMW00891,WBA000,2026-10-17 05:30:00,59.58,53.28,43.04,42.109159,-29.881924,telemetry,INVALID_VIN,Invalid or missing VIN,INVALID_VIN,2026-09-16T17:39:46.226977+00:00
EVT0011052,BMW00488,WBA00000000000488,2026-02-08 08:55:00,16.74,129.0,14.11,54.320324,-89.375063,telemetry,DUPLICATE_RECORD,Duplicate record detected,DUPLICATE_RECORD,2026-09-16T17:39:46.226977+00:00
EVT0066343,BMW00341,WBA00000000000341,2026-08-19 08:30:00,12.13,6.89,37.15,43.981346,14.738881,telemetry,DUPLICATE_RECORD,Duplicate record detected,DUPLICATE_RECORD,2026-09-16T17:39:46.226977+00:00
EVT0075534,BMW00850,WBA000,2026-09-20 06:25:00,15.12,122.57,28.8,40.988145,-35.888302,telemetry,INVALID_VIN,Invalid or missing VIN,INVALID_VIN,2026-09-16T17:39:46.226977+00:00
EVT0062221,BMWX00167,,2026-08-05 01:00:00,60.97,11.02,48.3,17.269496,23.520221,telemetry,NULL_VALUE|INVALID_VIN|REFERENTIAL_INTEGRITY,Null values in: vin | Invalid or missing VIN | Referential integrity violation,NULL_VALUE|INVALID_VIN|REFERENTIAL_INTEGRITY,2026-09-16T17:39:46.226977+00:00
EVT0088577,,WBA00000000000002,2026-11-04 13:20:00,94.48,83.51,35.55,34.634513,-27.075414,telemetry,NULL_VALUE|REFERENTIAL_INTEGRITY,Null values in: vehicle_id | Referential integrity violation,NULL_VALUE|REFERENTIAL_INTEGRITY,2026-09-16T17:39:46.226977+00:00
EVT0030445,BMW00949,123456789,2026-04-16 17:00:00,60.08,99.93,26.47,49.777958,134.523211,telemetry,INVALID_VIN,Invalid or missing VIN,INVALID_VIN,2026-09-16T17:39:46.226977+00:00
EVT0052554,BMW00460,FULHZQH9Q3,2026-07-02 11:25:00,50.03,134.71,31.35,16.451434,57.321745,telemetry,INVALID_VIN,Invalid or missing VIN,INVALID_VIN,2026-09-16T17:39:46.226977+00:00
EVT0036155,BMW00468,WBA00000000000468,2026-05-06 12:50:00,-13.68,53.07,36.78,11.587559,45.404479,telemetry,OUT_OF_RANGE,Out-of-range value in: battery_level,OUT_OF_RANGE,2026-09-16T17:39:46.226977+00:00
EVT0037275,,WBA00000000000148,2026-05-10 10:10:00,83.08,72.73,52.38,23.161816,85.611999,telemetry,NULL_VALUE|REFERENTIAL_INTEGRITY,Null values in: vehicle_id | Referential integrity violation,NULL_VALUE|REFERENTIAL_INTEGRITY,2026-09-16T17:39:46.226977+00:00
EVT0006009,BMW00341,WBA00000000000341,2026-01-21 20:40:00,46.44,62.11,20.77,10.378712,90.93106,telemetry,DUPLICATE_RECORD,Duplicate record detected,DUPLICATE_RECORD,2026-09-16T17:39:46.226977+00:00
EVT0053852,BMW00018,,2026-07-06 23:35:00,51.61,59.31,19.73,44.969874,-90.669464,telemetry,NULL_VALUE|INVALID_VIN,Null values in: vin | Invalid or missing VIN,NULL_VALUE|INVALID_VIN,2026-09-16T17:39:46.226977+00:00
EVT0037394,BMW00246,,2026-05-10 20:05:00,24.25,82.99,53.28,29.834906,-22.995842,telemetry,NULL_VALUE|INVALID_VIN,Null values in: vin | Invalid or missing VIN,NULL_VALUE|INVALID_VIN,2026-09-16T17:39:46.226977+00:00
EVT0007244,,WBA00000000000365,2026-01-26 03:35:00,19.67,123.69,35.3,40.984769,-103.273635,telemetry,NULL_VALUE|REFERENTIAL_INTEGRITY,Null values in: vehicle_id | Referential integrity violation,NULL_VALUE|REFERENTIAL_INTEGRITY,2026-09-16T17:39:46.226977+00:00
EVT0049651,BMW00799,WBA00000000000799,2026-06-22 09:30:00,88.49,7.22,17.41,27.912058,-41.761082,telemetry,DUPLICATE_RECORD,Duplicate record detected,DUPLICATE_RECORD,2026-09-16T17:39:46.226977+00:00
EVT0033436,BMW00697,WBA00000000000697,2026/99/99,64.96,24.82,-6.34,10.10151,55.384697,telemetry,INVALID_DATE,Invalid date in: timestamp,INVALID_DATE,2026-09-16T17:39:46.226977+00:00
EVT0004548,BMW00447,WBA00000000000447,2026-01-16 18:55:00,20.55,146.74,10.99,47.741852,81.173557,telemetry,DUPLICATE_RECORD,Duplicate record detected,DUPLICATE_RECORD,2026-09-16T17:39:46.226977+00:00
EVT0054755,BMW00372,WBA00000000000372,2026-07-10 02:50:00,,103.3,-2.48,41.046957,-18.202577,telemetry,NULL_VALUE|OUT_OF_RANGE,Null values in: battery_level | Out-of-range value in: battery_level,NULL_VALUE|OUT_OF_RANGE,2026-09-16T17:39:46.226977+00:00
EVT0090467,,WBA00000000000509,2026-11-11 02:50:00,52.07,48.14,6.3,29.54129,113.716717,telemetry,NULL_VALUE|REFERENTIAL_INTEGRITY,Null values in: vehicle_id | Referential integrity violation,NULL_VALUE|REFERENTIAL_INTEGRITY,2026-09-16T17:39:46.226977+00:00
EVT0088657,BMW00628,9460KHFSU4,2026-11-04 20:00:00,90.04,44.24,43.73,38.853193,143.539179,telemetry,INVALID_VIN,Invalid or missing VIN,INVALID_VIN,2026-09-16T17:39:46.226977+00:00
EVT0079648,BMW00576,WBA00000000000576,2026-10-04 13:15:00,55.7,135.71,53.02,20.700947,29.826674,telemetry,DUPLICATE_RECORD,Duplicate record detected,DUPLICATE_RECORD,2026-09-16T17:39:46.226977+00:00
EVT0097647,BMW00249,WBA00000000000249,2026-12-06 01:10:00,78.6,135.41,31.28,33.358834,-16.443643,telemetry,DUPLICATE_RECORD,Duplicate record detected,DUPLICATE_RECORD,2026-09-16T17:39:46.226977+00:00
EVT0057522,,WBA00000000000359,2026-07-19 17:25:00,11.36,124.51,13.33,45.422857,-95.305348,telemetry,NULL_VALUE|REFERENTIAL_INTEGRITY,Null values in: vehicle_id | Referential integrity violation,NULL_VALUE|REFERENTIAL_INTEGRITY,2026-09-16T17:39:46.226977+00:00
EVT0034549,BMW00145,WBA00000000000145,2026-04-30 23:00:00,23.5,92.44,-100.0,11.734901,-39.597103,telemetry,OUT_OF_RANGE,Out-of-range value in: temperature,OUT_OF_RANGE,2026-09-16T17:39:46.226977+00:00
EVT0032330,BMW00362,,2026-04-23 06:05:00,50.82,7.24,54.23,53.89926,-13.151304,telemetry,NULL_VALUE|INVALID_VIN,Null values in: vin | Invalid or missing VIN,NULL_VALUE|INVALID_VIN,2026-09-16T17:39:46.226977+00:00
EVT0031676,BMW00694,WBA00000000000694,2026-04-20 23:35:00,71.58,132.93,,36.608001,8.533685,telemetry,NULL_VALUE|OUT_OF_RANGE,Null values in: temperature | Out-of-range value in: temperature,NULL_VALUE|OUT_OF_RANGE,2026-09-16T17:39:46.226977+00:00
EVT0089644,BMW00277,,2026-11-08 06:15:00,19.55,142.59,45.52,10.194144,133.266366,telemetry,NULL_VALUE|INVALID_VIN,Null values in: vin | Invalid or missing VIN,NULL_VALUE|INVALID_VIN,2026-09-16T17:39:46.226977+00:00
EVT0024624,BMW00268,!!BADVIN!!,2026-03-27 11:55:00,59.68,65.57,53.55,13.090319,141.014527,telemetry,INVALID_VIN,Invalid or missing VIN,INVALID_VIN,2026-09-16T17:39:46.226977+00:00
EVT0035998,BMW00215,WBA00000000000215,,95.51,139.11,20.84,22.352762,-47.996461,telemetry,NULL_VALUE|INVALID_DATE,Null values in: timestamp | Invalid date in: timestamp,NULL_VALUE|INVALID_DATE,2026-09-16T17:39:46.226977+00:00
EVT0022321,BMW00938,WBA00000000000938,2026-15-40 99:99:99,76.23,0.61,-0.43,33.501478,-76.640867,telemetry,INVALID_DATE,Invalid date in: timestamp,INVALID_DATE,2026-09-16T17:39:46.226977+00:00
EVT0021579,BMW00869,WBA00000000000869,2026-03-16 22:10:00,59.03,1.2,12.28,14.453534,127.444484,telemetry,DUPLICATE_RECORD,Duplicate record detected,DUPLICATE_RECORD,2026-09-16T17:39:46.226977+00:00
EVT0057683,BMW00421,WBA00000000000421,2026-07-20 06:50:00,42.26,81.57,8.97,42.094452,-108.933413,telemetry,DUPLICATE_RECORD,Duplicate record detected,DUPLICATE_RECORD,2026-09-16T17:39:46.226977+00:00
EVT0035841,BMW00560,WBA00000000000560,2026-05-05 10:40:00,18.32,144.83,35.57,12.690458,112.287794,telemetry,DUPLICATE_RECORD,Duplicate record detected,DUPLICATE_RECORD,2026-09-16T17:39:46.226977+00:00
EVT0051553,BMW00878,WBA00000000000878,31-02-2026,67.68,129.64,-8.92,43.413977,-48.887815,telemetry,INVALID_DATE,Invalid date in: timestamp,INVALID_DATE,2026-09-16T17:39:46.226977+00:00
EVT0039437,BMW00067,WBA00000000000067,2026-05-17 22:20:00,-32.22,143.09,6.64,40.459133,88.949761,telemetry,OUT_OF_RANGE,Out-of-range value in: battery_level,OUT_OF_RANGE,2026-09-16T17:39:46.226977+00:00
EVT0058610,BMW00486,WBA00000000000486,2026-07-23 12:05:00,67.26,105.29,43.39,47.289976,-89.218016,telemetry,DUPLICATE_RECORD,Duplicate record detected,DUPLICATE_RECORD,2026-09-16T17:39:46.226977+00:00
EVT0090029,BMW00477,WBA00000000000477,2026-11-09 14:20:00,33.11,135.97,41.84,37.083169,-42.933871,telemetry,DUPLICATE_RECORD,Duplicate record detected,DUPLICATE_RECORD,2026-09-16T17:39:46.226977+00:00
EVT0000102,BMW00544,WBA00000000000544,2026-01-01 08:25:00,-36.61,40.47,27.21,11.302935,-49.675019,telemetry,OUT_OF_RANGE,Out-of-range value in: battery_level,OUT_OF_RANGE,2026-09-16T17:39:46.226977+00:00
EVT0030691,,WBA00000000000691,2026-04-17 13:30:00,33.82,155.03,51.58,27.714852,-113.023732,telemetry,NULL_VALUE|REFERENTIAL_INTEGRITY,Null values in: vehicle_id | Referential integrity violation,NULL_VALUE|REFERENTIAL_INTEGRITY,2026-09-16T17:39:46.226977+00:00
EVT0056190,BMW00618,WBA00000000000618,2026-07-15 02:25:00,-43.81,113.51,14.52,38.195687,137.00997,telemetry,OUT_OF_RANGE,Out-of-range value in: battery_level,OUT_OF_RANGE,2026-09-16T17:39:46.226977+00:00
EVT0055868,BMW00471,,2026-07-13 23:35:00,52.74,7.53,19.02,28.922911,14.357797,telemetry,NULL_VALUE|INVALID_VIN,Null values in: vin | Invalid or missing VIN,NULL_VALUE|INVALID_VIN,2026-09-16T17:39:46.226977+00:00
EVT0034584,BMW00657,,2026-05-01 01:55:00,36.08,72.1,-4.89,47.516258,44.99804,telemetry,NULL_VALUE|INVALID_VIN,Null values in: vin | Invalid or missing VIN,NULL_VALUE|INVALID_VIN,2026-09-16T17:39:46.226977+00:00
EVT0023726,BMW00968,WBA00000000000968,9999-99-99 00:00:00,31.75,6.38,23.29,45.869612,128.413969,telemetry,DUPLICATE_RECORD|INVALID_DATE,Duplicate record detected | Invalid date in: timestamp,DUPLICATE_RECORD|INVALID_DATE,2026-09-16T17:39:46.226977+00:00
EVT0020786,,WBA00000000000278,2026-03-14 04:05:00,51.15,10.3,30.6,19.263756,-93.542665,telemetry,NULL_VALUE|REFERENTIAL_INTEGRITY,Null values in: vehicle_id | Referential integrity violation,NULL_VALUE|REFERENTIAL_INTEGRITY,2026-09-16T17:39:46.226977+00:00
EVT0021040,BMW00205,WBA00000000000205,2026-03-15 01:15:00,-20.23,127.61,20.56,46.178584,86.02807,telemetry,OUT_OF_RANGE,Out-of-range value in: battery_level,OUT_OF_RANGE,2026-09-16T17:39:46.226977+00:00
BAD00084,UNKNOWN,BADVIN,not-a-date,999.0,-50.0,999.0,999.0,999.0,telemetry,INVALID_VIN|INVALID_DATE|OUT_OF_RANGE|REFERENTIAL_INTEGRITY,"Invalid or missing VIN | Invalid date in: timestamp | Out-of-range value in: battery_level, temperature, speed | Referential integrity violation",INVALID_VIN|INVALID_DATE|OUT_OF_RANGE|REFERENTIAL_INTEGRITY,2026-09-16T17:39:46.226977+00:00
EVT0084383,BMW00184,WBA00000000000184,abc,77.92,13.01,-8.15,25.563868,-65.948299,telemetry,INVALID_DATE,Invalid date in: timestamp,INVALID_DATE,2026-09-16T17:39:46.226977+00:00
EVT0017352,BMW00509,!!BADVIN!!,2026-03-02 05:55:00,97.16,32.3,47.61,47.072456,-94.670294,telemetry,INVALID_VIN,Invalid or missing VIN,INVALID_VIN,2026-09-16T17:39:46.226977+00:00
EVT0048897,BMW00480,WBA00000000000480,2026-06-19 18:40:00,,58.1,-3.62,18.397181,39.048322,telemetry,NULL_VALUE|OUT_OF_RANGE,Null values in: battery_level | Out-of-range value in: battery_level,NULL_VALUE|OUT_OF_RANGE,2026-09-16T17:39:46.226977+00:00
EVT0038856,BMW00224,123456789,2026-05-15 21:55:00,83.2,93.38,44.37,23.05649,136.081702,telemetry,INVALID_VIN,Invalid or missing VIN,INVALID_VIN,2026-09-16T17:39:46.226977+00:00
EVT0028846,BMW00818,WBA00000000000818,2026-04-11 03:45:00,90.96,2.69,49.91,20.54146,-25.645552,telemetry,DUPLICATE_RECORD,Duplicate record detected,DUPLICATE_RECORD,2026-09-16T17:39:46.226977+00:00
EVT0062023,BMW00639,,2026-08-04 08:30:00,79.59,80.04,22.96,24.968485,128.689878,telemetry,NULL_VALUE|INVALID_VIN,Null values in: vin | Invalid or missing VIN,NULL_VALUE|INVALID_VIN,2026-09-16T17:39:46.226977+00:00
EVT0081533,BMW00183,WBA00000000000183,2026-10-11 02:20:00,51.74,122.83,25.32,42.482434,49.197546,telemetry,DUPLICATE_RECORD,Duplicate record detected,DUPLICATE_RECORD,2026-09-16T17:39:46.226977+00:00
EVT0095197,BMW00801,,2026-11-27 13:00:00,93.28,0.83,25.74,13.053018,-89.400194,telemetry,NULL_VALUE|INVALID_VIN,Null values in: vin | Invalid or missing VIN,NULL_VALUE|INVALID_VIN,2026-09-16T17:39:46.226977+00:00
EVT0095585,BMW00155,WBA00000000000155,2026-11-28 21:20:00,43.53,142.2,12.72,35.397145,-2.437592,telemetry,DUPLICATE_RECORD,Duplicate record detected,DUPLICATE_RECORD,2026-09-16T17:39:46.226977+00:00
EVT0076854,,WBA00000000000132,2026-09-24 20:25:00,80.03,19.21,18.39,19.455992,-93.217001,telemetry,NULL_VALUE|REFERENTIAL_INTEGRITY,Null values in: vehicle_id | Referential integrity violation,NULL_VALUE|REFERENTIAL_INTEGRITY,2026-09-16T17:39:46.226977+00:00
EVT0044334,BMW00410,WBA00000000000410,2026-06-03 22:25:00,69.09,109.83,10.37,8.802793,78.61801,telemetry,DUPLICATE_RECORD,Duplicate record detected,DUPLICATE_RECORD,2026-09-16T17:39:46.226977+00:00
EVT0092525,,WBA00000000000538,2026-11-18 06:20:00,15.4,0.55,16.21,15.041999,-14.587977,telemetry,NULL_VALUE|REFERENTIAL_INTEGRITY,Null values in: vehicle_id | Referential integrity violation,NULL_VALUE|REFERENTIAL_INTEGRITY,2026-09-16T17:39:46.226977+00:00
EVT0029522,BMW00621,,2026-04-13 12:05:00,99.36,74.79,34.87,50.63815,32.492624,telemetry,NULL_VALUE|INVALID_VIN,Null values in: vin | Invalid or missing VIN,NULL_VALUE|INVALID_VIN,2026-09-16T17:39:46.226977+00:00
EVT0056471,BMW00696,WBA00000000000696,2026-07-16 01:50:00,26.55,157.04,21.59,24.982645,-48.041688,telemetry,DUPLICATE_RECORD,Duplicate record detected,DUPLICATE_RECORD,2026-09-16T17:39:46.226977+00:00
EVT0021141,BMW00009,WBA00000000000009,2026-03-15 09:40:00,62.04,42.56,2.04,26.533755,-67.781789,telemetry,DUPLICATE_RECORD,Duplicate record detected,DUPLICATE_RECORD,2026-09-16T17:39:46.226977+00:00
EVT0088193,BMW00446,!!BADVIN!!,2026-11-03 05:20:00,86.3,56.44,14.62,21.994516,17.442174,telemetry,INVALID_VIN,Invalid or missing VIN,INVALID_VIN,2026-09-16T17:39:46.226977+00:00
EVT0073896,,WBA00000000000789,2026-09-14 13:55:00,15.34,37.76,22.73,23.485711,-98.738793,telemetry,NULL_VALUE|REFERENTIAL_INTEGRITY,Null values in: vehicle_id | Referential integrity violation,NULL_VALUE|REFERENTIAL_INTEGRITY,2026-09-16T17:39:46.226977+00:00
EVT0029855,,WBA00000000000182,2026-04-14 15:50:00,20.18,87.99,54.37,29.962422,-28.180106,telemetry,NULL_VALUE|REFERENTIAL_INTEGRITY,Null values in: vehicle_id | Referential integrity violation,NULL_VALUE|REFERENTIAL_INTEGRITY,2026-09-16T17:39:46.226977+00:00
EVT0041415,BMW00065,WBA00000000000065,2026-05-24 19:10:00,48.39,152.36,22.05,35.835442,-91.301744,telemetry,DUPLICATE_RECORD,Duplicate record detected,DUPLICATE_RECORD,2026-09-16T17:39:46.226977+00:00
BAD00038,UNKNOWN,BADVIN,not-a-date,999.0,-50.0,999.0,999.0,999.0,telemetry,INVALID_VIN|INVALID_DATE|OUT_OF_RANGE|REFERENTIAL_INTEGRITY,"Invalid or missing VIN | Invalid date in: timestamp | Out-of-range value in: battery_level, temperature, speed | Referential integrity violation",INVALID_VIN|INVALID_DATE|OUT_OF_RANGE|REFERENTIAL_INTEGRITY,2026-09-16T17:39:46.226977+00:00
EVT0021182,BMW00352,WBA00000000000352,2026-03-15 13:05:00,17.14,56.45,25.12,53.590453,147.57318,telemetry,DUPLICATE_RECORD,Duplicate record detected,DUPLICATE_RECORD,2026-09-16T17:39:46.226977+00:00
EVT0069845,BMW00643,WBA00000000000643,2026-08-31 12:20:00,73.4,13.3,25.31,42.332911,131.118377,telemetry,DUPLICATE_RECORD,Duplicate record detected,DUPLICATE_RECORD,2026-09-16T17:39:46.226977+00:00
EVT0088328,BMW00225,WBA00000000000225,,71.12,84.8,27.71,50.475951,54.001659,telemetry,NULL_VALUE|INVALID_DATE,Null values in: timestamp | Invalid date in: timestamp,NULL_VALUE|INVALID_DATE,2026-09-16T17:39:46.226977+00:00
EVT0061501,BMW00073,WBA00000000000073,2026-08-02 13:00:00,19.2,75.7,-4.67,52.404016,137.80213,telemetry,DUPLICATE_RECORD,Duplicate record detected,DUPLICATE_RECORD,2026-09-16T17:39:46.226977+00:00
EVT0000869,BMW00925,WBA00000000000925,2026-15-40 99:99:99,54.48,147.76,19.31,48.196781,-118.466961,telemetry,INVALID_DATE,Invalid date in: timestamp,INVALID_DATE,2026-09-16T17:39:46.226977+00:00
EVT0093618,BMW00226,WBA00000000000226,31-02-2026,88.28,36.37,53.56,46.095965,45.532311,telemetry,INVALID_DATE,Invalid date in: timestamp,INVALID_DATE,2026-09-16T17:39:46.226977+00:00
EVT0035249,,WBA00000000000904,2026-05-03 09:20:00,24.38,150.19,0.52,30.142598,-114.57302,telemetry,NULL_VALUE|REFERENTIAL_INTEGRITY,Null values in: vehicle_id | Referential integrity violation,NULL_VALUE|REFERENTIAL_INTEGRITY,2026-09-16T17:39:46.226977+00:00
EVT0007280,BMW00446,,2026-01-26 06:35:00,94.78,14.37,43.49,37.966773,144.433317,telemetry,NULL_VALUE|INVALID_VIN,Null values in: vin | Invalid or missing VIN,NULL_VALUE|INVALID_VIN,2026-09-16T17:39:46.226977+00:00
EVT0045970,BMW00025,WBA00000000000025,2026-06-09 14:45:00,78.37,124.97,40.88,32.051348,34.760626,telemetry,DUPLICATE_RECORD,Duplicate record detected,DUPLICATE_RECORD,2026-09-16T17:39:46.226977+00:00
EVT0032977,BMW00882,WBA00000000000882,2026-04-25 12:00:00,-9.75,58.44,36.35,36.466358,95.302853,telemetry,OUT_OF_RANGE,Out-of-range value in: battery_level,OUT_OF_RANGE,2026-09-16T17:39:46.226977+00:00
EVT0030356,BMW00587,,2026-04-16 09:35:00,98.1,39.01,46.69,21.707764,26.802025,telemetry,NULL_VALUE|INVALID_VIN,Null values in: vin | Invalid or missing VIN,NULL_VALUE|INVALID_VIN,2026-09-16T17:39:46.226977+00:00
EVT0071946,BMW00494,,2026-09-07 19:25:00,27.6,46.29,32.08,28.096361,36.0826,telemetry,NULL_VALUE|INVALID_VIN,Null values in: vin | Invalid or missing VIN,NULL_VALUE|INVALID_VIN,2026-09-16T17:39:46.226977+00:00
EVT0088162,BMW00124,NRJAPJC6KS,2026-11-03 02:45:00,35.0,89.28,49.91,14.258004,30.644183,telemetry,INVALID_VIN,Invalid or missing VIN,INVALID_VIN,2026-09-16T17:39:46.226977+00:00
EVT0082833,BMW00727,WBA00000000000727,2026-10-15 14:40:00,194.7,137.93,50.74,52.895417,-30.409709,telemetry,OUT_OF_RANGE,Out-of-range value in: battery_level,OUT_OF_RANGE,2026-09-16T17:39:46.226977+00:00
EVT0000009,BMW00717,WBA00000000000717,2026-01-01 00:40:00,46.66,113.59,32.62,21.161335,-43.752101,telemetry,DUPLICATE_RECORD,Duplicate record detected,DUPLICATE_RECORD,2026-09-16T17:39:46.226977+00:00
EVT0096533,BMW00860,,2026-12-02 04:20:00,,11.24,35.17,38.980303,123.630662,telemetry,NULL_VALUE|INVALID_VIN|OUT_OF_RANGE,"Null values in: vin, battery_level | Invalid or missing VIN | Out-of-range value in: battery_level",NULL_VALUE|INVALID_VIN|OUT_OF_RANGE,2026-09-16T17:39:46.226977+00:00
EVT0068096,BMW00452,,2026-08-25 10:35:00,29.42,102.52,-9.31,53.972489,25.901382,telemetry,NULL_VALUE|INVALID_VIN,Null values in: vin | Invalid or missing VIN,NULL_VALUE|INVALID_VIN,2026-09-16T17:39:46.226977+00:00
EVT0093319,BMW00654,WBA00000000000654,2026-11-21 00:30:00,64.7,73.62,12.53,17.000164,-37.62237,telemetry,DUPLICATE_RECORD,Duplicate record detected,DUPLICATE_RECORD,2026-09-16T17:39:46.226977+00:00
EVT0084910,BMW00509,WBA00000000000509,2026-10-22 19:45:00,88.79,107.03,13.35,25.83847,-82.220754,telemetry,DUPLICATE_RECORD,Duplicate record detected,DUPLICATE_RECORD,2026-09-16T17:39:46.226977+00:00
EVT0019575,BMW00148,,2026-03-09 23:10:00,65.83,76.01,35.6,15.218365,100.42861,telemetry,NULL_VALUE|INVALID_VIN,Null values in: vin | Invalid or missing VIN,NULL_VALUE|INVALID_VIN,2026-09-16T17:39:46.226977+00:00
EVT0045241,BMW00228,WBA00000000000228,2026-06-07 02:00:00,50.21,137.31,,46.254838,-6.906673,telemetry,NULL_VALUE|OUT_OF_RANGE,Null values in: temperature | Out-of-range value in: temperature,NULL_VALUE|OUT_OF_RANGE,2026-09-16T17:39:46.226977+00:00
EVT0090457,BMW00614,,2026-11-11 02:00:00,31.05,33.09,37.71,39.482139,12.192841,telemetry,NULL_VALUE|INVALID_VIN,Null values in: vin | Invalid or missing VIN,NULL_VALUE|INVALID_VIN,2026-09-16T17:39:46.226977+00:00
EVT0031207,BMW00313,,2026-04-19 08:30:00,32.62,44.07,41.08,13.630268,-22.014343,telemetry,NULL_VALUE|INVALID_VIN,Null values in: vin | Invalid or missing VIN,NULL_VALUE|INVALID_VIN,2026-09-16T17:39:46.226977+00:00
EVT0071554,BMW00320,WBA00000000000320,2026-15-40 99:99:99,17.12,7.5,18.19,9.757396,-70.928781,telemetry,INVALID_DATE,Invalid date in: timestamp,INVALID_DATE,2026-09-16T17:39:46.226977+00:00
EVT0003074,BMW00314,WBA00000000000314,2026-01-11 16:05:00,,130.0,0.23,8.779583,-53.446705,telemetry,NULL_VALUE|OUT_OF_RANGE,Null values in: battery_level | Out-of-range value in: battery_level,NULL_VALUE|OUT_OF_RANGE,2026-09-16T17:39:46.226977+00:00
EVT0020696,BMW00797,WBA00000000000797,2026-03-13 20:35:00,-44.61,146.25,24.85,22.535262,-22.140405,telemetry,OUT_OF_RANGE,Out-of-range value in: battery_level,OUT_OF_RANGE,2026-09-16T17:39:46.226977+00:00
EVT0065796,BMW00399,WBA00000000000399,2026-08-17 10:55:00,170.35,49.07,50.55,44.028504,104.290977,telemetry,OUT_OF_RANGE,Out-of-range value in: battery_level,OUT_OF_RANGE,2026-09-16T17:39:46.226977+00:00
EVT0002605,BMW00077,INVALID_VIN,2026-01-10 01:00:00,78.5,24.63,16.86,31.643603,-39.67909,telemetry,INVALID_VIN,Invalid or missing VIN,INVALID_VIN,2026-09-16T17:39:46.226977+00:00
EVT0074241,,WBA00000000000739,2026-09-15 18:40:00,64.05,85.62,3.09,14.830425,-112.906789,telemetry,NULL_VALUE|REFERENTIAL_INTEGRITY,Null values in: vehicle_id | Referential integrity violation,NULL_VALUE|REFERENTIAL_INTEGRITY,2026-09-16T17:39:46.226977+00:00
EVT0040102,BMW00759,,2026-05-20 05:45:00,61.05,159.71,26.41,40.291008,73.748042,telemetry,NULL_VALUE|INVALID_VIN,Null values in: vin | Invalid or missing VIN,NULL_VALUE|INVALID_VIN,2026-09-16T17:39:46.226977+00:00
EVT0008756,BMW00329,,2026-01-31 09:35:00,39.01,37.29,2.17,22.912325,29.889268,telemetry,NULL_VALUE|INVALID_VIN,Null values in: vin | Invalid or missing VIN,NULL_VALUE|INVALID_VIN,2026-09-16T17:39:46.226977+00:00
EVT0033259,,WBA00000000000582,2026-04-26 11:30:00,17.13,28.33,35.51,20.161952,-23.672045,telemetry,NULL_VALUE|REFERENTIAL_INTEGRITY,Null values in: vehicle_id | Referential integrity violation,NULL_VALUE|REFERENTIAL_INTEGRITY,2026-09-16T17:39:46.226977+00:00
EVT0049703,BMW00260,WBA00000000000260,2026-06-22 13:50:00,-25.0,37.88,-5.52,11.994526,-15.423425,telemetry,OUT_OF_RANGE,Out-of-range value in: battery_level,OUT_OF_RANGE,2026-09-16T17:39:46.226977+00:00
EVT0016786,,WBA00000000000871,2026-02-28 06:45:00,32.59,114.49,7.77,8.52629,-47.898786,telemetry,NULL_VALUE|REFERENTIAL_INTEGRITY,Null values in: vehicle_id | Referential integrity violation,NULL_VALUE|REFERENTIAL_INTEGRITY,2026-09-16T17:39:46.226977+00:00
EVT0055985,BMW00890,WBA00000000000890,2026-07-14 09:20:00,28.54,16.17,13.45,41.601551,-76.932516,telemetry,DUPLICATE_RECORD,Duplicate record detected,DUPLICATE_RECORD,2026-09-16T17:39:46.226977+00:00
EVT0008625,BMW00079,WBA00000000000079,2026-01-30 22:40:00,-25.0,70.26,47.54,32.418624,-109.549964,telemetry,OUT_OF_RANGE,Out-of-range value in: battery_level,OUT_OF_RANGE,2026-09-16T17:39:46.226977+00:00
EVT0002781,BMW00513,WBA00000000000513,2026-01-10 15:40:00,52.01,114.03,-80.0,25.71586,127.288461,telemetry,OUT_OF_RANGE,Out-of-range value in: temperature,OUT_OF_RANGE,2026-09-16T17:39:46.226977+00:00
EVT0042157,BMW00129,WBA00000000000129,2026-05-27 09:00:00,88.0,19.38,21.58,27.14183,67.501748,telemetry,DUPLICATE_RECORD,Duplicate record detected,DUPLICATE_RECORD,2026-09-16T17:39:46.226977+00:00
EVT0057318,BMW00446,WBA00000000000446,,22.11,55.15,-7.93,11.192374,1.949353,telemetry,NULL_VALUE|INVALID_DATE,Null values in: timestamp | Invalid date in: timestamp,NULL_VALUE|INVALID_DATE,2026-09-16T17:39:46.226977+00:00
EVT0062084,BMW00235,WBA00000000000235,2026-08-04 13:35:00,34.59,93.05,,32.298701,-94.440442,telemetry,NULL_VALUE|OUT_OF_RANGE,Null values in: temperature | Out-of-range value in: temperature,NULL_VALUE|OUT_OF_RANGE,2026-09-16T17:39:46.226977+00:00
EVT0053114,BMW00893,WBA00000000000893,2026-07-04 10:05:00,-14.31,46.41,20.79,29.240869,47.459934,telemetry,OUT_OF_RANGE,Out-of-range value in: battery_level,OUT_OF_RANGE,2026-09-16T17:39:46.226977+00:00
EVT0033693,BMW00473,,2026-04-27 23:40:00,55.31,107.77,16.96,50.702517,25.396298,telemetry,NULL_VALUE|INVALID_VIN,Null values in: vin | Invalid or missing VIN,NULL_VALUE|INVALID_VIN,2026-09-16T17:39:46.226977+00:00
EVT0025772,BMW00581,WBA00000000000581,2026-03-31 11:35:00,99.36,64.86,200.0,48.973151,110.355715,telemetry,OUT_OF_RANGE,Out-of-range value in: temperature,OUT_OF_RANGE,2026-09-16T17:39:46.226977+00:00
EVT0050005,BMW00618,WBA00000000000618,2026-06-23 15:00:00,72.9,79.31,17.62,40.580455,-86.944472,telemetry,DUPLICATE_RECORD,Duplicate record detected,DUPLICATE_RECORD,2026-09-16T17:39:46.226977+00:00
EVT0085423,BMW00373,!!BADVIN!!,2026-10-24 14:30:00,58.58,28.88,14.53,8.340358,-33.436925,telemetry,INVALID_VIN,Invalid or missing VIN,INVALID_VIN,2026-09-16T17:39:46.226977+00:00
EVT0001623,BMW00806,WBA00000000000806,2026-01-06 15:10:00,11.54,58.66,25.08,37.304098,-19.135218,telemetry,DUPLICATE_RECORD,Duplicate record detected,DUPLICATE_RECORD,2026-09-16T17:39:46.226977+00:00
EVT0070377,BMW00615,WBA00000000000615,2026-09-02 08:40:00,55.79,144.74,30.5,26.255606,-37.229239,telemetry,DUPLICATE_RECORD,Duplicate record detected,DUPLICATE_RECORD,2026-09-16T17:39:46.226977+00:00
EVT0059430,,WBA00000000000673,2026-07-26 08:25:00,87.28,123.12,49.91,44.335287,-69.096011,telemetry,NULL_VALUE|REFERENTIAL_INTEGRITY,Null values in: vehicle_id | Referential integrity violation,NULL_VALUE|REFERENTIAL_INTEGRITY,2026-09-16T17:39:46.226977+00:00
EVT0051050,BMW00212,WBA00000000000212,2026-06-27 06:05:00,-31.45,139.36,19.39,27.286471,49.248287,telemetry,OUT_OF_RANGE,Out-of-range value in: battery_level,OUT_OF_RANGE,2026-09-16T17:39:46.226977+00:00
EVT0028994,,WBA00000000000946,2026-04-11 16:05:00,88.31,93.69,-5.0,21.921469,-78.768911,telemetry,NULL_VALUE|REFERENTIAL_INTEGRITY,Null values in: vehicle_id | Referential integrity violation,NULL_VALUE|REFERENTIAL_INTEGRITY,2026-09-16T17:39:46.226977+00:00
EVT0090922,BMW00290,,2026-11-12 16:45:00,30.28,137.7,48.18,8.042414,-31.07852,telemetry,NULL_VALUE|INVALID_VIN,Null values in: vin | Invalid or missing VIN,NULL_VALUE|INVALID_VIN,2026-09-16T17:39:46.226977+00:00
EVT0026219,BMW00261,WBA00000000000261,,31.36,44.09,26.42,35.825979,-83.589977,telemetry,NULL_VALUE|INVALID_DATE,Null values in: timestamp | Invalid date in: timestamp,NULL_VALUE|INVALID_DATE,2026-09-16T17:39:46.226977+00:00
EVT0038173,BMW00449,!!BADVIN!!,2026-05-13 13:00:00,94.89,134.23,21.65,25.594875,91.501111,telemetry,INVALID_VIN,Invalid or missing VIN,INVALID_VIN,2026-09-16T17:39:46.226977+00:00
EVT0021382,BMW00283,WBA00000000000283,2026-03-16 05:45:00,49.93,4.6,46.04,24.259952,-61.436586,telemetry,DUPLICATE_RECORD,Duplicate record detected,DUPLICATE_RECORD,2026-09-16T17:39:46.226977+00:00
EVT0002839,BMW00774,,2026-01-10 20:30:00,89.63,76.47,24.29,51.720327,-43.095329,telemetry,NULL_VALUE|INVALID_VIN,Null values in: vin | Invalid or missing VIN,NULL_VALUE|INVALID_VIN,2026-09-16T17:39:46.226977+00:00
EVT0068475,BMW00525,WBA00000000000525,2026-08-26 18:10:00,21.26,138.54,27.43,36.090679,-118.131885,telemetry,DUPLICATE_RECORD,Duplicate record detected,DUPLICATE_RECORD,2026-09-16T17:39:46.226977+00:00
EVT0016175,BMW00130,WBA00000000000130,2026-02-26 03:50:00,53.85,87.51,41.24,16.114452,139.000589,telemetry,DUPLICATE_RECORD,Duplicate record detected,DUPLICATE_RECORD,2026-09-16T17:39:46.226977+00:00
EVT0061127,BMW00013,,2026-08-01 05:50:00,71.31,142.38,51.36,54.57339,9.380591,telemetry,NULL_VALUE|INVALID_VIN,Null values in: vin | Invalid or missing VIN,NULL_VALUE|INVALID_VIN,2026-09-16T17:39:46.226977+00:00
EVT0044032,BMW00321,123456789,2026-06-02 21:15:00,63.76,31.06,34.03,9.37429,-115.424056,telemetry,INVALID_VIN,Invalid or missing VIN,INVALID_VIN,2026-09-16T17:39:46.226977+00:00
EVT0013625,BMW00106,WBA00000000000106,,42.87,128.81,7.92,24.01801,-25.275967,telemetry,NULL_VALUE|INVALID_DATE,Null values in: timestamp | Invalid date in: timestamp,NULL_VALUE|INVALID_DATE,2026-09-16T17:39:46.226977+00:00
EVT0065434,BMW00911,,2026-08-16 04:45:00,27.8,86.93,-1.63,19.675832,-104.219193,telemetry,NULL_VALUE|INVALID_VIN,Null values in: vin | Invalid or missing VIN,NULL_VALUE|INVALID_VIN,2026-09-16T17:39:46.226977+00:00
EVT0081364,BMW00044,WBA00000000000044,2026-15-40 99:99:99,39.78,108.61,9.85,23.221003,46.835382,telemetry,INVALID_DATE,Invalid date in: timestamp,INVALID_DATE,2026-09-16T17:39:46.226977+00:00
EVT0027556,BMW00937,,2026-04-06 16:15:00,23.5,114.08,50.63,50.828415,-59.85034,telemetry,NULL_VALUE|INVALID_VIN,Null values in: vin | Invalid or missing VIN,NULL_VALUE|INVALID_VIN,2026-09-16T17:39:46.226977+00:00
EVT0010895,BMW00012,!!BADVIN!!,2026-02-07 19:50:00,60.65,27.05,34.13,12.899517,-115.13125,telemetry,INVALID_VIN,Invalid or missing VIN,INVALID_VIN,2026-09-16T17:39:46.226977+00:00
EVT0060446,BMW00671,WBA00000000000671,2026-07-29 21:05:00,134.02,27.99,49.6,13.374398,-13.861605,telemetry,OUT_OF_RANGE,Out-of-range value in: battery_level,OUT_OF_RANGE,2026-09-16T17:39:46.226977+00:00
EVT0081927,BMW00914,WBA00000000000914,2026-10-12 11:10:00,118.4,57.3,2.8,17.541152,129.534784,telemetry,OUT_OF_RANGE,Out-of-range value in: battery_level,OUT_OF_RANGE,2026-09-16T17:39:46.226977+00:00
EVT0052307,BMW00395,WBA00000000000395,2026-07-01 14:50:00,-10.0,40.99,40.44,50.189241,73.03976,telemetry,OUT_OF_RANGE,Out-of-range value in: battery_level,OUT_OF_RANGE,2026-09-16T17:39:46.226977+00:00
EVT0093995,,WBA00000000000274,2026-11-23 08:50:00,96.98,90.98,49.12,33.254998,37.862884,telemetry,NULL_VALUE|REFERENTIAL_INTEGRITY,Null values in: vehicle_id | Referential integrity violation,NULL_VALUE|REFERENTIAL_INTEGRITY,2026-09-16T17:39:46.226977+00:00
EVT0049399,BMW00336,WBA000,2026-06-21 12:30:00,48.15,30.54,39.73,23.659177,90.333967,telemetry,INVALID_VIN,Invalid or missing VIN,INVALID_VIN,2026-09-16T17:39:46.226977+00:00
EVT0039043,,WBA00000000000379,2026-05-16 13:30:00,51.83,5.8,44.73,10.710033,101.902862,telemetry,NULL_VALUE|REFERENTIAL_INTEGRITY,Null values in: vehicle_id | Referential integrity violation,NULL_VALUE|REFERENTIAL_INTEGRITY,2026-09-16T17:39:46.226977+00:00
EVT0095448,BMW00308,WBA00000000000308,9999-99-99 00:00:00,14.08,139.05,4.68,19.219364,10.985668,telemetry,INVALID_DATE,Invalid date in: timestamp,INVALID_DATE,2026-09-16T17:39:46.226977+00:00
EVT0076010,FAKE00023,WBA00000000000357,2026-09-21 22:05:00,60.57,19.18,5.42,29.999946,76.813555,telemetry,REFERENTIAL_INTEGRITY,Referential integrity violation,REFERENTIAL_INTEGRITY,2026-09-16T17:39:46.226977+00:00
EVT0096098,BMW00494,,2026-11-30 16:05:00,94.63,99.86,43.07,16.48328,84.604504,telemetry,NULL_VALUE|INVALID_VIN,Null values in: vin | Invalid or missing VIN,NULL_VALUE|INVALID_VIN,2026-09-16T17:39:46.226977+00:00
EVT0088487,BMW00247,WBA00000000000247,2026-11-04 05:50:00,149.47,35.1,-9.16,13.121772,-74.233801,telemetry,OUT_OF_RANGE,Out-of-range value in: battery_level,OUT_OF_RANGE,2026-09-16T17:39:46.226977+00:00
EVT0086773,BMW00306,,2026-10-29 07:00:00,65.95,114.83,53.64,50.638449,37.084065,telemetry,NULL_VALUE|INVALID_VIN,Null values in: vin | Invalid or missing VIN,NULL_VALUE|INVALID_VIN,2026-09-16T17:39:46.226977+00:00
EVT0075779,BMW00392,WBA00000000000392,2026-09-21 02:50:00,150.0,123.63,20.48,11.729681,29.664742,telemetry,OUT_OF_RANGE,Out-of-range value in: battery_level,OUT_OF_RANGE,2026-09-16T17:39:46.226977+00:00
EVT0020055,BMW00442,WBA00000000000442,2026-03-11 15:10:00,15.73,80.61,,12.8453,22.210233,telemetry,NULL_VALUE|OUT_OF_RANGE,Null values in: temperature | Out-of-range value in: temperature,NULL_VALUE|OUT_OF_RANGE,2026-09-16T17:39:46.226977+00:00
EVT0067593,,WBA00000000000653,2026-08-23 16:40:00,74.81,140.75,53.46,47.84594,118.389961,telemetry,NULL_VALUE|REFERENTIAL_INTEGRITY,Null values in: vehicle_id | Referential integrity violation,NULL_VALUE|REFERENTIAL_INTEGRITY,2026-09-16T17:39:46.226977+00:00
EVT0037098,BMW00154,WBA00000000000154,2026-05-09 19:25:00,96.83,103.62,11.27,27.920985,39.63471,telemetry,DUPLICATE_RECORD,Duplicate record detected,DUPLICATE_RECORD,2026-09-16T17:39:46.226977+00:00
EVT0005873,BMW00507,WBA00000000000507,2026-01-21 09:20:00,,74.86,32.05,31.900325,-89.999154,telemetry,NULL_VALUE|OUT_OF_RANGE,Null values in: battery_level | Out-of-range value in: battery_level,NULL_VALUE|OUT_OF_RANGE,2026-09-16T17:39:46.226977+00:00
EVT0018352,BMW00216,WBA00000000000216,2026-03-05 17:15:00,14.17,100.24,21.41,10.999739,113.009383,telemetry,DUPLICATE_RECORD,Duplicate record detected,DUPLICATE_RECORD,2026-09-16T17:39:46.226977+00:00
EVT0036303,BMW00361,WBA00000000000361,2026-05-07 01:10:00,78.28,120.82,5.62,24.243215,120.344855,telemetry,DUPLICATE_RECORD,Duplicate record detected,DUPLICATE_RECORD,2026-09-16T17:39:46.226977+00:00
EVT0079005,BMW00074,WBA00000000000074,2026-10-02 07:40:00,-24.84,16.85,45.87,39.417365,75.187173,telemetry,OUT_OF_RANGE,Out-of-range value in: battery_level,OUT_OF_RANGE,2026-09-16T17:39:46.226977+00:00
EVT0087219,BMW00690,WBA00000000000690,2026/99/99,13.94,43.77,-0.84,33.351003,64.857216,telemetry,INVALID_DATE,Invalid date in: timestamp,INVALID_DATE,2026-09-16T17:39:46.226977+00:00
EVT0074991,BMW00738,WBA000,2026-09-18 09:10:00,98.92,94.53,-6.23,23.522248,12.85679,telemetry,INVALID_VIN,Invalid or missing VIN,INVALID_VIN,2026-09-16T17:39:46.226977+00:00
EVT0002055,BMW00933,123456789,2026-01-08 03:10:00,20.15,77.03,-5.39,53.741617,-113.735981,telemetry,INVALID_VIN,Invalid or missing VIN,INVALID_VIN,2026-09-16T17:39:46.226977+00:00
EVT0068854,BMW00196,WBA00000000000196,2026-08-28 01:45:00,50.47,143.44,34.61,16.341646,63.510012,telemetry,DUPLICATE_RECORD,Duplicate record detected,DUPLICATE_RECORD,2026-09-16T17:39:46.226977+00:00
EVT0052348,BMW00858,WBA00000000000858,2026-07-01 18:15:00,-48.73,137.55,4.1,54.599047,101.910109,telemetry,OUT_OF_RANGE,Out-of-range value in: battery_level,OUT_OF_RANGE,2026-09-16T17:39:46.226977+00:00
EVT0049573,BMW00501,WBA00000000000501,2026-06-22 03:00:00,94.22,17.71,30.93,13.684759,-65.873727,telemetry,DUPLICATE_RECORD,Duplicate record detected,DUPLICATE_RECORD,2026-09-16T17:39:46.226977+00:00
EVT0078871,BMW00832,123456789,2026-10-01 20:30:00,24.75,131.59,12.2,11.505587,3.47486,telemetry,INVALID_VIN,Invalid or missing VIN,INVALID_VIN,2026-09-16T17:39:46.226977+00:00
EVT0036090,BMW00111,,2026-05-06 07:25:00,49.61,139.75,37.57,8.214053,-15.399307,telemetry,NULL_VALUE|INVALID_VIN,Null values in: vin | Invalid or missing VIN,NULL_VALUE|INVALID_VIN,2026-09-16T17:39:46.226977+00:00
EVT0088234,BMW00339,,2026-11-03 08:45:00,73.63,131.86,51.27,29.964897,-42.933989,telemetry,NULL_VALUE|INVALID_VIN,Null values in: vin | Invalid or missing VIN,NULL_VALUE|INVALID_VIN,2026-09-16T17:39:46.226977+00:00
EVT0021863,BMW00828,,2026-03-17 21:50:00,20.6,146.24,1.47,36.467985,37.485258,telemetry,NULL_VALUE|INVALID_VIN,Null values in: vin | Invalid or missing VIN,NULL_VALUE|INVALID_VIN,2026-09-16T17:39:46.226977+00:00
EVT0066824,BMW00996,WBA00000000000996,2026-08-21 00:35:00,17.77,42.61,-1.94,19.265996,-62.316338,telemetry,DUPLICATE_RECORD,Duplicate record detected,DUPLICATE_RECORD,2026-09-16T17:39:46.226977+00:00
EVT0001197,BMW00619,WBA00000000000619,2026-01-05 03:40:00,73.91,98.03,20.13,11.40099,-76.419282,telemetry,DUPLICATE_RECORD,Duplicate record detected,DUPLICATE_RECORD,2026-09-16T17:39:46.226977+00:00
EVT0051733,BMW00977,,2026-06-29 15:00:00,90.42,30.5,11.83,12.175872,84.54504,telemetry,NULL_VALUE|INVALID_VIN,Null values in: vin | Invalid or missing VIN,NULL_VALUE|INVALID_VIN,2026-09-16T17:39:46.226977+00:00
EVT0076725,BMW00537,WBA00000000000537,not-a-date,76.35,39.26,15.79,50.631498,6.641674,telemetry,INVALID_DATE,Invalid date in: timestamp,INVALID_DATE,2026-09-16T17:39:46.226977+00:00
EVT0072828,,WBA00000000000821,2026-09-10 20:55:00,49.89,136.07,4.87,47.762689,36.205494,telemetry,NULL_VALUE|REFERENTIAL_INTEGRITY,Null values in: vehicle_id | Referential integrity violation,NULL_VALUE|REFERENTIAL_INTEGRITY,2026-09-16T17:39:46.226977+00:00
EVT0095034,BMW00866,123456789,2026-11-26 23:25:00,35.26,127.46,52.33,22.771104,123.64181,telemetry,INVALID_VIN,Invalid or missing VIN,INVALID_VIN,2026-09-16T17:39:46.226977+00:00
EVT0081330,BMW00088,WBA00000000000088,,95.28,135.17,32.73,47.321784,79.177647,telemetry,NULL_VALUE|INVALID_DATE,Null values in: timestamp | Invalid date in: timestamp,NULL_VALUE|INVALID_DATE,2026-09-16T17:39:46.226977+00:00
EVT0028061,BMW00805,WBA00000000000805,2026-04-08 10:20:00,88.57,133.4,21.69,41.290113,45.563001,telemetry,DUPLICATE_RECORD,Duplicate record detected,DUPLICATE_RECORD,2026-09-16T17:39:46.226977+00:00
EVT0040061,FAKE00018,WBA00000000000408,2026-05-20 02:20:00,76.89,47.68,1.09,47.23815,-11.910238,telemetry,REFERENTIAL_INTEGRITY,Referential integrity violation,REFERENTIAL_INTEGRITY,2026-09-16T17:39:46.226977+00:00
EVT0000491,BMW00474,,2026-01-02 16:50:00,30.14,132.37,23.07,17.969601,16.132585,telemetry,NULL_VALUE|INVALID_VIN,Null values in: vin | Invalid or missing VIN,NULL_VALUE|INVALID_VIN,2026-09-16T17:39:46.226977+00:00
EVT0050075,BMW00100,WBA00000000000100,2026-06-23 20:50:00,72.47,75.29,28.35,21.668389,-98.581919,telemetry,DUPLICATE_RECORD,Duplicate record detected,DUPLICATE_RECORD,2026-09-16T17:39:46.226977+00:00
EVT0085464,,WBA00000000000960,2026-10-24 17:55:00,77.47,75.77,22.95,25.436492,-13.882632,telemetry,NULL_VALUE|REFERENTIAL_INTEGRITY,Null values in: vehicle_id | Referential integrity violation,NULL_VALUE|REFERENTIAL_INTEGRITY,2026-09-16T17:39:46.226977+00:00
EVT0031781,BMW00075,WBA00000000000075,2026-04-21 08:20:00,43.59,66.88,-9.47,27.787117,-117.9849,telemetry,DUPLICATE_RECORD,Duplicate record detected,DUPLICATE_RECORD,2026-09-16T17:39:46.226977+00:00
EVT0043255,FAKE00028,WBA00000000000079,2026-05-31 04:30:00,56.67,143.47,5.62,23.284669,22.008857,telemetry,REFERENTIAL_INTEGRITY,Referential integrity violation,REFERENTIAL_INTEGRITY,2026-09-16T17:39:46.226977+00:00
BAD00020,UNKNOWN,BADVIN,not-a-date,999.0,-50.0,999.0,999.0,999.0,telemetry,INVALID_VIN|INVALID_DATE|OUT_OF_RANGE|REFERENTIAL_INTEGRITY,"Invalid or missing VIN | Invalid date in: timestamp | Out-of-range value in: battery_level, temperature, speed | Referential integrity violation",INVALID_VIN|INVALID_DATE|OUT_OF_RANGE|REFERENTIAL_INTEGRITY,2026-09-16T17:39:46.226977+00:00
EVT0052521,FAKE00012,WBA00000000000108,2026-07-02 08:40:00,64.82,130.58,-0.54,47.74112,-47.739352,telemetry,REFERENTIAL_INTEGRITY,Referential integrity violation,REFERENTIAL_INTEGRITY,2026-09-16T17:39:46.226977+00:00
EVT0033931,BMW00737,,2026-04-28 19:30:00,18.47,66.68,26.82,41.199589,-93.823311,telemetry,NULL_VALUE|INVALID_VIN,Null values in: vin | Invalid or missing VIN,NULL_VALUE|INVALID_VIN,2026-09-16T17:39:46.226977+00:00
EVT0021426,BMW00494,INVALIDVIN,2026-03-16 09:25:00,81.05,12.87,-0.2,45.72722,104.646417,telemetry,INVALID_VIN,Invalid or missing VIN,INVALID_VIN,2026-09-16T17:39:46.226977+00:00
EVT0052590,BMW00482,,2026-07-02 14:25:00,77.71,48.84,11.72,54.574183,-85.433363,telemetry,NULL_VALUE|INVALID_VIN,Null values in: vin | Invalid or missing VIN,NULL_VALUE|INVALID_VIN,2026-09-16T17:39:46.226977+00:00
EVT0007406,BMW00559,WBA00000000000559,2026-01-26 17:05:00,-25.0,52.57,-6.14,20.298028,119.790971,telemetry,OUT_OF_RANGE,Out-of-range value in: battery_level,OUT_OF_RANGE,2026-09-16T17:39:46.226977+00:00
EVT0030229,BMW00294,WBA00000000000294,2026-04-15 23:00:00,52.42,74.53,27.77,47.805135,37.336829,telemetry,DUPLICATE_RECORD,Duplicate record detected,DUPLICATE_RECORD,2026-09-16T17:39:46.226977+00:00
EVT0029844,BMW00636,WBA00000000000636,2026-04-14 14:55:00,31.28,64.07,43.09,16.301198,-14.683815,telemetry,DUPLICATE_RECORD,Duplicate record detected,DUPLICATE_RECORD,2026-09-16T17:39:46.226977+00:00
EVT0045472,,WBA00000000000783,2026-06-07 21:15:00,17.03,71.94,18.49,28.91067,-69.051192,telemetry,NULL_VALUE|REFERENTIAL_INTEGRITY,Null values in: vehicle_id | Referential integrity violation,NULL_VALUE|REFERENTIAL_INTEGRITY,2026-09-16T17:39:46.226977+00:00
EVT0084044,BMW00601,WBA00000000000601,2026-10-19 19:35:00,74.31,0.94,42.13,22.181261,82.786324,telemetry,DUPLICATE_RECORD,Duplicate record detected,DUPLICATE_RECORD,2026-09-16T17:39:46.226977+00:00
EVT0046185,,WBA00000000000778,2026-06-10 08:40:00,38.02,97.18,38.08,11.428375,-113.838162,telemetry,NULL_VALUE|REFERENTIAL_INTEGRITY,Null values in: vehicle_id | Referential integrity violation,NULL_VALUE|REFERENTIAL_INTEGRITY,2026-09-16T17:39:46.226977+00:00
EVT0040220,,WBA00000000000234,2026-05-20 15:35:00,16.11,64.33,-0.77,28.535862,-58.201028,telemetry,NULL_VALUE|REFERENTIAL_INTEGRITY,Null values in: vehicle_id | Referential integrity violation,NULL_VALUE|REFERENTIAL_INTEGRITY,2026-09-16T17:39:46.226977+00:00
EVT0014058,,WBA00000000000816,2026-02-18 19:25:00,98.48,13.93,29.05,46.283229,63.538333,telemetry,NULL_VALUE|REFERENTIAL_INTEGRITY,Null values in: vehicle_id | Referential integrity violation,NULL_VALUE|REFERENTIAL_INTEGRITY,2026-09-16T17:39:46.226977+00:00
EVT0019206,BMW00417,123456789,2026-03-08 16:25:00,78.68,97.95,33.03,29.215714,25.688313,telemetry,INVALID_VIN,Invalid or missing VIN,INVALID_VIN,2026-09-16T17:39:46.226977+00:00
EVT0003479,BMW00627,,2026-01-13 01:50:00,68.96,96.89,8.11,27.711319,-14.569104,telemetry,NULL_VALUE|INVALID_VIN,Null values in: vin | Invalid or missing VIN,NULL_VALUE|INVALID_VIN,2026-09-16T17:39:46.226977+00:00
EVT0043889,BMW00223,WBA00000000000223,2026-06-02 09:20:00,-8.37,113.69,-8.52,25.791604,29.476376,telemetry,OUT_OF_RANGE,Out-of-range value in: battery_level,OUT_OF_RANGE,2026-09-16T17:39:46.226977+00:00
EVT0079505,BMW00343,123456789,2026-10-04 01:20:00,25.07,129.28,20.4,21.501513,-59.68982,telemetry,INVALID_VIN,Invalid or missing VIN,INVALID_VIN,2026-09-16T17:39:46.226977+00:00
EVT0094754,BMW00739,,2026-11-26 00:05:00,99.76,147.45,43.6,39.11664,59.180866,telemetry,NULL_VALUE|INVALID_VIN,Null values in: vin | Invalid or missing VIN,NULL_VALUE|INVALID_VIN,2026-09-16T17:39:46.226977+00:00
EVT0083515,,WBA00000000000799,2026-10-17 23:30:00,16.3,76.19,20.75,22.433994,18.022394,telemetry,NULL_VALUE|REFERENTIAL_INTEGRITY,Null values in: vehicle_id | Referential integrity violation,NULL_VALUE|REFERENTIAL_INTEGRITY,2026-09-16T17:39:46.226977+00:00
EVT0087879,BMW00356,WBA00000000000356,2026/99/99,44.92,73.16,22.93,8.859302,-54.621774,telemetry,INVALID_DATE,Invalid date in: timestamp,INVALID_DATE,2026-09-16T17:39:46.226977+00:00
EVT0034639,,WBA00000000000865,2026-05-01 06:30:00,85.96,90.49,-1.3,25.827848,-54.748143,telemetry,NULL_VALUE|REFERENTIAL_INTEGRITY,Null values in: vehicle_id | Referential integrity violation,NULL_VALUE|REFERENTIAL_INTEGRITY,2026-09-16T17:39:46.226977+00:00
EVT0084945,BMW00870,WBA00000000000870,2026-10-22 22:40:00,30.19,61.88,50.87,31.475799,-48.231905,telemetry,DUPLICATE_RECORD,Duplicate record detected,DUPLICATE_RECORD,2026-09-16T17:39:46.226977+00:00
EVT0027227,,WBA00000000000404,2026-04-05 12:50:00,48.22,156.97,20.72,52.044781,-77.179966,telemetry,NULL_VALUE|REFERENTIAL_INTEGRITY,Null values in: vehicle_id | Referential integrity violation,NULL_VALUE|REFERENTIAL_INTEGRITY,2026-09-16T17:39:46.226977+00:00
EVT0001501,,WBA00000000000122,2026-01-06 05:00:00,29.1,43.73,43.84,40.250166,97.256363,telemetry,NULL_VALUE|REFERENTIAL_INTEGRITY,Null values in: vehicle_id | Referential integrity violation,NULL_VALUE|REFERENTIAL_INTEGRITY,2026-09-16T17:39:46.226977+00:00
EVT0057210,BMW00985,WBA00000000000985,2026-07-18 15:25:00,54.68,112.67,150.0,34.124441,59.485202,telemetry,OUT_OF_RANGE,Out-of-range value in: temperature,OUT_OF_RANGE,2026-09-16T17:39:46.226977+00:00
EVT0038883,BMW00490,WBA00000000000490,2026-05-16 00:10:00,84.64,154.2,1.53,46.304504,-86.069255,telemetry,DUPLICATE_RECORD,Duplicate record detected,DUPLICATE_RECORD,2026-09-16T17:39:46.226977+00:00
EVT0097647,BMW00249,WBA00000000000249,2026-12-06 01:10:00,78.6,135.41,31.28,33.358834,-16.443643,telemetry,DUPLICATE_RECORD,Duplicate record detected,DUPLICATE_RECORD,2026-09-16T17:39:46.226977+00:00
EVT0097190,BMW00650,WBA00000000000650,2026-12-04 11:05:00,32.02,6.33,41.16,10.216486,119.431086,telemetry,DUPLICATE_RECORD,Duplicate record detected,DUPLICATE_RECORD,2026-09-16T17:39:46.226977+00:00
EVT0012982,BMW00883,INVALID_VIN,2026-02-15 01:45:00,67.08,102.22,22.71,11.025183,-12.536531,telemetry,INVALID_VIN,Invalid or missing VIN,INVALID_VIN,2026-09-16T17:39:46.226977+00:00
EVT0032133,BMW00992,,2026-04-22 13:40:00,22.25,92.34,12.58,41.541041,104.332288,telemetry,NULL_VALUE|INVALID_VIN,Null values in: vin | Invalid or missing VIN,NULL_VALUE|INVALID_VIN,2026-09-16T17:39:46.226977+00:00
EVT0096234,,WBA00000000000343,2026-12-01 03:25:00,20.58,150.86,41.26,27.540197,-70.043233,telemetry,NULL_VALUE|REFERENTIAL_INTEGRITY,Null values in: vehicle_id | Referential integrity violation,NULL_VALUE|REFERENTIAL_INTEGRITY,2026-09-16T17:39:46.226977+00:00
EVT0052465,BMW00005,WBA00000000000005,2026-07-02 04:00:00,12.35,91.27,52.63,27.678627,102.875532,telemetry,DUPLICATE_RECORD,Duplicate record detected,DUPLICATE_RECORD,2026-09-16T17:39:46.226977+00:00
EVT0001329,BMW00078,WBA00000000000078,2026-01-05 14:40:00,68.41,125.14,19.0,16.252906,-12.874077,telemetry,DUPLICATE_RECORD,Duplicate record detected,DUPLICATE_RECORD,2026-09-16T17:39:46.226977+00:00
EVT0066783,BMW00843,WBA00000000000843,2026-08-20 21:10:00,82.14,8.99,14.72,23.035913,48.100029,telemetry,DUPLICATE_RECORD,Duplicate record detected,DUPLICATE_RECORD,2026-09-16T17:39:46.226977+00:00
EVT0035729,,WBA00000000000471,2026-05-05 01:20:00,65.29,67.38,39.16,33.644701,-102.149552,telemetry,NULL_VALUE|REFERENTIAL_INTEGRITY,Null values in: vehicle_id | Referential integrity violation,NULL_VALUE|REFERENTIAL_INTEGRITY,2026-09-16T17:39:46.226977+00:00
EVT0078240,BMW00794,WBA00000000000794,2026-09-29 15:55:00,37.9,70.78,14.85,30.89752,146.63942,telemetry,DUPLICATE_RECORD,Duplicate record detected,DUPLICATE_RECORD,2026-09-16T17:39:46.226977+00:00
EVT0014204,BMW00196,WBA00000000000196,2026-02-19 07:35:00,49.22,143.25,12.82,53.94501,149.348505,telemetry,DUPLICATE_RECORD,Duplicate record detected,DUPLICATE_RECORD,2026-09-16T17:39:46.226977+00:00
EVT0054089,BMW00554,WBA00000000000554,0000-00-00,73.34,13.74,4.37,23.324176,117.527027,telemetry,INVALID_DATE,Invalid date in: timestamp,INVALID_DATE,2026-09-16T17:39:46.226977+00:00
EVT0042193,BMW00961,WBA00000000000961,2026-05-27 12:00:00,180.0,61.64,52.4,35.653137,125.199832,telemetry,OUT_OF_RANGE,Out-of-range value in: battery_level,OUT_OF_RANGE,2026-09-16T17:39:46.226977+00:00
EVT0043839,BMW00783,,2026-06-02 05:10:00,42.19,84.55,51.58,28.573773,135.191933,telemetry,NULL_VALUE|INVALID_VIN,Null values in: vin | Invalid or missing VIN,NULL_VALUE|INVALID_VIN,2026-09-16T17:39:46.226977+00:00
EVT0008944,BMW00362,INVALID_VIN,2026-02-01 01:15:00,21.09,150.53,46.07,48.005856,13.174561,telemetry,INVALID_VIN,Invalid or missing VIN,INVALID_VIN,2026-09-16T17:39:46.226977+00:00
EVT0020543,BMW00140,!!BADVIN!!,2026-03-13 07:50:00,72.32,145.31,53.58,24.302237,-83.065844,telemetry,INVALID_VIN,Invalid or missing VIN,INVALID_VIN,2026-09-16T17:39:46.226977+00:00
EVT0033955,BMW00265,WBA00000000000265,2026-15-40 99:99:99,19.35,55.05,36.95,30.487054,-92.348092,telemetry,INVALID_DATE,Invalid date in: timestamp,INVALID_DATE,2026-09-16T17:39:46.226977+00:00
EVT0033280,BMW00698,WBA000,2026-04-26 13:15:00,25.55,81.64,45.89,41.083244,31.203321,telemetry,INVALID_VIN,Invalid or missing VIN,INVALID_VIN,2026-09-16T17:39:46.226977+00:00
EVT0020750,BMW00363,WBA00000000000363,2026-03-14 01:05:00,79.49,83.47,9.34,53.476174,85.359183,telemetry,DUPLICATE_RECORD,Duplicate record detected,DUPLICATE_RECORD,2026-09-16T17:39:46.226977+00:00
EVT0098585,BMW00633,WBA00000000000633,2026-12-09 07:20:00,,2.26,5.29,54.079643,54.02931,telemetry,NULL_VALUE|OUT_OF_RANGE,Null values in: battery_level | Out-of-range value in: battery_level,NULL_VALUE|OUT_OF_RANGE,2026-09-16T17:39:46.226977+00:00
EVT0011287,BMW00681,WBA00000000000681,2026-02-09 04:30:00,,41.54,50.37,9.289397,106.959261,telemetry,NULL_VALUE|OUT_OF_RANGE,Null values in: battery_level | Out-of-range value in: battery_level,NULL_VALUE|OUT_OF_RANGE,2026-09-16T17:39:46.226977+00:00
EVT0009419,,!!BADVIN!!,2026-02-02 16:50:00,47.56,156.63,1.36,37.832479,-110.577381,telemetry,NULL_VALUE|INVALID_VIN|REFERENTIAL_INTEGRITY,Null values in: vehicle_id | Invalid or missing VIN | Referential integrity violation,NULL_VALUE|INVALID_VIN|REFERENTIAL_INTEGRITY,2026-09-16T17:39:46.226977+00:00
EVT0002604,BMW00207,WBA000,2026-01-10 00:55:00,48.33,63.04,-8.72,22.572507,125.343618,telemetry,INVALID_VIN,Invalid or missing VIN,INVALID_VIN,2026-09-16T17:39:46.226977+00:00
EVT0057982,BMW00673,WBA00000000000673,abc,17.64,152.48,-6.85,9.82853,-99.00649,telemetry,INVALID_DATE,Invalid date in: timestamp,INVALID_DATE,2026-09-16T17:39:46.226977+00:00
