event_id,vehicle_id,timestamp,speed,battery_level,temperature,odometer,fault_code
EVT00001,BMW119,2026-03-26 13:08:27.752588,86,74,70,128194,F004
EVT00002,BMW046,2026-04-12 00:08:27.752611,72,81,93,243250,F004
EVT00003,BMW080,2026-05-19 04:08:27.752623,125,25,65,80638,F002
EVT00004,BMW035,2026-04-25 20:08:27.752633,18,62,59,127092,F004
EVT00005,BMW141,2026-08-25 02:08:27.752642,64,44,78,134905,F004
EVT00006,BMW137,2026-07-06 14:08:27.752651,85,91,72,210548,F001
EVT00007,BMW053,2026-03-07 20:08:27.752660,0,91,56,162822,F003
EVT00008,BMW093,2026-06-15 21:08:27.752669,169,30,97,88812,
EVT00009,BMW054,2026-08-02 05:08:27.752678,109,19,87,38346,F003
EVT00010,BMW164,2026-09-14 14:08:27.752687,65,93,79,92178,
EVT00011,BMW095,2026-04-28 18:08:27.752696,47,38,54,118319,F001
EVT00012,BMW180,2026-04-19 17:08:27.752704,42,89,65,55155,F003
EVT00013,BMW165,2026-08-11 01:08:27.752713,134,87,55,121514,F005
EVT00014,BMW106,2026-06-26 01:08:27.752722,18,84,101,210401,
EVT00015,BMW130,2026-06-26 23:08:27.752731,92,16,72,47729,F001
EVT00016,BMW159,2026-05-12 04:08:27.752739,61,27,78,195641,
EVT00017,BMW119,2026-07-05 15:08:27.752748,110,24,51,163195,F001
EVT00018,BMW172,2026-04-11 19:08:27.752757,15,20,95,140868,F002
EVT00019,BMW161,2026-04-30 07:08:27.752765,24,65,92,133481,F002
EVT00020,BMW195,2026-04-07 02:08:27.752774,89,74,105,22818,
EVT00021,BMW017,2026-07-27 06:08:27.752783,153,23,105,113866,
EVT00022,BMW121,2026-06-27 08:08:27.752791,8,15,93,238496,
EVT00023,BMW114,2026-03-25 18:08:27.752800,124,35,52,106200,F003
EVT00024,BMW057,2026-06-22 20:08:27.752809,25,99,74,140586,F002
EVT00025,BMW045,2026-09-02 10:08:27.752818,170,65,105,179748,F002
EVT00026,BMW084,2026-03-28 04:08:27.752841,31,58,102,199091,F002
EVT00027,BMW110,2026-09-07 17:08:27.752850,89,10,75,40088,
EVT00028,BMW092,2026-03-12 02:08:27.752859,19,35,87,241927,F002
EVT00029,BMW135,2026-07-19 16:08:27.752868,180,39,86,74054,F004
EVT00030,BMW082,2026-04-01 03:08:27.752877,113,37,54,225978,F003
EVT00031,BMW167,2026-06-13 20:08:27.752886,16,79,104,203119,F004
EVT00032,BMW145,2026-08-27 18:08:27.752895,53,72,85,200298,
EVT00033,BMW163,2026-05-07 19:08:27.752903,48,63,92,106363,F003
EVT00034,BMW189,2026-03-13 20:08:27.752912,42,85,107,24670,F005
EVT00035,BMW095,2026-05-21 04:08:27.752921,120,15,68,188192,F005
EVT00036,BMW093,2026-05-09 09:08:27.752929,105,71,67,38395,F005
EVT00037,BMW163,2026-03-09 08:08:27.752938,31,95,69,230528,
EVT00038,BMW182,2026-09-01 08:08:27.752947,37,67,109,21613,F004
EVT00039,BMW101,2026-09-04 17:08:27.752955,49,99,100,92859,F002
EVT00040,BMW104,2026-05-14 02:08:27.752964,35,99,83,111142,F005
EVT00041,BMW084,2026-05-21 00:08:27.752973,56,66,103,79398,F004
EVT00042,BMW141,2026-07-03 07:08:27.752982,84,57,62,198255,F001
EVT00043,BMW063,2026-03-16 19:08:27.752990,37,98,98,198884,
EVT00044,BMW146,2026-05-31 21:08:27.752999,58,32,91,202037,F001
EVT00045,BMW167,2026-03-04 03:08:27.753008,93,48,81,144397,F002
EVT00046,BMW087,2026-07-24 09:08:27.753017,144,32,109,119801,F005
EVT00047,BMW180,2026-07-01 03:08:27.753025,169,38,103,138008,F003
EVT00048,BMW095,2026-05-17 17:08:27.753034,180,63,101,174478,F001
EVT00049,BMW193,2026-05-06 09:08:27.753053,169,60,56,21434,F005
EVT00050,BMW048,2026-05-31 05:08:27.753062,42,19,60,171318,F001
EVT00051,BMW094,2026-04-25 04:08:27.753071,175,87,75,40051,F001
EVT00052,BMW046,2026-02-21 18:08:27.753080,79,31,97,14891,F002
EVT00053,BMW055,2026-09-06 08:08:27.753088,71,49,83,195897,F003
EVT00054,BMW017,2026-07-14 15:08:27.753098,15,15,87,206596,F005
EVT00055,BMW179,2026-02-26 18:08:27.753107,19,25,73,133666,F001
EVT00056,BMW113,2026-07-28 02:08:27.753116,144,84,105,35953,F001
EVT00057,BMW146,2026-05-22 12:08:27.753124,6,40,63,165885,F004
EVT00058,BMW142,2026-07-10 18:08:27.753133,141,94,96,190632,F002
EVT00059,BMW144,2026-03-09 02:08:27.753143,5,30,95,114378,F001
EVT00060,BMW143,2026-08-01 09:08:27.753151,30,31,69,110462,F005
EVT00061,BMW051,2026-05-08 23:08:27.753160,135,25,100,90219,F005
EVT00062,BMW013,2026-04-12 19:08:27.753169,78,23,58,37173,F004
EVT00063,BMW197,2026-07-28 10:08:27.753178,76,42,101,58678,F004
EVT00064,BMW042,2026-06-13 15:08:27.753187,4,53,68,110939,
EVT00065,BMW049,2026-03-12 14:08:27.753196,20,26,100,173097,
EVT00066,BMW062,2026-04-05 13:08:27.753206,28,11,58,187538,F002
EVT00067,BMW057,2026-08-08 05:08:27.753215,118,13,65,121484,F002
EVT00068,BMW081,2026-08-27 11:08:27.753224,144,34,88,156983,F005
EVT00069,BMW138,2026-04-13 02:08:27.753233,52,55,97,42626,F003
EVT00070,BMW119,2026-08-19 06:08:27.753242,93,78,86,23305,F001
EVT00071,BMW058,2026-09-01 09:08:27.753251,40,19,100,110892,
EVT00072,BMW026,2026-09-02 10:08:27.753260,69,29,89,244282,F002
EVT00073,BMW003,2026-06-10 03:08:27.753269,18,87,105,103528,F001
EVT00074,BMW145,2026-07-02 17:08:27.753277,0,94,78,73684,F005
EVT00075,BMW126,2026-08-18 15:08:27.753286,143,95,54,222875,
EVT00076,BMW151,2026-07-15 22:08:27.753295,106,55,110,102944,F005
EVT00077,BMW125,2026-05-20 18:08:27.753305,17,11,59,203663,F002
EVT00078,BMW063,2026-07-11 16:08:27.753315,123,78,70,71593,F003
EVT00079,BMW042,2026-08-28 08:08:27.753324,28,95,93,154073,F003
EVT00080,BMW198,2026-04-23 00:08:27.753333,107,43,66,44446,F002
EVT00081,BMW033,2026-07-04 08:08:27.753342,152,25,62,201314,F004
EVT00082,BMW120,2026-03-04 04:08:27.753351,149,72,103,189913,F003
EVT00083,BMW200,2026-08-17 05:08:27.753359,13,23,90,16192,F002
EVT00084,BMW154,2026-03-12 23:08:27.753368,159,71,105,87273,F003
EVT00085,BMW154,2026-08-30 20:08:27.753377,78,96,78,71380,F002
EVT00086,BMW155,2026-07-20 18:08:27.753386,47,84,101,77793,F001
EVT00087,BMW181,2026-04-08 04:08:27.753394,11,29,51,145197,F002
EVT00088,BMW072,2026-06-01 17:08:27.753403,0,47,82,42039,F005
EVT00089,BMW109,2026-08-21 23:08:27.753412,47,37,85,45832,F003
EVT00090,BMW153,2026-07-21 00:08:27.753420,51,64,94,245715,F001
EVT00091,BMW099,2026-09-12 21:08:27.753428,134,27,66,135652,F001
EVT00092,BMW187,2026-07-21 00:08:27.753438,166,88,82,162109,F001
EVT00093,BMW112,2026-03-06 04:08:27.753446,42,83,99,226049,F005
EVT00094,BMW164,2026-08-11 07:08:27.753457,148,62,80,218308,F001
EVT00095,BMW005,2026-07-05 09:08:27.753467,115,55,56,184100,F005
EVT00096,BMW111,2026-09-11 16:08:27.753476,37,86,105,32224,F001
EVT00097,BMW154,2026-04-29 16:08:27.753485,4,89,68,211210,F001
EVT00098,BMW052,2026-08-21 20:08:27.753494,117,18,104,28373,
EVT00099,BMW120,2026-03-19 18:08:27.753530,137,21,98,158691,F004
EVT00100,BMW180,2026-06-26 03:08:27.753539,68,37,70,101591,F004
EVT00101,BMW084,2026-04-29 12:08:27.753547,137,60,87,62535,F005
EVT00102,BMW181,2026-03-21 06:08:27.753556,88,26,80,62214,F002
EVT00103,BMW181,2026-06-08 06:08:27.753565,161,74,85,109091,F005
EVT00104,BMW020,2026-03-17 11:08:27.753574,103,50,59,81211,F003
EVT00105,BMW107,2026-04-13 05:08:27.753583,167,88,104,193872,
EVT00106,BMW105,2026-03-21 21:08:27.753591,31,39,54,242765,F004
EVT00107,BMW179,2026-08-26 01:08:27.753600,123,46,74,189671,F004
EVT00108,BMW095,2026-03-21 13:08:27.753609,152,56,71,192598,F003
EVT00109,BMW165,2026-09-09 12:08:27.753618,50,90,73,90031,F004
EVT00110,BMW158,2026-06-12 18:08:27.753627,78,91,86,170605,F003
EVT00111,BMW192,2026-04-11 13:08:27.753636,107,93,102,202049,F002
EVT00112,BMW194,2026-03-30 01:08:27.753644,104,85,97,133699,
EVT00113,BMW007,2026-05-24 11:08:27.753653,24,33,80,249464,F001
EVT00114,BMW160,2026-05-19 12:08:27.753662,13,52,97,72231,F004
EVT00115,BMW028,2026-08-17 10:08:27.753671,19,54,98,183130,F004
EVT00116,BMW096,2026-05-29 09:08:27.753679,161,30,67,75077,F004
EVT00117,BMW171,2026-03-13 10:08:27.753688,42,40,70,43047,
EVT00118,BMW149,2026-07-01 08:08:27.753696,151,24,56,132539,F004
EVT00119,BMW189,2026-09-01 03:08:27.753704,139,91,100,98877,F003
EVT00120,BMW093,2026-04-16 05:08:27.753713,110,78,80,105072,F001
EVT00121,BMW028,2026-04-14 07:08:27.753722,131,68,100,129295,
EVT00122,BMW020,2026-08-16 06:08:27.753730,96,92,77,214192,F005
EVT00123,BMW035,2026-06-18 07:08:27.753738,82,32,51,85516,
EVT00124,BMW130,2026-04-07 19:08:27.753747,106,31,78,61324,F005
EVT00125,BMW184,2026-03-25 10:08:27.753757,57,17,54,99012,F004
EVT00126,BMW107,2026-09-13 03:08:27.753767,117,28,105,203880,
EVT00127,BMW068,2026-05-29 17:08:27.753776,76,18,108,245497,
EVT00128,BMW040,2026-07-18 08:08:27.753785,36,57,70,20618,F004
EVT00129,BMW030,2026-09-07 11:08:27.753794,87,27,64,66839,F003
EVT00130,BMW200,2026-03-14 01:08:27.753804,166,36,73,189443,F001
EVT00131,BMW126,2026-04-11 04:08:27.753813,5,22,83,117720,F002
EVT00132,BMW188,2026-05-09 02:08:27.753822,124,37,108,18615,F005
EVT00133,BMW190,2026-04-04 23:08:27.753831,85,19,87,62841,
EVT00134,BMW171,2026-08-29 10:08:27.753841,42,62,67,92396,F002
EVT00135,BMW154,2026-03-27 12:08:27.753851,90,56,56,129391,F001
EVT00136,BMW190,2026-04-06 05:08:27.753860,177,91,83,111914,F003
EVT00137,BMW073,2026-06-08 19:08:27.753869,117,37,68,127305,F001
EVT00138,BMW098,2026-02-26 15:08:27.753878,63,39,110,93764,F005
EVT00139,BMW109,2026-06-13 23:08:27.753887,30,28,78,84455,F003
EVT00140,BMW187,2026-08-03 01:08:27.753896,166,82,73,61089,F005
EVT00141,BMW036,2026-03-17 08:08:27.753906,117,35,76,40613,F003
EVT00142,BMW078,2026-03-23 04:08:27.753915,146,59,106,174410,F001
EVT00143,BMW183,2026-08-24 15:08:27.753924,72,13,102,39624,F004
EVT00144,BMW172,2026-07-06 03:08:27.753933,122,11,79,43846,F003
EVT00145,BMW091,2026-04-11 07:08:27.753943,20,28,69,120868,F004
EVT00146,BMW132,2026-03-14 12:08:27.753952,35,23,87,198500,F003
EVT00147,BMW129,2026-08-07 09:08:27.753961,83,87,106,188354,
EVT00148,BMW012,2026-09-02 00:08:27.753970,64,77,65,166305,F004
EVT00149,BMW026,2026-04-11 08:08:27.753979,178,34,77,34964,
EVT00150,BMW172,2026-07-05 06:08:27.753989,115,91,98,72175,F005
EVT00151,BMW092,2026-04-11 11:08:27.753998,77,96,110,103943,F004
EVT00152,BMW061,2026-07-24 23:08:27.754007,34,19,87,79119,
EVT00153,BMW181,2026-06-21 02:08:27.754022,154,85,74,223626,F001
EVT00154,BMW111,2026-07-25 21:08:27.754031,153,73,98,240613,F002
EVT00155,BMW099,2026-06-22 09:08:27.754040,170,96,55,164503,F004
EVT00156,BMW016,2026-05-17 21:08:27.754048,90,96,109,33158,F005
EVT00157,BMW094,2026-08-22 01:08:27.754057,138,96,108,180752,F003
EVT00158,BMW191,2026-04-04 19:08:27.754066,131,28,50,103011,F003
EVT00159,BMW123,2026-08-14 02:08:27.754075,169,12,86,167327,
EVT00160,BMW009,2026-05-15 13:08:27.754083,77,38,100,55292,
EVT00161,BMW040,2026-03-26 06:08:27.754092,26,54,91,83148,
EVT00162,BMW125,2026-06-13 06:08:27.754101,156,88,86,112074,F003
EVT00163,BMW132,2026-04-19 17:08:27.754110,43,31,89,83538,F001
EVT00164,BMW015,2026-07-29 01:08:27.754119,36,98,84,161106,F002
EVT00165,BMW044,2026-06-14 16:08:27.754128,64,55,79,111066,F003
EVT00166,BMW006,2026-04-02 16:08:27.754137,68,72,62,150515,F001
EVT00167,BMW177,2026-04-17 15:08:27.754146,47,87,65,186863,F002
EVT00168,BMW071,2026-06-17 15:08:27.754155,108,19,107,191545,F005
EVT00169,BMW039,2026-07-01 11:08:27.754164,27,67,82,31612,F002
EVT00170,BMW195,2026-04-27 15:08:27.754173,142,27,105,117093,F003
EVT00171,BMW109,2026-03-10 21:08:27.754182,159,77,110,202493,F001
EVT00172,BMW019,2026-08-28 16:08:27.754191,85,82,72,54918,F002
EVT00173,BMW119,2026-03-22 00:08:27.754203,51,51,77,209973,F004
EVT00174,BMW135,2026-08-20 11:08:27.754212,180,76,82,146229,F004
EVT00175,BMW123,2026-07-10 10:08:27.754221,109,97,86,43782,F004
EVT00176,BMW104,2026-03-16 02:08:27.754230,171,72,84,104888,F003
EVT00177,BMW052,2026-05-18 00:08:27.754239,168,11,80,245577,F005
EVT00178,BMW022,2026-06-29 05:08:27.754248,90,57,92,137855,F002
EVT00179,BMW177,2026-08-27 06:08:27.754256,49,97,53,79742,
EVT00180,BMW147,2026-03-23 12:08:27.754265,140,100,104,197170,F003
EVT00181,BMW184,2026-06-03 13:08:27.754273,55,68,72,125368,F004
EVT00182,BMW065,2026-03-14 07:08:27.754283,74,30,107,186924,
EVT00183,BMW063,2026-08-03 14:08:27.754291,175,13,69,203218,F004
EVT00184,BMW079,2026-08-03 13:08:27.754300,87,25,52,69670,
EVT00185,BMW001,2026-03-26 10:08:27.754309,143,40,105,215710,F001
EVT00186,BMW076,2026-05-27 23:08:27.754318,154,37,98,80029,F002
EVT00187,BMW089,2026-03-10 14:08:27.754327,3,11,62,93049,F001
EVT00188,BMW033,2026-05-22 00:08:27.754336,40,36,91,15239,F003
EVT00189,BMW166,2026-08-17 07:08:27.754345,149,10,69,10534,F003
EVT00190,BMW124,2026-06-28 18:08:27.754354,154,18,88,151060,F001
EVT00191,BMW197,2026-06-07 05:08:27.754363,139,74,109,128535,F001
EVT00192,BMW029,2026-06-14 23:08:27.754375,145,89,76,107621,
EVT00193,BMW004,2026-06-07 23:08:27.754385,107,15,68,220214,F004
EVT00194,BMW005,2026-08-08 11:08:27.754394,13,79,59,232382,
EVT00195,BMW033,2026-05-13 21:08:27.754403,36,94,108,108706,F003
EVT00196,BMW080,2026-02-28 14:08:27.754412,87,53,106,59976,
EVT00197,BMW143,2026-03-19 09:08:27.754421,1,64,66,60646,F004
EVT00198,BMW183,2026-09-14 09:08:27.754430,135,86,68,42703,F002
EVT00199,BMW038,2026-08-24 11:08:27.754439,23,91,93,162143,F001
EVT00200,BMW027,2026-06-05 14:08:27.754448,135,28,93,177250,F004
EVT00201,BMW087,2026-08-22 13:08:27.754458,39,69,60,118018,F001
EVT00202,BMW080,2026-05-07 00:08:27.754467,65,36,76,149687,F001
EVT00203,BMW158,2026-04-11 09:08:27.754476,73,58,101,49401,F005
EVT00204,BMW166,2026-06-28 16:08:27.754485,174,69,66,82724,F004
EVT00205,BMW129,2026-07-01 19:08:27.754494,44,99,67,150952,F004
EVT00206,BMW194,2026-07-10 19:08:27.754529,141,35,92,239924,F001
EVT00207,BMW015,2026-07-11 03:08:27.754539,162,95,76,52338,
EVT00208,BMW164,2026-09-04 09:08:27.754548,109,52,93,141200,
EVT00209,BMW145,2026-09-13 16:08:27.754557,27,91,60,201306,F002
EVT00210,BMW037,2026-05-05 07:08:27.754566,82,22,93,151406,F001
EVT00211,BMW177,2026-05-05 07:08:27.754575,45,72,106,135181,F001
EVT00212,BMW187,2026-08-17 03:08:27.754585,9,13,61,182707,F001
EVT00213,BMW160,2026-07-20 08:08:27.754594,111,29,106,212374,F001
EVT00214,BMW093,2026-08-28 12:08:27.754603,30,45,65,84332,F001
EVT00215,BMW062,2026-06-16 07:08:27.754612,74,48,51,43586,
EVT00216,BMW028,2026-06-22 01:08:27.754621,84,22,64,83088,F002
EVT00217,BMW161,2026-05-08 00:08:27.754631,43,14,82,138834,F004
EVT00218,BMW181,2026-04-05 08:08:27.754640,86,68,100,73492,F002
EVT00219,BMW159,2026-04-12 04:08:27.754649,111,51,88,68568,F002
EVT00220,BMW112,2026-04-28 20:08:27.754657,117,30,80,113610,
EVT00221,BMW174,2026-05-10 08:08:27.754667,85,87,84,246134,F002
EVT00222,BMW045,2026-04-22 07:08:27.754676,124,28,71,82543,F005
EVT00223,BMW111,2026-09-15 18:08:27.754686,143,32,68,62625,F003
EVT00224,BMW123,2026-08-01 01:08:27.754696,2,25,93,146338,F005
EVT00225,BMW149,2026-06-24 08:08:27.754705,154,51,106,96444,F005
EVT00226,BMW089,2026-06-22 07:08:27.754715,141,50,51,180503,F002
EVT00227,BMW086,2026-03-16 22:08:27.754724,175,42,110,240906,
EVT00228,BMW105,2026-07-20 03:08:27.754733,19,93,74,160332,F001
EVT00229,BMW084,2026-04-19 00:08:27.754743,148,52,55,169620,F001
EVT00230,BMW109,2026-05-04 19:08:27.754752,131,86,96,168576,F004
EVT00231,BMW121,2026-09-03 07:08:27.754761,14,22,71,93947,F002
EVT00232,BMW024,2026-03-09 12:08:27.754770,32,53,81,188952,F003
EVT00233,BMW088,2026-05-12 03:08:27.754780,86,12,76,149314,F002
EVT00234,BMW020,2026-03-06 02:08:27.754790,157,14,90,27744,
EVT00235,BMW091,2026-09-15 11:08:27.754799,108,25,52,75442,F004
EVT00236,BMW177,2026-03-21 08:08:27.754808,25,69,96,57419,F004
EVT00237,BMW053,2026-06-29 04:08:27.754818,110,58,83,48126,
EVT00238,BMW048,2026-03-09 14:08:27.754828,117,30,93,82072,F004
EVT00239,BMW168,2026-04-11 03:08:27.754837,152,95,110,39618,F002
EVT00240,BMW028,2026-07-09 19:08:27.754847,18,73,73,10977,F003
EVT00241,BMW018,2026-03-15 04:08:27.754856,113,91,103,242731,F005
EVT00242,BMW036,2026-04-01 20:08:27.754866,109,91,100,248681,F005
EVT00243,BMW181,2026-04-05 21:08:27.754876,20,100,69,162019,F004
EVT00244,BMW193,2026-08-19 08:08:27.754886,111,41,97,104888,F005
EVT00245,BMW076,2026-07-09 12:08:27.754896,5,19,105,12087,
EVT00246,BMW008,2026-07-16 13:08:27.754906,138,87,91,190995,F002
EVT00247,BMW016,2026-04-12 12:08:27.754915,130,51,84,72075,F001
EVT00248,BMW183,2026-06-09 03:08:27.754924,81,50,64,148822,
EVT00249,BMW018,2026-07-31 10:08:27.754934,163,78,58,101736,F004
EVT00250,BMW145,2026-08-28 12:08:27.754943,9,12,62,199736,
EVT00251,BMW034,2026-05-27 02:08:27.754953,32,33,58,179583,F003
EVT00252,BMW082,2026-08-02 15:08:27.754963,98,86,102,230846,F003
EVT00253,BMW023,2026-09-03 05:08:27.754973,119,54,96,16365,F003
EVT00254,BMW015,2026-06-25 07:08:27.754983,82,90,56,84717,F005
EVT00255,BMW103,2026-06-28 17:08:27.754993,96,30,103,24324,F003
EVT00256,BMW175,2026-04-01 18:08:27.755003,1,99,93,129150,F004
EVT00257,BMW017,2026-05-26 11:08:27.755013,118,72,56,40693,F001
EVT00258,BMW154,2026-07-05 21:08:27.755025,134,22,73,127871,F004
EVT00259,BMW161,2026-03-24 06:08:27.755035,87,60,92,47143,F003
EVT00260,BMW029,2026-06-05 13:08:27.755044,148,21,101,214726,F005
EVT00261,BMW193,2026-06-30 20:08:27.755050,152,99,80,88737,F005
EVT00262,BMW088,2026-08-27 00:08:27.755056,140,73,63,65190,F004
EVT00263,BMW098,2026-07-29 07:08:27.755061,116,36,103,202543,
EVT00264,BMW068,2026-06-28 23:08:27.755068,178,72,67,48676,
EVT00265,BMW173,2026-03-01 15:08:27.755080,64,67,97,74469,F004
EVT00266,BMW082,2026-08-31 15:08:27.755225,11,47,99,215645,F005
EVT00267,BMW190,2026-03-21 10:08:27.755233,117,79,51,68112,
EVT00268,BMW154,2026-07-13 00:08:27.755241,174,37,85,220126,F002
EVT00269,BMW071,2026-08-27 15:08:27.755247,28,41,92,39591,F001
EVT00270,BMW069,2026-06-16 16:08:27.755254,8,81,96,236592,F002
EVT00271,BMW141,2026-03-23 12:08:27.755261,29,22,63,133195,F001
EVT00272,BMW136,2026-07-23 09:08:27.755267,103,67,52,68417,
EVT00273,BMW181,2026-05-05 07:08:27.755272,161,62,70,231392,
EVT00274,BMW193,2026-04-27 23:08:27.755278,3,97,86,242234,F001
EVT00275,BMW113,2026-03-10 00:08:27.755284,1,100,60,79262,
EVT00276,BMW111,2026-07-21 02:08:27.755289,58,56,61,179198,F003
EVT00277,BMW070,2026-07-28 05:08:27.755295,35,68,82,91926,F001
EVT00278,BMW169,2026-07-28 22:08:27.755301,39,91,85,101856,
EVT00279,BMW038,2026-09-15 20:08:27.755306,43,15,50,20613,F004
EVT00280,BMW037,2026-07-03 13:08:27.755312,168,99,52,177692,F004
EVT00281,BMW156,2026-05-04 09:08:27.755318,104,14,85,208747,F001
EVT00282,BMW154,2026-08-29 19:08:27.755324,149,18,86,248002,F002
EVT00283,BMW053,2026-03-01 05:08:27.755330,54,35,90,213379,F005
EVT00284,BMW074,2026-05-28 22:08:27.755335,15,53,56,246074,F002
EVT00285,BMW035,2026-04-18 11:08:27.755341,178,72,89,96258,F002
EVT00286,BMW108,2026-03-28 03:08:27.755346,124,54,74,85227,F002
EVT00287,BMW008,2026-03-18 09:08:27.755352,39,65,90,37884,F005
EVT00288,BMW121,2026-02-22 12:08:27.755357,110,46,88,120319,F001
EVT00289,BMW113,2026-06-12 09:08:27.755363,56,34,110,158988,F005
EVT00290,BMW035,2026-06-21 22:08:27.755369,72,54,59,204101,F004
EVT00291,BMW009,2026-05-14 18:08:27.755375,84,100,96,145107,F004
EVT00292,BMW003,2026-08-02 07:08:27.755380,108,31,76,162247,F005
EVT00293,BMW100,2026-05-13 01:08:27.755386,25,73,84,168104,F002
EVT00294,BMW149,2026-03-25 06:08:27.755392,96,88,104,81568,F004
EVT00295,BMW105,2026-07-24 03:08:27.755398,145,20,61,188659,F003
EVT00296,BMW184,2026-07-30 13:08:27.755403,105,10,80,226247,F001
EVT00297,BMW072,2026-09-15 21:08:27.755409,57,85,58,50313,
EVT00298,BMW062,2026-04-20 01:08:27.755415,77,56,102,217200,F003
EVT00299,BMW022,2026-05-19 04:08:27.755420,81,63,97,145694,F001
EVT00300,BMW027,2026-05-09 00:08:27.755426,112,20,69,107997,
EVT00301,BMW019,2026-07-09 00:08:27.755431,179,78,108,37774,F003
EVT00302,BMW140,2026-05-22 07:08:27.755436,47,68,91,57039,
EVT00303,BMW010,2026-09-01 22:08:27.755442,33,10,52,68730,F005
EVT00304,BMW135,2026-07-13 17:08:27.755447,41,25,98,80073,F005
EVT00305,BMW026,2026-06-25 16:08:27.755453,2,31,92,214790,
EVT00306,BMW150,2026-07-06 11:08:27.755458,97,27,59,21219,
EVT00307,BMW091,2026-06-11 18:08:27.755464,171,11,92,72445,F003
EVT00308,BMW200,2026-03-04 19:08:27.755470,18,19,73,187941,F003
EVT00309,BMW087,2026-09-17 04:08:27.755476,104,51,50,190433,F001
EVT00310,BMW003,2026-04-21 01:08:27.755482,164,44,107,236426,
EVT00311,BMW032,2026-06-03 20:08:27.755488,60,100,110,31118,F002
EVT00312,BMW091,2026-05-23 12:08:27.755493,104,73,78,61137,F001
EVT00313,BMW112,2026-06-23 01:08:27.755532,153,67,60,19298,F001
EVT00314,BMW055,2026-07-10 23:08:27.755544,31,72,52,117525,F005
EVT00315,BMW133,2026-04-10 13:08:27.755554,136,79,82,178752,F004
EVT00316,BMW072,2026-08-13 02:08:27.755563,37,92,88,77873,F005
EVT00317,BMW030,2026-06-28 00:08:27.755572,44,63,66,87277,
EVT00318,BMW166,2026-04-04 22:08:27.755582,3,88,100,13167,
EVT00319,BMW032,2026-07-13 00:08:27.755591,43,28,100,101723,F001
EVT00320,BMW024,2026-06-23 07:08:27.755601,148,100,54,46872,F003
EVT00321,BMW186,2026-09-08 03:08:27.755611,107,14,84,228690,F003
EVT00322,BMW054,2026-09-17 08:08:27.755620,0,32,98,201658,F003
EVT00323,BMW072,2026-04-04 22:08:27.755630,149,13,103,186079,F003
EVT00324,BMW020,2026-03-08 00:08:27.755639,4,85,85,149010,F003
EVT00325,BMW067,2026-02-24 19:08:27.755648,27,37,81,150224,F001
EVT00326,BMW010,2026-05-03 15:08:27.755657,149,65,77,38156,
EVT00327,BMW189,2026-04-01 17:08:27.755667,143,60,64,193465,F005
EVT00328,BMW074,2026-03-17 10:08:27.755677,87,44,68,214903,F005
EVT00329,BMW036,2026-05-29 20:08:27.755687,126,35,80,29451,F001
EVT00330,BMW071,2026-06-11 20:08:27.755697,121,97,54,103230,F002
EVT00331,BMW097,2026-08-01 16:08:27.755707,53,95,64,158013,F003
EVT00332,BMW186,2026-03-19 01:08:27.755717,140,65,107,177043,
EVT00333,BMW101,2026-03-14 10:08:27.755727,149,52,81,189436,F003
EVT00334,BMW132,2026-07-27 01:08:27.755737,143,59,78,105327,F005
EVT00335,BMW056,2026-03-01 12:08:27.755747,19,38,77,102010,F005
EVT00336,BMW177,2026-05-06 19:08:27.755758,141,24,99,195921,F005
EVT00337,BMW115,2026-04-24 05:08:27.755768,117,42,66,77823,F005
EVT00338,BMW146,2026-03-12 06:08:27.755778,139,16,74,244907,
EVT00339,BMW187,2026-04-10 02:08:27.755788,20,83,90,108510,F004
EVT00340,BMW080,2026-06-04 05:08:27.755799,152,18,51,86993,F001
EVT00341,BMW132,2026-08-09 00:08:27.755809,153,58,72,204340,F005
EVT00342,BMW048,2026-03-08 23:08:27.755819,168,47,85,193768,F001
EVT00343,BMW130,2026-07-12 18:08:27.755829,2,79,82,227476,F005
EVT00344,BMW142,2026-08-01 23:08:27.755838,82,13,59,146187,F001
EVT00345,BMW152,2026-05-05 08:08:27.755848,41,93,102,20740,F002
EVT00346,BMW057,2026-03-22 01:08:27.755858,175,37,76,11002,F005
EVT00347,BMW083,2026-03-19 13:08:27.759976,53,66,75,206700,F004
EVT00348,BMW006,2026-06-27 14:08:27.759991,33,16,76,167527,F005
EVT00349,BMW189,2026-06-29 11:08:27.759998,87,40,54,186531,F003
EVT00350,BMW128,2026-08-15 21:08:27.760004,79,94,56,67704,
EVT00351,BMW185,2026-04-13 09:08:27.760010,21,44,101,32372,F005
EVT00352,BMW026,2026-05-09 18:08:27.760016,34,84,108,198470,F004
EVT00353,BMW117,2026-04-16 23:08:27.760022,12,69,100,81796,F002
EVT00354,BMW041,2026-07-22 00:08:27.760028,57,23,65,56778,F001
EVT00355,BMW081,2026-08-21 12:08:27.760034,58,88,110,184712,F004
EVT00356,BMW028,2026-05-28 14:08:27.760040,84,26,71,32325,F004
EVT00357,BMW084,2026-07-11 09:08:27.760046,79,55,92,205206,F002
EVT00358,BMW174,2026-03-21 07:08:27.760051,98,15,82,242902,F001
EVT00359,BMW123,2026-06-10 10:08:27.760056,114,52,99,64926,
EVT00360,BMW040,2026-07-10 08:08:27.760062,94,59,69,201550,F002
EVT00361,BMW117,2026-06-27 13:08:27.760068,110,62,105,122230,F005
EVT00362,BMW156,2026-02-27 13:08:27.760073,69,16,98,236386,F001
EVT00363,BMW176,2026-07-24 00:08:27.760114,16,62,97,229795,
EVT00364,BMW139,2026-08-13 12:08:27.760120,162,34,81,108295,F001
EVT00365,BMW187,2026-02-26 06:08:27.760126,110,50,109,124943,
EVT00366,BMW086,2026-09-16 06:08:27.760131,94,80,84,191136,F003
EVT00367,BMW037,2026-03-12 05:08:27.760137,151,62,95,19228,F002
EVT00368,BMW030,2026-07-24 23:08:27.760143,10,44,67,240722,F001
EVT00369,BMW174,2026-03-18 16:08:27.760149,114,32,105,45659,F004
EVT00370,BMW015,2026-06-20 15:08:27.760155,161,61,104,37655,F003
EVT00371,BMW016,2026-07-07 20:08:27.760160,40,37,96,202842,F005
EVT00372,BMW178,2026-02-26 14:08:27.760166,140,48,103,81070,F005
EVT00373,BMW003,2026-04-24 15:08:27.760171,106,96,94,25169,F003
EVT00374,BMW200,2026-04-02 06:08:27.760177,170,91,70,119680,F003
EVT00375,BMW054,2026-06-03 15:08:27.760182,173,61,73,183218,
EVT00376,BMW076,2026-04-29 02:08:27.760187,72,20,59,213513,F001
EVT00377,BMW165,2026-07-24 09:08:27.760193,68,36,59,56759,F005
EVT00378,BMW026,2026-09-03 07:08:27.760198,8,84,77,219690,
EVT00379,BMW111,2026-08-26 12:08:27.760204,85,36,64,215304,
EVT00380,BMW065,2026-05-07 23:08:27.760209,11,80,79,229265,F001
EVT00381,BMW031,2026-08-11 22:08:27.760215,91,85,61,203184,
EVT00382,BMW085,2026-08-19 06:08:27.760220,168,13,69,173643,F003
EVT00383,BMW133,2026-06-11 02:08:27.760226,8,23,92,245927,F005
EVT00384,BMW197,2026-05-15 10:08:27.760231,84,15,66,205682,F001
EVT00385,BMW152,2026-09-07 09:08:27.760253,88,42,99,249055,F003
EVT00386,BMW076,2026-04-26 23:08:27.760259,120,37,59,104794,F004
EVT00387,BMW156,2026-08-16 18:08:27.760265,118,42,64,86775,F004
EVT00388,BMW014,2026-06-10 13:08:27.760270,30,64,90,72862,F001
EVT00389,BMW064,2026-03-27 13:08:27.760276,156,38,68,154009,F004
EVT00390,BMW180,2026-06-11 11:08:27.760282,156,42,52,150850,F001
EVT00391,BMW145,2026-07-20 19:08:27.760287,102,39,92,210741,F004
EVT00392,BMW053,2026-05-16 09:08:27.760292,115,15,58,206157,F001
EVT00393,BMW029,2026-05-13 04:08:27.760297,18,15,86,141271,F004
EVT00394,BMW025,2026-04-14 02:08:27.760302,160,45,70,196967,F002
EVT00395,BMW134,2026-05-09 21:08:27.760308,150,67,59,122593,F003
EVT00396,BMW038,2026-08-21 04:08:27.760313,23,57,74,147618,F004
EVT00397,BMW148,2026-06-06 08:08:27.760318,16,42,60,167830,
EVT00398,BMW048,2026-08-14 00:08:27.760324,40,23,58,202669,F003
EVT00399,BMW156,2026-04-21 23:08:27.760329,135,39,73,215735,F004
EVT00400,BMW034,2026-06-15 05:08:27.760335,165,11,104,197434,
EVT00401,BMW113,2026-07-27 20:08:27.760340,2,23,69,177245,F004
EVT00402,BMW067,2026-02-23 19:08:27.760346,84,62,77,76511,
EVT00403,BMW095,2026-07-22 14:08:27.760352,43,96,67,93059,F005
EVT00404,BMW157,2026-02-21 11:08:27.760357,69,42,88,39719,F002
EVT00405,BMW071,2026-05-16 19:08:27.760363,103,68,101,183556,F001
EVT00406,BMW008,2026-07-23 10:08:27.760368,26,78,90,83086,F003
EVT00407,BMW114,2026-06-14 13:08:27.760374,118,88,82,245399,F002
EVT00408,BMW015,2026-05-02 12:08:27.760380,48,58,105,155057,
EVT00409,BMW150,2026-07-17 22:08:27.760385,57,55,104,66145,F003
EVT00410,BMW077,2026-05-22 23:08:27.760391,127,45,100,37678,F004
EVT00411,BMW013,2026-06-02 06:08:27.760397,161,76,91,90374,F003
EVT00412,BMW128,2026-06-14 00:08:27.760403,126,14,106,142762,
EVT00413,BMW029,2026-02-21 18:08:27.760408,119,94,51,25291,F002
EVT00414,BMW197,2026-03-26 22:08:27.760414,0,11,65,181140,F004
EVT00415,BMW012,2026-07-16 13:08:27.760420,143,68,82,120009,F001
EVT00416,BMW105,2026-07-28 15:08:27.760425,122,29,84,82046,F005
EVT00417,BMW124,2026-03-27 03:08:27.760431,75,44,74,26263,F005
EVT00418,BMW074,2026-06-15 05:08:27.760436,176,84,105,106104,F004
EVT00419,BMW194,2026-05-17 21:08:27.760442,129,20,53,153162,F002
EVT00420,BMW149,2026-05-11 01:08:27.760447,178,54,63,149645,F001
EVT00421,BMW065,2026-04-10 22:08:27.760453,49,12,99,233921,F004
EVT00422,BMW016,2026-07-22 14:08:27.760458,145,15,67,238436,F001
EVT00423,BMW104,2026-07-19 15:08:27.760464,4,90,99,198049,F005
EVT00424,BMW110,2026-08-24 22:08:27.760470,133,100,93,121585,F005
EVT00425,BMW095,2026-06-25 18:08:27.760476,8,23,53,148497,
EVT00426,BMW179,2026-08-19 03:08:27.760481,18,37,69,66610,F003
EVT00427,BMW102,2026-04-02 17:08:27.760487,30,52,77,248694,F004
EVT00428,BMW048,2026-03-25 10:08:27.760493,159,55,82,58180,
EVT00429,BMW008,2026-06-17 06:08:27.760527,4,85,108,19040,
EVT00430,BMW098,2026-03-16 01:08:27.760538,92,86,52,192982,F002
EVT00431,BMW195,2026-06-11 10:08:27.760547,61,77,59,18900,F004
EVT00432,BMW099,2026-08-10 13:08:27.760556,89,40,104,70350,F002
EVT00433,BMW031,2026-06-11 12:08:27.760564,19,95,55,249981,F004
EVT00434,BMW101,2026-03-17 22:08:27.760574,58,92,77,44384,F002
EVT00435,BMW121,2026-06-18 13:08:27.760583,86,35,55,184354,F001
EVT00436,BMW165,2026-08-06 21:08:27.760592,75,84,89,105869,
EVT00437,BMW081,2026-03-26 10:08:27.760601,134,60,68,61654,F001
EVT00438,BMW012,2026-05-28 08:08:27.760610,157,14,57,75760,F005
EVT00439,BMW047,2026-05-01 21:08:27.760620,154,60,69,75185,F004
EVT00440,BMW120,2026-06-22 13:08:27.760628,171,65,75,141752,F002
EVT00441,BMW081,2026-07-03 09:08:27.760637,17,47,60,87787,F002
EVT00442,BMW148,2026-05-30 11:08:27.760646,14,47,91,128323,
EVT00443,BMW049,2026-09-16 17:08:27.760655,127,19,77,248985,
EVT00444,BMW180,2026-05-25 01:08:27.760664,141,68,67,101245,
EVT00445,BMW021,2026-07-25 01:08:27.760672,56,16,84,186110,F004
EVT00446,BMW003,2026-04-04 01:08:27.760681,106,52,80,220098,F003
EVT00447,BMW072,2026-03-02 06:08:27.760690,13,19,76,65048,F003
EVT00448,BMW088,2026-02-23 19:08:27.760699,18,91,94,57275,F002
EVT00449,BMW049,2026-06-12 20:08:27.760709,74,83,80,210167,
EVT00450,BMW189,2026-04-23 01:08:27.760717,151,27,92,23440,F002
EVT00451,BMW170,2026-05-08 02:08:27.760726,79,50,63,175210,F002
EVT00452,BMW036,2026-04-01 16:08:27.760735,12,20,69,165081,
EVT00453,BMW020,2026-07-17 08:08:27.760744,44,53,107,120210,F001
EVT00454,BMW181,2026-08-19 23:08:27.760753,91,86,51,94469,F003
EVT00455,BMW088,2026-09-10 14:08:27.760762,66,87,62,90209,F005
EVT00456,BMW051,2026-07-05 03:08:27.760771,120,95,90,87856,F001
EVT00457,BMW045,2026-09-10 09:08:27.760780,42,62,53,194403,F002
EVT00458,BMW083,2026-04-25 12:08:27.760789,157,49,83,47159,
EVT00459,BMW079,2026-08-23 10:08:27.760798,179,78,68,29994,F005
EVT00460,BMW052,2026-04-17 23:08:27.760807,0,61,92,105484,F003
EVT00461,BMW177,2026-02-21 19:08:27.760816,152,39,99,14416,
EVT00462,BMW037,2026-05-15 17:08:27.760825,3,75,84,246068,F004
EVT00463,BMW001,2026-05-30 02:08:27.760834,158,90,75,215962,
EVT00464,BMW195,2026-09-02 20:08:27.760843,89,37,94,151759,F003
EVT00465,BMW031,2026-08-30 00:08:27.760852,24,96,95,131287,F004
EVT00466,BMW023,2026-04-29 09:08:27.760861,22,21,107,55028,F002
EVT00467,BMW094,2026-05-25 08:08:27.760870,99,66,103,226041,F001
EVT00468,BMW028,2026-04-01 17:08:27.760879,40,45,85,190393,F005
EVT00469,BMW172,2026-06-20 12:08:27.760888,150,39,73,185170,F001
EVT00470,BMW126,2026-03-09 07:08:27.760897,6,75,89,72631,
EVT00471,BMW113,2026-03-04 00:08:27.760908,142,48,71,46241,F005
EVT00472,BMW141,2026-05-20 04:08:27.760917,77,15,92,25110,
EVT00473,BMW080,2026-08-21 03:08:27.760926,32,15,104,170489,F002
EVT00474,BMW194,2026-03-03 22:08:27.760935,97,41,74,106965,
EVT00475,BMW135,2026-08-23 08:08:27.760944,145,10,84,108394,F003
EVT00476,BMW134,2026-03-25 23:08:27.760952,46,17,82,206315,F001
EVT00477,BMW039,2026-09-01 07:08:27.760962,5,53,75,37613,F005
EVT00478,BMW048,2026-09-02 17:08:27.760971,152,47,71,208838,
EVT00479,BMW046,2026-08-27 13:08:27.760979,18,93,106,199179,F005
EVT00480,BMW139,2026-06-07 12:08:27.760988,47,69,88,128986,F005
EVT00481,BMW133,2026-04-01 21:08:27.760996,126,80,87,199584,F004
EVT00482,BMW007,2026-05-24 17:08:27.761006,148,62,65,163279,F005
EVT00483,BMW090,2026-06-15 07:08:27.761015,42,12,65,117677,F002
EVT00484,BMW061,2026-08-18 11:08:27.761024,123,66,62,61225,F005
EVT00485,BMW058,2026-06-26 18:08:27.761033,174,84,79,81278,F003
EVT00486,BMW128,2026-07-21 13:08:27.761042,32,13,58,12502,F001
EVT00487,BMW032,2026-06-06 03:08:27.761051,80,84,100,42716,F005
EVT00488,BMW065,2026-05-12 13:08:27.761060,107,91,52,45473,F002
EVT00489,BMW128,2026-06-26 09:08:27.761069,39,40,64,55988,F003
EVT00490,BMW008,2026-05-23 20:08:27.761079,25,81,77,216483,F001
EVT00491,BMW183,2026-08-24 09:08:27.761088,180,60,107,27702,F004
EVT00492,BMW159,2026-08-06 08:08:27.761097,35,17,86,50776,F005
EVT00493,BMW068,2026-05-27 23:08:27.761106,87,59,92,142932,
EVT00494,BMW096,2026-07-10 21:08:27.761115,22,70,88,214815,F004
EVT00495,BMW074,2026-08-29 22:08:27.761124,16,19,99,184917,F003
EVT00496,BMW094,2026-06-19 18:08:27.761230,68,15,82,148885,
EVT00497,BMW192,2026-04-22 06:08:27.761243,61,79,99,54071,F002
EVT00498,BMW147,2026-07-19 18:08:27.761253,115,21,100,31312,F005
EVT00499,BMW133,2026-05-29 00:08:27.761262,28,10,67,98807,F004
EVT00500,BMW180,2026-05-31 10:08:27.761272,17,29,80,162024,F005
EVT00501,BMW099,2026-02-28 15:08:27.761281,126,38,66,156072,
EVT00502,BMW046,2026-08-21 23:08:27.761291,56,78,64,64750,F002
EVT00503,BMW191,2026-03-16 15:08:27.761300,136,34,77,63989,F001
EVT00504,BMW166,2026-04-01 16:08:27.761310,107,52,93,62605,F001
EVT00505,BMW003,2026-03-28 07:08:27.761319,4,93,89,169863,F001
EVT00506,BMW042,2026-04-21 01:08:27.761328,114,86,94,185969,F002
EVT00507,BMW090,2026-05-27 13:08:27.761337,16,32,67,164239,F001
EVT00508,BMW127,2026-06-01 20:08:27.761346,129,70,71,63571,F005
EVT00509,BMW151,2026-06-12 17:08:27.761355,118,73,109,240747,F005
EVT00510,BMW165,2026-06-10 23:08:27.761365,143,54,108,21946,F002
EVT00511,BMW162,2026-05-16 07:08:27.761374,80,47,103,235020,
EVT00512,BMW072,2026-06-26 01:08:27.761384,154,55,110,179820,
EVT00513,BMW040,2026-06-29 18:08:27.761393,150,17,78,68294,F004
EVT00514,BMW018,2026-06-10 06:08:27.761402,127,71,66,197611,F004
EVT00515,BMW180,2026-08-31 03:08:27.761412,75,69,86,100598,F002
EVT00516,BMW078,2026-06-06 00:08:27.761421,158,23,71,180340,F003
EVT00517,BMW039,2026-07-23 16:08:27.761430,86,99,71,19297,F005
EVT00518,BMW005,2026-07-04 11:08:27.761439,17,31,66,203823,F005
EVT00519,BMW110,2026-06-02 05:08:27.761449,180,32,58,121723,F005
EVT00520,BMW179,2026-09-15 13:08:27.761458,125,28,70,102397,F004
EVT00521,BMW127,2026-08-11 21:08:27.761467,121,27,80,33765,F005
EVT00522,BMW197,2026-03-30 22:08:27.761479,86,94,59,148462,F004
EVT00523,BMW064,2026-03-27 07:08:27.761489,28,83,93,120902,F002
EVT00524,BMW139,2026-06-19 14:08:27.761534,5,33,98,85736,
EVT00525,BMW181,2026-05-05 09:08:27.761545,119,82,69,141533,F002
EVT00526,BMW188,2026-07-12 10:08:27.761554,137,62,79,231040,F003
EVT00527,BMW122,2026-08-12 01:08:27.761563,69,100,82,167696,F004
EVT00528,BMW063,2026-03-26 05:08:27.761572,6,66,105,17809,F004
EVT00529,BMW147,2026-07-03 10:08:27.761581,161,94,83,64272,F005
EVT00530,BMW065,2026-03-23 16:08:27.761591,78,27,51,17623,F003
EVT00531,BMW109,2026-04-11 19:08:27.761600,64,26,73,223535,F003
EVT00532,BMW056,2026-07-16 20:08:27.761610,75,82,81,224207,F002
EVT00533,BMW027,2026-05-04 18:08:27.761620,167,84,85,24709,
EVT00534,BMW030,2026-06-08 03:08:27.761630,154,63,56,197182,F002
EVT00535,BMW010,2026-06-23 21:08:27.761638,98,96,74,36982,F001
EVT00536,BMW043,2026-06-05 12:08:27.761648,18,50,67,241589,
EVT00537,BMW079,2026-06-17 14:08:27.761656,42,11,86,171525,F003
EVT00538,BMW122,2026-06-28 04:08:27.761666,84,64,99,55430,
EVT00539,BMW006,2026-04-17 03:08:27.761675,18,74,71,124186,F005
EVT00540,BMW008,2026-03-03 20:08:27.761683,157,92,59,104702,F005
EVT00541,BMW102,2026-03-14 05:08:27.761692,92,22,93,41079,F003
EVT00542,BMW037,2026-06-19 23:08:27.761701,98,12,93,43949,
EVT00543,BMW109,2026-04-09 07:08:27.761711,55,65,108,173564,F001
EVT00544,BMW177,2026-07-18 02:08:27.761721,44,90,67,46900,F002
EVT00545,BMW129,2026-07-28 18:08:27.761731,15,54,107,70375,F001
EVT00546,BMW097,2026-04-29 08:08:27.761740,101,62,85,120732,F003
EVT00547,BMW069,2026-05-04 09:08:27.761749,60,84,57,219469,F003
EVT00548,BMW130,2026-06-13 14:08:27.761759,146,91,72,27405,
EVT00549,BMW007,2026-09-10 20:08:27.761768,37,37,100,194758,F003
EVT00550,BMW189,2026-09-16 22:08:27.761777,130,60,103,108494,F002
EVT00551,BMW199,2026-06-02 12:08:27.761786,6,24,106,145427,F003
EVT00552,BMW123,2026-06-21 12:08:27.761795,123,86,85,10299,
EVT00553,BMW047,2026-03-13 14:08:27.761804,126,27,81,62270,F005
EVT00554,BMW193,2026-04-22 09:08:27.761814,118,22,86,165891,F002
EVT00555,BMW199,2026-04-02 02:08:27.761823,169,45,55,110627,F002
EVT00556,BMW120,2026-07-30 23:08:27.761832,89,12,88,134756,F004
EVT00557,BMW038,2026-05-06 04:08:27.761842,98,42,89,119991,F003
EVT00558,BMW170,2026-05-16 04:08:27.761996,7,48,103,107354,F002
EVT00559,BMW145,2026-06-14 06:08:27.762010,158,53,93,30519,F001
EVT00560,BMW134,2026-04-17 04:08:27.762019,5,33,69,198118,
EVT00561,BMW135,2026-03-29 11:08:27.762028,170,43,71,45204,F005
EVT00562,BMW198,2026-06-18 03:08:27.762037,143,45,59,207398,F005
EVT00563,BMW125,2026-05-13 01:08:27.762046,171,32,66,171194,F002
EVT00564,BMW029,2026-03-09 07:08:27.762055,149,92,105,95563,
EVT00565,BMW190,2026-08-24 02:08:27.762065,170,77,55,76316,F005
EVT00566,BMW101,2026-03-21 08:08:27.762074,104,21,101,138708,F004
EVT00567,BMW028,2026-08-19 18:08:27.762084,25,26,66,42857,F004
EVT00568,BMW101,2026-04-05 20:08:27.762094,12,97,56,223184,F003
EVT00569,BMW149,2026-06-27 08:08:27.762103,151,81,104,112570,
EVT00570,BMW015,2026-06-12 03:08:27.762112,55,70,62,58135,F003
EVT00571,BMW039,2026-03-23 04:08:27.762121,44,83,110,75284,F004
EVT00572,BMW024,2026-05-27 13:08:27.762130,143,99,54,57226,
EVT00573,BMW096,2026-04-29 05:08:27.762139,18,24,80,151850,F004
EVT00574,BMW014,2026-06-24 12:08:27.762149,126,37,77,41685,
EVT00575,BMW179,2026-06-28 21:08:27.762158,176,54,97,101454,F004
EVT00576,BMW178,2026-05-28 12:08:27.762167,62,86,67,187848,F002
EVT00577,BMW135,2026-05-28 10:08:27.762176,54,22,53,179400,F005
EVT00578,BMW169,2026-03-09 05:08:27.762185,27,54,75,166917,F004
EVT00579,BMW111,2026-08-03 07:08:27.762194,71,28,85,142528,F003
EVT00580,BMW180,2026-04-20 07:08:27.762203,149,76,87,156824,F002
EVT00581,BMW165,2026-07-08 20:08:27.762212,12,67,59,145629,
EVT00582,BMW180,2026-06-06 02:08:27.762222,149,53,66,108660,F005
EVT00583,BMW037,2026-07-26 07:08:27.762232,48,36,88,152552,F004
EVT00584,BMW130,2026-07-19 11:08:27.762241,118,83,99,40210,F001
EVT00585,BMW090,2026-03-17 15:08:27.762250,100,97,90,93766,F002
EVT00586,BMW053,2026-08-19 22:08:27.762259,12,51,100,25427,
EVT00587,BMW014,2026-08-11 04:08:27.762268,43,57,50,26907,F004
EVT00588,BMW162,2026-05-06 03:08:27.762277,33,99,51,151114,F001
EVT00589,BMW092,2026-07-20 03:08:27.762286,54,34,85,184666,F003
EVT00590,BMW026,2026-07-20 22:08:27.762295,124,76,110,111011,F001
EVT00591,BMW171,2026-08-19 10:08:27.762304,131,67,83,134332,F002
EVT00592,BMW115,2026-05-23 10:08:27.762314,170,42,103,100451,F004
EVT00593,BMW033,2026-09-09 06:08:27.762322,9,25,89,98190,F002
EVT00594,BMW073,2026-07-08 14:08:27.762332,165,49,54,199751,
EVT00595,BMW069,2026-05-11 05:08:27.762342,110,94,70,53684,
EVT00596,BMW016,2026-08-08 17:08:27.762351,128,66,93,245859,F002
EVT00597,BMW111,2026-09-08 17:08:27.762361,21,18,80,13183,
EVT00598,BMW010,2026-03-25 18:08:27.762369,106,10,107,141115,F004
EVT00599,BMW038,2026-08-16 03:08:27.762379,130,89,73,15808,F001
EVT00600,BMW163,2026-03-11 15:08:27.762388,83,54,69,64240,F002
EVT00601,BMW070,2026-04-24 03:08:27.762398,67,50,86,11814,F001
EVT00602,BMW048,2026-08-28 22:08:27.762408,151,99,58,52921,
EVT00603,BMW194,2026-04-06 00:08:27.762418,165,18,74,141461,F002
EVT00604,BMW118,2026-06-28 03:08:27.762428,116,85,55,211089,F001
EVT00605,BMW152,2026-02-23 14:08:27.762437,77,51,66,27651,F001
EVT00606,BMW127,2026-03-18 14:08:27.762446,159,99,68,246925,F003
EVT00607,BMW179,2026-08-15 05:08:27.762456,53,92,75,99753,F004
EVT00608,BMW015,2026-05-31 20:08:27.762465,105,28,102,138965,
EVT00609,BMW142,2026-06-26 00:08:27.762474,56,96,100,164234,
EVT00610,BMW171,2026-03-27 02:08:27.762484,31,96,81,163752,F004
EVT00611,BMW155,2026-08-20 01:08:27.762493,82,48,62,88967,F005
EVT00612,BMW162,2026-08-12 10:08:27.762534,81,27,77,130429,F004
EVT00613,BMW107,2026-08-25 01:08:27.762543,165,58,109,115270,F004
EVT00614,BMW024,2026-06-27 19:08:27.762553,17,32,55,162532,F004
EVT00615,BMW150,2026-08-19 02:08:27.762562,107,50,83,62897,F005
EVT00616,BMW009,2026-08-29 09:08:27.762572,18,66,85,32400,F004
EVT00617,BMW087,2026-07-04 02:08:27.762581,47,53,102,151913,F002
EVT00618,BMW099,2026-08-12 08:08:27.762592,22,72,52,176743,F001
EVT00619,BMW179,2026-05-07 06:08:27.762602,179,51,53,130228,F003
EVT00620,BMW099,2026-08-05 07:08:27.762611,58,96,58,36698,F005
EVT00621,BMW129,2026-03-20 12:08:27.762620,77,78,58,32614,F004
EVT00622,BMW072,2026-05-27 13:08:27.762630,52,75,57,208046,F001
EVT00623,BMW045,2026-09-11 14:08:27.762639,16,52,70,159202,F001
EVT00624,BMW113,2026-06-19 18:08:27.762649,123,95,72,216283,F002
EVT00625,BMW136,2026-03-11 20:08:27.762658,96,10,106,233634,F002
EVT00626,BMW193,2026-06-15 09:08:27.762667,30,80,71,208863,F002
EVT00627,BMW015,2026-04-15 21:08:27.762677,88,12,72,55282,F005
EVT00628,BMW123,2026-05-26 22:08:27.762687,141,52,58,90512,F002
EVT00629,BMW032,2026-09-08 21:08:27.762696,55,54,74,227524,F004
EVT00630,BMW116,2026-05-24 19:08:27.762706,179,27,108,53538,F001
EVT00631,BMW170,2026-06-21 06:08:27.762716,8,81,108,70586,F003
EVT00632,BMW173,2026-04-22 04:08:27.762725,136,97,82,126262,F001
EVT00633,BMW041,2026-08-04 11:08:27.762734,163,41,91,66511,
EVT00634,BMW026,2026-04-26 21:08:27.762744,165,11,60,118680,F004
EVT00635,BMW178,2026-04-11 19:08:27.762754,147,97,51,178871,F001
EVT00636,BMW040,2026-06-15 16:08:27.762764,12,55,60,73559,F004
EVT00637,BMW040,2026-07-22 15:08:27.762775,34,58,71,33424,F002
EVT00638,BMW043,2026-07-01 00:08:27.762785,46,100,97,102154,F002
EVT00639,BMW069,2026-02-26 13:08:27.762795,142,49,106,61842,F001
EVT00640,BMW044,2026-05-25 12:08:27.762805,111,23,69,227393,F005
EVT00641,BMW160,2026-06-21 11:08:27.762814,98,93,75,97988,
EVT00642,BMW159,2026-04-01 13:08:27.762824,71,14,106,122812,F005
EVT00643,BMW078,2026-07-09 01:08:27.762834,172,57,87,66611,
EVT00644,BMW079,2026-04-22 13:08:27.762843,56,59,99,131034,F003
EVT00645,BMW014,2026-04-25 06:08:27.762853,175,49,82,39146,F002
EVT00646,BMW144,2026-03-30 21:08:27.762862,120,61,61,163286,F004
EVT00647,BMW013,2026-04-29 19:08:27.762871,163,13,69,213837,F001
EVT00648,BMW133,2026-04-01 05:08:27.762880,81,13,86,77876,F004
EVT00649,BMW073,2026-03-16 12:08:27.762890,176,88,66,59079,F002
EVT00650,BMW158,2026-05-11 18:08:27.762900,69,54,55,62441,F003
EVT00651,BMW148,2026-05-02 04:08:27.762909,99,87,103,93092,F003
EVT00652,BMW056,2026-07-04 13:08:27.762919,12,44,58,48290,F004
EVT00653,BMW184,2026-07-19 10:08:27.762929,86,44,85,74077,F003
EVT00654,BMW073,2026-03-08 19:08:27.762938,44,81,85,160245,
EVT00655,BMW114,2026-05-10 23:08:27.762948,84,25,105,156271,F003
EVT00656,BMW090,2026-04-16 23:08:27.762959,3,64,77,163239,
EVT00657,BMW004,2026-07-15 10:08:27.762968,68,30,102,15061,F005
EVT00658,BMW056,2026-07-27 04:08:27.762978,12,58,73,54573,F005
EVT00659,BMW121,2026-08-17 11:08:27.762988,137,82,99,69829,
EVT00660,BMW013,2026-09-08 12:08:27.762997,153,71,79,114625,F004
EVT00661,BMW060,2026-06-24 20:08:27.763006,88,85,91,238296,
EVT00662,BMW174,2026-04-07 17:08:27.763016,125,44,74,82341,
EVT00663,BMW040,2026-09-12 19:08:27.763026,116,58,60,165988,F004
EVT00664,BMW039,2026-04-18 19:08:27.763036,173,75,57,92489,F003
EVT00665,BMW044,2026-05-28 08:08:27.763045,38,29,96,75532,F002
EVT00666,BMW033,2026-06-04 00:08:27.763054,69,64,58,67478,F001
EVT00667,BMW082,2026-09-02 09:08:27.763065,170,89,54,113731,F002
EVT00668,BMW103,2026-07-21 15:08:27.763074,13,30,81,219151,F003
EVT00669,BMW107,2026-04-30 21:08:27.763084,2,39,56,108111,F003
EVT00670,BMW172,2026-04-03 12:08:27.763093,72,61,87,184204,
EVT00671,BMW152,2026-09-16 23:08:27.763103,63,73,102,109616,F004
EVT00672,BMW103,2026-06-25 21:08:27.763112,18,28,59,51122,F005
EVT00673,BMW098,2026-07-28 01:08:27.763121,173,90,76,51705,
EVT00674,BMW038,2026-09-03 02:08:27.763133,32,15,100,240139,
EVT00675,BMW047,2026-08-20 01:08:27.763142,23,13,67,215979,F003
EVT00676,BMW016,2026-07-14 14:08:27.763151,18,88,75,93308,F002
EVT00677,BMW018,2026-05-09 15:08:27.763161,14,22,62,236724,F003
EVT00678,BMW031,2026-07-23 05:08:27.763170,108,44,63,167643,F004
EVT00679,BMW199,2026-08-28 16:08:27.763180,25,85,107,106264,
EVT00680,BMW128,2026-04-25 13:08:27.763191,36,15,92,142035,F005
EVT00681,BMW151,2026-08-10 23:08:27.763201,118,29,67,234716,F001
EVT00682,BMW166,2026-05-20 10:08:27.763210,19,12,74,90539,F004
EVT00683,BMW150,2026-07-21 18:08:27.763220,11,63,74,91763,F002
EVT00684,BMW175,2026-08-03 20:08:27.763229,118,80,52,169835,F002
EVT00685,BMW055,2026-06-11 13:08:27.763239,170,51,79,98200,F001
EVT00686,BMW200,2026-05-16 20:08:27.763249,127,11,99,29306,
EVT00687,BMW076,2026-04-03 16:08:27.763259,8,95,73,225864,F003
EVT00688,BMW072,2026-09-16 00:08:27.763269,158,53,52,73211,F002
EVT00689,BMW034,2026-05-03 16:08:27.763309,140,13,87,158743,F002
EVT00690,BMW177,2026-04-10 16:08:27.763319,174,50,71,77994,F004
EVT00691,BMW155,2026-08-16 13:08:27.763329,123,45,108,221662,F001
EVT00692,BMW153,2026-03-19 01:08:27.763338,67,79,61,73891,F005
EVT00693,BMW174,2026-03-25 02:08:27.763348,8,30,97,216691,
EVT00694,BMW076,2026-03-04 12:08:27.763357,18,63,73,141027,F003
EVT00695,BMW012,2026-09-17 03:08:27.763367,62,89,67,180973,F002
EVT00696,BMW057,2026-05-03 23:08:27.763377,44,75,80,121278,
EVT00697,BMW152,2026-04-14 07:08:27.763386,160,83,70,16693,F005
EVT00698,BMW040,2026-08-11 07:08:27.763396,63,71,59,212121,F003
EVT00699,BMW065,2026-07-20 00:08:27.763405,97,23,110,184750,F001
EVT00700,BMW127,2026-09-13 09:08:27.763415,40,19,92,32925,F003
EVT00701,BMW016,2026-07-22 05:08:27.763424,61,85,97,200626,F001
EVT00702,BMW181,2026-06-25 00:08:27.763434,120,69,80,201142,F002
EVT00703,BMW112,2026-08-08 00:08:27.763444,122,100,55,146187,F005
EVT00704,BMW190,2026-04-17 11:08:27.763453,56,14,87,61978,F005
EVT00705,BMW088,2026-04-03 03:08:27.763463,143,39,108,167377,F003
EVT00706,BMW031,2026-07-26 14:08:27.763474,23,66,102,218163,F001
EVT00707,BMW194,2026-03-28 04:08:27.763485,120,91,67,54537,F002
EVT00708,BMW185,2026-08-15 04:08:27.763494,69,35,90,44974,
EVT00709,BMW165,2026-04-20 04:08:27.763542,3,76,69,167806,F002
EVT00710,BMW194,2026-07-21 18:08:27.763553,35,59,59,57681,F003
EVT00711,BMW116,2026-06-25 11:08:27.763563,137,81,65,23096,F004
EVT00712,BMW006,2026-03-09 01:08:27.763573,128,33,58,76909,F003
EVT00713,BMW148,2026-05-24 10:08:27.763582,106,69,74,165192,F001
EVT00714,BMW109,2026-08-17 14:08:27.763592,13,11,106,22368,F001
EVT00715,BMW147,2026-07-10 15:08:27.763602,78,91,55,51865,F001
EVT00716,BMW165,2026-07-08 11:08:27.763611,29,61,76,75252,F003
EVT00717,BMW034,2026-05-15 00:08:27.763621,8,71,56,227124,F005
EVT00718,BMW048,2026-07-22 10:08:27.763631,170,66,67,154428,F001
EVT00719,BMW004,2026-05-11 13:08:27.763640,96,47,95,27523,F005
EVT00720,BMW032,2026-05-01 02:08:27.763650,104,92,96,115590,F002
EVT00721,BMW146,2026-04-26 13:08:27.763660,74,44,97,214987,F002
EVT00722,BMW027,2026-04-30 14:08:27.763669,97,68,61,33059,F005
EVT00723,BMW128,2026-04-06 12:08:27.763678,171,86,88,49589,F001
EVT00724,BMW045,2026-06-28 14:08:27.763688,115,69,97,145055,F003
EVT00725,BMW110,2026-09-04 02:08:27.763697,180,19,78,245533,F003
EVT00726,BMW159,2026-02-23 19:08:27.763707,125,86,50,122378,
EVT00727,BMW075,2026-05-18 21:08:27.763717,10,60,55,225019,
EVT00728,BMW028,2026-04-28 06:08:27.763726,119,76,87,87375,F001
EVT00729,BMW070,2026-02-22 20:08:27.763736,3,56,101,41224,F005
EVT00730,BMW011,2026-08-26 16:08:27.763746,78,44,50,174436,F001
EVT00731,BMW001,2026-08-30 23:08:27.763755,129,15,93,78015,F003
EVT00732,BMW039,2026-04-04 11:08:27.763765,107,58,73,85712,F005
EVT00733,BMW123,2026-07-26 19:08:27.763775,148,77,70,207506,F003
EVT00734,BMW027,2026-07-14 22:08:27.763784,100,41,93,131725,F003
EVT00735,BMW130,2026-07-30 06:08:27.763793,133,82,106,115555,F004
EVT00736,BMW186,2026-03-15 06:08:27.763803,114,74,80,93621,
EVT00737,BMW142,2026-02-26 02:08:27.763812,77,22,89,27353,F004
EVT00738,BMW047,2026-07-18 19:08:27.763822,145,68,51,106681,F001
EVT00739,BMW010,2026-05-02 00:08:27.763831,138,19,51,198846,F004
EVT00740,BMW168,2026-03-13 02:08:27.763840,114,17,90,189591,F004
EVT00741,BMW042,2026-06-25 19:08:27.763849,26,71,101,214463,F002
EVT00742,BMW145,2026-03-25 00:08:27.763859,175,60,93,106673,
EVT00743,BMW031,2026-05-01 06:08:27.763868,107,34,58,158162,F001
EVT00744,BMW026,2026-08-03 00:08:27.763877,165,42,51,10768,F004
EVT00745,BMW052,2026-03-26 21:08:27.763886,139,100,50,211341,F003
EVT00746,BMW026,2026-07-26 20:08:27.763896,152,55,62,227289,
EVT00747,BMW044,2026-03-06 06:08:27.763905,148,90,89,135385,F005
EVT00748,BMW137,2026-04-03 22:08:27.763914,161,61,53,74814,F002
EVT00749,BMW040,2026-03-09 18:08:27.763924,158,82,89,29758,
EVT00750,BMW198,2026-09-16 10:08:27.763934,151,95,102,100069,
EVT00751,BMW063,2026-07-26 00:08:27.763944,46,69,97,129203,F004
EVT00752,BMW006,2026-09-02 18:08:27.763953,14,67,55,93792,F003
EVT00753,BMW143,2026-06-08 23:08:27.763963,77,63,85,129348,F001
EVT00754,BMW133,2026-03-22 15:08:27.763972,22,36,92,124996,F005
EVT00755,BMW171,2026-03-05 19:08:27.763982,149,11,101,43173,F001
EVT00756,BMW173,2026-06-04 02:08:27.763991,121,95,88,113610,F004
EVT00757,BMW165,2026-08-26 21:08:27.764001,123,67,55,53037,F002
EVT00758,BMW055,2026-04-28 10:08:27.764011,128,67,60,74799,F003
EVT00759,BMW098,2026-02-27 02:08:27.764020,160,56,51,125586,F003
EVT00760,BMW109,2026-05-16 16:08:27.764029,107,99,73,129412,F001
EVT00761,BMW017,2026-04-05 08:08:27.764039,114,17,54,84024,F001
EVT00762,BMW101,2026-07-13 07:08:27.764049,109,100,90,93305,F001
EVT00763,BMW063,2026-07-27 03:08:27.764058,148,50,89,150085,F002
EVT00764,BMW016,2026-07-06 06:08:27.764067,90,41,82,114858,F004
EVT00765,BMW004,2026-02-27 09:08:27.764076,131,99,74,186297,F002
EVT00766,BMW079,2026-07-23 20:08:27.764086,112,97,93,62550,F001
EVT00767,BMW173,2026-06-24 05:08:27.764095,112,79,96,190040,F004
EVT00768,BMW047,2026-07-14 10:08:27.764104,9,49,107,110446,F005
EVT00769,BMW035,2026-04-14 23:08:27.764114,50,78,85,58664,
EVT00770,BMW174,2026-09-05 07:08:27.764124,137,11,86,93559,F003
EVT00771,BMW034,2026-04-12 09:08:27.764133,121,87,76,221334,F002
EVT00772,BMW025,2026-05-03 12:08:27.764142,38,36,108,205194,F003
EVT00773,BMW096,2026-06-18 00:08:27.764151,63,36,83,127907,F003
EVT00774,BMW003,2026-08-13 14:08:27.764160,174,19,65,247191,F002
EVT00775,BMW098,2026-04-29 07:08:27.764170,110,27,65,244056,F002
EVT00776,BMW114,2026-08-17 14:08:27.764179,56,86,77,147427,F002
EVT00777,BMW180,2026-09-09 07:08:27.764188,128,65,61,148145,F005
EVT00778,BMW177,2026-09-10 15:08:27.764197,108,85,57,92744,F003
EVT00779,BMW048,2026-06-23 10:08:27.764207,79,46,53,172583,F003
EVT00780,BMW130,2026-06-22 13:08:27.764216,26,19,59,95189,F005
EVT00781,BMW184,2026-04-13 02:08:27.764225,151,100,88,149776,F001
EVT00782,BMW069,2026-07-06 07:08:27.764235,0,88,59,19120,F001
EVT00783,BMW140,2026-03-13 13:08:27.764245,137,55,50,112228,F005
EVT00784,BMW151,2026-04-24 05:08:27.764254,139,37,97,231298,F001
EVT00785,BMW069,2026-08-01 18:08:27.764264,35,19,100,126971,F004
EVT00786,BMW008,2026-06-17 04:08:27.764364,71,57,66,118834,F002
EVT00787,BMW120,2026-08-27 02:08:27.764376,38,94,90,18731,F002
EVT00788,BMW012,2026-05-01 07:08:27.764386,155,58,94,139390,F005
EVT00789,BMW076,2026-05-01 14:08:27.764396,166,47,96,196706,F005
EVT00790,BMW152,2026-03-18 23:08:27.764406,35,59,92,45983,F005
EVT00791,BMW153,2026-04-11 04:08:27.764415,140,92,100,61268,F004
EVT00792,BMW006,2026-04-11 07:08:27.764424,108,12,71,225715,F005
EVT00793,BMW009,2026-08-22 16:08:27.764433,33,42,75,136496,F005
EVT00794,BMW079,2026-05-24 11:08:27.764443,54,44,108,28837,F005
EVT00795,BMW031,2026-02-28 20:08:27.764453,36,62,93,138693,F002
EVT00796,BMW094,2026-09-04 11:08:27.764463,162,88,76,49796,F005
EVT00797,BMW148,2026-06-24 01:08:27.764472,137,55,110,128906,F001
EVT00798,BMW032,2026-06-06 00:08:27.764482,175,94,68,152711,F004
EVT00799,BMW182,2026-04-29 05:08:27.764492,3,14,81,196352,F003
EVT00800,BMW094,2026-08-15 01:08:27.764528,34,80,92,93742,F005
EVT00801,BMW038,2026-03-03 09:08:27.764538,129,20,82,30240,F004
EVT00802,BMW062,2026-02-25 17:08:27.764548,7,76,99,134612,F005
EVT00803,BMW089,2026-03-13 04:08:27.764558,113,35,50,214303,F002
EVT00804,BMW167,2026-05-07 10:08:27.764568,121,34,92,119217,F002
EVT00805,BMW152,2026-06-01 15:08:27.764578,110,23,105,166062,F003
EVT00806,BMW130,2026-06-13 12:08:27.764587,62,50,87,61491,
EVT00807,BMW051,2026-08-23 11:08:27.764597,107,22,74,248822,F001
EVT00808,BMW033,2026-03-04 07:08:27.764606,31,26,68,86443,F005
EVT00809,BMW067,2026-08-31 20:08:27.764616,82,40,110,61118,F004
EVT00810,BMW025,2026-05-10 20:08:27.764625,155,27,96,27958,F002
EVT00811,BMW104,2026-05-11 15:08:27.764635,15,97,92,97802,
EVT00812,BMW148,2026-08-26 07:08:27.764644,26,34,59,207715,F002
EVT00813,BMW058,2026-03-29 06:08:27.764654,148,94,84,149106,F004
EVT00814,BMW105,2026-05-27 07:08:27.764664,1,52,79,243673,F003
EVT00815,BMW054,2026-05-20 00:08:27.764675,120,27,89,19500,F001
EVT00816,BMW003,2026-06-06 04:08:27.764685,95,62,86,35161,F003
EVT00817,BMW030,2026-07-10 02:08:27.764695,60,17,99,225561,F005
EVT00818,BMW029,2026-04-12 21:08:27.764704,74,56,83,167148,F003
EVT00819,BMW186,2026-05-16 21:08:27.764714,130,88,78,164866,F004
EVT00820,BMW056,2026-02-22 22:08:27.764724,18,80,56,187906,F001
EVT00821,BMW119,2026-05-26 03:08:27.764734,178,73,52,249307,
EVT00822,BMW166,2026-08-09 23:08:27.764743,67,79,60,24930,F002
EVT00823,BMW062,2026-03-29 08:08:27.764753,26,88,51,90809,F003
EVT00824,BMW104,2026-09-07 07:08:27.764763,107,16,109,236609,F001
EVT00825,BMW116,2026-07-10 18:08:27.764772,74,44,68,18085,F002
EVT00826,BMW189,2026-05-19 03:08:27.764781,150,52,86,31882,F001
EVT00827,BMW135,2026-05-18 19:08:27.764790,82,89,81,192324,F002
EVT00828,BMW149,2026-04-11 01:08:27.764800,140,20,109,231704,F001
EVT00829,BMW035,2026-04-01 00:08:27.764809,33,60,97,43830,F005
EVT00830,BMW033,2026-04-24 23:08:27.764819,16,59,110,88782,F005
EVT00831,BMW169,2026-03-04 07:08:27.764828,91,82,62,232793,F001
EVT00832,BMW165,2026-06-01 16:08:27.764837,48,35,77,239712,F005
EVT00833,BMW044,2026-04-29 10:08:27.764847,41,15,76,174521,F005
EVT00834,BMW194,2026-08-06 19:08:27.764857,180,67,69,106580,F001
EVT00835,BMW187,2026-03-31 00:08:27.764867,56,98,75,165734,F004
EVT00836,BMW017,2026-07-02 05:08:27.764877,93,22,97,103113,F002
EVT00837,BMW013,2026-08-02 04:08:27.764887,51,41,106,230009,F001
EVT00838,BMW034,2026-06-23 07:08:27.764896,120,18,72,99033,
EVT00839,BMW028,2026-08-10 05:08:27.764905,156,44,86,85210,
EVT00840,BMW029,2026-02-28 06:08:27.764914,15,15,59,81144,F003
EVT00841,BMW008,2026-06-25 03:08:27.764924,2,12,75,77253,F004
EVT00842,BMW198,2026-04-30 09:08:27.764933,94,26,87,223244,F005
EVT00843,BMW093,2026-07-05 21:08:27.764942,178,31,71,187630,F002
EVT00844,BMW193,2026-03-21 17:08:27.764951,100,88,65,218129,F004
EVT00845,BMW010,2026-05-23 18:08:27.764968,101,50,91,76093,F003
EVT00846,BMW118,2026-08-09 06:08:27.764977,61,32,68,244462,
EVT00847,BMW164,2026-03-23 06:08:27.764987,85,62,71,67965,F005
EVT00848,BMW014,2026-09-17 09:08:27.764997,133,57,102,240520,F001
EVT00849,BMW023,2026-07-05 09:08:27.765006,159,86,66,63054,F002
EVT00850,BMW052,2026-06-06 08:08:27.765015,131,39,109,183645,
EVT00851,BMW186,2026-09-08 22:08:27.765024,121,14,72,237552,F001
EVT00852,BMW133,2026-05-13 23:08:27.765033,164,68,85,84250,F003
EVT00853,BMW120,2026-06-20 13:08:27.765043,85,76,100,12732,F004
EVT00854,BMW002,2026-03-10 04:08:27.765052,87,32,75,116053,
EVT00855,BMW015,2026-08-08 19:08:27.765061,48,17,63,208410,
EVT00856,BMW042,2026-05-12 11:08:27.765071,175,17,93,204195,F005
EVT00857,BMW091,2026-05-21 00:08:27.765080,56,91,105,197021,F005
EVT00858,BMW066,2026-06-21 16:08:27.765088,26,69,84,174551,F003
EVT00859,BMW065,2026-07-09 19:08:27.765098,33,29,92,184171,F001
EVT00860,BMW004,2026-02-24 06:08:27.765108,32,16,57,210726,F004
EVT00861,BMW110,2026-08-19 02:08:27.765118,33,42,101,90391,
EVT00862,BMW144,2026-05-16 17:08:27.765127,126,44,63,173287,F001
EVT00863,BMW157,2026-07-05 19:08:27.765136,119,49,101,187670,F005
EVT00864,BMW192,2026-07-14 20:08:27.765145,174,12,104,198218,
EVT00865,BMW090,2026-08-10 10:08:27.765155,89,30,94,36367,
EVT00866,BMW118,2026-04-15 08:08:27.765164,177,85,91,205344,F001
EVT00867,BMW115,2026-07-30 14:08:27.765174,36,94,97,74850,F003
EVT00868,BMW045,2026-06-26 10:08:27.765184,24,62,64,210117,
EVT00869,BMW148,2026-06-15 02:08:27.765193,170,61,96,161191,F005
EVT00870,BMW082,2026-07-08 18:08:27.765203,145,69,87,104762,F005
EVT00871,BMW117,2026-09-15 15:08:27.765212,37,70,76,150277,F003
EVT00872,BMW191,2026-03-29 09:08:27.765222,17,76,81,67509,F003
EVT00873,BMW145,2026-08-25 19:08:27.765231,71,45,107,224318,F005
EVT00874,BMW062,2026-04-07 12:08:27.765241,176,73,95,191779,F005
EVT00875,BMW114,2026-09-04 20:08:27.765251,168,79,50,51687,
EVT00876,BMW043,2026-04-28 04:08:27.765261,65,28,51,173315,F002
EVT00877,BMW033,2026-03-18 16:08:27.765271,62,16,102,176150,F001
EVT00878,BMW165,2026-03-02 14:08:27.765281,25,72,94,113821,F005
EVT00879,BMW080,2026-06-23 13:08:27.765290,71,100,80,128831,F005
EVT00880,BMW083,2026-05-30 13:08:27.765300,118,61,95,115342,F003
EVT00881,BMW030,2026-09-01 03:08:27.765310,43,64,67,123623,F004
EVT00882,BMW044,2026-08-07 16:08:27.765320,76,67,74,15956,F004
EVT00883,BMW133,2026-09-01 11:08:27.765331,71,23,57,21995,F005
EVT00884,BMW011,2026-09-16 11:08:27.765340,73,16,80,42912,F005
EVT00885,BMW037,2026-02-26 11:08:27.765350,37,19,68,162782,F002
EVT00886,BMW121,2026-03-10 21:08:27.765360,110,85,102,75741,F003
EVT00887,BMW065,2026-03-09 02:08:27.765370,55,66,94,170230,F002
EVT00888,BMW136,2026-09-15 02:08:27.765380,39,21,52,38358,F004
EVT00889,BMW158,2026-08-08 03:08:27.765390,44,58,83,181120,
EVT00890,BMW134,2026-03-05 01:08:27.765400,20,57,54,197765,F004
EVT00891,BMW020,2026-08-13 23:08:27.765409,8,69,71,151558,F002
EVT00892,BMW159,2026-04-17 10:08:27.765418,103,58,76,206240,F001
EVT00893,BMW139,2026-06-06 08:08:27.765428,64,49,95,128700,F002
EVT00894,BMW054,2026-03-20 19:08:27.769744,143,13,63,85303,F001
EVT00895,BMW062,2026-08-10 11:08:27.769762,154,42,52,227758,F003
EVT00896,BMW051,2026-06-19 18:08:27.769772,161,40,76,201737,F003
EVT00897,BMW078,2026-03-09 19:08:27.769782,7,16,54,41437,F003
EVT00898,BMW108,2026-05-02 03:08:27.769792,75,52,68,18285,F002
EVT00899,BMW090,2026-08-11 20:08:27.769802,173,67,55,144215,F003
EVT00900,BMW046,2026-05-10 12:08:27.769812,72,86,89,13342,F001
EVT00901,BMW034,2026-03-08 20:08:27.769822,103,43,81,26084,F005
EVT00902,BMW009,2026-04-30 23:08:27.769832,147,96,99,14420,F001
EVT00903,BMW156,2026-05-31 02:08:27.769841,24,58,66,190048,F003
EVT00904,BMW075,2026-05-31 15:08:27.769851,116,99,79,170331,F001
EVT00905,BMW065,2026-07-19 10:08:27.769860,2,35,85,169675,
EVT00906,BMW027,2026-08-28 23:08:27.769871,120,93,99,106043,F005
EVT00907,BMW030,2026-07-14 06:08:27.769880,56,24,76,168805,
EVT00908,BMW116,2026-07-04 08:08:27.769889,118,63,54,89184,F003
EVT00909,BMW099,2026-07-29 11:08:27.769898,135,47,91,139767,F005
EVT00910,BMW061,2026-03-14 17:08:27.769908,145,80,57,154651,
EVT00911,BMW063,2026-03-17 22:08:27.769917,70,89,56,40146,F005
EVT00912,BMW101,2026-05-19 10:08:27.769927,88,70,50,172221,F005
EVT00913,BMW133,2026-05-08 11:08:27.769936,8,95,95,18126,F003
EVT00914,BMW126,2026-05-29 05:08:27.769946,15,66,87,114322,F002
EVT00915,BMW169,2026-08-26 10:08:27.769955,135,18,109,119437,F003
EVT00916,BMW148,2026-04-12 14:08:27.769965,89,94,87,189498,F003
EVT00917,BMW176,2026-04-02 23:08:27.769974,96,73,52,47765,F002
EVT00918,BMW085,2026-05-26 22:08:27.769983,159,67,101,180946,
EVT00919,BMW132,2026-09-09 20:08:27.769992,151,42,88,241867,F004
EVT00920,BMW089,2026-05-12 05:08:27.770001,73,50,81,234355,F001
EVT00921,BMW192,2026-07-01 20:08:27.770010,92,10,65,41984,
EVT00922,BMW025,2026-03-29 02:08:27.770020,110,46,83,125571,F005
EVT00923,BMW062,2026-05-03 04:08:27.770030,121,63,63,72789,F002
EVT00924,BMW139,2026-06-29 04:08:27.770039,124,60,68,64494,F005
EVT00925,BMW007,2026-03-17 01:08:27.770049,159,95,62,57454,
EVT00926,BMW176,2026-08-28 16:08:27.770059,60,12,81,177753,F005
EVT00927,BMW094,2026-05-13 23:08:27.770069,120,94,97,168278,F005
EVT00928,BMW136,2026-08-17 02:08:27.770079,27,44,75,216723,F003
EVT00929,BMW124,2026-03-13 05:08:27.770089,104,11,93,155891,F001
EVT00930,BMW141,2026-04-20 06:08:27.770100,177,45,98,127100,F002
EVT00931,BMW146,2026-08-06 18:08:27.770110,141,43,51,123501,F004
EVT00932,BMW097,2026-08-12 13:08:27.770119,79,40,102,56477,F005
EVT00933,BMW064,2026-06-18 09:08:27.770129,178,16,71,215037,F002
EVT00934,BMW174,2026-05-21 04:08:27.770138,180,29,65,235483,
EVT00935,BMW166,2026-06-25 04:08:27.770147,59,37,77,107401,F003
EVT00936,BMW115,2026-07-31 23:08:27.770157,45,96,68,130313,F001
EVT00937,BMW146,2026-06-05 14:08:27.770167,83,44,95,239955,
EVT00938,BMW070,2026-06-19 00:08:27.770176,32,98,73,146387,F003
EVT00939,BMW131,2026-07-08 09:08:27.770185,149,18,73,82265,F002
EVT00940,BMW034,2026-05-14 22:08:27.770194,113,80,103,55658,F003
EVT00941,BMW125,2026-06-12 11:08:27.770203,166,98,97,211454,
EVT00942,BMW079,2026-08-27 00:08:27.770261,87,29,64,240942,F003
EVT00943,BMW198,2026-06-30 22:08:27.770271,37,56,71,187870,F002
EVT00944,BMW106,2026-06-14 08:08:27.770280,101,72,110,134981,F001
EVT00945,BMW043,2026-07-02 01:08:27.770289,103,51,54,173493,F001
EVT00946,BMW056,2026-07-23 22:08:27.770299,2,21,77,121854,F004
EVT00947,BMW068,2026-07-02 13:08:27.770309,1,35,88,236077,F005
EVT00948,BMW077,2026-09-11 20:08:27.770319,85,15,107,67350,F003
EVT00949,BMW015,2026-04-17 16:08:27.770328,94,82,50,188359,F004
EVT00950,BMW049,2026-04-25 10:08:27.770336,1,89,70,123650,F004
EVT00951,BMW077,2026-09-03 21:08:27.770345,25,30,102,22073,F005
EVT00952,BMW141,2026-06-16 06:08:27.770354,150,75,93,76197,
EVT00953,BMW088,2026-09-08 10:08:27.770363,64,89,110,196138,F005
EVT00954,BMW197,2026-05-13 10:08:27.770373,121,24,61,58562,F002
EVT00955,BMW140,2026-08-01 04:08:27.770382,75,15,69,21267,
EVT00956,BMW095,2026-06-28 02:08:27.770391,27,79,67,99193,F002
EVT00957,BMW134,2026-04-10 19:08:27.770401,88,39,96,159828,F001
EVT00958,BMW013,2026-09-05 02:08:27.770411,157,47,70,232972,F002
EVT00959,BMW188,2026-08-25 20:08:27.770421,31,56,73,77379,F003
EVT00960,BMW039,2026-05-17 17:08:27.770430,10,99,88,69763,F002
EVT00961,BMW174,2026-07-31 00:08:27.770441,172,45,88,44135,F004
EVT00962,BMW017,2026-02-27 06:08:27.770451,74,51,77,95035,F002
EVT00963,BMW082,2026-05-07 15:08:27.770460,136,38,51,245138,F003
EVT00964,BMW105,2026-09-11 06:08:27.770470,99,67,96,203956,F001
EVT00965,BMW148,2026-06-25 01:08:27.770480,140,90,73,139348,
EVT00966,BMW133,2026-06-08 16:08:27.770490,153,69,90,15962,F004
EVT00967,BMW161,2026-02-25 05:08:27.770525,145,55,105,60043,
EVT00968,BMW149,2026-03-26 15:08:27.770550,44,75,86,86512,F005
EVT00969,BMW123,2026-07-11 02:08:27.770560,27,74,73,185910,F002
EVT00970,BMW028,2026-05-31 00:08:27.770569,154,97,110,135060,F003
EVT00971,BMW070,2026-09-07 02:08:27.770579,130,93,64,239137,F003
EVT00972,BMW123,2026-03-31 15:08:27.770588,55,37,51,144628,F001
EVT00973,BMW154,2026-03-01 14:08:27.770598,98,11,98,48923,F005
EVT00974,BMW036,2026-05-11 20:08:27.770610,79,68,75,168053,
EVT00975,BMW136,2026-05-22 01:08:27.770790,87,93,94,112874,F004
EVT00976,BMW055,2026-09-09 02:08:27.770802,39,65,50,197255,F003
EVT00977,BMW091,2026-05-25 14:08:27.770812,125,93,82,56911,F001
EVT00978,BMW179,2026-07-24 22:08:27.770822,104,87,72,59109,
EVT00979,BMW152,2026-02-23 23:08:27.770887,8,92,76,33628,
EVT00980,BMW149,2026-03-01 02:08:27.770898,18,99,59,224948,F004
EVT00981,BMW089,2026-03-30 14:08:27.770908,144,99,68,94396,F004
EVT00982,BMW062,2026-02-22 03:08:27.770917,112,91,76,149061,F004
EVT00983,BMW126,2026-05-21 12:08:27.770927,7,54,99,78079,F004
EVT00984,BMW128,2026-03-06 03:08:27.770937,117,32,108,237852,F001
EVT00985,BMW152,2026-09-05 21:08:27.770946,123,59,63,127149,F001
EVT00986,BMW118,2026-09-04 07:08:27.770956,15,80,100,177616,F002
EVT00987,BMW068,2026-07-29 17:08:27.770966,47,35,83,101020,
EVT00988,BMW159,2026-05-29 01:08:27.770975,14,14,93,123395,F002
EVT00989,BMW053,2026-05-21 16:08:27.770985,64,29,87,118931,F005
EVT00990,BMW023,2026-08-16 01:08:27.770994,99,39,61,88561,F001
EVT00991,BMW085,2026-08-26 07:08:27.771004,164,92,79,71397,F001
EVT00992,BMW031,2026-03-08 13:08:27.771014,109,77,95,69368,F002
EVT00993,BMW048,2026-06-26 12:08:27.771024,25,47,102,62190,F002
EVT00994,BMW034,2026-03-02 19:08:27.771034,48,86,109,216386,F001
EVT00995,BMW011,2026-08-19 18:08:27.771044,77,67,51,113989,F004
EVT00996,BMW068,2026-08-28 14:08:27.771054,109,47,92,92021,F001
EVT00997,BMW126,2026-04-13 13:08:27.771064,60,59,52,18645,
EVT00998,BMW059,2026-04-04 13:08:27.771074,30,80,97,77157,F005
EVT00999,BMW063,2026-04-10 16:08:27.771083,13,84,105,175613,F002
EVT01000,BMW076,2026-04-17 08:08:27.771093,69,52,63,63166,F003
EVT01001,BMW054,2026-08-18 23:08:27.771103,179,22,76,136562,
EVT01002,BMW025,2026-08-07 12:08:27.771114,63,26,101,243675,
EVT01003,BMW173,2026-06-23 06:08:27.771124,88,47,53,161329,F005
EVT01004,BMW187,2026-09-17 06:08:27.771134,23,58,84,26395,F001
EVT01005,BMW100,2026-02-22 22:08:27.771143,144,23,64,21839,
EVT01006,BMW026,2026-09-06 13:08:27.771153,163,95,88,233783,F004
EVT01007,BMW122,2026-08-28 21:08:27.771162,172,82,70,96224,F003
EVT01008,BMW109,2026-05-17 19:08:27.771171,31,35,80,65568,F003
EVT01009,BMW111,2026-04-21 11:08:27.771180,15,50,59,10552,F003
EVT01010,BMW036,2026-03-01 15:08:27.771189,169,57,89,68852,F003
EVT01011,BMW018,2026-06-30 18:08:27.771199,96,97,90,91809,F002
EVT01012,BMW080,2026-04-13 00:08:27.771208,50,57,92,56852,
EVT01013,BMW076,2026-06-27 19:08:27.771218,77,65,80,125897,F002
EVT01014,BMW039,2026-05-26 18:08:27.771228,13,20,77,200456,F004
EVT01015,BMW029,2026-07-27 19:08:27.771238,171,52,57,130558,F004
EVT01016,BMW074,2026-06-17 21:08:27.771247,70,17,85,155570,F004
EVT01017,BMW142,2026-08-15 20:08:27.771257,98,16,55,53424,F004
EVT01018,BMW042,2026-07-09 23:08:27.771267,138,34,72,175246,F002
EVT01019,BMW186,2026-05-10 23:08:27.771276,31,40,94,71132,F004
EVT01020,BMW165,2026-07-20 02:08:27.771285,171,70,62,136149,F005
EVT01021,BMW056,2026-08-04 18:08:27.771295,1,73,65,74953,F001
EVT01022,BMW192,2026-06-26 17:08:27.771304,50,59,53,234761,F005
EVT01023,BMW062,2026-07-12 05:08:27.771314,105,14,93,223391,F001
EVT01024,BMW148,2026-07-02 03:08:27.771323,167,62,90,127809,F002
EVT01025,BMW101,2026-08-15 12:08:27.771333,32,14,50,249145,F002
EVT01026,BMW046,2026-05-27 15:08:27.771343,122,14,107,134578,F002
EVT01027,BMW198,2026-06-29 00:08:27.771353,152,67,74,45355,F001
EVT01028,BMW083,2026-04-26 04:08:27.771363,160,44,86,140359,F003
EVT01029,BMW025,2026-03-01 13:08:27.771372,39,71,72,60204,F002
EVT01030,BMW040,2026-05-02 08:08:27.771382,82,77,104,52533,F005
EVT01031,BMW199,2026-02-25 05:08:27.771391,56,78,92,216186,F005
EVT01032,BMW113,2026-07-31 19:08:27.771401,72,95,80,207447,F002
EVT01033,BMW112,2026-06-26 12:08:27.771411,45,44,106,156782,F003
EVT01034,BMW037,2026-03-12 15:08:27.771421,33,27,67,49244,F001
EVT01035,BMW192,2026-08-28 06:08:27.771430,54,38,58,60850,F002
EVT01036,BMW147,2026-05-01 06:08:27.771441,143,36,102,230488,F002
EVT01037,BMW130,2026-04-29 13:08:27.771451,151,98,61,12710,
EVT01038,BMW155,2026-06-06 05:08:27.771461,124,92,100,161738,
EVT01039,BMW093,2026-07-28 17:08:27.771472,26,65,81,22701,F003
EVT01040,BMW157,2026-04-02 23:08:27.771483,134,78,63,242099,F002
EVT01041,BMW091,2026-05-07 04:08:27.771492,97,13,73,144917,F001
EVT01042,BMW136,2026-03-13 04:08:27.771538,91,97,86,198424,F004
EVT01043,BMW095,2026-08-02 09:08:27.771548,140,13,69,204498,F001
EVT01044,BMW010,2026-08-04 08:08:27.771558,7,33,77,240514,
EVT01045,BMW049,2026-05-30 19:08:27.771567,51,60,90,93776,F003
EVT01046,BMW028,2026-08-14 08:08:27.771575,122,51,62,237381,F004
EVT01047,BMW011,2026-09-11 10:08:27.771583,134,48,60,161925,F004
EVT01048,BMW130,2026-03-12 10:08:27.771592,32,11,73,119616,
EVT01049,BMW080,2026-07-25 07:08:27.771601,171,58,93,123615,F004
EVT01050,BMW179,2026-09-09 12:08:27.771610,101,92,73,100090,F005
EVT01051,BMW098,2026-06-22 21:08:27.771619,176,32,62,77166,F004
EVT01052,BMW090,2026-06-21 14:08:27.771627,160,32,108,17047,F004
EVT01053,BMW005,2026-05-21 09:08:27.771636,19,25,65,16800,F004
EVT01054,BMW173,2026-04-08 22:08:27.771645,81,96,102,93787,
EVT01055,BMW110,2026-02-24 07:08:27.771653,96,32,102,247051,F002
EVT01056,BMW114,2026-06-19 08:08:27.771662,93,100,76,119671,F002
EVT01057,BMW081,2026-05-04 17:08:27.771670,81,94,83,53360,
EVT01058,BMW185,2026-03-18 06:08:27.771680,106,37,105,148484,F003
EVT01059,BMW090,2026-09-15 11:08:27.771689,80,82,56,63613,F001
EVT01060,BMW131,2026-06-25 15:08:27.771699,134,93,71,138455,F001
EVT01061,BMW029,2026-05-17 10:08:27.771709,95,51,61,76042,
EVT01062,BMW162,2026-05-18 05:08:27.771718,99,43,96,41870,F001
EVT01063,BMW079,2026-08-31 08:08:27.771729,33,76,89,97410,F005
EVT01064,BMW024,2026-07-10 23:08:27.771739,52,31,53,123334,F005
EVT01065,BMW197,2026-09-09 12:08:27.771748,15,43,74,188759,F001
EVT01066,BMW106,2026-08-12 07:08:27.771757,78,14,86,86106,F003
EVT01067,BMW003,2026-05-21 18:08:27.771766,92,63,61,40673,F005
EVT01068,BMW088,2026-05-16 09:08:27.771776,118,46,78,141956,F005
EVT01069,BMW159,2026-04-09 18:08:27.771785,108,32,56,134979,F003
EVT01070,BMW149,2026-09-12 04:08:27.771795,50,47,101,48350,F005
EVT01071,BMW019,2026-07-11 19:08:27.771804,121,58,65,241702,F005
EVT01072,BMW146,2026-08-22 14:08:27.771814,93,97,109,43141,F002
EVT01073,BMW184,2026-05-29 12:08:27.771823,26,64,64,213514,F002
EVT01074,BMW053,2026-05-02 17:08:27.771833,22,11,57,101771,F001
EVT01075,BMW174,2026-04-19 19:08:27.771842,24,90,93,179907,
EVT01076,BMW105,2026-07-09 23:08:27.771852,6,48,100,157081,F003
EVT01077,BMW143,2026-06-20 22:08:27.771862,25,11,83,179619,F004
EVT01078,BMW164,2026-05-22 15:08:27.771872,114,80,63,74451,
EVT01079,BMW145,2026-08-10 03:08:27.771881,69,78,92,23524,F002
EVT01080,BMW163,2026-03-01 21:08:27.771891,22,10,68,81399,F001
EVT01081,BMW056,2026-08-23 13:08:27.771901,116,77,103,136750,F005
EVT01082,BMW053,2026-08-17 07:08:27.771910,97,33,60,166925,F002
EVT01083,BMW092,2026-04-13 19:08:27.771920,155,99,57,171217,F001
EVT01084,BMW051,2026-08-24 01:08:27.771929,165,47,90,125206,F003
EVT01085,BMW036,2026-09-13 02:08:27.771939,49,33,82,61087,F004
EVT01086,BMW121,2026-03-21 22:08:27.771949,109,22,77,62993,
EVT01087,BMW178,2026-03-21 14:08:27.771959,109,25,101,112655,F005
EVT01088,BMW089,2026-09-12 18:08:27.771969,81,49,67,77114,F001
EVT01089,BMW077,2026-08-27 10:08:27.771979,100,58,92,214253,F001
EVT01090,BMW069,2026-05-16 23:08:27.771989,72,27,58,118090,F001
EVT01091,BMW005,2026-05-29 20:08:27.771998,178,14,63,10859,F002
EVT01092,BMW109,2026-03-26 17:08:27.772007,38,65,59,234454,
EVT01093,BMW068,2026-05-20 09:08:27.772017,15,20,60,96946,
EVT01094,BMW185,2026-05-10 04:08:27.772029,81,32,85,175789,F003
EVT01095,BMW090,2026-07-04 20:08:27.772039,20,35,65,19615,F005
EVT01096,BMW061,2026-06-05 22:08:27.772050,70,46,108,100013,F004
EVT01097,BMW128,2026-07-24 12:08:27.772183,92,71,95,45762,F005
EVT01098,BMW151,2026-07-07 19:08:27.772196,106,34,102,168655,F001
EVT01099,BMW108,2026-03-14 04:08:27.772205,78,51,77,176319,F004
EVT01100,BMW081,2026-06-20 00:08:27.772215,93,95,94,154646,F005
EVT01101,BMW066,2026-08-24 15:08:27.772224,159,31,82,233064,F005
EVT01102,BMW009,2026-07-26 21:08:27.772236,168,67,92,140770,F002
EVT01103,BMW177,2026-07-22 11:08:27.772246,154,11,83,85734,F002
EVT01104,BMW053,2026-04-25 17:08:27.772255,44,29,97,57913,F002
EVT01105,BMW012,2026-08-02 21:08:27.772265,130,43,52,169577,F005
EVT01106,BMW197,2026-09-10 14:08:27.772274,85,95,72,169996,F004
EVT01107,BMW145,2026-08-28 20:08:27.772285,74,10,89,62351,F001
EVT01108,BMW132,2026-08-20 18:08:27.772295,98,36,108,215182,F002
EVT01109,BMW090,2026-08-07 08:08:27.772305,41,28,60,176821,F005
EVT01110,BMW139,2026-09-04 18:08:27.772490,11,52,82,19488,F002
EVT01111,BMW036,2026-03-08 01:08:27.772528,83,24,62,65034,F005
EVT01112,BMW112,2026-03-06 01:08:27.772540,49,59,68,114448,F004
EVT01113,BMW173,2026-08-11 05:08:27.772551,133,38,64,138706,
EVT01114,BMW056,2026-05-19 05:08:27.772561,180,67,82,220689,F003
EVT01115,BMW105,2026-08-12 09:08:27.772571,26,71,71,150896,F003
EVT01116,BMW092,2026-07-02 08:08:27.772581,51,53,81,236910,F003
EVT01117,BMW059,2026-07-11 22:08:27.772590,39,78,70,103304,F005
EVT01118,BMW047,2026-05-06 15:08:27.772600,22,56,81,187007,F002
EVT01119,BMW114,2026-02-22 18:08:27.772622,177,85,103,181336,F003
EVT01120,BMW179,2026-04-27 15:08:27.772632,1,40,110,96569,F002
EVT01121,BMW026,2026-08-20 14:08:27.772641,133,100,84,38603,F003
EVT01122,BMW187,2026-08-14 09:08:27.772650,27,15,79,242944,F004
EVT01123,BMW139,2026-09-04 07:08:27.772660,97,90,103,182573,F002
EVT01124,BMW158,2026-06-04 01:08:27.772669,14,88,70,77315,F005
EVT01125,BMW042,2026-04-11 11:08:27.772679,148,10,51,109205,F001
EVT01126,BMW191,2026-02-24 17:08:27.772689,41,27,60,71698,F005
EVT01127,BMW185,2026-06-20 00:08:27.772699,120,94,67,168282,F001
EVT01128,BMW036,2026-03-31 16:08:27.772708,2,26,61,113801,
EVT01129,BMW018,2026-09-11 19:08:27.772718,150,23,66,48000,F001
EVT01130,BMW027,2026-03-28 00:08:27.772727,47,35,77,103811,F004
EVT01131,BMW143,2026-02-27 12:08:27.772736,61,51,56,167873,F002
EVT01132,BMW121,2026-08-14 05:08:27.772745,68,17,95,202245,F005
EVT01133,BMW081,2026-05-24 16:08:27.772754,9,62,104,185893,F002
EVT01134,BMW098,2026-06-10 11:08:27.772763,55,49,88,61422,F004
EVT01135,BMW142,2026-04-09 22:08:27.772773,151,16,107,92891,
EVT01136,BMW082,2026-08-05 08:08:27.772782,41,91,102,158141,F001
EVT01137,BMW043,2026-04-12 08:08:27.772792,103,56,95,156302,F002
EVT01138,BMW136,2026-07-28 06:08:27.772801,109,99,95,139121,
EVT01139,BMW143,2026-04-19 19:08:27.772810,117,19,51,108144,F003
EVT01140,BMW144,2026-05-01 18:08:27.772820,8,12,57,43752,F003
EVT01141,BMW089,2026-08-08 23:08:27.772829,69,45,60,208217,F002
EVT01142,BMW122,2026-08-07 08:08:27.772838,67,89,80,163439,F004
EVT01143,BMW121,2026-02-21 19:08:27.772848,177,58,98,221733,F005
EVT01144,BMW181,2026-03-09 17:08:27.772858,161,39,59,84450,F003
EVT01145,BMW092,2026-08-14 11:08:27.772868,42,99,90,205664,F002
EVT01146,BMW167,2026-06-07 23:08:27.772878,74,21,79,139206,F003
EVT01147,BMW133,2026-02-23 15:08:27.772887,135,82,102,186237,F005
EVT01148,BMW023,2026-08-25 18:08:27.772897,6,70,93,70800,F004
EVT01149,BMW103,2026-03-19 19:08:27.772908,8,44,50,69583,F003
EVT01150,BMW072,2026-04-20 18:08:27.772918,138,74,58,168184,
EVT01151,BMW069,2026-06-25 16:08:27.772928,60,76,84,219362,F005
EVT01152,BMW110,2026-04-30 05:08:27.772938,35,81,74,213671,F002
EVT01153,BMW168,2026-08-11 22:08:27.772948,179,98,77,156864,F004
EVT01154,BMW033,2026-08-14 00:08:27.772958,131,19,88,107344,F001
EVT01155,BMW080,2026-05-11 20:08:27.772968,44,61,87,55154,F004
EVT01156,BMW022,2026-08-09 20:08:27.772976,129,18,90,67171,F003
EVT01157,BMW089,2026-08-24 10:08:27.772985,96,68,78,19456,F002
EVT01158,BMW023,2026-03-23 02:08:27.772993,103,38,84,122975,F001
EVT01159,BMW094,2026-09-16 14:08:27.773002,131,64,80,177804,F002
EVT01160,BMW111,2026-07-01 09:08:27.773012,1,79,54,170691,F005
EVT01161,BMW091,2026-03-27 22:08:27.773021,61,26,67,183679,F002
EVT01162,BMW165,2026-06-04 14:08:27.773031,172,66,61,134741,
EVT01163,BMW090,2026-09-16 09:08:27.773041,172,51,89,79941,
EVT01164,BMW006,2026-08-03 11:08:27.773051,10,75,84,207510,F003
EVT01165,BMW182,2026-05-04 22:08:27.773061,148,89,64,58585,F002
EVT01166,BMW134,2026-05-18 13:08:27.773071,95,58,94,133561,
EVT01167,BMW016,2026-03-12 21:08:27.773081,131,56,78,177256,F005
EVT01168,BMW087,2026-06-13 22:08:27.773091,104,29,81,165684,F001
EVT01169,BMW115,2026-08-30 08:08:27.773100,106,42,90,77320,F004
EVT01170,BMW028,2026-04-01 03:08:27.773110,36,80,102,217634,F001
EVT01171,BMW071,2026-07-11 09:08:27.773119,149,22,85,243006,F001
EVT01172,BMW134,2026-09-15 00:08:27.773129,7,51,64,191803,F002
EVT01173,BMW103,2026-04-10 02:08:27.773139,153,75,88,192794,F001
EVT01174,BMW134,2026-07-10 03:08:27.773150,26,34,55,65393,F001
EVT01175,BMW168,2026-06-02 23:08:27.773159,125,69,62,68168,F005
EVT01176,BMW138,2026-08-23 15:08:27.773169,108,78,73,233085,F002
EVT01177,BMW023,2026-03-20 07:08:27.773178,84,75,109,13266,F005
EVT01178,BMW158,2026-03-29 15:08:27.773188,148,22,70,42528,F001
EVT01179,BMW140,2026-06-21 04:08:27.773199,132,88,106,28289,F004
EVT01180,BMW110,2026-05-15 16:08:27.773209,157,76,70,144716,F002
EVT01181,BMW093,2026-08-26 04:08:27.773218,37,64,104,91603,F004
EVT01182,BMW153,2026-09-14 12:08:27.773228,133,91,88,141813,F004
EVT01183,BMW066,2026-04-02 07:08:27.773237,88,57,91,59850,F004
EVT01184,BMW148,2026-04-03 06:08:27.773246,39,36,65,237905,F005
EVT01185,BMW083,2026-05-02 08:08:27.773255,116,85,85,125842,F003
EVT01186,BMW108,2026-08-01 16:08:27.773265,112,99,51,39990,F002
EVT01187,BMW140,2026-07-12 02:08:27.773277,41,69,54,170388,F003
EVT01188,BMW076,2026-05-14 09:08:27.773287,7,55,63,34032,F001
EVT01189,BMW037,2026-06-09 06:08:27.773297,30,53,56,14665,F002
EVT01190,BMW024,2026-08-28 14:08:27.773306,101,95,83,70217,F002
EVT01191,BMW025,2026-07-22 18:08:27.773316,167,29,82,172566,F004
EVT01192,BMW034,2026-07-14 02:08:27.773325,50,68,95,131672,
EVT01193,BMW138,2026-09-06 23:08:27.773334,68,49,56,182986,
EVT01194,BMW136,2026-03-25 22:08:27.773343,74,21,77,168776,F005
EVT01195,BMW069,2026-08-20 10:08:27.773353,136,74,107,14555,F003
EVT01196,BMW128,2026-08-06 03:08:27.773361,103,20,98,45563,F005
EVT01197,BMW063,2026-03-01 15:08:27.773370,163,59,80,149449,F002
EVT01198,BMW174,2026-07-04 12:08:27.773380,76,63,69,63107,F001
EVT01199,BMW171,2026-08-26 18:08:27.773389,21,37,71,231901,
EVT01200,BMW024,2026-06-07 05:08:27.773398,4,39,73,123119,F002
EVT01201,BMW103,2026-09-15 20:08:27.773407,65,43,100,220146,F005
EVT01202,BMW030,2026-08-20 04:08:27.773416,89,42,60,240707,
EVT01203,BMW187,2026-03-21 03:08:27.773425,152,30,79,128794,
EVT01204,BMW154,2026-06-06 06:08:27.773435,3,52,64,195330,
EVT01205,BMW111,2026-07-26 19:08:27.773445,56,60,73,84520,
EVT01206,BMW133,2026-06-08 23:08:27.773455,176,14,95,132666,
EVT01207,BMW102,2026-05-01 04:08:27.773465,125,72,80,219362,
EVT01208,BMW117,2026-08-20 01:08:27.773474,63,75,58,170121,F002
EVT01209,BMW158,2026-06-15 13:08:27.773483,115,79,106,75252,F005
EVT01210,BMW146,2026-04-24 17:08:27.773492,67,58,81,97845,F002
EVT01211,BMW139,2026-07-11 14:08:27.773552,121,91,63,123886,F004
EVT01212,BMW164,2026-09-13 16:08:27.773564,53,29,64,14853,F003
EVT01213,BMW117,2026-07-13 01:08:27.773575,52,33,60,19151,F003
EVT01214,BMW136,2026-05-26 12:08:27.773585,44,82,73,63157,F003
EVT01215,BMW062,2026-06-22 13:08:27.773595,79,92,67,66735,F005
EVT01216,BMW087,2026-07-29 14:08:27.773606,170,23,89,215728,F004
EVT01217,BMW058,2026-05-04 06:08:27.773616,99,28,62,32749,F004
EVT01218,BMW096,2026-03-17 05:08:27.773627,19,91,99,200107,F001
EVT01219,BMW075,2026-03-23 21:08:27.773637,18,51,101,189175,F002
EVT01220,BMW076,2026-08-30 11:08:27.773648,6,75,101,214239,F005
EVT01221,BMW163,2026-07-02 10:08:27.773658,76,98,85,233497,F001
EVT01222,BMW174,2026-02-24 12:08:27.773668,29,71,55,98049,F004
EVT01223,BMW174,2026-07-17 06:08:27.773678,69,99,91,164983,
EVT01224,BMW044,2026-04-07 18:08:27.773688,84,44,86,172188,F005
EVT01225,BMW171,2026-04-22 08:08:27.773699,123,58,95,55285,
EVT01226,BMW186,2026-04-17 21:08:27.773710,28,27,84,206275,F004
EVT01227,BMW065,2026-05-27 07:08:27.773719,136,36,62,95630,F004
EVT01228,BMW133,2026-06-11 15:08:27.773728,119,37,86,20262,
EVT01229,BMW180,2026-05-24 04:08:27.773738,127,49,84,203004,
EVT01230,BMW007,2026-05-24 23:08:27.773748,98,15,96,28358,F001
EVT01231,BMW136,2026-04-11 10:08:27.773757,162,69,110,218197,F001
EVT01232,BMW146,2026-05-30 06:08:27.773767,112,37,68,243867,F002
EVT01233,BMW047,2026-03-08 00:08:27.773776,137,54,59,76147,F005
EVT01234,BMW156,2026-08-06 06:08:27.773785,125,46,91,164363,F005
EVT01235,BMW096,2026-09-12 03:08:27.773795,158,34,57,92140,F004
EVT01236,BMW161,2026-05-09 21:08:27.773804,151,71,74,137547,
EVT01237,BMW092,2026-07-25 02:08:27.773814,167,71,85,118110,
EVT01238,BMW037,2026-08-04 22:08:27.773824,175,68,83,174637,F003
EVT01239,BMW040,2026-06-18 23:08:27.773834,140,45,88,131545,F001
EVT01240,BMW141,2026-08-20 01:08:27.773845,95,39,104,75944,
EVT01241,BMW036,2026-09-12 20:08:27.773944,92,46,94,136205,F005
EVT01242,BMW150,2026-05-10 10:08:27.773956,108,79,52,205584,F004
EVT01243,BMW049,2026-08-11 04:08:27.773965,71,20,68,162557,F005
EVT01244,BMW053,2026-03-26 23:08:27.773975,142,49,101,100092,F002
EVT01245,BMW002,2026-09-04 07:08:27.773985,40,47,83,109110,
EVT01246,BMW047,2026-07-10 06:08:27.773995,24,10,91,192081,F001
EVT01247,BMW140,2026-04-22 11:08:27.774004,119,48,59,114932,F004
EVT01248,BMW113,2026-06-15 07:08:27.774013,54,76,105,42669,F002
EVT01249,BMW080,2026-03-19 06:08:27.774022,7,69,107,139875,F002
EVT01250,BMW115,2026-03-26 10:08:27.774031,39,31,84,202590,F005
EVT01251,BMW043,2026-04-24 20:08:27.774041,32,20,60,27672,F005
EVT01252,BMW139,2026-06-20 01:08:27.774051,141,54,85,85423,F003
EVT01253,BMW004,2026-03-12 05:08:27.774061,25,25,84,161248,F001
EVT01254,BMW016,2026-08-12 06:08:27.774071,151,84,85,215786,F004
EVT01255,BMW034,2026-07-11 21:08:27.774081,128,81,55,25293,F003
EVT01256,BMW029,2026-05-24 05:08:27.774091,63,100,74,29008,F002
EVT01257,BMW026,2026-04-30 19:08:27.774101,49,94,56,95510,F004
EVT01258,BMW086,2026-05-05 23:08:27.774111,148,12,91,15156,F005
EVT01259,BMW158,2026-08-17 13:08:27.774120,161,58,63,42361,F005
EVT01260,BMW027,2026-02-22 19:08:27.774130,5,17,69,231660,F001
EVT01261,BMW194,2026-03-04 11:08:27.774139,105,74,69,40901,
EVT01262,BMW008,2026-07-21 16:08:27.774148,133,86,89,50719,
EVT01263,BMW005,2026-09-06 22:08:27.774158,116,66,92,28707,F003
EVT01264,BMW109,2026-07-27 20:08:27.774167,142,14,66,163114,F004
EVT01265,BMW115,2026-07-29 15:08:27.774177,65,96,102,135967,F002
EVT01266,BMW158,2026-05-31 10:08:27.774186,174,74,99,175536,F001
EVT01267,BMW190,2026-08-05 14:08:27.774195,23,23,68,226178,F003
EVT01268,BMW025,2026-05-12 00:08:27.774205,91,56,84,167722,
EVT01269,BMW040,2026-03-15 18:08:27.774216,157,76,99,56263,F002
EVT01270,BMW113,2026-05-14 16:08:27.774225,153,42,75,118750,F001
EVT01271,BMW196,2026-04-20 16:08:27.774235,155,58,99,40698,F005
EVT01272,BMW101,2026-07-27 00:08:27.774245,0,77,88,164117,F002
EVT01273,BMW097,2026-09-12 03:08:27.774256,82,100,92,54880,F002
EVT01274,BMW093,2026-06-26 06:08:27.774266,44,12,83,225606,F004
EVT01275,BMW142,2026-05-22 03:08:27.774275,142,50,51,177422,F001
EVT01276,BMW129,2026-09-10 00:08:27.774285,6,33,78,158773,
EVT01277,BMW104,2026-02-28 21:08:27.774294,143,95,56,196455,F001
EVT01278,BMW028,2026-04-13 23:08:27.774303,111,60,63,231660,F003
EVT01279,BMW159,2026-05-28 20:08:27.774312,126,31,79,84103,
EVT01280,BMW139,2026-03-18 08:08:27.774321,158,21,105,20258,F003
EVT01281,BMW200,2026-08-09 13:08:27.774330,19,64,81,213446,F003
EVT01282,BMW064,2026-06-02 15:08:27.774340,14,80,90,93942,F002
EVT01283,BMW158,2026-03-21 19:08:27.774350,155,58,97,19641,F004
EVT01284,BMW162,2026-07-28 10:08:27.774359,72,89,56,245952,F005
EVT01285,BMW060,2026-03-02 02:08:27.774370,74,30,92,245229,F002
EVT01286,BMW038,2026-05-30 08:08:27.774379,89,18,59,74455,F001
EVT01287,BMW007,2026-04-15 09:08:27.774389,180,40,103,178527,F002
EVT01288,BMW187,2026-09-17 05:08:27.774399,4,72,54,102805,
EVT01289,BMW060,2026-03-21 04:08:27.774408,82,48,51,34890,
EVT01290,BMW042,2026-03-26 14:08:27.774417,148,41,69,236818,F004
EVT01291,BMW132,2026-08-27 02:08:27.774427,3,86,90,73067,F001
EVT01292,BMW024,2026-03-08 11:08:27.774436,141,82,61,240241,F005
EVT01293,BMW007,2026-03-09 20:08:27.774446,130,39,65,57298,F002
EVT01294,BMW042,2026-07-20 04:08:27.774455,175,92,74,233091,F002
EVT01295,BMW006,2026-03-27 05:08:27.774465,104,64,101,67066,F005
EVT01296,BMW187,2026-06-29 04:08:27.774474,161,99,100,192716,F003
EVT01297,BMW111,2026-08-06 23:08:27.774484,17,67,98,156374,
EVT01298,BMW050,2026-09-09 10:08:27.774494,4,22,56,181477,F001
EVT01299,BMW012,2026-07-04 11:08:27.774540,126,69,79,105812,F003
EVT01300,BMW105,2026-04-30 23:08:27.774550,112,75,69,171699,F003
EVT01301,BMW165,2026-04-20 19:08:27.774560,8,66,81,91898,F004
EVT01302,BMW178,2026-06-02 05:08:27.774569,133,32,105,65828,F003
EVT01303,BMW041,2026-07-10 18:08:27.774578,160,63,97,164185,
EVT01304,BMW115,2026-08-01 13:08:27.774588,23,69,79,92655,F001
EVT01305,BMW073,2026-05-03 06:08:27.774597,149,95,96,73529,F003
EVT01306,BMW068,2026-07-23 11:08:27.774606,98,44,69,247209,F001
EVT01307,BMW102,2026-04-03 07:08:27.774616,164,43,64,113833,F005
EVT01308,BMW111,2026-07-21 14:08:27.774626,173,76,52,123031,F004
EVT01309,BMW079,2026-04-09 22:08:27.774636,127,71,93,139270,F005
EVT01310,BMW104,2026-09-17 06:08:27.774646,33,33,84,247860,F005
EVT01311,BMW068,2026-02-26 17:08:27.774656,1,28,96,86521,F001
EVT01312,BMW097,2026-08-13 02:08:27.774666,25,23,96,172387,F004
EVT01313,BMW024,2026-04-28 03:08:27.774675,94,79,77,202193,
EVT01314,BMW180,2026-04-12 23:08:27.774685,90,97,102,95894,F001
EVT01315,BMW039,2026-05-10 01:08:27.774695,38,38,58,195938,F003
EVT01316,BMW027,2026-05-23 13:08:27.774705,59,95,53,205492,F005
EVT01317,BMW023,2026-04-15 19:08:27.774715,67,12,63,36007,F003
EVT01318,BMW108,2026-07-09 08:08:27.774725,180,75,99,11747,
EVT01319,BMW107,2026-03-30 21:08:27.774735,67,19,58,102625,F002
EVT01320,BMW086,2026-02-22 18:08:27.774745,55,70,76,192595,F003
EVT01321,BMW117,2026-07-06 21:08:27.774756,148,55,77,149949,F002
EVT01322,BMW109,2026-03-06 19:08:27.774765,112,58,65,47803,F005
EVT01323,BMW185,2026-08-28 12:08:27.774775,83,74,73,43305,F002
EVT01324,BMW097,2026-04-04 17:08:27.774785,156,64,65,106002,F003
EVT01325,BMW088,2026-07-27 03:08:27.774796,110,39,101,247564,F005
EVT01326,BMW044,2026-02-27 16:08:27.774806,76,14,75,87730,F003
EVT01327,BMW161,2026-03-29 11:08:27.774816,92,50,84,128213,F001
EVT01328,BMW088,2026-03-05 22:08:27.774826,171,64,54,76557,F001
EVT01329,BMW200,2026-09-06 14:08:27.774836,70,88,50,100530,F003
EVT01330,BMW131,2026-02-22 03:08:27.774845,133,38,99,17150,F003
EVT01331,BMW182,2026-02-27 14:08:27.774854,161,40,50,24474,F004
EVT01332,BMW011,2026-05-28 06:08:27.774865,47,34,87,141200,F001
EVT01333,BMW154,2026-06-17 11:08:27.774875,86,92,58,191921,F003
EVT01334,BMW162,2026-05-26 05:08:27.774885,178,25,90,176546,F001
EVT01335,BMW059,2026-06-07 06:08:27.774894,153,83,84,12045,F003
EVT01336,BMW190,2026-08-13 04:08:27.774903,106,92,69,37409,
EVT01337,BMW012,2026-07-05 15:08:27.774913,21,44,68,53867,
EVT01338,BMW110,2026-09-07 21:08:27.774923,77,15,79,155574,F003
EVT01339,BMW003,2026-06-04 23:08:27.774933,19,80,81,245142,
EVT01340,BMW060,2026-05-24 11:08:27.774943,126,43,91,84058,
EVT01341,BMW195,2026-08-15 11:08:27.774952,76,84,106,122930,F002
EVT01342,BMW083,2026-05-18 12:08:27.774961,172,26,90,212862,
EVT01343,BMW118,2026-06-13 13:08:27.774972,134,97,67,238065,F005
EVT01344,BMW126,2026-08-31 04:08:27.774981,17,58,85,147613,F005
EVT01345,BMW054,2026-02-25 05:08:27.774991,16,12,57,28927,F005
EVT01346,BMW132,2026-08-12 16:08:27.775001,78,73,83,209092,F002
EVT01347,BMW118,2026-05-01 18:08:27.775010,115,16,66,123494,F002
EVT01348,BMW002,2026-04-17 22:08:27.775020,61,86,83,187549,F005
EVT01349,BMW019,2026-05-09 13:08:27.775030,26,46,74,120226,F004
EVT01350,BMW157,2026-05-03 22:08:27.775039,165,79,75,122942,
EVT01351,BMW110,2026-06-29 02:08:27.775049,66,83,87,219762,F004
EVT01352,BMW139,2026-03-27 01:08:27.775059,23,83,98,70265,F001
EVT01353,BMW144,2026-08-20 08:08:27.775068,177,64,73,98720,F004
EVT01354,BMW137,2026-05-30 08:08:27.775078,50,76,109,42076,F003
EVT01355,BMW058,2026-06-01 20:08:27.775088,106,56,79,243100,
EVT01356,BMW026,2026-04-23 20:08:27.775098,10,18,65,172792,F001
EVT01357,BMW192,2026-05-20 10:08:27.775107,98,18,90,108715,F004
EVT01358,BMW077,2026-05-12 00:08:27.775116,177,94,79,244548,F002
EVT01359,BMW070,2026-09-06 00:08:27.775126,27,72,56,121933,F004
EVT01360,BMW066,2026-09-01 12:08:27.775135,96,83,65,232991,F004
EVT01361,BMW078,2026-08-16 03:08:27.775144,39,90,110,38434,F003
EVT01362,BMW147,2026-07-09 06:08:27.775154,58,93,76,76989,F005
EVT01363,BMW173,2026-05-12 23:08:27.775163,2,19,55,27502,F001
EVT01364,BMW120,2026-07-06 20:08:27.775172,18,85,64,149318,F002
EVT01365,BMW073,2026-03-20 21:08:27.775182,80,11,106,247225,F001
EVT01366,BMW186,2026-08-02 13:08:27.775191,103,88,62,171434,F001
EVT01367,BMW033,2026-02-27 03:08:27.775200,60,92,86,114866,F003
EVT01368,BMW154,2026-08-20 18:08:27.775209,163,54,63,116017,F003
EVT01369,BMW087,2026-08-03 12:08:27.775218,54,75,89,16423,F005
EVT01370,BMW150,2026-09-08 10:08:27.775228,121,89,71,216492,F005
EVT01371,BMW133,2026-06-30 20:08:27.775237,0,44,63,31274,F001
EVT01372,BMW046,2026-04-01 14:08:27.775246,127,34,71,178735,F005
EVT01373,BMW024,2026-07-04 16:08:27.775255,166,100,75,164543,F003
EVT01374,BMW176,2026-06-07 01:08:27.775265,96,99,77,107150,F002
EVT01375,BMW117,2026-07-21 21:08:27.775274,24,53,60,57517,
EVT01376,BMW130,2026-07-14 16:08:27.775284,40,49,73,242029,F001
EVT01377,BMW083,2026-08-10 19:08:27.775293,6,26,88,172418,F004
EVT01378,BMW091,2026-02-26 00:08:27.775302,98,84,107,24953,F004
EVT01379,BMW016,2026-09-08 07:08:27.775312,139,25,56,170955,
EVT01380,BMW194,2026-04-16 01:08:27.775322,166,69,77,217031,F003
EVT01381,BMW045,2026-03-29 22:08:27.775331,17,82,90,137503,F005
EVT01382,BMW058,2026-03-10 19:08:27.775342,74,67,60,83040,F003
EVT01383,BMW165,2026-09-13 01:08:27.775351,25,92,53,60971,F001
EVT01384,BMW009,2026-06-26 06:08:27.775361,23,41,67,233147,F005
EVT01385,BMW165,2026-03-10 01:08:27.775370,90,18,81,242196,F005
EVT01386,BMW109,2026-06-28 22:08:27.775380,172,68,84,175803,
EVT01387,BMW061,2026-05-13 06:08:27.775389,180,82,88,31315,F001
EVT01388,BMW084,2026-06-21 06:08:27.775399,70,31,71,46548,F005
EVT01389,BMW052,2026-06-02 11:08:27.775409,61,31,87,19214,F004
EVT01390,BMW189,2026-06-05 07:08:27.775418,40,17,94,233164,
EVT01391,BMW041,2026-06-18 06:08:27.775427,87,82,104,221612,
EVT01392,BMW193,2026-04-14 07:08:27.775437,2,71,80,32440,F001
EVT01393,BMW111,2026-06-23 00:08:27.775446,145,27,65,222968,F001
EVT01394,BMW141,2026-03-06 02:08:27.775456,24,46,79,87963,F002
EVT01395,BMW167,2026-02-23 08:08:27.775465,56,30,76,236216,F002
EVT01396,BMW165,2026-06-15 08:08:27.775474,90,98,55,84517,F004
EVT01397,BMW102,2026-02-23 23:08:27.775483,179,68,96,112049,F003
EVT01398,BMW087,2026-07-14 04:08:27.775492,19,100,99,217425,
EVT01399,BMW186,2026-03-29 11:08:27.775536,14,46,80,49708,F004
EVT01400,BMW060,2026-07-11 00:08:27.775560,143,50,88,47256,
EVT01401,BMW037,2026-05-02 02:08:27.775570,156,26,58,248536,
EVT01402,BMW150,2026-08-15 18:08:27.775580,132,93,90,104000,F004
EVT01403,BMW007,2026-08-28 11:08:27.775589,99,89,110,18711,F002
EVT01404,BMW156,2026-02-26 19:08:27.775598,134,11,85,213018,F002
EVT01405,BMW186,2026-07-11 06:08:27.779831,25,44,51,156943,F005
EVT01406,BMW071,2026-07-04 03:08:27.779846,102,98,102,161678,
EVT01407,BMW144,2026-09-01 01:08:27.779857,39,88,55,121621,F002
EVT01408,BMW074,2026-04-26 06:08:27.779867,164,51,85,147425,F005
EVT01409,BMW067,2026-09-02 17:08:27.779877,3,30,51,96593,F004
EVT01410,BMW015,2026-08-28 15:08:27.779886,135,64,66,27815,
EVT01411,BMW191,2026-05-28 09:08:27.779895,96,66,66,127246,F003
EVT01412,BMW112,2026-06-14 15:08:27.779905,133,71,93,183713,F005
EVT01413,BMW185,2026-08-15 17:08:27.779914,1,21,63,150958,F002
EVT01414,BMW056,2026-07-15 02:08:27.779973,6,17,87,220221,F002
EVT01415,BMW085,2026-03-17 09:08:27.779985,2,99,54,89141,F002
EVT01416,BMW064,2026-07-09 05:08:27.779996,115,47,86,54140,F004
EVT01417,BMW048,2026-06-01 02:08:27.780005,130,78,53,34397,
EVT01418,BMW083,2026-07-05 03:08:27.780014,119,98,65,170214,F002
EVT01419,BMW082,2026-04-09 23:08:27.780024,126,91,77,148748,F002
EVT01420,BMW084,2026-09-12 16:08:27.780033,125,45,97,66569,F005
EVT01421,BMW006,2026-06-29 12:08:27.780043,140,32,56,178613,F001
EVT01422,BMW149,2026-06-03 00:08:27.780052,44,70,96,119978,F005
EVT01423,BMW009,2026-08-15 16:08:27.780062,127,47,106,157461,F002
EVT01424,BMW177,2026-04-30 05:08:27.780072,115,12,64,247995,
EVT01425,BMW121,2026-07-04 10:08:27.780082,11,55,83,213193,F001
EVT01426,BMW074,2026-07-19 00:08:27.780092,5,23,61,120096,F002
EVT01427,BMW120,2026-03-11 19:08:27.780101,102,86,94,25254,
EVT01428,BMW187,2026-06-19 06:08:27.780111,137,52,79,124916,F002
EVT01429,BMW167,2026-05-23 10:08:27.780120,60,30,104,213815,F003
EVT01430,BMW043,2026-04-04 21:08:27.780130,126,41,90,192534,
EVT01431,BMW161,2026-08-14 14:08:27.780139,158,26,56,67425,F003
EVT01432,BMW151,2026-06-08 18:08:27.780148,106,39,108,68103,F001
EVT01433,BMW056,2026-08-29 05:08:27.780158,88,71,83,209226,
EVT01434,BMW124,2026-04-21 00:08:27.780168,17,14,56,161614,F003
EVT01435,BMW007,2026-05-29 02:08:27.780178,72,12,106,19852,F001
EVT01436,BMW046,2026-09-11 19:08:27.780188,140,85,104,95310,
EVT01437,BMW040,2026-05-03 07:08:27.780197,123,28,89,244268,F005
EVT01438,BMW194,2026-07-25 05:08:27.780207,20,37,51,55018,F002
EVT01439,BMW050,2026-03-06 04:08:27.780218,112,12,93,118635,F002
EVT01440,BMW108,2026-08-28 08:08:27.780228,57,29,104,246579,F002
EVT01441,BMW175,2026-06-01 09:08:27.780237,97,80,50,82774,F001
EVT01442,BMW144,2026-09-14 19:08:27.780246,26,45,89,217050,
EVT01443,BMW172,2026-05-14 10:08:27.780256,14,68,110,102696,F001
EVT01444,BMW074,2026-08-06 13:08:27.780264,145,29,95,44337,F003
EVT01445,BMW106,2026-07-01 16:08:27.780274,106,61,106,35201,F003
EVT01446,BMW186,2026-05-15 02:08:27.780283,163,20,105,244596,F002
EVT01447,BMW022,2026-05-11 01:08:27.780293,124,43,103,173074,F003
EVT01448,BMW068,2026-05-14 01:08:27.780302,169,98,63,50971,F003
EVT01449,BMW044,2026-08-09 19:08:27.780310,141,35,81,237318,
EVT01450,BMW071,2026-03-05 02:08:27.780320,159,86,54,108295,F003
EVT01451,BMW180,2026-04-05 22:08:27.780329,90,11,82,144913,F005
EVT01452,BMW120,2026-07-27 12:08:27.780339,121,13,81,109545,
EVT01453,BMW180,2026-04-21 22:08:27.780349,10,92,76,151973,F002
EVT01454,BMW109,2026-08-20 16:08:27.780360,30,12,53,95673,F002
EVT01455,BMW075,2026-08-11 04:08:27.780369,45,12,54,177009,F002
EVT01456,BMW003,2026-08-08 09:08:27.780379,45,70,85,220387,
EVT01457,BMW025,2026-05-05 12:08:27.780390,173,86,63,28328,F001
EVT01458,BMW039,2026-08-16 11:08:27.780400,133,31,110,73863,
EVT01459,BMW063,2026-09-13 16:08:27.780410,51,53,57,92390,F002
EVT01460,BMW110,2026-06-27 16:08:27.780421,131,44,78,214382,F001
EVT01461,BMW151,2026-06-22 06:08:27.780431,75,70,91,145121,F004
EVT01462,BMW001,2026-05-06 10:08:27.780441,180,53,54,209053,F004
EVT01463,BMW048,2026-08-06 23:08:27.780450,42,80,73,147055,F001
EVT01464,BMW146,2026-08-05 13:08:27.780460,41,26,77,228039,F001
EVT01465,BMW181,2026-06-05 11:08:27.780470,137,35,58,11497,F005
EVT01466,BMW153,2026-04-29 05:08:27.780479,23,19,102,45690,F001
EVT01467,BMW076,2026-07-04 21:08:27.780489,153,82,74,241531,F004
EVT01468,BMW110,2026-05-28 10:08:27.780531,122,89,74,48646,
EVT01469,BMW087,2026-06-15 04:08:27.780542,24,23,67,47921,F003
EVT01470,BMW069,2026-05-11 02:08:27.780551,55,21,80,240163,F002
EVT01471,BMW115,2026-05-14 21:08:27.780560,82,18,85,59827,F004
EVT01472,BMW092,2026-06-01 21:08:27.780569,101,45,94,164768,F003
EVT01473,BMW161,2026-04-17 10:08:27.780578,172,20,66,195093,F004
EVT01474,BMW048,2026-04-07 21:08:27.780588,58,66,72,26464,F001
EVT01475,BMW018,2026-06-11 13:08:27.780597,77,96,71,35407,F004
EVT01476,BMW075,2026-08-11 12:08:27.780607,43,65,74,237061,F004
EVT01477,BMW004,2026-03-27 01:08:27.780616,44,54,87,70220,F002
EVT01478,BMW146,2026-06-09 03:08:27.780626,63,86,109,101916,F003
EVT01479,BMW107,2026-07-04 01:08:27.780636,94,65,62,174637,F003
EVT01480,BMW041,2026-06-19 15:08:27.780645,133,13,87,173940,F002
EVT01481,BMW009,2026-05-21 13:08:27.780655,173,16,86,213141,
EVT01482,BMW164,2026-03-08 20:08:27.780665,162,11,93,23275,F005
EVT01483,BMW075,2026-04-10 20:08:27.780674,57,75,50,119247,
EVT01484,BMW034,2026-08-25 13:08:27.780684,100,64,59,47019,F001
EVT01485,BMW188,2026-08-10 04:08:27.780694,168,72,62,17276,F003
EVT01486,BMW054,2026-07-03 09:08:27.780703,120,36,59,166748,F004
EVT01487,BMW009,2026-03-29 08:08:27.780712,164,70,105,201537,F001
EVT01488,BMW028,2026-08-03 18:08:27.780722,74,49,95,207156,F004
EVT01489,BMW117,2026-04-12 18:08:27.780732,61,20,100,217534,F005
EVT01490,BMW143,2026-04-15 03:08:27.780742,177,22,68,161021,F003
EVT01491,BMW142,2026-03-25 15:08:27.780752,144,66,59,230917,F001
EVT01492,BMW103,2026-08-31 21:08:27.780762,175,22,97,10451,F003
EVT01493,BMW033,2026-08-29 03:08:27.780771,83,67,74,82079,F002
EVT01494,BMW136,2026-08-27 09:08:27.780782,144,57,69,173772,F001
EVT01495,BMW014,2026-05-07 18:08:27.780792,56,57,105,201093,
EVT01496,BMW082,2026-02-25 13:08:27.780801,161,89,87,72097,F004
EVT01497,BMW116,2026-05-26 00:08:27.780812,43,79,95,104430,F005
EVT01498,BMW079,2026-09-02 17:08:27.780822,20,46,102,129336,F004
EVT01499,BMW110,2026-03-19 01:08:27.780832,88,48,90,44689,F004
EVT01500,BMW067,2026-08-13 14:08:27.780842,62,63,83,132259,F005
EVT01501,BMW045,2026-04-02 14:08:27.780852,175,54,87,94436,F005
EVT01502,BMW120,2026-09-06 21:08:27.780862,70,13,98,236597,F002
EVT01503,BMW171,2026-07-07 00:08:27.780871,11,17,58,106239,F003
EVT01504,BMW175,2026-04-24 03:08:27.780880,61,55,81,245571,F003
EVT01505,BMW038,2026-06-18 08:08:27.780890,63,27,108,242439,F004
EVT01506,BMW175,2026-08-23 21:08:27.780899,156,47,88,164005,F005
EVT01507,BMW001,2026-05-02 23:08:27.780909,120,24,100,200988,F003
EVT01508,BMW160,2026-06-21 07:08:27.780918,28,74,83,15014,F002
EVT01509,BMW168,2026-08-24 01:08:27.780927,44,53,90,193659,F005
EVT01510,BMW183,2026-06-09 03:08:27.780937,151,59,58,166142,F003
EVT01511,BMW154,2026-03-13 19:08:27.780947,111,12,55,20419,F004
EVT01512,BMW172,2026-06-05 04:08:27.780957,15,51,81,32179,F005
EVT01513,BMW059,2026-02-26 15:08:27.780967,117,46,69,147940,F003
EVT01514,BMW089,2026-09-14 15:08:27.780975,46,91,102,238399,F002
EVT01515,BMW148,2026-09-04 20:08:27.780985,20,78,55,171230,F003
EVT01516,BMW054,2026-05-16 03:08:27.780995,144,67,51,158156,F002
EVT01517,BMW145,2026-07-24 21:08:27.781005,162,69,60,247491,
EVT01518,BMW134,2026-07-07 14:08:27.781015,10,32,110,70282,
EVT01519,BMW069,2026-03-03 04:08:27.781025,40,51,80,193281,F005
EVT01520,BMW100,2026-04-11 03:08:27.781035,126,33,90,245241,F001
EVT01521,BMW172,2026-06-05 21:08:27.781045,156,21,91,152346,
EVT01522,BMW035,2026-06-13 12:08:27.781055,50,92,81,12062,F001
EVT01523,BMW036,2026-07-06 16:08:27.781064,38,15,102,82565,F004
EVT01524,BMW038,2026-08-18 23:08:27.781074,35,47,93,21886,F004
EVT01525,BMW071,2026-06-25 11:08:27.781084,35,80,106,126986,F002
EVT01526,BMW097,2026-04-03 05:08:27.781094,7,57,109,12293,F003
EVT01527,BMW194,2026-09-06 03:08:27.781103,64,21,72,212944,F004
EVT01528,BMW104,2026-07-19 12:08:27.781112,31,51,105,63006,F005
EVT01529,BMW132,2026-05-22 06:08:27.781121,110,16,51,200836,F003
EVT01530,BMW069,2026-06-20 07:08:27.781131,25,82,50,166649,
EVT01531,BMW162,2026-08-09 07:08:27.781140,170,51,89,236481,F005
EVT01532,BMW036,2026-06-23 21:08:27.781150,158,15,77,175913,F003
EVT01533,BMW066,2026-03-21 22:08:27.781158,45,57,89,237336,F003
EVT01534,BMW127,2026-06-22 23:08:27.781167,39,14,99,247115,F002
EVT01535,BMW018,2026-05-06 00:08:27.781176,129,32,53,102640,F002
EVT01536,BMW135,2026-06-24 11:08:27.781185,65,39,71,67553,F004
EVT01537,BMW080,2026-04-05 19:08:27.781194,163,55,68,209557,F004
EVT01538,BMW094,2026-07-21 05:08:27.781203,45,47,100,111313,F001
EVT01539,BMW134,2026-05-20 16:08:27.781212,156,48,99,202248,F004
EVT01540,BMW042,2026-09-11 04:08:27.781221,164,100,96,134436,F001
EVT01541,BMW156,2026-08-29 04:08:27.781230,176,53,51,126623,
EVT01542,BMW062,2026-04-22 12:08:27.781240,160,75,88,161052,
EVT01543,BMW004,2026-04-02 15:08:27.781249,47,86,87,114872,F004
EVT01544,BMW162,2026-03-10 16:08:27.781258,114,50,61,43549,F003
EVT01545,BMW163,2026-02-25 21:08:27.781267,36,46,60,61314,F005
EVT01546,BMW119,2026-08-02 22:08:27.781276,68,22,80,79346,F004
EVT01547,BMW051,2026-07-04 03:08:27.781285,82,31,109,46431,F002
EVT01548,BMW169,2026-07-21 09:08:27.781293,140,51,93,234345,F004
EVT01549,BMW014,2026-04-11 04:08:27.781302,49,18,51,92198,F004
EVT01550,BMW051,2026-04-13 06:08:27.781311,141,41,89,246563,F003
EVT01551,BMW073,2026-04-13 13:08:27.781320,62,95,85,247358,F004
EVT01552,BMW172,2026-05-06 14:08:27.781328,1,86,52,235306,
EVT01553,BMW004,2026-07-06 00:08:27.781337,3,69,89,226241,F003
EVT01554,BMW185,2026-03-29 16:08:27.781347,112,94,95,214131,F002
EVT01555,BMW092,2026-08-20 03:08:27.781355,71,68,86,156300,
EVT01556,BMW075,2026-08-18 23:08:27.781364,67,97,82,21499,F003
EVT01557,BMW193,2026-05-27 10:08:27.781373,62,100,84,214727,F005
EVT01558,BMW078,2026-07-06 12:08:27.781382,139,82,64,150913,
EVT01559,BMW099,2026-05-10 02:08:27.781391,109,95,59,136125,
EVT01560,BMW156,2026-09-03 18:08:27.781400,51,92,79,240474,F002
EVT01561,BMW143,2026-07-23 05:08:27.781409,15,37,91,86930,F002
EVT01562,BMW096,2026-05-08 00:08:27.781418,63,33,95,224507,F003
EVT01563,BMW071,2026-03-29 07:08:27.781428,82,21,56,117433,F005
EVT01564,BMW188,2026-05-08 21:08:27.781437,21,63,50,46072,
EVT01565,BMW150,2026-04-12 23:08:27.781446,127,87,99,108290,F004
EVT01566,BMW150,2026-06-27 08:08:27.781455,18,49,58,247963,
EVT01567,BMW055,2026-07-21 15:08:27.781465,89,72,74,97489,F004
EVT01568,BMW074,2026-06-20 11:08:27.781474,71,64,61,246627,F005
EVT01569,BMW048,2026-06-27 12:08:27.781483,105,15,52,134387,F003
EVT01570,BMW029,2026-09-13 20:08:27.781492,132,12,63,176879,F001
EVT01571,BMW099,2026-03-24 13:08:27.781539,170,22,86,67502,
EVT01572,BMW068,2026-05-24 02:08:27.781563,171,36,89,205259,F003
EVT01573,BMW074,2026-05-04 02:08:27.781572,51,17,70,92201,F003
EVT01574,BMW154,2026-04-26 07:08:27.781583,95,14,67,148313,F001
EVT01575,BMW063,2026-04-18 22:08:27.781592,118,53,62,27692,F002
EVT01576,BMW038,2026-03-05 07:08:27.781602,169,54,100,224547,
EVT01577,BMW057,2026-04-27 05:08:27.781608,79,92,65,210081,F004
EVT01578,BMW057,2026-07-25 13:08:27.781614,17,69,96,18927,
EVT01579,BMW078,2026-06-20 19:08:27.781620,16,25,60,171083,F004
EVT01580,BMW048,2026-07-02 07:08:27.781727,117,66,69,149320,
EVT01581,BMW052,2026-04-06 00:08:27.781738,158,61,50,125502,F001
EVT01582,BMW136,2026-09-13 07:08:27.781744,52,15,52,39749,F003
EVT01583,BMW062,2026-04-13 20:08:27.781750,179,22,91,43934,F003
EVT01584,BMW193,2026-03-11 23:08:27.781756,11,26,68,223923,F004
EVT01585,BMW063,2026-03-17 20:08:27.781762,104,83,66,151808,F003
EVT01586,BMW144,2026-09-11 12:08:27.781768,95,60,82,76744,F002
EVT01587,BMW101,2026-04-24 09:08:27.781774,108,89,74,243788,F005
EVT01588,BMW030,2026-06-18 13:08:27.781780,26,56,104,211026,F004
EVT01589,BMW089,2026-07-23 00:08:27.781785,101,84,105,161809,F005
EVT01590,BMW166,2026-07-09 02:08:27.781791,159,44,74,209249,
EVT01591,BMW159,2026-05-31 05:08:27.781797,91,77,93,42653,F002
EVT01592,BMW052,2026-07-20 23:08:27.781803,175,76,61,56353,F003
EVT01593,BMW179,2026-06-07 05:08:27.781808,177,10,100,103522,F005
EVT01594,BMW144,2026-04-19 16:08:27.781814,140,10,79,95430,F004
EVT01595,BMW054,2026-04-27 06:08:27.781820,1,12,67,201015,F004
EVT01596,BMW172,2026-09-08 03:08:27.781825,40,72,74,87950,F001
EVT01597,BMW116,2026-08-27 03:08:27.781831,125,64,85,149235,F001
EVT01598,BMW059,2026-05-10 02:08:27.781837,133,46,89,119312,F004
EVT01599,BMW065,2026-05-31 08:08:27.781843,17,31,107,143173,F003
EVT01600,BMW040,2026-09-07 22:08:27.781848,83,33,70,48240,F002
EVT01601,BMW018,2026-04-17 07:08:27.781854,164,41,91,234086,F003
EVT01602,BMW140,2026-08-24 07:08:27.781860,18,13,101,44204,F004
EVT01603,BMW137,2026-02-27 07:08:27.781865,168,77,96,62692,F001
EVT01604,BMW147,2026-04-12 20:08:27.781871,70,34,100,50672,F001
EVT01605,BMW007,2026-03-16 14:08:27.781877,44,43,83,228138,F002
EVT01606,BMW111,2026-04-03 07:08:27.781882,40,67,77,239280,F005
EVT01607,BMW075,2026-05-04 03:08:27.781888,119,57,88,19871,F005
EVT01608,BMW017,2026-03-20 17:08:27.781894,96,89,89,120786,F002
EVT01609,BMW198,2026-08-06 13:08:27.781900,150,94,108,91461,F001
EVT01610,BMW018,2026-07-14 17:08:27.781905,28,77,75,79301,F003
EVT01611,BMW147,2026-09-06 00:08:27.781911,34,19,98,236496,F003
EVT01612,BMW146,2026-08-16 11:08:27.781916,7,65,92,246178,F003
EVT01613,BMW169,2026-05-07 15:08:27.781922,59,53,82,92099,F003
EVT01614,BMW007,2026-06-22 19:08:27.781928,177,97,50,48578,F005
EVT01615,BMW076,2026-03-08 01:08:27.781933,77,68,102,18641,F004
EVT01616,BMW082,2026-04-20 10:08:27.781939,158,85,106,120861,F003
EVT01617,BMW133,2026-06-17 06:08:27.781945,108,88,71,242033,
EVT01618,BMW160,2026-06-15 21:08:27.781951,38,22,52,129381,F001
EVT01619,BMW040,2026-07-07 03:08:27.781956,63,68,81,216882,
EVT01620,BMW172,2026-05-18 01:08:27.781962,103,42,65,165985,F003
EVT01621,BMW185,2026-03-09 07:08:27.781968,45,36,63,74045,
EVT01622,BMW133,2026-04-07 00:08:27.781973,148,86,91,232435,
EVT01623,BMW048,2026-05-31 12:08:27.781979,9,86,62,42690,
EVT01624,BMW177,2026-08-22 04:08:27.781984,44,72,72,142091,F005
EVT01625,BMW097,2026-06-27 10:08:27.781990,113,71,62,127362,
EVT01626,BMW132,2026-07-29 05:08:27.781996,161,33,88,210906,
EVT01627,BMW050,2026-08-05 10:08:27.782002,90,39,110,96521,F001
EVT01628,BMW063,2026-05-15 12:08:27.782008,35,19,85,228434,F002
EVT01629,BMW128,2026-08-30 00:08:27.782013,161,55,88,143945,F004
EVT01630,BMW001,2026-02-24 16:08:27.782018,53,69,98,221562,F004
EVT01631,BMW107,2026-06-04 05:08:27.782024,10,78,103,156760,F005
EVT01632,BMW120,2026-08-23 08:08:27.782029,11,64,108,208419,F002
EVT01633,BMW018,2026-08-19 14:08:27.782034,52,39,110,133461,F002
EVT01634,BMW094,2026-03-21 04:08:27.782040,27,62,51,83731,F003
EVT01635,BMW081,2026-05-08 13:08:27.782045,49,19,63,57031,F002
EVT01636,BMW112,2026-06-11 04:08:27.782051,24,53,96,16806,F002
EVT01637,BMW080,2026-08-09 07:08:27.782056,164,79,79,202398,F001
EVT01638,BMW168,2026-07-08 22:08:27.782062,148,74,106,12150,F004
EVT01639,BMW016,2026-04-17 05:08:27.782067,89,98,66,130078,F004
EVT01640,BMW153,2026-06-22 05:08:27.782073,30,78,102,153888,
EVT01641,BMW136,2026-08-29 21:08:27.782078,94,89,50,20444,
EVT01642,BMW066,2026-09-12 20:08:27.782084,80,97,77,240074,F003
EVT01643,BMW108,2026-02-27 01:08:27.782089,72,55,61,216031,F001
EVT01644,BMW081,2026-04-09 14:08:27.782095,45,82,94,54341,F004
EVT01645,BMW087,2026-04-05 07:08:27.782101,123,49,103,233536,
EVT01646,BMW168,2026-04-23 22:08:27.782106,51,14,70,172485,F005
EVT01647,BMW185,2026-07-21 12:08:27.782112,99,94,61,188811,F003
EVT01648,BMW057,2026-06-09 16:08:27.782118,139,82,106,241008,F002
EVT01649,BMW075,2026-03-26 12:08:27.782124,28,19,70,90958,F003
EVT01650,BMW025,2026-05-15 23:08:27.782130,95,19,109,243567,
EVT01651,BMW135,2026-03-20 05:08:27.782136,140,27,50,102921,F002
EVT01652,BMW099,2026-03-11 23:08:27.782141,180,61,87,76155,F005
EVT01653,BMW069,2026-03-23 08:08:27.782147,96,43,85,93027,F001
EVT01654,BMW175,2026-03-09 09:08:27.782153,107,16,59,98373,F003
EVT01655,BMW068,2026-08-31 08:08:27.782159,101,50,95,40154,
EVT01656,BMW015,2026-05-07 22:08:27.782164,165,55,95,227216,F004
EVT01657,BMW120,2026-08-06 05:08:27.782170,100,94,62,83647,
EVT01658,BMW121,2026-04-29 15:08:27.782176,135,64,59,29036,F003
EVT01659,BMW118,2026-07-18 17:08:27.782181,40,21,77,141796,F001
EVT01660,BMW127,2026-06-15 12:08:27.782187,51,73,89,76488,F003
EVT01661,BMW140,2026-03-21 00:08:27.782192,73,26,110,32491,
EVT01662,BMW118,2026-07-07 21:08:27.782198,150,20,61,109847,F002
EVT01663,BMW096,2026-03-24 04:08:27.782203,8,20,52,207712,F005
EVT01664,BMW053,2026-04-09 00:08:27.782209,29,75,77,178100,F002
EVT01665,BMW168,2026-03-05 09:08:27.782214,11,54,106,129321,
EVT01666,BMW003,2026-04-28 21:08:27.782220,20,46,78,18036,
EVT01667,BMW153,2026-04-11 11:08:27.782226,61,81,60,99139,F003
EVT01668,BMW005,2026-06-23 23:08:27.782231,10,75,72,176963,F001
EVT01669,BMW058,2026-06-02 22:08:27.782237,78,70,78,41376,F001
EVT01670,BMW007,2026-05-27 23:08:27.782243,86,67,70,91443,F004
EVT01671,BMW122,2026-03-17 22:08:27.782248,20,80,60,161207,
EVT01672,BMW169,2026-07-10 02:08:27.782254,153,42,107,46073,F003
EVT01673,BMW165,2026-06-30 09:08:27.782259,77,20,57,98640,F003
EVT01674,BMW171,2026-06-04 05:08:27.782265,26,46,72,142107,F003
EVT01675,BMW041,2026-03-18 07:08:27.782271,74,15,81,65994,F001
EVT01676,BMW147,2026-06-20 22:08:27.782276,74,57,63,172403,F002
EVT01677,BMW094,2026-09-03 15:08:27.782282,154,10,87,108759,
EVT01678,BMW140,2026-03-25 14:08:27.782287,88,26,63,50488,F001
EVT01679,BMW115,2026-08-15 20:08:27.782293,125,31,55,186856,F004
EVT01680,BMW168,2026-02-26 22:08:27.782299,64,13,51,138573,
EVT01681,BMW161,2026-09-11 05:08:27.782304,165,31,67,225296,F002
EVT01682,BMW095,2026-05-17 07:08:27.782310,129,47,108,18028,F005
EVT01683,BMW197,2026-05-22 13:08:27.782316,99,10,89,189957,
EVT01684,BMW158,2026-05-27 16:08:27.782321,160,49,85,150895,F003
EVT01685,BMW038,2026-02-21 16:08:27.782327,173,79,81,43822,
EVT01686,BMW102,2026-08-12 00:08:27.782332,104,83,101,14139,F005
EVT01687,BMW091,2026-05-03 06:08:27.782338,172,63,56,167855,F001
EVT01688,BMW132,2026-07-17 17:08:27.782343,51,57,52,98474,F003
EVT01689,BMW041,2026-03-04 00:08:27.782348,12,93,94,18273,F004
EVT01690,BMW119,2026-06-28 22:08:27.782354,13,42,85,70863,F003
EVT01691,BMW092,2026-04-02 03:08:27.782359,12,73,99,157439,F004
EVT01692,BMW098,2026-08-03 13:08:27.782364,154,77,58,118488,F002
EVT01693,BMW110,2026-03-20 10:08:27.782370,95,58,107,185882,F004
EVT01694,BMW059,2026-08-18 01:08:27.782376,38,93,82,18598,
EVT01695,BMW185,2026-09-16 03:08:27.782382,70,67,67,198851,
EVT01696,BMW143,2026-06-18 23:08:27.782387,152,70,94,23704,F005
EVT01697,BMW190,2026-07-08 07:08:27.782393,123,29,77,87225,F005
EVT01698,BMW003,2026-04-13 06:08:27.782399,105,71,83,136313,F004
EVT01699,BMW055,2026-08-01 07:08:27.782404,50,25,75,132426,
EVT01700,BMW026,2026-06-08 04:08:27.782409,112,83,70,107320,F004
EVT01701,BMW135,2026-08-03 15:08:27.782415,80,19,91,61137,F003
EVT01702,BMW036,2026-05-30 06:08:27.782420,12,25,110,133204,F005
EVT01703,BMW128,2026-03-12 23:08:27.782425,51,63,107,94840,
EVT01704,BMW167,2026-08-05 10:08:27.782431,72,89,63,210127,F005
EVT01705,BMW138,2026-05-31 10:08:27.782436,98,10,96,165727,F002
EVT01706,BMW100,2026-05-29 11:08:27.782442,47,15,81,143707,F003
EVT01707,BMW166,2026-09-12 20:08:27.782447,40,90,89,49270,F003
EVT01708,BMW047,2026-08-08 19:08:27.782453,170,37,76,115884,F001
EVT01709,BMW148,2026-03-17 23:08:27.782458,115,63,109,63677,F005
EVT01710,BMW020,2026-05-02 07:08:27.782464,13,45,56,154356,F004
EVT01711,BMW091,2026-04-12 11:08:27.782470,64,51,94,18490,F004
EVT01712,BMW188,2026-02-25 03:08:27.782475,71,50,69,123486,F003
EVT01713,BMW199,2026-04-15 07:08:27.782481,159,74,110,16825,F002
EVT01714,BMW096,2026-04-12 10:08:27.782486,141,27,109,173239,F001
EVT01715,BMW123,2026-03-03 18:08:27.782491,151,66,51,133161,F002
EVT01716,BMW017,2026-04-14 04:08:27.782528,134,39,73,221400,F004
EVT01717,BMW130,2026-02-27 13:08:27.782540,13,82,106,126050,F004
EVT01718,BMW032,2026-05-15 11:08:27.782549,43,14,98,17996,F002
EVT01719,BMW109,2026-02-22 01:08:27.782555,11,81,103,184730,
EVT01720,BMW095,2026-08-13 06:08:27.782560,53,32,107,156467,
EVT01721,BMW081,2026-08-31 03:08:27.782566,124,20,95,102602,F001
EVT01722,BMW061,2026-03-09 14:08:27.782572,57,61,92,200431,F005
EVT01723,BMW161,2026-03-05 16:08:27.782577,172,20,101,136565,F002
EVT01724,BMW089,2026-04-26 15:08:27.782583,141,56,105,171051,F003
EVT01725,BMW132,2026-07-20 14:08:27.782588,175,45,70,113272,
EVT01726,BMW094,2026-08-07 23:08:27.782594,90,56,61,58757,F005
EVT01727,BMW060,2026-05-21 08:08:27.782601,177,71,54,39132,
EVT01728,BMW054,2026-08-07 03:08:27.782607,108,64,107,38655,F005
EVT01729,BMW048,2026-04-28 04:08:27.782612,21,41,50,107263,F004
EVT01730,BMW163,2026-05-30 06:08:27.782618,41,73,50,112869,F002
EVT01731,BMW164,2026-04-24 22:08:27.782624,87,80,95,152222,F001
EVT01732,BMW178,2026-08-04 03:08:27.782629,101,80,94,78108,F002
EVT01733,BMW108,2026-07-28 17:08:27.782635,81,58,72,119770,F001
EVT01734,BMW019,2026-09-14 03:08:27.782640,27,28,71,49351,
EVT01735,BMW109,2026-08-31 04:08:27.782646,44,18,76,146780,
EVT01736,BMW129,2026-08-29 18:08:27.782652,18,12,104,241668,
EVT01737,BMW058,2026-06-23 18:08:27.782657,62,29,108,204839,
EVT01738,BMW189,2026-03-30 07:08:27.782663,137,96,100,210779,F001
EVT01739,BMW128,2026-06-21 02:08:27.782669,166,83,77,36897,F001
EVT01740,BMW066,2026-08-01 05:08:27.782674,179,98,65,233028,F001
EVT01741,BMW102,2026-09-05 04:08:27.782679,158,13,67,186711,
EVT01742,BMW036,2026-04-17 05:08:27.782685,32,43,67,117727,F003
EVT01743,BMW109,2026-04-16 07:08:27.782690,131,23,55,177142,F005
EVT01744,BMW181,2026-08-31 15:08:27.782695,40,56,63,233489,
EVT01745,BMW063,2026-03-02 03:08:27.782701,26,76,69,92761,F005
EVT01746,BMW048,2026-07-20 22:08:27.782706,35,30,60,233651,F005
EVT01747,BMW166,2026-05-20 11:08:27.782712,133,25,94,68023,
EVT01748,BMW057,2026-03-19 16:08:27.782718,121,78,79,135289,F002
EVT01749,BMW048,2026-08-19 15:08:27.782723,167,95,95,71432,F004
EVT01750,BMW072,2026-05-04 08:08:27.782729,105,98,103,174593,F001
EVT01751,BMW083,2026-05-29 14:08:27.782734,45,73,110,127543,F004
EVT01752,BMW173,2026-08-29 14:08:27.782740,77,60,77,195919,F005
EVT01753,BMW093,2026-08-01 21:08:27.782745,110,88,90,241953,F004
EVT01754,BMW057,2026-06-21 08:08:27.782751,54,76,89,234750,F004
EVT01755,BMW112,2026-07-15 15:08:27.782757,42,94,84,111853,F003
EVT01756,BMW138,2026-07-20 15:08:27.782762,113,50,103,208901,
EVT01757,BMW067,2026-08-22 15:08:27.782767,33,49,82,76418,F001
EVT01758,BMW183,2026-06-22 18:08:27.782773,68,17,90,165298,
EVT01759,BMW025,2026-04-20 04:08:27.782778,128,52,71,249786,F004
EVT01760,BMW080,2026-03-21 17:08:27.782784,41,86,78,130864,F003
EVT01761,BMW142,2026-08-14 23:08:27.782789,132,66,72,63374,F003
EVT01762,BMW081,2026-05-08 22:08:27.782795,169,32,62,169315,F004
EVT01763,BMW160,2026-06-24 02:08:27.782800,107,56,76,53336,F003
EVT01764,BMW173,2026-03-10 07:08:27.782806,81,88,101,98739,
EVT01765,BMW059,2026-06-05 01:08:27.782811,95,41,92,177870,F003
EVT01766,BMW053,2026-03-13 04:08:27.782816,40,36,55,76323,F003
EVT01767,BMW035,2026-06-23 10:08:27.782822,77,31,65,112713,F004
EVT01768,BMW105,2026-04-04 10:08:27.782830,79,47,88,83949,F005
EVT01769,BMW164,2026-08-11 21:08:27.782835,142,38,72,70709,F001
EVT01770,BMW175,2026-05-28 13:08:27.782841,25,52,110,228822,F004
EVT01771,BMW198,2026-03-18 18:08:27.782846,99,90,76,46192,F005
EVT01772,BMW097,2026-05-25 18:08:27.782853,99,19,96,108304,
EVT01773,BMW009,2026-03-15 02:08:27.782859,94,89,64,138361,F001
EVT01774,BMW067,2026-07-29 17:08:27.782864,137,56,57,10900,
EVT01775,BMW008,2026-04-08 00:08:27.782870,96,30,103,121632,F002
EVT01776,BMW043,2026-05-24 06:08:27.782875,164,33,94,195182,F004
EVT01777,BMW173,2026-06-14 17:08:27.782881,14,58,81,18200,F001
EVT01778,BMW037,2026-07-03 19:08:27.782886,47,96,81,72694,F002
EVT01779,BMW147,2026-03-17 12:08:27.782891,91,23,84,237388,F003
EVT01780,BMW017,2026-08-16 05:08:27.782897,32,21,86,87967,F002
EVT01781,BMW157,2026-03-09 12:08:27.782902,138,44,63,248790,
EVT01782,BMW036,2026-03-14 13:08:27.782907,38,92,51,199488,
EVT01783,BMW030,2026-03-17 02:08:27.782913,98,22,100,46616,F002
EVT01784,BMW187,2026-08-11 04:08:27.782918,169,79,108,171956,F005
EVT01785,BMW015,2026-03-20 06:08:27.782923,140,98,56,197734,F004
EVT01786,BMW169,2026-04-04 20:08:27.782929,129,77,52,108498,F001
EVT01787,BMW010,2026-07-29 21:08:27.782934,174,36,66,124045,F002
EVT01788,BMW182,2026-07-20 20:08:27.782940,119,72,70,199225,F005
EVT01789,BMW152,2026-07-13 08:08:27.782945,115,51,70,48980,F001
EVT01790,BMW111,2026-09-08 05:08:27.782953,78,46,66,135861,F003
EVT01791,BMW144,2026-08-07 00:08:27.782959,58,64,87,196464,F003
EVT01792,BMW055,2026-06-03 16:08:27.782965,84,77,102,226646,F005
EVT01793,BMW022,2026-06-04 13:08:27.782971,27,93,105,24219,F004
EVT01794,BMW020,2026-03-29 17:08:27.782976,38,50,72,229394,F005
EVT01795,BMW016,2026-08-25 21:08:27.782981,152,86,55,52323,F004
EVT01796,BMW200,2026-08-26 14:08:27.782987,63,39,77,31848,F003
EVT01797,BMW078,2026-08-08 19:08:27.782992,105,87,77,90836,F004
EVT01798,BMW158,2026-04-13 23:08:27.782998,16,92,53,233433,F003
EVT01799,BMW078,2026-03-19 12:08:27.783003,137,54,80,202759,
EVT01800,BMW166,2026-08-14 21:08:27.783008,165,51,59,181476,
EVT01801,BMW011,2026-05-10 21:08:27.783014,178,37,57,10061,F001
EVT01802,BMW126,2026-03-28 22:08:27.783019,51,67,72,38519,
EVT01803,BMW182,2026-03-21 13:08:27.783025,140,43,79,50789,F003
EVT01804,BMW027,2026-08-26 18:08:27.783030,134,43,81,239842,F001
EVT01805,BMW012,2026-07-08 16:08:27.783036,134,78,56,167424,F004
EVT01806,BMW074,2026-04-10 01:08:27.783041,27,52,55,136328,
EVT01807,BMW034,2026-04-14 14:08:27.783047,154,74,83,38110,F004
EVT01808,BMW172,2026-04-15 00:08:27.783052,174,88,104,31546,F004
EVT01809,BMW120,2026-06-09 02:08:27.783057,171,87,60,65389,F004
EVT01810,BMW063,2026-08-29 10:08:27.783063,163,11,67,154142,F005
EVT01811,BMW094,2026-04-02 15:08:27.783069,8,32,55,102735,F002
EVT01812,BMW033,2026-05-28 18:08:27.783075,68,51,105,244533,F004
EVT01813,BMW158,2026-03-17 19:08:27.783080,45,97,85,154417,F004
EVT01814,BMW134,2026-04-24 19:08:27.783086,93,16,68,108501,F005
EVT01815,BMW017,2026-02-26 11:08:27.783092,76,17,51,12666,F002
EVT01816,BMW070,2026-05-03 01:08:27.783097,138,85,67,148605,F001
EVT01817,BMW120,2026-04-23 06:08:27.783103,115,44,90,72116,F004
EVT01818,BMW042,2026-03-18 10:08:27.783109,117,95,63,99086,F003
EVT01819,BMW182,2026-03-03 05:08:27.783114,65,47,77,136714,F005
EVT01820,BMW185,2026-02-27 17:08:27.783119,22,83,106,21422,F005
EVT01821,BMW087,2026-03-25 07:08:27.783125,161,32,64,208714,F004
EVT01822,BMW100,2026-06-19 08:08:27.783134,69,63,91,98760,F004
EVT01823,BMW171,2026-08-25 23:08:27.783139,162,30,71,157598,
EVT01824,BMW100,2026-06-04 04:08:27.783145,69,53,60,116012,F002
EVT01825,BMW128,2026-04-15 06:08:27.783150,14,58,87,111622,F003
EVT01826,BMW200,2026-06-21 14:08:27.783155,16,29,87,140756,F001
EVT01827,BMW007,2026-08-10 07:08:27.783161,59,85,93,173175,F002
EVT01828,BMW177,2026-03-14 09:08:27.783166,70,100,94,79454,F004
EVT01829,BMW169,2026-06-18 04:08:27.783172,39,44,90,180031,
EVT01830,BMW136,2026-07-19 07:08:27.783178,0,13,110,67241,F003
EVT01831,BMW024,2026-09-15 09:08:27.783183,156,93,95,36681,F005
EVT01832,BMW033,2026-05-21 05:08:27.783189,96,65,52,95579,
EVT01833,BMW147,2026-04-28 11:08:27.783194,170,55,87,152031,F001
EVT01834,BMW086,2026-07-13 18:08:27.783200,95,47,107,69662,F004
EVT01835,BMW166,2026-04-15 05:08:27.783205,21,23,62,101063,F005
EVT01836,BMW023,2026-08-26 08:08:27.783210,68,18,56,144418,
EVT01837,BMW081,2026-03-20 11:08:27.783216,76,87,67,44413,F001
EVT01838,BMW111,2026-07-09 22:08:27.783222,76,20,70,52882,F005
EVT01839,BMW034,2026-04-23 13:08:27.783227,54,32,92,144201,F003
EVT01840,BMW182,2026-03-02 09:08:27.783233,7,10,64,204719,
EVT01841,BMW189,2026-06-15 21:08:27.783238,128,55,110,124442,F002
EVT01842,BMW043,2026-08-09 02:08:27.783243,24,80,86,43841,F002
EVT01843,BMW044,2026-03-05 04:08:27.783249,38,95,106,80081,
EVT01844,BMW188,2026-05-21 23:08:27.783255,4,18,104,201292,F003
EVT01845,BMW111,2026-06-16 10:08:27.783260,164,66,95,21863,F005
EVT01846,BMW054,2026-02-23 13:08:27.783266,114,58,103,90035,F003
EVT01847,BMW144,2026-05-18 17:08:27.783272,67,60,66,89313,F002
EVT01848,BMW114,2026-04-11 22:08:27.783277,76,32,106,17665,F002
EVT01849,BMW120,2026-07-08 08:08:27.783283,18,56,67,161859,F001
EVT01850,BMW085,2026-04-05 02:08:27.783293,61,25,50,69115,
EVT01851,BMW031,2026-07-21 23:08:27.783299,97,44,84,185712,
EVT01852,BMW142,2026-04-24 08:08:27.783304,134,91,63,191307,F004
EVT01853,BMW181,2026-06-05 12:08:27.783310,29,54,102,197949,F003
EVT01854,BMW184,2026-07-24 16:08:27.783316,80,43,82,52963,F001
EVT01855,BMW061,2026-09-06 04:08:27.783321,160,46,106,181844,
EVT01856,BMW139,2026-03-09 14:08:27.783326,28,70,100,27954,F003
EVT01857,BMW166,2026-05-20 20:08:27.783332,125,50,100,108816,F004
EVT01858,BMW178,2026-07-29 10:08:27.783338,141,38,55,200963,F005
EVT01859,BMW131,2026-02-28 18:08:27.783343,177,65,62,132792,F005
EVT01860,BMW134,2026-04-02 18:08:27.783348,63,43,83,131800,F003
EVT01861,BMW133,2026-04-28 17:08:27.783354,174,63,52,152660,F002
EVT01862,BMW016,2026-07-02 15:08:27.783360,158,32,55,110392,F005
EVT01863,BMW024,2026-03-03 05:08:27.783365,59,17,94,38464,F004
EVT01864,BMW130,2026-09-08 22:08:27.783371,82,48,106,93405,F005
EVT01865,BMW092,2026-06-18 12:08:27.783376,83,47,81,122975,F005
EVT01866,BMW093,2026-05-15 04:08:27.783381,113,40,103,58529,F005
EVT01867,BMW076,2026-09-02 12:08:27.783387,175,75,69,132724,F005
EVT01868,BMW122,2026-03-25 00:08:27.783392,31,66,53,74281,F001
EVT01869,BMW012,2026-05-22 14:08:27.783402,18,29,105,187142,F001
EVT01870,BMW149,2026-07-25 04:08:27.783407,12,85,99,134644,F003
EVT01871,BMW132,2026-08-04 23:08:27.783413,44,13,104,139320,F003
EVT01872,BMW001,2026-08-25 18:08:27.783418,86,90,68,183317,F003
EVT01873,BMW141,2026-07-04 08:08:27.783424,71,78,101,133643,F004
EVT01874,BMW107,2026-07-28 09:08:27.783430,84,79,52,31787,F002
EVT01875,BMW111,2026-09-08 23:08:27.783435,140,63,85,103328,F002
EVT01876,BMW096,2026-08-06 09:08:27.783441,152,52,72,235744,F005
EVT01877,BMW133,2026-07-20 01:08:27.783446,174,81,85,87965,
EVT01878,BMW006,2026-05-17 22:08:27.783452,37,29,103,227688,F004
EVT01879,BMW070,2026-07-26 00:08:27.783457,79,79,74,156985,F004
EVT01880,BMW180,2026-05-02 00:08:27.783463,146,51,92,155428,F002
EVT01881,BMW009,2026-08-31 03:08:27.783468,65,29,91,200700,F005
EVT01882,BMW108,2026-07-01 01:08:27.783473,7,11,92,72731,F002
EVT01883,BMW171,2026-03-13 17:08:27.783478,33,21,105,130119,F005
EVT01884,BMW074,2026-06-25 11:08:27.783484,65,73,61,41067,
EVT01885,BMW109,2026-05-22 03:08:27.783489,131,26,95,79597,F005
EVT01886,BMW022,2026-08-11 10:08:27.783495,152,33,108,90789,F004
EVT01887,BMW078,2026-04-11 08:08:27.783532,172,89,83,100470,F002
EVT01888,BMW104,2026-04-05 06:08:27.783541,171,73,107,186359,F002
EVT01889,BMW109,2026-06-10 09:08:27.783549,60,46,50,38024,F002
EVT01890,BMW140,2026-04-21 05:08:27.783555,45,27,108,218021,F002
EVT01891,BMW011,2026-04-15 13:08:27.783560,56,45,110,236825,F001
EVT01892,BMW113,2026-05-27 11:08:27.783566,106,16,69,58449,F001
EVT01893,BMW062,2026-05-12 00:08:27.783571,126,95,57,154800,F001
EVT01894,BMW105,2026-05-31 11:08:27.783577,69,44,64,103356,
EVT01895,BMW187,2026-07-20 10:08:27.783582,13,58,56,191042,F003
EVT01896,BMW167,2026-07-02 03:08:27.783588,57,41,54,130176,F004
EVT01897,BMW110,2026-04-10 07:08:27.783594,123,77,64,190741,F001
EVT01898,BMW109,2026-03-18 00:08:27.783599,134,49,61,165926,F005
EVT01899,BMW095,2026-06-30 18:08:27.783683,116,75,55,130249,F002
EVT01900,BMW112,2026-08-26 21:08:27.783690,93,50,89,80951,F001
EVT01901,BMW033,2026-08-02 12:08:27.783695,68,19,85,75655,F001
EVT01902,BMW095,2026-04-05 02:08:27.783701,123,99,76,59074,F002
EVT01903,BMW066,2026-05-09 09:08:27.783707,38,61,53,105808,F001
EVT01904,BMW095,2026-07-15 05:08:27.783712,170,56,98,24135,F003
EVT01905,BMW188,2026-08-16 19:08:27.783718,101,75,66,85837,F002
EVT01906,BMW187,2026-08-22 04:08:27.783723,74,77,64,56898,F005
EVT01907,BMW142,2026-03-25 07:08:27.783728,96,75,70,243533,F004
EVT01908,BMW016,2026-03-12 16:08:27.783736,153,73,89,62295,F003
EVT01909,BMW182,2026-09-05 07:08:27.783742,26,31,64,179683,
EVT01910,BMW199,2026-08-04 04:08:27.783747,4,85,75,174253,F003
EVT01911,BMW068,2026-07-23 04:08:27.783753,106,88,62,132567,F005
EVT01912,BMW046,2026-04-11 21:08:27.783758,6,96,91,125280,F005
EVT01913,BMW034,2026-05-30 17:08:27.783764,105,41,82,90624,F001
EVT01914,BMW119,2026-06-03 07:08:27.783769,100,48,101,33370,F004
EVT01915,BMW050,2026-08-07 17:08:27.783774,85,20,73,84611,F001
EVT01916,BMW162,2026-08-29 00:08:27.783780,62,71,106,59055,F001
EVT01917,BMW024,2026-07-14 17:08:27.783785,178,14,109,160043,F002
EVT01918,BMW042,2026-07-09 11:08:27.783791,36,17,76,57166,F003
EVT01919,BMW129,2026-06-30 18:08:27.783797,119,35,76,179963,F003
EVT01920,BMW095,2026-07-01 21:08:27.783802,156,94,79,136598,F003
EVT01921,BMW051,2026-09-07 13:08:27.783808,124,61,82,167866,F002
EVT01922,BMW166,2026-05-03 00:08:27.783813,131,56,109,249894,F005
EVT01923,BMW033,2026-06-25 09:08:27.783819,157,17,106,109322,F005
EVT01924,BMW085,2026-02-27 05:08:27.783824,131,31,74,147449,
EVT01925,BMW057,2026-05-23 07:08:27.783830,3,69,82,174745,F005
EVT01926,BMW198,2026-04-13 17:08:27.783836,121,40,56,95373,F005
EVT01927,BMW114,2026-02-28 11:08:27.783841,2,78,76,10739,F003
EVT01928,BMW104,2026-03-26 17:08:27.783849,140,54,99,58157,F005
EVT01929,BMW116,2026-04-25 06:08:27.783854,53,91,62,26362,
EVT01930,BMW159,2026-08-04 19:08:27.783860,126,19,86,83550,F001
EVT01931,BMW030,2026-05-15 15:08:27.783866,175,43,50,187467,
EVT01932,BMW175,2026-07-31 14:08:27.783871,6,67,97,229614,F004
EVT01933,BMW053,2026-08-17 08:08:27.783877,160,26,102,221393,F001
EVT01934,BMW192,2026-05-11 05:08:27.783882,107,14,51,170957,F005
EVT01935,BMW122,2026-04-26 12:08:27.783888,6,62,71,50335,F001
EVT01936,BMW097,2026-06-05 07:08:27.783893,0,62,109,110435,F005
EVT01937,BMW065,2026-05-31 22:08:27.783898,157,66,58,210434,F001
EVT01938,BMW005,2026-06-10 01:08:27.783904,92,98,58,136759,F003
EVT01939,BMW082,2026-07-13 23:08:27.783910,130,31,56,244423,F004
EVT01940,BMW021,2026-03-07 15:08:27.783922,146,40,87,161912,F003
EVT01941,BMW060,2026-07-06 04:08:27.783933,116,12,110,115223,F005
EVT01942,BMW038,2026-06-25 17:08:27.783943,84,13,72,54788,
EVT01943,BMW145,2026-09-06 13:08:27.783952,75,49,82,183908,F003
EVT01944,BMW121,2026-03-01 03:08:27.783962,151,61,84,140091,F001
EVT01945,BMW105,2026-07-09 12:08:27.783969,99,55,64,210604,
EVT01946,BMW021,2026-04-09 17:08:27.783975,52,62,105,44391,
EVT01947,BMW087,2026-03-20 05:08:27.783983,144,48,88,135293,F004
EVT01948,BMW062,2026-03-21 01:08:27.783988,168,30,93,81994,F001
EVT01949,BMW199,2026-07-31 12:08:27.783994,44,30,81,155371,F004
EVT01950,BMW098,2026-08-09 01:08:27.783999,23,85,93,109703,F004
EVT01951,BMW113,2026-03-25 00:08:27.784005,180,74,61,217097,F003
EVT01952,BMW056,2026-06-12 08:08:27.784011,175,96,89,240301,F003
EVT01953,BMW044,2026-05-03 21:08:27.784017,93,11,99,242152,F003
EVT01954,BMW011,2026-08-11 04:08:27.784022,97,26,83,189124,F005
EVT01955,BMW038,2026-09-16 18:08:27.784028,161,88,51,101165,F002
EVT01956,BMW017,2026-03-10 11:08:27.784033,127,91,76,142442,F002
EVT01957,BMW006,2026-08-11 05:08:27.784039,156,10,97,244696,
EVT01958,BMW150,2026-09-04 18:08:27.784044,57,38,61,40578,F002
EVT01959,BMW095,2026-07-31 06:08:27.784050,106,97,101,35906,F001
EVT01960,BMW090,2026-04-19 05:08:27.784056,138,36,66,128065,F005
EVT01961,BMW075,2026-07-26 06:08:27.784061,1,93,103,224989,
EVT01962,BMW088,2026-03-17 03:08:27.784066,150,96,103,59863,F004
EVT01963,BMW025,2026-03-29 10:08:27.784072,66,37,81,129573,F001
EVT01964,BMW147,2026-02-23 15:08:27.784078,144,15,79,158273,
EVT01965,BMW132,2026-07-15 02:08:27.784084,8,93,96,240102,F004
EVT01966,BMW051,2026-09-07 01:08:27.784089,136,94,72,237604,F003
EVT01967,BMW059,2026-02-24 18:08:27.784096,44,46,87,122221,F003
EVT01968,BMW151,2026-09-12 06:08:27.784101,106,11,110,38474,F001
EVT01969,BMW065,2026-08-05 04:08:27.784107,71,67,88,213687,F002
EVT01970,BMW144,2026-07-11 10:08:27.784112,158,67,52,187931,F003
EVT01971,BMW113,2026-06-17 09:08:27.784118,161,76,57,71911,
EVT01972,BMW100,2026-04-04 02:08:27.784123,133,73,102,173296,F004
EVT01973,BMW119,2026-05-28 20:08:27.784129,1,60,87,178816,F004
EVT01974,BMW173,2026-07-07 06:08:27.784134,171,46,53,94485,
EVT01975,BMW152,2026-08-24 03:08:27.784140,170,77,52,21426,F005
EVT01976,BMW014,2026-03-03 08:08:27.784145,65,96,106,192855,F005
EVT01977,BMW159,2026-05-15 02:08:27.784151,15,43,66,124931,
EVT01978,BMW095,2026-07-24 12:08:27.784156,175,34,81,23881,F005
EVT01979,BMW127,2026-05-24 15:08:27.784162,24,23,70,203972,F001
EVT01980,BMW126,2026-09-15 16:08:27.784167,20,66,102,23935,F004
EVT01981,BMW189,2026-06-07 07:08:27.784173,39,25,106,119681,F002
EVT01982,BMW078,2026-06-09 09:08:27.784178,128,77,84,228229,F005
EVT01983,BMW196,2026-04-21 03:08:27.784184,167,73,70,192692,
EVT01984,BMW123,2026-06-27 12:08:27.784189,79,57,62,44699,F003
EVT01985,BMW109,2026-05-12 23:08:27.784195,58,54,110,165950,F004
EVT01986,BMW143,2026-06-19 05:08:27.784202,172,69,87,214924,
EVT01987,BMW027,2026-07-02 15:08:27.784208,155,50,56,197980,F005
EVT01988,BMW117,2026-05-01 09:08:27.784213,114,15,78,23641,
EVT01989,BMW140,2026-03-25 19:08:27.784218,139,25,81,184842,
EVT01990,BMW182,2026-09-16 18:08:27.784224,159,48,52,73619,F003
EVT01991,BMW034,2026-06-15 08:08:27.784229,5,45,87,134170,F001
EVT01992,BMW004,2026-04-23 17:08:27.784235,24,44,63,161422,F003
EVT01993,BMW031,2026-03-18 09:08:27.784241,115,56,63,20374,F005
EVT01994,BMW130,2026-05-27 09:08:27.784246,140,13,86,106954,F004
EVT01995,BMW075,2026-04-16 19:08:27.784252,15,37,105,158404,
EVT01996,BMW121,2026-02-26 07:08:27.784257,144,61,58,198416,F005
EVT01997,BMW114,2026-07-24 09:08:27.784262,132,33,86,122947,F001
EVT01998,BMW180,2026-08-10 09:08:27.784267,174,10,54,120610,F002
EVT01999,BMW180,2026-05-06 16:08:27.784273,80,66,84,78279,F002
EVT02000,BMW072,2026-04-10 06:08:27.784278,98,65,98,23970,F003
EVT02001,BMW183,2026-06-21 03:08:27.784284,120,25,61,117562,F004
EVT02002,BMW099,2026-09-10 00:08:27.784289,6,67,77,113832,F005
EVT02003,BMW189,2026-04-16 17:08:27.784295,134,76,69,174171,
EVT02004,BMW185,2026-08-28 00:08:27.784300,95,46,64,191111,F001
EVT02005,BMW037,2026-03-26 03:08:27.784306,25,35,77,64212,F004
EVT02006,BMW006,2026-05-03 15:08:27.784314,93,82,94,120049,F004
EVT02007,BMW082,2026-03-11 01:08:27.784319,130,62,104,191162,F001
EVT02008,BMW161,2026-08-29 20:08:27.784325,14,72,80,75048,F004
EVT02009,BMW173,2026-04-10 11:08:27.784330,52,54,109,42708,F005
EVT02010,BMW095,2026-05-25 17:08:27.784336,103,93,101,148206,F005
EVT02011,BMW028,2026-06-24 06:08:27.784341,96,51,60,72786,F003
EVT02012,BMW082,2026-08-05 14:08:27.784347,106,47,75,217660,
EVT02013,BMW043,2026-07-12 04:08:27.784352,97,27,82,202383,F005
EVT02014,BMW105,2026-05-27 21:08:27.784358,41,28,75,225981,F005
EVT02015,BMW010,2026-06-13 16:08:27.784364,165,60,55,163393,F002
EVT02016,BMW161,2026-07-20 19:08:27.784369,106,62,99,110741,F001
EVT02017,BMW163,2026-05-31 18:08:27.784374,140,75,71,40282,F003
EVT02018,BMW107,2026-05-07 10:08:27.784383,10,85,57,122857,F004
EVT02019,BMW042,2026-07-14 19:08:27.784389,63,30,74,87018,F001
EVT02020,BMW113,2026-07-15 08:08:27.784395,77,31,101,179973,F001
EVT02021,BMW182,2026-05-01 02:08:27.784400,104,73,106,98158,F003
EVT02022,BMW057,2026-08-10 17:08:27.784405,18,74,107,230275,F001
EVT02023,BMW048,2026-04-28 13:08:27.784410,52,60,87,41344,F002
EVT02024,BMW045,2026-07-06 15:08:27.784416,18,45,79,240808,F003
EVT02025,BMW086,2026-03-08 14:08:27.784423,178,66,95,135183,F003
EVT02026,BMW162,2026-05-20 20:08:27.784428,177,10,109,224728,F005
EVT02027,BMW141,2026-05-10 17:08:27.784434,118,75,99,195640,
EVT02028,BMW089,2026-09-05 06:08:27.784439,95,100,69,193575,F004
EVT02029,BMW199,2026-05-02 13:08:27.784445,30,12,75,60507,F003
EVT02030,BMW147,2026-03-26 02:08:27.784450,64,18,88,78360,F004
EVT02031,BMW026,2026-06-23 23:08:27.784456,149,93,96,123810,F002
EVT02032,BMW142,2026-04-09 12:08:27.784461,115,22,96,19721,F001
EVT02033,BMW158,2026-06-03 08:08:27.784466,169,26,51,15587,F004
EVT02034,BMW074,2026-07-25 18:08:27.784472,41,99,55,76925,F001
EVT02035,BMW196,2026-04-06 22:08:27.784478,74,54,104,173506,F003
EVT02036,BMW190,2026-08-20 03:08:27.784484,121,33,51,39962,F001
EVT02037,BMW118,2026-07-27 05:08:27.784489,100,74,83,96474,F001
EVT02038,BMW067,2026-04-01 11:08:27.784495,49,82,106,98241,F001
EVT02039,BMW052,2026-05-16 05:08:27.784528,78,22,93,22164,
EVT02040,BMW101,2026-04-25 16:08:27.784539,102,69,63,158584,F001
EVT02041,BMW182,2026-07-18 15:08:27.784545,40,39,88,234707,F005
EVT02042,BMW192,2026-04-25 15:08:27.784551,49,50,83,27021,F001
EVT02043,BMW020,2026-04-12 21:08:27.784556,125,96,83,160720,
EVT02044,BMW047,2026-07-10 13:08:27.784562,26,26,56,143363,F004
EVT02045,BMW006,2026-03-17 10:08:27.784569,84,96,57,204291,F004
EVT02046,BMW129,2026-04-02 02:08:27.784575,102,84,91,239786,F005
EVT02047,BMW084,2026-05-12 08:08:27.784580,3,56,53,44344,F004
EVT02048,BMW117,2026-08-24 10:08:27.784586,168,64,60,115942,F004
EVT02049,BMW126,2026-04-20 08:08:27.784592,48,50,60,131967,F002
EVT02050,BMW167,2026-05-10 14:08:27.784598,42,88,79,13429,F001
EVT02051,BMW128,2026-02-28 13:08:27.784603,12,42,87,169961,
EVT02052,BMW108,2026-03-05 12:08:27.784609,64,59,65,38964,
EVT02053,BMW127,2026-03-15 19:08:27.784614,126,94,77,66401,F003
EVT02054,BMW144,2026-09-12 13:08:27.784620,85,14,63,28134,F003
EVT02055,BMW157,2026-04-28 03:08:27.784625,34,39,98,239935,
EVT02056,BMW088,2026-05-18 15:08:27.784631,32,57,97,35307,F001
EVT02057,BMW108,2026-05-31 01:08:27.784637,34,49,105,143218,F002
EVT02058,BMW142,2026-06-24 12:08:27.784642,75,35,88,67647,
EVT02059,BMW117,2026-03-15 19:08:27.784649,70,92,53,232149,F001
EVT02060,BMW159,2026-02-23 17:08:27.784654,134,13,71,200119,F004
EVT02061,BMW177,2026-09-14 16:08:27.784659,117,56,75,88836,
EVT02062,BMW127,2026-03-31 10:08:27.784665,146,69,54,163609,F002
EVT02063,BMW065,2026-07-17 20:08:27.784671,116,37,78,213863,F003
EVT02064,BMW073,2026-03-07 16:08:27.784678,10,73,105,91682,
EVT02065,BMW135,2026-06-29 23:08:27.784683,117,84,52,29376,
EVT02066,BMW117,2026-06-26 18:08:27.784689,77,45,81,105805,F004
EVT02067,BMW057,2026-05-27 02:08:27.784694,40,30,76,178967,F002
EVT02068,BMW159,2026-05-29 07:08:27.784699,23,90,74,102995,
EVT02069,BMW041,2026-07-11 00:08:27.784705,113,92,82,93172,
EVT02070,BMW165,2026-04-15 16:08:27.784711,104,20,87,174580,F001
EVT02071,BMW008,2026-06-20 00:08:27.784717,129,30,87,79249,
EVT02072,BMW122,2026-08-17 17:08:27.784722,6,51,50,154044,
EVT02073,BMW109,2026-08-19 09:08:27.784728,59,11,54,165371,F002
EVT02074,BMW148,2026-04-22 16:08:27.784734,45,77,86,68457,F005
EVT02075,BMW194,2026-05-04 16:08:27.784740,34,84,90,37752,F003
EVT02076,BMW169,2026-04-06 08:08:27.784745,108,29,50,195229,F002
EVT02077,BMW136,2026-06-18 13:08:27.784750,127,99,95,243139,F004
EVT02078,BMW031,2026-06-07 16:08:27.784756,22,28,64,36775,F003
EVT02079,BMW113,2026-09-02 21:08:27.784761,78,22,101,163409,
EVT02080,BMW113,2026-07-30 22:08:27.784767,108,97,81,177446,
EVT02081,BMW146,2026-04-07 07:08:27.784772,89,42,65,143291,F003
EVT02082,BMW030,2026-07-13 05:08:27.784777,13,45,105,224557,F004
EVT02083,BMW096,2026-03-03 09:08:27.784783,60,14,70,152687,F002
EVT02084,BMW195,2026-09-03 06:08:27.784790,120,80,86,249194,F003
EVT02085,BMW059,2026-08-16 05:08:27.784795,81,68,106,95310,F004
EVT02086,BMW145,2026-05-05 07:08:27.784801,63,83,66,182957,F001
EVT02087,BMW014,2026-04-11 16:08:27.784806,172,76,92,135709,
EVT02088,BMW098,2026-06-27 23:08:27.784812,86,41,94,166210,F002
EVT02089,BMW012,2026-06-11 15:08:27.784817,36,37,72,152883,
EVT02090,BMW078,2026-04-04 03:08:27.784823,101,75,50,161618,F004
EVT02091,BMW168,2026-03-03 19:08:27.784829,150,86,89,168811,
EVT02092,BMW126,2026-07-11 22:08:27.784834,0,69,66,68092,F003
EVT02093,BMW078,2026-09-02 16:08:27.784839,101,13,89,61978,F001
EVT02094,BMW050,2026-03-25 14:08:27.784845,111,39,71,180704,
EVT02095,BMW065,2026-08-06 21:08:27.784850,142,65,82,221366,F005
EVT02096,BMW024,2026-09-06 13:08:27.784856,173,44,99,234242,F003
EVT02097,BMW019,2026-04-22 21:08:27.784861,128,39,90,209863,F003
EVT02098,BMW117,2026-03-22 23:08:27.784867,147,21,54,178275,F004
EVT02099,BMW048,2026-08-04 07:08:27.784872,48,19,76,108817,F005
EVT02100,BMW115,2026-06-30 00:08:27.784877,10,25,75,121709,F003
EVT02101,BMW172,2026-05-08 06:08:27.784883,176,14,105,156487,F001
EVT02102,BMW174,2026-08-26 02:08:27.784888,43,20,79,177542,F002
EVT02103,BMW195,2026-06-12 04:08:27.784896,3,36,89,233140,
EVT02104,BMW106,2026-06-09 22:08:27.784901,113,26,70,156637,
EVT02105,BMW123,2026-06-13 06:08:27.784907,33,19,75,41369,F004
EVT02106,BMW143,2026-04-12 16:08:27.784912,134,61,69,168564,F005
EVT02107,BMW052,2026-04-16 08:08:27.784918,33,19,76,237479,
EVT02108,BMW001,2026-03-01 09:08:27.784923,12,41,102,115417,
EVT02109,BMW004,2026-06-04 10:08:27.784929,25,51,64,58520,F002
EVT02110,BMW068,2026-03-20 10:08:27.784934,18,57,81,15257,F002
EVT02111,BMW003,2026-07-21 06:08:27.784939,170,53,76,104876,F004
EVT02112,BMW173,2026-03-23 02:08:27.784945,62,92,65,184233,F005
EVT02113,BMW041,2026-03-15 02:08:27.784951,116,66,73,29683,F002
EVT02114,BMW079,2026-07-06 06:08:27.784956,92,56,97,132309,F004
EVT02115,BMW132,2026-06-04 06:08:27.784962,120,79,99,231559,F004
EVT02116,BMW180,2026-04-22 15:08:27.784967,150,17,101,89995,
EVT02117,BMW072,2026-07-23 01:08:27.784973,64,39,103,110494,F005
EVT02118,BMW080,2026-08-13 20:08:27.784978,123,37,52,74660,F002
EVT02119,BMW121,2026-06-30 02:08:27.784984,151,49,94,141901,
EVT02120,BMW131,2026-06-13 09:08:27.784989,119,34,104,92022,F004
EVT02121,BMW028,2026-04-12 04:08:27.784995,136,63,69,84454,F004
EVT02122,BMW191,2026-03-13 10:08:27.785000,71,29,107,49293,
EVT02123,BMW130,2026-05-08 16:08:27.785007,25,44,97,173981,F001
EVT02124,BMW043,2026-09-17 01:08:27.785013,40,84,92,111862,F004
EVT02125,BMW192,2026-03-27 19:08:27.785019,108,30,65,124662,F004
EVT02126,BMW039,2026-06-08 07:08:27.785024,42,80,67,39078,F002
EVT02127,BMW033,2026-03-11 14:08:27.785029,11,63,60,219860,F004
EVT02128,BMW111,2026-07-18 15:08:27.785035,136,19,96,78020,F001
EVT02129,BMW120,2026-07-09 15:08:27.785040,21,29,65,199886,F001
EVT02130,BMW145,2026-06-23 04:08:27.785046,112,92,58,89330,
EVT02131,BMW113,2026-05-07 13:08:27.785051,102,27,62,24667,
EVT02132,BMW102,2026-04-05 23:08:27.785056,163,81,97,226527,F005
EVT02133,BMW014,2026-04-13 06:08:27.785062,71,94,80,49172,F005
EVT02134,BMW171,2026-09-04 20:08:27.785067,37,13,106,100051,F005
EVT02135,BMW103,2026-06-29 04:08:27.785072,8,99,76,109548,F003
EVT02136,BMW079,2026-09-11 05:08:27.785078,1,65,59,56439,F004
EVT02137,BMW020,2026-08-28 12:08:27.785083,46,92,52,142482,F002
EVT02138,BMW045,2026-04-20 06:08:27.785089,43,59,66,34206,F002
EVT02139,BMW079,2026-05-13 17:08:27.785094,161,92,68,80754,F004
EVT02140,BMW013,2026-05-28 15:08:27.785099,167,76,63,49679,F001
EVT02141,BMW014,2026-05-16 02:08:27.785105,44,28,108,17885,F001
EVT02142,BMW017,2026-07-15 13:08:27.785112,38,71,64,150792,
EVT02143,BMW038,2026-09-10 04:08:27.785117,96,50,51,233867,F001
EVT02144,BMW079,2026-08-07 13:08:27.785123,114,54,91,203098,F001
EVT02145,BMW113,2026-05-06 07:08:27.785128,47,89,55,162706,F002
EVT02146,BMW145,2026-06-04 11:08:27.785134,100,60,103,25039,F001
EVT02147,BMW070,2026-06-29 05:08:27.785139,131,58,93,146054,F002
EVT02148,BMW177,2026-05-20 04:08:27.785144,122,31,63,134122,
EVT02149,BMW080,2026-08-13 10:08:27.785150,85,35,102,246277,F002
EVT02150,BMW095,2026-04-18 13:08:27.785155,173,10,99,122250,
EVT02151,BMW110,2026-06-16 04:08:27.785161,16,24,88,240143,F003
EVT02152,BMW139,2026-05-29 15:08:27.785166,32,68,90,25056,F001
EVT02153,BMW106,2026-04-07 14:08:27.785172,171,36,87,142775,F001
EVT02154,BMW070,2026-04-11 15:08:27.785177,78,76,108,82009,F003
EVT02155,BMW079,2026-02-26 02:08:27.785182,101,65,69,198755,F003
EVT02156,BMW192,2026-02-26 04:08:27.785188,1,43,52,147162,F004
EVT02157,BMW010,2026-04-05 02:08:27.785193,52,16,63,125652,F003
EVT02158,BMW064,2026-03-18 02:08:27.804625,51,90,54,227857,F005
EVT02159,BMW114,2026-03-20 18:08:27.804652,40,98,91,190637,F002
EVT02160,BMW194,2026-04-11 10:08:27.804663,52,96,98,124730,F003
EVT02161,BMW158,2026-03-22 22:08:27.804673,70,89,65,67574,F001
EVT02162,BMW051,2026-07-20 03:08:27.804689,7,72,65,55256,F002
EVT02163,BMW149,2026-07-29 11:08:27.804699,109,70,85,14181,F003
EVT02164,BMW062,2026-09-13 14:08:27.804708,72,71,67,168638,F004
EVT02165,BMW140,2026-03-18 01:08:27.804717,103,90,75,187121,F001
EVT02166,BMW199,2026-04-21 11:08:27.804726,83,78,88,238147,F004
EVT02167,BMW013,2026-03-21 04:08:27.804735,48,11,61,214165,F003
EVT02168,BMW023,2026-09-06 00:08:27.804744,112,72,100,11178,F001
EVT02169,BMW048,2026-03-01 09:08:27.804752,104,29,88,190269,F001
EVT02170,BMW193,2026-05-28 00:08:27.804762,10,91,71,39285,F004
EVT02171,BMW155,2026-02-28 16:08:27.804771,91,44,110,158029,F001
EVT02172,BMW171,2026-03-09 17:08:27.804781,31,31,59,75273,F001
EVT02173,BMW127,2026-04-30 23:08:27.804790,91,60,99,226219,
EVT02174,BMW191,2026-04-13 10:08:27.804800,126,75,96,147914,F001
EVT02175,BMW067,2026-07-23 15:08:27.804809,6,55,51,195016,F002
EVT02176,BMW169,2026-06-01 12:08:27.804819,110,75,103,65788,F002
EVT02177,BMW016,2026-03-19 18:08:27.804828,143,19,109,94076,F001
EVT02178,BMW073,2026-03-19 19:08:27.804837,28,79,104,213425,F005
EVT02179,BMW119,2026-08-01 13:08:27.804846,62,56,101,177244,F004
EVT02180,BMW096,2026-04-30 05:08:27.804855,171,42,85,101549,F004
EVT02181,BMW151,2026-08-02 07:08:27.804867,119,39,62,157556,F002
EVT02182,BMW155,2026-05-09 04:08:27.804876,74,56,75,129188,F001
EVT02183,BMW177,2026-08-17 00:08:27.804885,107,79,50,165509,F004
EVT02184,BMW096,2026-02-24 14:08:27.804894,159,62,66,235481,F002
EVT02185,BMW180,2026-05-01 16:08:27.804903,18,88,110,137137,F005
EVT02186,BMW156,2026-04-10 15:08:27.804912,48,79,74,186789,F005
EVT02187,BMW156,2026-07-18 11:08:27.804920,107,76,104,45707,F005
EVT02188,BMW114,2026-09-03 16:08:27.804929,80,45,97,82110,F001
EVT02189,BMW066,2026-07-28 09:08:27.804938,114,43,55,207954,
EVT02190,BMW044,2026-09-02 09:08:27.804947,146,74,91,212355,
EVT02191,BMW062,2026-07-12 12:08:27.804956,177,19,110,40171,F002
EVT02192,BMW011,2026-02-25 14:08:27.804964,3,25,89,187606,F003
EVT02193,BMW191,2026-06-05 19:08:27.804973,166,51,101,19175,F002
EVT02194,BMW081,2026-04-07 09:08:27.804982,121,40,101,223157,
EVT02195,BMW005,2026-09-06 19:08:27.804991,172,27,59,227399,F004
EVT02196,BMW183,2026-05-10 00:08:27.805000,23,38,87,173110,F002
EVT02197,BMW009,2026-03-11 08:08:27.805010,150,72,105,16501,F002
EVT02198,BMW087,2026-06-01 08:08:27.805019,41,28,73,139402,F001
EVT02199,BMW080,2026-04-25 18:08:27.805028,129,94,52,162803,F002
EVT02200,BMW106,2026-05-25 16:08:27.805037,128,95,62,135740,F003
EVT02201,BMW042,2026-06-08 17:08:27.805048,133,18,81,156370,F005
EVT02202,BMW003,2026-07-23 17:08:27.805057,161,11,105,61689,F002
EVT02203,BMW016,2026-04-08 12:08:27.805066,135,95,79,45653,
EVT02204,BMW120,2026-05-24 05:08:27.805075,169,24,94,28285,F005
EVT02205,BMW123,2026-08-26 09:08:27.805084,17,22,77,236522,F001
EVT02206,BMW045,2026-02-23 15:08:27.805093,153,76,106,120277,
EVT02207,BMW064,2026-09-14 22:08:27.805101,161,16,97,103846,F003
EVT02208,BMW200,2026-04-30 23:08:27.805110,55,68,52,94262,F001
EVT02209,BMW183,2026-04-27 08:08:27.805119,179,56,64,221441,F004
EVT02210,BMW176,2026-05-02 09:08:27.805128,178,23,104,209231,F004
EVT02211,BMW033,2026-08-21 16:08:27.805138,171,20,80,19453,F004
EVT02212,BMW168,2026-07-19 10:08:27.805147,31,87,72,162873,F003
EVT02213,BMW018,2026-03-13 22:08:27.805156,127,52,70,109003,F001
EVT02214,BMW040,2026-06-30 01:08:27.805164,134,20,53,71086,F005
EVT02215,BMW194,2026-03-08 12:08:27.805173,59,69,93,164468,F005
EVT02216,BMW102,2026-03-21 03:08:27.805182,83,81,90,101341,
EVT02217,BMW060,2026-07-21 10:08:27.805192,22,54,106,165393,F001
EVT02218,BMW192,2026-09-05 13:08:27.805201,54,68,99,145649,F003
EVT02219,BMW134,2026-08-23 05:08:27.805210,101,37,100,38235,F004
EVT02220,BMW015,2026-03-24 15:08:27.805222,79,26,81,75397,
EVT02221,BMW021,2026-05-10 11:08:27.805231,124,30,94,28657,F001
EVT02222,BMW145,2026-06-07 16:08:27.805241,57,28,51,152446,F005
EVT02223,BMW175,2026-05-14 18:08:27.805250,145,27,108,45083,
EVT02224,BMW096,2026-03-24 22:08:27.805260,174,89,109,58276,F004
EVT02225,BMW045,2026-06-03 12:08:27.805270,159,67,52,103162,F005
EVT02226,BMW124,2026-05-25 04:08:27.805279,95,79,108,37246,F004
EVT02227,BMW107,2026-05-21 04:08:27.805288,12,100,107,68375,
EVT02228,BMW143,2026-09-14 21:08:27.805298,139,58,97,209640,F001
EVT02229,BMW087,2026-06-02 08:08:27.805308,4,17,57,193204,F002
EVT02230,BMW093,2026-09-01 11:08:27.805317,9,84,104,81642,F003
EVT02231,BMW074,2026-09-12 20:08:27.805327,99,78,56,197495,F002
EVT02232,BMW153,2026-08-01 19:08:27.805337,136,24,57,222069,F005
EVT02233,BMW194,2026-03-25 19:08:27.805346,100,59,59,21019,
EVT02234,BMW001,2026-04-18 09:08:27.805357,2,12,63,139733,F004
EVT02235,BMW193,2026-08-25 00:08:27.805366,95,10,110,101140,F001
EVT02236,BMW133,2026-07-25 02:08:27.805376,55,47,91,61900,F003
EVT02237,BMW042,2026-09-09 20:08:27.805393,94,62,86,225781,F005
EVT02238,BMW020,2026-05-17 08:08:27.805404,42,64,71,242894,F005
EVT02239,BMW156,2026-05-27 06:08:27.805413,22,83,74,244430,F003
EVT02240,BMW038,2026-04-14 17:08:27.805424,14,91,109,200543,F002
EVT02241,BMW072,2026-08-21 11:08:27.805434,103,34,104,15959,F001
EVT02242,BMW055,2026-03-28 03:08:27.805444,166,60,64,63169,F003
EVT02243,BMW169,2026-04-28 05:08:27.805453,120,63,68,42479,F001
EVT02244,BMW079,2026-07-03 05:08:27.805461,164,44,101,85035,F005
EVT02245,BMW103,2026-04-24 02:08:27.805470,47,93,83,84060,F003
EVT02246,BMW090,2026-07-11 01:08:27.805479,30,32,109,10518,F001
EVT02247,BMW109,2026-06-29 20:08:27.805488,96,31,103,49352,F002
EVT02248,BMW081,2026-02-21 21:08:27.805496,140,40,64,13135,F003
EVT02249,BMW087,2026-08-22 04:08:27.805548,11,83,77,68394,F002
EVT02250,BMW138,2026-05-22 17:08:27.805558,9,69,71,127747,
EVT02251,BMW062,2026-03-06 00:08:27.805567,26,92,59,137787,F002
EVT02252,BMW096,2026-04-16 01:08:27.805576,55,72,92,134764,F004
EVT02253,BMW106,2026-03-02 07:08:27.805586,50,47,62,75557,F003
EVT02254,BMW019,2026-04-19 15:08:27.805595,8,57,74,182374,
EVT02255,BMW045,2026-06-24 14:08:27.805605,57,40,106,133910,F002
EVT02256,BMW074,2026-03-15 13:08:27.805614,110,91,79,48604,F001
EVT02257,BMW142,2026-07-14 04:08:27.805624,120,29,91,35522,F001
EVT02258,BMW158,2026-06-12 11:08:27.805634,81,18,80,97594,F004
EVT02259,BMW011,2026-08-06 01:08:27.805646,53,33,100,169012,F003
EVT02260,BMW087,2026-03-15 18:08:27.805655,60,68,82,192498,F001
EVT02261,BMW199,2026-08-17 00:08:27.805665,79,97,95,219195,F002
EVT02262,BMW095,2026-04-09 09:08:27.805675,79,92,80,171998,F004
EVT02263,BMW059,2026-03-16 19:08:27.805684,133,70,54,62825,F005
EVT02264,BMW125,2026-05-25 07:08:27.805693,108,52,105,145783,F003
EVT02265,BMW158,2026-08-18 17:08:27.805702,14,62,69,196118,F001
EVT02266,BMW181,2026-05-18 08:08:27.805711,10,15,98,56614,F003
EVT02267,BMW167,2026-05-14 09:08:27.805720,150,92,92,248042,F003
EVT02268,BMW149,2026-03-15 02:08:27.805730,53,65,82,202182,
EVT02269,BMW101,2026-07-31 12:08:27.805740,163,76,52,28254,F002
EVT02270,BMW039,2026-02-23 08:08:27.805750,40,54,91,86543,F001
EVT02271,BMW041,2026-04-12 00:08:27.805759,139,99,56,127970,
EVT02272,BMW066,2026-04-03 23:08:27.805769,155,46,53,60914,
EVT02273,BMW149,2026-09-04 02:08:27.805779,84,96,77,177404,F005
EVT02274,BMW004,2026-05-17 17:08:27.805792,51,15,101,63513,
EVT02275,BMW018,2026-05-01 08:08:27.805802,18,58,65,90059,F005
EVT02276,BMW001,2026-07-14 05:08:27.805812,169,20,70,10243,F001
EVT02277,BMW016,2026-07-08 03:08:27.805822,47,19,51,147830,
EVT02278,BMW060,2026-06-27 09:08:27.805832,4,35,77,117509,
EVT02279,BMW016,2026-04-08 07:08:27.805844,35,81,87,93862,
EVT02280,BMW009,2026-07-21 18:08:27.805854,40,51,100,244258,F005
EVT02281,BMW114,2026-05-19 10:08:27.805864,133,64,59,127085,F003
EVT02282,BMW179,2026-07-20 01:08:27.805874,96,13,96,109894,F003
EVT02283,BMW022,2026-06-25 18:08:27.805884,160,35,84,177634,
EVT02284,BMW028,2026-09-06 23:08:27.805894,21,70,50,11237,F005
EVT02285,BMW070,2026-02-27 17:08:27.805904,80,32,87,141993,
EVT02286,BMW060,2026-07-30 00:08:27.805914,41,36,89,90530,F003
EVT02287,BMW056,2026-05-09 05:08:27.805924,39,64,106,162969,F003
EVT02288,BMW001,2026-02-22 11:08:27.805933,82,92,95,68660,F004
EVT02289,BMW184,2026-05-15 13:08:27.805942,57,48,74,98689,F004
EVT02290,BMW009,2026-02-22 09:08:27.805951,128,67,55,242059,F003
EVT02291,BMW050,2026-04-14 08:08:27.805960,9,63,106,10502,
EVT02292,BMW026,2026-06-07 03:08:27.805969,50,81,95,23558,F004
EVT02293,BMW028,2026-08-15 11:08:27.805979,150,50,78,222172,F005
EVT02294,BMW172,2026-04-21 05:08:27.805989,175,16,73,110765,F002
EVT02295,BMW179,2026-07-10 07:08:27.805999,170,42,91,64067,F003
EVT02296,BMW008,2026-08-24 16:08:27.806009,82,53,65,213359,F001
EVT02297,BMW147,2026-09-01 21:08:27.806019,163,23,71,50544,F005
EVT02298,BMW087,2026-04-30 18:08:27.806031,99,83,99,142786,F001
EVT02299,BMW005,2026-03-28 04:08:27.806040,156,37,68,83187,
EVT02300,BMW168,2026-04-12 02:08:27.806049,78,65,82,144205,F001
EVT02301,BMW026,2026-04-21 15:08:27.806058,143,53,58,215220,F002
EVT02302,BMW189,2026-06-12 16:08:27.806067,89,33,69,198836,F003
EVT02303,BMW059,2026-03-19 22:08:27.806076,52,45,60,233911,F001
EVT02304,BMW006,2026-07-03 16:08:27.806085,98,50,65,58387,F003
EVT02305,BMW078,2026-05-31 20:08:27.806095,126,55,84,241863,F005
EVT02306,BMW113,2026-04-18 16:08:27.806104,9,81,92,89057,F003
EVT02307,BMW175,2026-09-03 06:08:27.806113,135,79,95,225625,
EVT02308,BMW006,2026-04-04 08:08:27.806122,148,12,95,40854,F002
EVT02309,BMW118,2026-06-14 12:08:27.806131,176,15,69,213766,F004
EVT02310,BMW070,2026-04-16 07:08:27.806140,95,88,79,95371,F004
EVT02311,BMW021,2026-05-03 02:08:27.806148,171,82,60,143376,
EVT02312,BMW137,2026-08-11 15:08:27.806157,125,41,72,22945,F001
EVT02313,BMW171,2026-04-24 08:08:27.806166,156,14,95,201722,F002
EVT02314,BMW196,2026-06-15 13:08:27.806175,139,26,64,205353,F004
EVT02315,BMW182,2026-06-15 09:08:27.806183,65,68,102,36579,F005
EVT02316,BMW164,2026-02-21 02:08:27.806192,59,95,90,70024,F004
EVT02317,BMW038,2026-09-14 08:08:27.806201,45,51,82,186101,F005
EVT02318,BMW117,2026-06-29 08:08:27.806212,167,63,96,122143,F001
EVT02319,BMW150,2026-03-13 19:08:27.806221,81,14,56,114830,F001
EVT02320,BMW188,2026-03-17 14:08:27.806230,7,98,96,76323,F005
EVT02321,BMW101,2026-05-06 00:08:27.806239,47,26,110,169152,F002
EVT02322,BMW120,2026-07-14 07:08:27.806247,87,14,51,141017,F002
EVT02323,BMW185,2026-05-03 14:08:27.806256,1,33,57,187353,F003
EVT02324,BMW083,2026-04-06 16:08:27.806265,39,74,102,90245,
EVT02325,BMW127,2026-05-31 12:08:27.806274,50,48,81,209216,
EVT02326,BMW181,2026-05-09 03:08:27.806282,115,38,92,31785,F005
EVT02327,BMW025,2026-06-03 02:08:27.806291,53,54,109,117469,F001
EVT02328,BMW001,2026-04-14 14:08:27.806300,9,93,110,172256,F005
EVT02329,BMW007,2026-03-10 06:08:27.806309,85,38,85,175685,
EVT02330,BMW030,2026-07-07 21:08:27.806319,80,17,102,97106,F004
EVT02331,BMW008,2026-07-20 13:08:27.806328,6,54,93,220991,F004
EVT02332,BMW016,2026-05-04 17:08:27.806337,97,89,100,147832,F004
EVT02333,BMW167,2026-09-11 09:08:27.806346,46,97,62,178840,F001
EVT02334,BMW185,2026-07-16 14:08:27.806355,132,26,76,123931,F002
EVT02335,BMW004,2026-03-21 15:08:27.806363,114,16,63,187671,F002
EVT02336,BMW113,2026-04-22 00:08:27.806372,39,92,103,37118,
EVT02337,BMW069,2026-04-20 10:08:27.806383,131,69,110,97570,
EVT02338,BMW164,2026-04-03 14:08:27.806391,140,34,99,246134,F004
EVT02339,BMW027,2026-09-10 23:08:27.806400,152,27,85,98974,
EVT02340,BMW109,2026-06-20 12:08:27.806409,49,42,109,174580,F001
EVT02341,BMW023,2026-06-21 21:08:27.806417,147,72,98,62539,F003
EVT02342,BMW193,2026-04-07 21:08:27.806426,98,27,77,11094,
EVT02343,BMW085,2026-09-09 22:08:27.806435,65,71,87,207918,F001
EVT02344,BMW136,2026-07-04 01:08:27.806445,91,63,65,137678,F003
EVT02345,BMW086,2026-04-07 22:08:27.806454,130,24,98,237869,
EVT02346,BMW001,2026-07-29 12:08:27.806463,170,79,90,74664,F002
EVT02347,BMW076,2026-04-29 15:08:27.806472,92,30,104,217110,
EVT02348,BMW117,2026-04-13 16:08:27.806481,103,82,66,19497,F001
EVT02349,BMW051,2026-07-24 11:08:27.806491,15,23,51,53115,F003
EVT02350,BMW191,2026-07-16 16:08:27.806538,118,66,109,216306,F001
EVT02351,BMW124,2026-07-21 10:08:27.806548,111,29,71,106397,F001
EVT02352,BMW195,2026-08-15 22:08:27.806557,22,67,60,46715,
EVT02353,BMW097,2026-03-29 13:08:27.806566,7,67,80,54592,F005
EVT02354,BMW121,2026-07-08 06:08:27.806575,10,97,77,126268,F002
EVT02355,BMW046,2026-05-27 17:08:27.806583,131,29,99,239264,
EVT02356,BMW169,2026-03-13 05:08:27.806593,28,53,78,46733,F001
EVT02357,BMW089,2026-03-03 23:08:27.806605,88,28,79,93338,F002
EVT02358,BMW065,2026-02-26 11:08:27.806614,66,12,82,105352,F004
EVT02359,BMW122,2026-09-08 21:08:27.806623,155,31,61,164741,F002
EVT02360,BMW032,2026-08-16 06:08:27.806632,169,48,52,188993,F001
EVT02361,BMW067,2026-08-05 08:08:27.806641,123,59,98,64835,F005
EVT02362,BMW106,2026-04-08 22:08:27.806650,67,49,78,82584,F003
EVT02363,BMW077,2026-04-04 16:08:27.806661,159,74,78,153971,
EVT02364,BMW088,2026-03-26 22:08:27.806670,43,49,60,218848,F004
EVT02365,BMW064,2026-07-03 13:08:27.806678,120,90,110,214007,F004
EVT02366,BMW157,2026-03-05 17:08:27.806688,90,95,98,140083,F005
EVT02367,BMW026,2026-04-12 20:08:27.806696,54,39,103,198188,F001
EVT02368,BMW144,2026-08-05 03:08:27.806705,102,100,52,31362,F002
EVT02369,BMW064,2026-06-02 22:08:27.806715,40,65,106,220693,F004
EVT02370,BMW078,2026-09-16 05:08:27.806724,42,38,99,163419,F001
EVT02371,BMW022,2026-04-30 20:08:27.806732,120,65,101,177040,F004
EVT02372,BMW150,2026-03-28 22:08:27.806741,113,93,62,224286,F002
EVT02373,BMW151,2026-05-07 08:08:27.806752,18,38,75,191090,
EVT02374,BMW012,2026-03-17 23:08:27.806762,109,62,82,226848,F005
EVT02375,BMW147,2026-04-29 15:08:27.806772,174,43,76,45060,F003
EVT02376,BMW002,2026-05-20 13:08:27.806783,113,72,104,169531,F004
EVT02377,BMW112,2026-08-29 07:08:27.806793,28,25,71,93552,F002
EVT02378,BMW132,2026-04-08 15:08:27.806803,47,40,59,73772,
EVT02379,BMW009,2026-07-16 16:08:27.806813,86,55,71,109716,F005
EVT02380,BMW170,2026-07-24 09:08:27.806822,65,24,65,10243,F001
EVT02381,BMW181,2026-08-31 15:08:27.806833,44,87,57,74191,F004
EVT02382,BMW098,2026-06-08 19:08:27.806843,28,46,60,237194,F005
EVT02383,BMW170,2026-06-09 15:08:27.806853,113,30,109,57734,F002
EVT02384,BMW142,2026-06-14 22:08:27.806863,77,10,59,198760,F005
EVT02385,BMW015,2026-04-26 05:08:27.806872,41,79,69,102769,
EVT02386,BMW148,2026-07-21 14:08:27.806883,13,14,102,125930,F004
EVT02387,BMW097,2026-03-24 22:08:27.806892,81,58,51,36680,F004
EVT02388,BMW186,2026-02-21 02:08:27.806902,170,90,54,115290,
EVT02389,BMW116,2026-03-21 14:08:27.806912,170,43,72,156968,F005
EVT02390,BMW190,2026-03-16 18:08:27.806922,68,63,86,142357,F001
EVT02391,BMW122,2026-03-14 21:08:27.806932,167,33,78,221224,F004
EVT02392,BMW039,2026-08-08 23:08:27.806942,19,72,93,131914,F004
EVT02393,BMW103,2026-08-05 17:08:27.806952,56,17,96,236274,
EVT02394,BMW124,2026-04-22 09:08:27.806962,24,12,100,203066,F002
EVT02395,BMW142,2026-06-07 02:08:27.806972,179,96,71,48817,
EVT02396,BMW174,2026-03-09 06:08:27.806985,178,67,53,27150,
EVT02397,BMW197,2026-03-22 20:08:27.806995,8,23,94,41874,F003
EVT02398,BMW120,2026-04-03 18:08:27.807004,37,82,51,188239,F004
EVT02399,BMW167,2026-03-02 20:08:27.807015,132,19,67,177742,
EVT02400,BMW029,2026-04-02 00:08:27.807025,73,20,59,106622,F002
EVT02401,BMW177,2026-07-11 14:08:27.807035,64,35,52,106509,F003
EVT02402,BMW161,2026-03-16 08:08:27.807045,117,63,70,170921,
EVT02403,BMW022,2026-08-12 20:08:27.807055,84,64,68,240926,F002
EVT02404,BMW137,2026-07-10 01:08:27.807065,26,50,85,175644,F002
EVT02405,BMW090,2026-08-08 09:08:27.807075,175,79,87,197617,F002
EVT02406,BMW070,2026-04-06 04:08:27.807084,109,97,75,107703,F001
EVT02407,BMW048,2026-04-04 04:08:27.807093,9,74,102,117422,F004
EVT02408,BMW198,2026-04-08 09:08:27.807103,30,22,92,130580,F003
EVT02409,BMW130,2026-02-22 08:08:27.807113,117,34,60,239176,F001
EVT02410,BMW159,2026-06-09 19:08:27.807123,179,48,59,207750,
EVT02411,BMW062,2026-07-05 10:08:27.807133,127,57,103,60367,F001
EVT02412,BMW014,2026-05-11 09:08:27.807143,168,67,102,179934,F005
EVT02413,BMW155,2026-08-20 20:08:27.807153,169,72,108,96474,
EVT02414,BMW153,2026-06-19 08:08:27.807163,67,92,71,228874,F001
EVT02415,BMW066,2026-07-25 13:08:27.807176,116,62,90,19525,F002
EVT02416,BMW099,2026-05-30 03:08:27.807185,96,83,101,204487,F003
EVT02417,BMW190,2026-09-12 05:08:27.807195,136,17,81,140723,F002
EVT02418,BMW108,2026-05-12 07:08:27.807205,139,66,72,194725,F005
EVT02419,BMW070,2026-05-21 07:08:27.807214,20,57,98,236316,F005
EVT02420,BMW150,2026-06-05 14:08:27.807224,68,71,92,41767,
EVT02421,BMW134,2026-05-23 00:08:27.807234,112,49,58,143869,
EVT02422,BMW054,2026-08-10 11:08:27.807243,92,26,83,44221,F005
EVT02423,BMW008,2026-08-05 14:08:27.807254,37,55,89,75151,F005
EVT02424,BMW030,2026-06-11 04:08:27.807264,153,96,103,240652,F001
EVT02425,BMW057,2026-02-23 13:08:27.807274,148,78,76,174881,F002
EVT02426,BMW130,2026-08-26 14:08:27.807284,80,59,76,77728,F004
EVT02427,BMW149,2026-07-18 11:08:27.807294,65,100,52,149000,F005
EVT02428,BMW146,2026-08-27 15:08:27.807304,2,29,78,183015,F005
EVT02429,BMW019,2026-05-19 16:08:27.807314,119,39,91,32185,F003
EVT02430,BMW080,2026-04-04 09:08:27.807324,154,83,102,213559,F003
EVT02431,BMW118,2026-03-23 12:08:27.807334,46,63,79,23564,F004
EVT02432,BMW177,2026-08-16 10:08:27.807344,178,26,83,184035,F002
EVT02433,BMW147,2026-07-16 17:08:27.807354,164,47,60,124443,F005
EVT02434,BMW034,2026-06-29 06:08:27.807363,26,28,69,62424,F005
EVT02435,BMW106,2026-02-24 22:08:27.807375,41,96,82,193194,F002
EVT02436,BMW104,2026-08-09 09:08:27.807385,137,47,72,59214,
EVT02437,BMW062,2026-03-30 15:08:27.807395,175,14,59,86666,
EVT02438,BMW051,2026-03-08 10:08:27.807404,92,52,92,60146,F005
EVT02439,BMW100,2026-02-23 20:08:27.807413,126,25,101,125315,F004
EVT02440,BMW118,2026-05-27 15:08:27.807423,94,20,63,138431,F004
EVT02441,BMW135,2026-09-12 22:08:27.807433,176,54,98,198005,F005
EVT02442,BMW157,2026-06-18 00:08:27.807444,122,41,109,110437,F002
EVT02443,BMW084,2026-09-14 18:08:27.807455,150,45,68,29191,F003
EVT02444,BMW152,2026-05-20 15:08:27.807465,19,49,96,119423,F004
EVT02445,BMW100,2026-07-12 10:08:27.807475,139,74,110,146864,F005
EVT02446,BMW159,2026-08-12 13:08:27.807485,84,11,69,37961,F003
EVT02447,BMW134,2026-04-13 06:08:27.807495,88,11,71,180299,F001
EVT02448,BMW159,2026-03-16 13:08:27.807552,179,18,74,205430,F001
EVT02449,BMW157,2026-05-01 03:08:27.807563,95,43,88,71855,
EVT02450,BMW107,2026-05-20 02:08:27.807573,132,52,73,26838,F001
EVT02451,BMW037,2026-08-01 02:08:27.807584,23,93,108,36593,F003
EVT02452,BMW082,2026-04-25 02:08:27.807594,179,13,106,30797,F001
EVT02453,BMW182,2026-05-12 06:08:27.807604,64,77,77,43782,F005
EVT02454,BMW135,2026-07-22 22:08:27.807617,0,40,103,11531,
EVT02455,BMW167,2026-09-15 23:08:27.807627,151,75,71,21880,F002
EVT02456,BMW030,2026-05-29 10:08:27.807637,169,27,108,60161,
EVT02457,BMW093,2026-07-28 06:08:27.807647,151,84,110,95705,F001
EVT02458,BMW037,2026-08-09 14:08:27.807656,40,24,97,212404,F005
EVT02459,BMW093,2026-08-23 07:08:27.807666,20,19,93,157120,F003
EVT02460,BMW113,2026-06-06 04:08:27.807675,134,46,77,242287,F002
EVT02461,BMW008,2026-08-18 08:08:27.807685,46,47,91,226686,
EVT02462,BMW136,2026-09-16 15:08:27.807695,145,28,84,133115,F003
EVT02463,BMW025,2026-05-10 03:08:27.807705,165,28,73,139548,F002
EVT02464,BMW167,2026-04-10 12:08:27.807715,142,36,56,148525,F003
EVT02465,BMW078,2026-08-12 11:08:27.807724,1,69,93,224203,F001
EVT02466,BMW140,2026-07-11 19:08:27.807735,175,57,94,141306,F003
EVT02467,BMW166,2026-03-19 10:08:27.807745,78,24,52,125186,F004
EVT02468,BMW081,2026-04-22 10:08:27.807756,20,36,57,46332,F004
EVT02469,BMW165,2026-06-09 09:08:27.807766,17,34,50,108948,F004
EVT02470,BMW035,2026-04-15 23:08:27.807776,45,84,85,52429,F005
EVT02471,BMW075,2026-06-04 20:08:27.807786,6,58,50,76778,F005
EVT02472,BMW137,2026-03-11 00:08:27.807796,0,30,62,234312,F003
EVT02473,BMW198,2026-03-13 00:08:27.807805,81,57,71,180390,F003
EVT02474,BMW164,2026-04-05 19:08:27.807817,62,85,85,204371,F003
EVT02475,BMW082,2026-07-22 13:08:27.807828,12,93,74,182827,F005
EVT02476,BMW183,2026-03-30 08:08:27.807838,83,86,58,28428,F005
EVT02477,BMW166,2026-03-08 13:08:27.807847,76,88,85,81524,F002
EVT02478,BMW070,2026-08-23 15:08:27.807857,100,92,102,30478,F002
EVT02479,BMW181,2026-06-03 00:08:27.807866,126,75,62,32392,F002
EVT02480,BMW041,2026-04-13 02:08:27.807876,144,14,102,204884,
EVT02481,BMW171,2026-05-17 15:08:27.807885,127,93,84,42189,F001
EVT02482,BMW042,2026-03-31 02:08:27.807895,146,60,78,139337,F004
EVT02483,BMW017,2026-05-22 23:08:27.807904,103,23,104,114932,F004
EVT02484,BMW119,2026-08-16 04:08:27.807913,40,75,54,46570,F004
EVT02485,BMW156,2026-07-26 06:08:27.807923,14,53,65,159461,F003
EVT02486,BMW010,2026-07-27 15:08:27.807932,95,75,80,43148,F005
EVT02487,BMW064,2026-05-14 00:08:27.807941,96,27,97,102159,F002
EVT02488,BMW094,2026-05-07 13:08:27.807950,112,24,99,234254,F001
EVT02489,BMW021,2026-03-21 12:08:27.807961,97,55,78,192489,
EVT02490,BMW056,2026-05-15 03:08:27.807970,83,94,82,41470,F001
EVT02491,BMW074,2026-07-29 12:08:27.807982,121,35,87,207159,F003
EVT02492,BMW010,2026-04-29 07:08:27.807992,30,25,102,221629,F005
EVT02493,BMW010,2026-09-07 10:08:27.808003,120,17,100,77218,F003
EVT02494,BMW187,2026-08-03 13:08:27.808013,119,31,61,35790,F005
EVT02495,BMW178,2026-08-29 09:08:27.808023,38,44,87,43865,F002
EVT02496,BMW018,2026-07-23 02:08:27.808032,116,83,94,170391,F005
EVT02497,BMW013,2026-07-08 10:08:27.808041,163,11,95,198265,F004
EVT02498,BMW102,2026-04-18 15:08:27.808051,158,13,86,169601,F005
EVT02499,BMW106,2026-05-14 18:08:27.808061,125,52,74,82079,F003
EVT02500,BMW040,2026-07-31 20:08:27.808070,163,59,51,138635,F005
EVT02501,BMW071,2026-09-14 01:08:27.808079,91,27,53,245611,F002
EVT02502,BMW110,2026-07-29 07:08:27.808088,135,22,99,237236,F002
EVT02503,BMW076,2026-07-19 08:08:27.808099,176,64,72,136203,F005
EVT02504,BMW109,2026-08-28 21:08:27.808109,40,43,73,64375,
EVT02505,BMW180,2026-08-19 22:08:27.808120,73,38,96,70328,F002
EVT02506,BMW039,2026-08-30 09:08:27.808130,166,79,104,192078,F001
EVT02507,BMW142,2026-04-03 13:08:27.808140,17,69,84,49110,F003
EVT02508,BMW051,2026-07-01 16:08:27.808150,65,33,93,35993,F004
EVT02509,BMW074,2026-08-27 23:08:27.808160,5,33,89,164974,F004
EVT02510,BMW166,2026-05-06 08:08:27.808170,82,85,99,195558,F001
EVT02511,BMW120,2026-04-22 19:08:27.808180,89,40,80,112603,F004
EVT02512,BMW136,2026-03-10 02:08:27.808190,44,57,91,44811,F005
EVT02513,BMW184,2026-04-01 07:08:27.808202,55,90,59,167837,F005
EVT02514,BMW070,2026-08-23 15:08:27.808212,96,17,62,176230,
EVT02515,BMW035,2026-06-22 10:08:27.808222,12,24,71,106596,F002
EVT02516,BMW035,2026-03-21 08:08:27.808232,46,45,98,95386,
EVT02517,BMW108,2026-07-24 10:08:27.808241,177,66,72,71551,F005
EVT02518,BMW197,2026-04-12 01:08:27.808251,46,67,107,50879,F001
EVT02519,BMW141,2026-08-03 22:08:27.808260,40,39,54,190907,F002
EVT02520,BMW191,2026-04-17 02:08:27.808271,173,52,64,74555,F002
EVT02521,BMW070,2026-06-07 06:08:27.808280,159,51,83,60344,F003
EVT02522,BMW028,2026-03-01 21:08:27.808289,111,71,104,17464,F001
EVT02523,BMW070,2026-03-17 08:08:27.808298,125,81,70,14675,F005
EVT02524,BMW149,2026-07-08 09:08:27.808307,136,98,76,176694,
EVT02525,BMW180,2026-08-30 00:08:27.808317,98,47,56,46165,F003
EVT02526,BMW096,2026-02-25 17:08:27.808327,150,49,85,30012,F003
EVT02527,BMW079,2026-03-28 17:08:27.808336,35,20,90,33262,F004
EVT02528,BMW095,2026-09-13 21:08:27.808345,10,28,69,239596,F003
EVT02529,BMW071,2026-04-28 23:08:27.808355,164,82,80,25928,F003
EVT02530,BMW169,2026-09-14 16:08:27.808365,70,77,95,92963,
EVT02531,BMW105,2026-08-14 02:08:27.808375,115,67,67,49785,F003
EVT02532,BMW192,2026-08-25 14:08:27.808388,160,33,70,20515,F002
EVT02533,BMW111,2026-04-04 14:08:27.808398,64,22,69,68137,F005
EVT02534,BMW157,2026-03-17 19:08:27.808408,159,12,88,179000,F002
EVT02535,BMW039,2026-05-10 07:08:27.808417,172,47,71,115224,F005
EVT02536,BMW049,2026-04-02 22:08:27.808427,107,39,86,53127,F005
EVT02537,BMW141,2026-03-01 05:08:27.808437,81,60,54,177102,F001
EVT02538,BMW154,2026-03-12 13:08:27.808446,65,20,107,145236,F004
EVT02539,BMW041,2026-06-16 04:08:27.808455,178,59,93,218937,
EVT02540,BMW166,2026-06-27 08:08:27.808465,28,76,92,108673,
EVT02541,BMW076,2026-04-17 14:08:27.808475,28,91,61,118237,F001
EVT02542,BMW093,2026-03-20 05:08:27.808485,148,55,60,141246,F002
EVT02543,BMW088,2026-06-24 19:08:27.808494,68,59,83,139341,
EVT02544,BMW200,2026-06-04 12:08:27.808540,76,22,101,207558,
EVT02545,BMW192,2026-08-20 20:08:27.808551,83,40,74,24199,
EVT02546,BMW157,2026-02-27 21:08:27.808560,113,26,52,83484,F004
EVT02547,BMW196,2026-04-29 15:08:27.808571,176,74,93,226534,
EVT02548,BMW196,2026-07-19 07:08:27.808581,123,86,60,181028,
EVT02549,BMW029,2026-03-12 10:08:27.808590,24,80,55,119239,F001
EVT02550,BMW033,2026-09-17 00:08:27.808600,160,39,110,14814,F002
EVT02551,BMW042,2026-06-08 21:08:27.808610,9,20,57,127691,F005
EVT02552,BMW168,2026-05-24 20:08:27.808624,17,63,76,103793,F003
EVT02553,BMW194,2026-09-06 12:08:27.808633,83,68,88,82396,F002
EVT02554,BMW113,2026-07-03 10:08:27.808644,159,43,106,152267,F001
EVT02555,BMW108,2026-07-15 12:08:27.808654,166,97,104,96064,
EVT02556,BMW135,2026-06-01 00:08:27.808664,97,29,98,175167,F001
EVT02557,BMW053,2026-07-04 12:08:27.808675,157,97,63,74571,F005
EVT02558,BMW030,2026-04-30 14:08:27.808685,62,27,70,165032,F005
EVT02559,BMW083,2026-07-03 17:08:27.808694,89,79,80,116621,F003
EVT02560,BMW026,2026-04-16 21:08:27.808704,175,62,74,149146,F004
EVT02561,BMW127,2026-05-08 08:08:27.808714,159,40,61,41192,F002
EVT02562,BMW170,2026-04-20 06:08:27.808725,53,93,77,190088,F004
EVT02563,BMW074,2026-04-21 23:08:27.808734,142,22,89,132818,F005
EVT02564,BMW019,2026-04-20 10:08:27.808744,167,10,82,199636,F004
EVT02565,BMW184,2026-06-26 23:08:27.808753,31,49,53,192829,F005
EVT02566,BMW161,2026-05-01 07:08:27.808763,138,89,79,20517,F005
EVT02567,BMW190,2026-07-25 07:08:27.808772,50,64,91,229000,F005
EVT02568,BMW006,2026-05-20 10:08:27.808782,165,28,73,191165,F002
EVT02569,BMW191,2026-05-26 15:08:27.808791,107,19,51,136403,F002
EVT02570,BMW025,2026-07-21 09:08:27.808810,128,61,62,97314,F002
EVT02571,BMW066,2026-03-12 12:08:27.808822,107,49,81,13874,F003
EVT02572,BMW161,2026-02-22 20:08:27.808831,17,65,68,132135,F004
EVT02573,BMW025,2026-05-25 22:08:27.808841,155,15,76,145067,F005
EVT02574,BMW101,2026-07-30 07:08:27.808850,63,77,93,63600,F002
EVT02575,BMW177,2026-06-10 08:08:27.808860,134,42,71,240393,F001
EVT02576,BMW184,2026-07-15 07:08:27.808870,50,85,62,125292,F004
EVT02577,BMW153,2026-03-08 05:08:27.808879,31,79,80,102346,F001
EVT02578,BMW154,2026-03-24 07:08:27.808890,165,31,109,130424,F001
EVT02579,BMW013,2026-04-24 23:08:27.808899,131,88,59,241142,F005
EVT02580,BMW113,2026-08-28 08:08:27.808909,34,62,94,213415,
EVT02581,BMW115,2026-05-17 02:08:27.808919,107,62,65,218940,F002
EVT02582,BMW055,2026-05-10 00:08:27.808928,69,46,57,181855,F003
EVT02583,BMW090,2026-02-21 22:08:27.808938,44,28,109,148003,F004
EVT02584,BMW146,2026-06-02 13:08:27.808947,89,28,64,223520,F002
EVT02585,BMW107,2026-02-21 05:08:27.808956,57,42,60,157947,F002
EVT02586,BMW122,2026-04-20 14:08:27.808966,40,75,66,126758,F001
EVT02587,BMW056,2026-05-03 05:08:27.808975,3,91,102,138420,F002
EVT02588,BMW147,2026-03-24 05:08:27.808985,152,70,65,66926,F002
EVT02589,BMW045,2026-05-04 02:08:27.808995,42,89,104,83443,
EVT02590,BMW095,2026-07-24 07:08:27.809006,67,45,82,172055,F004
EVT02591,BMW125,2026-06-20 08:08:27.809018,88,99,106,36269,F002
EVT02592,BMW017,2026-09-12 00:08:27.809028,18,32,56,181650,F003
EVT02593,BMW049,2026-04-28 00:08:27.809037,59,13,101,222414,F004
EVT02594,BMW145,2026-03-02 06:08:27.809047,30,73,102,81053,F002
EVT02595,BMW054,2026-03-25 19:08:27.809056,133,99,107,52611,F005
EVT02596,BMW024,2026-03-13 03:08:27.809066,61,75,56,69629,F001
EVT02597,BMW010,2026-04-24 00:08:27.809075,53,30,92,119756,F005
EVT02598,BMW089,2026-08-20 11:08:27.809085,127,10,109,64284,F001
EVT02599,BMW171,2026-06-11 03:08:27.809095,173,47,92,95660,F004
EVT02600,BMW126,2026-04-22 13:08:27.809104,153,11,79,86409,F001
EVT02601,BMW022,2026-08-18 14:08:27.809114,105,30,82,173794,F004
EVT02602,BMW059,2026-03-01 09:08:27.809142,43,20,87,216091,F002
EVT02603,BMW069,2026-08-06 01:08:27.809152,59,39,107,220236,F003
EVT02604,BMW140,2026-06-14 02:08:27.809161,138,84,95,152555,F004
EVT02605,BMW059,2026-07-22 13:08:27.809171,20,55,82,174523,F003
EVT02606,BMW055,2026-07-14 07:08:27.809181,128,19,66,195896,F002
EVT02607,BMW009,2026-06-06 05:08:27.809190,46,73,64,203163,F002
EVT02608,BMW174,2026-02-24 12:08:27.809199,132,15,74,131214,F001
EVT02609,BMW114,2026-09-04 17:08:27.809208,139,97,53,67010,F002
EVT02610,BMW191,2026-07-08 12:08:27.809220,31,69,97,106861,F004
EVT02611,BMW164,2026-05-17 23:08:27.809229,89,36,93,51250,F002
EVT02612,BMW099,2026-05-14 19:08:27.809238,61,72,103,96343,F002
EVT02613,BMW147,2026-05-28 02:08:27.809247,116,93,57,247811,
EVT02614,BMW149,2026-03-03 22:08:27.809257,150,30,106,233691,
EVT02615,BMW061,2026-07-21 07:08:27.809266,33,66,84,213222,F001
EVT02616,BMW026,2026-07-14 04:08:27.809275,90,26,61,169092,F005
EVT02617,BMW032,2026-09-04 02:08:27.809284,58,41,60,110618,F001
EVT02618,BMW096,2026-05-08 18:08:27.809294,60,99,75,179860,F004
EVT02619,BMW164,2026-05-07 07:08:27.809305,135,84,106,227273,F002
EVT02620,BMW080,2026-08-08 11:08:27.809316,1,82,63,59515,F001
EVT02621,BMW006,2026-03-16 00:08:27.809326,14,57,59,192107,F005
EVT02622,BMW025,2026-07-14 02:08:27.809336,135,25,76,28342,F003
EVT02623,BMW127,2026-06-02 05:08:27.809345,155,53,69,126830,F004
EVT02624,BMW179,2026-04-30 17:08:27.809355,109,13,91,200330,
EVT02625,BMW120,2026-06-15 07:08:27.809366,65,38,64,124461,F004
EVT02626,BMW007,2026-09-13 08:08:27.809376,84,41,76,75003,
EVT02627,BMW111,2026-08-17 19:08:27.809385,66,57,54,65030,F003
EVT02628,BMW117,2026-03-07 14:08:27.809395,24,92,78,124157,F002
EVT02629,BMW181,2026-05-17 16:08:27.809404,153,83,50,43026,F003
EVT02630,BMW064,2026-05-01 05:08:27.809417,87,89,105,101279,F004
EVT02631,BMW030,2026-06-21 10:08:27.809427,37,70,68,190025,F001
EVT02632,BMW132,2026-04-21 20:08:27.809437,88,16,77,135456,F003
EVT02633,BMW089,2026-04-12 13:08:27.809447,136,48,64,192217,F003
EVT02634,BMW145,2026-06-13 16:08:27.809457,155,11,65,158760,F005
EVT02635,BMW043,2026-06-19 03:08:27.809466,35,16,110,211565,F003
EVT02636,BMW040,2026-07-07 10:08:27.809475,5,81,60,27143,F001
EVT02637,BMW167,2026-07-27 14:08:27.809484,120,13,62,205739,F001
EVT02638,BMW144,2026-08-25 22:08:27.809494,111,51,105,195399,F001
EVT02639,BMW172,2026-05-06 05:08:27.809597,163,20,83,143044,F003
EVT02640,BMW185,2026-06-22 01:08:27.809610,127,54,93,117943,F001
EVT02641,BMW032,2026-08-08 14:08:27.809620,13,89,87,95879,F002
EVT02642,BMW080,2026-07-20 18:08:27.809666,81,15,85,216286,
EVT02643,BMW019,2026-04-12 19:08:27.809677,18,16,72,138459,F002
EVT02644,BMW058,2026-06-25 03:08:27.809686,52,89,65,179006,F003
EVT02645,BMW013,2026-06-10 19:08:27.809696,143,78,87,65966,
EVT02646,BMW074,2026-03-16 13:08:27.809707,168,59,101,86644,
EVT02647,BMW103,2026-07-18 08:08:27.809716,76,40,100,114149,F002
EVT02648,BMW022,2026-08-14 00:08:27.809725,3,97,64,187145,
EVT02649,BMW041,2026-06-29 05:08:27.809738,2,87,76,130736,
EVT02650,BMW176,2026-05-31 11:08:27.809748,171,73,57,117128,F005
EVT02651,BMW138,2026-07-23 02:08:27.809758,1,53,82,38062,
EVT02652,BMW199,2026-03-16 19:08:27.809767,148,82,79,233642,F003
EVT02653,BMW117,2026-05-17 10:08:27.809777,25,32,75,193796,F005
EVT02654,BMW194,2026-07-07 19:08:27.809787,56,46,81,246229,F004
EVT02655,BMW018,2026-06-17 09:08:27.809797,68,45,50,12425,F001
EVT02656,BMW164,2026-09-15 21:08:27.809806,69,50,87,180341,F003
EVT02657,BMW104,2026-06-23 22:08:27.809816,151,49,66,26301,F004
EVT02658,BMW066,2026-06-10 03:08:27.809825,117,29,76,75475,F002
EVT02659,BMW073,2026-08-26 12:08:27.814213,106,44,66,180406,F004
EVT02660,BMW156,2026-08-12 05:08:27.814236,172,33,62,101421,F002
EVT02661,BMW124,2026-09-04 06:08:27.814248,174,59,61,96569,F005
EVT02662,BMW050,2026-03-17 11:08:27.814258,10,84,72,72885,F002
EVT02663,BMW053,2026-03-07 15:08:27.814268,105,54,59,186495,F004
EVT02664,BMW197,2026-08-15 12:08:27.814278,56,97,110,214547,F005
EVT02665,BMW019,2026-07-01 17:08:27.814288,68,11,73,124335,F004
EVT02666,BMW107,2026-04-13 11:08:27.814297,166,39,104,183887,F005
EVT02667,BMW036,2026-02-25 20:08:27.814306,31,58,63,86404,F002
EVT02668,BMW184,2026-08-23 07:08:27.814316,8,82,86,158866,F002
EVT02669,BMW103,2026-08-11 11:08:27.814330,115,82,83,131558,F005
EVT02670,BMW074,2026-09-12 02:08:27.814339,117,63,87,73480,F001
EVT02671,BMW036,2026-04-15 20:08:27.814350,176,56,85,40637,F002
EVT02672,BMW001,2026-07-09 00:08:27.814359,0,35,97,65020,F003
EVT02673,BMW040,2026-06-23 07:08:27.814369,23,38,52,224169,F004
EVT02674,BMW092,2026-07-05 12:08:27.814378,49,57,73,191829,F004
EVT02675,BMW180,2026-08-09 02:08:27.814388,163,72,63,37673,F001
EVT02676,BMW004,2026-03-02 10:08:27.814398,60,66,57,112761,F003
EVT02677,BMW040,2026-05-10 21:08:27.814407,33,88,105,98206,
EVT02678,BMW065,2026-03-30 08:08:27.814417,29,32,104,21649,
EVT02679,BMW142,2026-03-14 06:08:27.814428,88,39,86,180611,F002
EVT02680,BMW051,2026-04-25 20:08:27.814438,152,72,110,120328,F005
EVT02681,BMW103,2026-02-27 08:08:27.814448,23,21,99,216446,F005
EVT02682,BMW106,2026-06-26 18:08:27.814457,131,13,102,183700,F005
EVT02683,BMW034,2026-03-25 09:08:27.814468,103,82,68,139971,F005
EVT02684,BMW096,2026-03-14 13:08:27.814479,133,92,101,130963,
EVT02685,BMW164,2026-08-29 23:08:27.814489,23,44,97,69404,F003
EVT02686,BMW089,2026-05-15 23:08:27.814532,113,60,93,247949,F004
EVT02687,BMW026,2026-07-24 11:08:27.814556,39,85,58,12123,F001
EVT02688,BMW156,2026-04-21 05:08:27.814570,97,19,84,180095,F001
EVT02689,BMW121,2026-03-09 06:08:27.814580,64,70,84,11260,F004
EVT02690,BMW010,2026-03-20 23:08:27.814590,18,32,91,34992,F005
EVT02691,BMW171,2026-08-24 05:08:27.814600,80,42,66,77815,F005
EVT02692,BMW120,2026-06-26 07:08:27.814610,99,63,91,56511,F004
EVT02693,BMW008,2026-08-26 15:08:27.814619,10,43,65,111408,F004
EVT02694,BMW140,2026-07-14 23:08:27.814630,65,11,103,175523,F005
EVT02695,BMW174,2026-04-02 21:08:27.814639,141,11,89,73654,F003
EVT02696,BMW070,2026-03-10 13:08:27.814649,113,75,91,161631,
EVT02697,BMW020,2026-04-06 15:08:27.814659,176,79,60,106981,
EVT02698,BMW074,2026-04-01 16:08:27.814669,105,37,78,141081,F002
EVT02699,BMW190,2026-02-25 16:08:27.814678,169,51,73,36378,F004
EVT02700,BMW198,2026-07-26 23:08:27.814688,110,19,54,75626,F004
EVT02701,BMW166,2026-08-12 14:08:27.814699,152,51,55,173657,F001
EVT02702,BMW015,2026-05-09 23:08:27.814709,174,21,83,180821,F002
EVT02703,BMW189,2026-06-05 22:08:27.814719,117,30,91,158638,F004
EVT02704,BMW173,2026-05-27 14:08:27.814728,98,20,56,220479,F003
EVT02705,BMW140,2026-08-26 02:08:27.814738,92,76,77,120252,
EVT02706,BMW056,2026-03-19 10:08:27.814747,126,50,63,40485,F003
EVT02707,BMW100,2026-04-13 09:08:27.814757,95,89,82,192219,F001
EVT02708,BMW008,2026-08-19 19:08:27.814771,149,95,55,51092,
EVT02709,BMW048,2026-08-25 22:08:27.814781,119,37,107,58010,F001
EVT02710,BMW146,2026-06-19 11:08:27.814792,77,40,88,163086,F005
EVT02711,BMW023,2026-05-21 07:08:27.814802,129,34,104,150586,F005
EVT02712,BMW152,2026-05-08 06:08:27.814812,23,30,109,143283,F003
EVT02713,BMW193,2026-09-09 00:08:27.814938,164,39,59,180473,
EVT02714,BMW082,2026-05-05 14:08:27.814951,58,12,95,199829,F001
EVT02715,BMW129,2026-04-30 18:08:27.814960,170,31,107,160086,
EVT02716,BMW056,2026-04-02 08:08:27.814970,120,67,91,174623,F005
EVT02717,BMW051,2026-02-22 22:08:27.814979,84,98,99,30806,F003
EVT02718,BMW104,2026-09-01 11:08:27.814989,128,17,70,205955,F003
EVT02719,BMW193,2026-09-02 04:08:27.814999,146,43,93,241226,F004
EVT02720,BMW162,2026-03-26 22:08:27.815010,120,43,74,129550,F004
EVT02721,BMW126,2026-07-21 11:08:27.815021,29,13,94,105543,F004
EVT02722,BMW099,2026-08-03 15:08:27.815030,74,70,109,85074,F005
EVT02723,BMW073,2026-03-29 02:08:27.815040,31,64,58,205548,F003
EVT02724,BMW184,2026-02-21 20:08:27.815049,171,80,50,71061,F005
EVT02725,BMW097,2026-08-13 06:08:27.815058,135,16,100,227392,F003
EVT02726,BMW113,2026-04-25 16:08:27.815068,175,13,100,77583,F004
EVT02727,BMW065,2026-02-25 12:08:27.815081,25,87,109,175608,F002
EVT02728,BMW131,2026-06-22 00:08:27.815091,55,54,83,214512,F001
EVT02729,BMW026,2026-05-24 10:08:27.815101,105,85,50,169280,F001
EVT02730,BMW138,2026-06-06 12:08:27.815111,123,83,78,143138,F001
EVT02731,BMW192,2026-07-23 11:08:27.815121,119,73,84,52755,F003
EVT02732,BMW085,2026-09-01 05:08:27.815131,109,30,75,234843,F003
EVT02733,BMW110,2026-08-13 11:08:27.815140,176,75,91,75565,F005
EVT02734,BMW031,2026-05-22 02:08:27.815150,65,89,96,39565,F005
EVT02735,BMW164,2026-05-02 16:08:27.815160,77,98,79,99710,F004
EVT02736,BMW094,2026-08-04 18:08:27.815170,45,36,68,149189,F001
EVT02737,BMW177,2026-08-03 17:08:27.815180,4,20,70,135919,F005
EVT02738,BMW018,2026-07-28 21:08:27.815189,123,13,89,199366,F004
EVT02739,BMW096,2026-05-22 22:08:27.815200,122,52,94,240737,F002
EVT02740,BMW168,2026-09-14 23:08:27.815209,122,76,54,175418,F005
EVT02741,BMW136,2026-08-14 18:08:27.815218,168,72,98,36287,F005
EVT02742,BMW093,2026-06-24 03:08:27.815228,95,91,97,57943,F003
EVT02743,BMW019,2026-04-09 12:08:27.815236,40,55,106,188880,F005
EVT02744,BMW133,2026-04-17 12:08:27.815245,78,17,92,220226,F001
EVT02745,BMW067,2026-04-15 02:08:27.815254,16,27,79,211370,
EVT02746,BMW116,2026-05-07 22:08:27.815264,96,28,98,225323,F005
EVT02747,BMW132,2026-08-17 13:08:27.815282,154,58,68,112572,F002
EVT02748,BMW134,2026-08-08 17:08:27.815292,43,69,68,38492,F004
EVT02749,BMW020,2026-09-15 09:08:27.815301,136,95,99,223509,F001
EVT02750,BMW047,2026-07-11 06:08:27.815312,151,99,105,68677,F003
EVT02751,BMW080,2026-08-07 14:08:27.815322,25,81,84,223202,F005
EVT02752,BMW156,2026-04-05 08:08:27.815331,141,67,53,160275,F005
EVT02753,BMW198,2026-02-24 15:08:27.815341,27,14,80,76117,F001
EVT02754,BMW005,2026-07-22 01:08:27.815350,108,34,82,73315,F002
EVT02755,BMW058,2026-06-24 15:08:27.815360,50,57,76,131844,F003
EVT02756,BMW122,2026-02-27 19:08:27.815369,95,58,77,66494,F003
EVT02757,BMW132,2026-05-23 02:08:27.815378,81,81,85,24412,F004
EVT02758,BMW172,2026-09-13 01:08:27.815388,123,21,69,170046,F001
EVT02759,BMW028,2026-05-11 19:08:27.815398,41,63,108,205294,F005
EVT02760,BMW020,2026-02-26 20:08:27.815407,9,33,51,193435,F005
EVT02761,BMW151,2026-06-15 00:08:27.815417,98,58,81,100167,F001
EVT02762,BMW052,2026-04-25 20:08:27.815426,108,35,68,82060,F001
EVT02763,BMW046,2026-06-15 06:08:27.815436,117,78,103,137838,F005
EVT02764,BMW052,2026-06-28 10:08:27.815445,70,77,76,116923,F002
EVT02765,BMW032,2026-08-13 01:08:27.815455,144,63,62,238708,F001
EVT02766,BMW066,2026-08-04 12:08:27.815466,28,57,60,114668,F004
EVT02767,BMW003,2026-04-20 10:08:27.815476,10,80,87,179950,F002
EVT02768,BMW174,2026-04-09 04:08:27.815485,66,88,92,121900,F004
EVT02769,BMW063,2026-06-01 06:08:27.815494,53,64,89,136622,F004
EVT02770,BMW177,2026-03-16 20:08:27.815550,87,49,89,184104,F005
EVT02771,BMW165,2026-03-10 03:08:27.815560,172,32,57,195062,
EVT02772,BMW143,2026-05-31 07:08:27.815568,152,34,81,145417,F001
EVT02773,BMW057,2026-07-18 11:08:27.815575,51,16,99,44989,F001
EVT02774,BMW013,2026-05-03 05:08:27.815583,61,94,65,235239,
EVT02775,BMW101,2026-05-29 22:08:27.815591,119,93,72,60516,F002
EVT02776,BMW015,2026-08-23 16:08:27.815600,11,40,94,44632,F003
EVT02777,BMW136,2026-06-09 13:08:27.815608,35,99,100,64857,F004
EVT02778,BMW195,2026-09-11 19:08:27.815617,118,54,59,101991,F003
EVT02779,BMW197,2026-05-12 23:08:27.815627,42,27,73,54172,F004
EVT02780,BMW058,2026-06-20 21:08:27.815635,82,55,66,72633,F002
EVT02781,BMW173,2026-05-23 20:08:27.815644,12,68,90,203931,F002
EVT02782,BMW065,2026-08-31 12:08:27.815654,175,47,87,171260,
EVT02783,BMW026,2026-05-15 12:08:27.815663,44,72,63,179750,F002
EVT02784,BMW195,2026-06-25 01:08:27.815671,118,17,83,133079,F002
EVT02785,BMW138,2026-03-21 17:08:27.815681,112,91,84,177433,F004
EVT02786,BMW163,2026-08-26 16:08:27.815693,84,45,108,26698,F004
EVT02787,BMW200,2026-06-15 19:08:27.815703,159,88,60,198462,F002
EVT02788,BMW160,2026-09-17 00:08:27.815712,92,77,75,239483,F003
EVT02789,BMW038,2026-03-24 00:08:27.815721,134,13,61,180799,F005
EVT02790,BMW189,2026-08-30 15:08:27.815731,47,80,97,103858,F001
EVT02791,BMW013,2026-09-11 15:08:27.815740,122,71,52,236233,F002
EVT02792,BMW197,2026-02-28 09:08:27.815750,164,94,66,231418,
EVT02793,BMW025,2026-05-29 02:08:27.815760,113,84,87,153558,F001
EVT02794,BMW077,2026-06-04 04:08:27.815769,98,76,66,23236,F005
EVT02795,BMW117,2026-02-27 01:08:27.815778,103,68,81,57211,F002
EVT02796,BMW119,2026-06-14 15:08:27.815789,2,43,51,99414,F004
EVT02797,BMW087,2026-06-20 20:08:27.815799,66,40,66,138181,
EVT02798,BMW021,2026-05-27 00:08:27.815808,158,35,91,139296,F005
EVT02799,BMW152,2026-05-08 21:08:27.815818,133,34,76,88206,F002
EVT02800,BMW018,2026-05-20 00:08:27.815827,126,27,78,113213,F001
EVT02801,BMW069,2026-05-28 19:08:27.815836,121,90,68,31814,F002
EVT02802,BMW196,2026-04-10 16:08:27.815846,141,51,71,67460,F005
EVT02803,BMW060,2026-06-17 00:08:27.815855,94,81,61,194246,F004
EVT02804,BMW088,2026-09-12 18:08:27.815864,33,36,57,110977,F003
EVT02805,BMW002,2026-03-17 16:08:27.815875,129,54,106,180691,F003
EVT02806,BMW058,2026-07-20 04:08:27.815885,97,10,70,72445,F004
EVT02807,BMW094,2026-04-25 02:08:27.815894,44,75,94,124887,F004
EVT02808,BMW174,2026-06-14 04:08:27.815904,123,68,89,66274,F001
EVT02809,BMW028,2026-04-04 05:08:27.815913,56,63,54,205987,F004
EVT02810,BMW110,2026-08-25 11:08:27.815922,128,23,91,29929,F001
EVT02811,BMW009,2026-05-28 05:08:27.815931,100,15,102,121788,F004
EVT02812,BMW090,2026-04-12 16:08:27.815940,161,94,80,156369,F004
EVT02813,BMW001,2026-03-27 10:08:27.815950,25,85,64,50339,F003
EVT02814,BMW053,2026-03-15 10:08:27.815959,23,95,57,163651,F003
EVT02815,BMW095,2026-07-08 07:08:27.815968,55,12,68,25005,F001
EVT02816,BMW198,2026-03-09 19:08:27.815977,134,32,89,104263,
EVT02817,BMW020,2026-04-04 05:08:27.815986,10,28,99,105378,F001
EVT02818,BMW029,2026-09-09 07:08:27.815995,115,54,95,177951,F002
EVT02819,BMW157,2026-08-25 14:08:27.816005,80,16,62,72776,F002
EVT02820,BMW111,2026-04-12 23:08:27.816015,92,60,58,84807,F005
EVT02821,BMW128,2026-04-03 17:08:27.816024,163,53,65,111285,F002
EVT02822,BMW135,2026-08-31 19:08:27.816034,106,22,56,130351,
EVT02823,BMW182,2026-03-21 06:08:27.816044,54,34,103,217640,F002
EVT02824,BMW104,2026-08-03 10:08:27.816053,62,48,63,14917,
EVT02825,BMW145,2026-05-19 11:08:27.816066,7,88,109,16344,F003
EVT02826,BMW144,2026-04-14 05:08:27.816075,76,18,70,54417,F002
EVT02827,BMW137,2026-07-28 06:08:27.816084,19,40,91,61093,F004
EVT02828,BMW124,2026-08-03 09:08:27.816096,92,68,76,202797,
EVT02829,BMW003,2026-09-14 22:08:27.816106,168,11,72,167199,F003
EVT02830,BMW157,2026-06-11 19:08:27.816116,158,71,95,50245,F005
EVT02831,BMW153,2026-04-02 19:08:27.816126,76,86,76,207218,F003
EVT02832,BMW193,2026-08-31 11:08:27.816135,0,66,94,100212,F002
EVT02833,BMW113,2026-07-31 21:08:27.816145,5,74,55,156166,F002
EVT02834,BMW197,2026-04-25 08:08:27.816155,161,29,70,112560,F004
EVT02835,BMW066,2026-08-07 21:08:27.816165,3,30,95,16358,F004
EVT02836,BMW104,2026-08-26 06:08:27.816174,149,77,102,103501,F005
EVT02837,BMW136,2026-07-31 19:08:27.816183,64,58,109,110412,F004
EVT02838,BMW200,2026-06-23 10:08:27.816192,65,18,91,13283,F001
EVT02839,BMW141,2026-03-06 18:08:27.816202,92,65,78,220198,F001
EVT02840,BMW162,2026-05-06 17:08:27.816211,123,32,95,234054,F001
EVT02841,BMW045,2026-04-15 14:08:27.816221,25,35,85,70575,F003
EVT02842,BMW116,2026-06-24 22:08:27.816230,119,79,75,185793,F005
EVT02843,BMW142,2026-08-27 09:08:27.816240,143,42,67,168477,F005
EVT02844,BMW128,2026-06-10 20:08:27.816251,64,36,104,138881,F004
EVT02845,BMW167,2026-06-08 17:08:27.816260,151,38,52,232216,F005
EVT02846,BMW123,2026-04-17 17:08:27.816270,7,25,87,43244,
EVT02847,BMW194,2026-05-08 21:08:27.816280,97,36,72,235899,F004
EVT02848,BMW080,2026-07-23 06:08:27.816289,31,70,96,139760,F003
EVT02849,BMW005,2026-08-12 14:08:27.816298,169,55,90,192649,F002
EVT02850,BMW004,2026-04-06 09:08:27.816308,131,45,106,226328,F001
EVT02851,BMW011,2026-09-15 00:08:27.816317,99,100,81,202232,F001
EVT02852,BMW032,2026-08-05 08:08:27.816327,56,100,98,146615,F004
EVT02853,BMW065,2026-05-03 01:08:27.816337,150,80,103,220957,F003
EVT02854,BMW098,2026-08-09 22:08:27.816346,25,60,103,199700,F001
EVT02855,BMW070,2026-08-19 14:08:27.816355,24,20,73,100588,F005
EVT02856,BMW156,2026-05-23 01:08:27.816364,157,29,73,81235,F002
EVT02857,BMW141,2026-08-22 14:08:27.816374,61,59,79,235398,F005
EVT02858,BMW008,2026-03-13 10:08:27.816383,168,22,100,142086,F001
EVT02859,BMW134,2026-09-11 03:08:27.816392,67,92,59,203493,F004
EVT02860,BMW193,2026-06-04 15:08:27.816404,151,51,101,84751,F002
EVT02861,BMW180,2026-06-03 03:08:27.816414,124,51,101,71260,
EVT02862,BMW111,2026-03-14 06:08:27.816424,38,75,106,174154,F002
EVT02863,BMW021,2026-05-17 08:08:27.816433,88,72,98,141533,
EVT02864,BMW161,2026-03-04 11:08:27.816444,161,43,93,160348,F003
EVT02865,BMW144,2026-07-28 00:08:27.816453,165,26,79,206386,F003
EVT02866,BMW118,2026-05-28 08:08:27.816463,102,89,53,17070,
EVT02867,BMW013,2026-09-05 04:08:27.816472,118,78,107,94021,F002
EVT02868,BMW130,2026-03-03 12:08:27.816482,136,92,61,148843,F002
EVT02869,BMW107,2026-04-07 09:08:27.816491,23,13,79,180071,
EVT02870,BMW035,2026-09-12 18:08:27.816543,68,80,57,73297,F002
EVT02871,BMW164,2026-09-11 22:08:27.816554,3,46,103,182032,F001
EVT02872,BMW008,2026-04-20 08:08:27.816563,90,98,53,103839,F004
EVT02873,BMW043,2026-07-05 13:08:27.816577,54,50,73,55737,F004
EVT02874,BMW099,2026-07-22 00:08:27.816587,160,25,79,170149,F003
EVT02875,BMW137,2026-06-24 13:08:27.816597,93,47,88,56716,
EVT02876,BMW027,2026-03-08 23:08:27.816607,50,84,106,221406,F002
EVT02877,BMW196,2026-08-07 10:08:27.816617,134,65,65,94672,F002
EVT02878,BMW181,2026-02-22 23:08:27.816626,80,57,99,244348,F004
EVT02879,BMW065,2026-08-09 20:08:27.816636,154,35,98,121201,F002
EVT02880,BMW179,2026-08-09 07:08:27.816647,64,23,108,150513,F003
EVT02881,BMW164,2026-05-09 08:08:27.816657,76,100,67,38825,F002
EVT02882,BMW071,2026-03-10 16:08:27.816667,18,90,50,117199,F001
EVT02883,BMW030,2026-08-21 14:08:27.816679,107,77,60,204719,F005
EVT02884,BMW071,2026-06-18 00:08:27.816689,14,21,66,68799,F002
EVT02885,BMW076,2026-04-13 08:08:27.816699,127,40,76,208531,F004
EVT02886,BMW090,2026-05-24 14:08:27.816713,163,48,86,75852,F001
EVT02887,BMW127,2026-04-30 15:08:27.816724,77,55,62,144393,
EVT02888,BMW122,2026-05-06 03:08:27.816733,169,71,55,40336,F001
EVT02889,BMW022,2026-04-12 18:08:27.816743,48,29,54,87921,F003
EVT02890,BMW065,2026-05-18 20:08:27.816753,37,63,94,37497,F003
EVT02891,BMW040,2026-06-06 06:08:27.816762,37,18,100,134176,F005
EVT02892,BMW040,2026-04-23 18:08:27.816774,1,62,73,56380,F002
EVT02893,BMW158,2026-05-20 06:08:27.816783,18,45,69,229923,F002
EVT02894,BMW132,2026-06-20 01:08:27.816793,109,41,102,202521,F005
EVT02895,BMW009,2026-04-16 14:08:27.816802,44,44,75,228777,F001
EVT02896,BMW139,2026-08-31 06:08:27.816811,67,46,83,125685,F003
EVT02897,BMW074,2026-03-04 13:08:27.816821,141,85,87,202114,
EVT02898,BMW160,2026-05-21 11:08:27.816830,135,44,80,149264,F003
EVT02899,BMW127,2026-09-11 18:08:27.816840,20,99,58,115331,
EVT02900,BMW173,2026-08-01 05:08:27.816849,180,37,51,216560,F002
EVT02901,BMW057,2026-06-29 09:08:27.816859,97,29,100,57988,F005
EVT02902,BMW079,2026-04-24 07:08:27.816868,158,25,56,123558,
EVT02903,BMW161,2026-02-28 07:08:27.816879,172,73,68,201145,F001
EVT02904,BMW068,2026-07-29 03:08:27.816889,171,77,64,76260,F001
EVT02905,BMW072,2026-04-22 14:08:27.816898,94,28,89,116013,F002
EVT02906,BMW184,2026-06-18 12:08:27.816908,172,99,63,142314,
EVT02907,BMW069,2026-03-05 02:08:27.816917,125,40,81,232812,
EVT02908,BMW118,2026-06-21 22:08:27.816926,179,73,87,224374,F002
EVT02909,BMW193,2026-03-11 06:08:27.816935,175,87,97,97550,F005
EVT02910,BMW151,2026-08-26 01:08:27.816945,133,77,95,215808,F002
EVT02911,BMW157,2026-06-16 00:08:27.816955,99,40,91,242758,F001
EVT02912,BMW116,2026-09-17 09:08:27.816965,132,22,51,25437,F003
EVT02913,BMW015,2026-06-29 15:08:27.816974,131,42,67,149743,F004
EVT02914,BMW027,2026-03-04 01:08:27.816983,69,45,62,243933,F002
EVT02915,BMW051,2026-04-23 23:08:27.816993,26,60,60,123469,F003
EVT02916,BMW119,2026-08-15 16:08:27.817001,86,55,69,59571,F004
EVT02917,BMW038,2026-09-02 16:08:27.817011,137,95,99,169161,F002
EVT02918,BMW006,2026-04-26 04:08:27.817020,69,53,101,106904,F001
EVT02919,BMW116,2026-09-06 11:08:27.817030,6,28,109,121775,F003
EVT02920,BMW176,2026-03-06 21:08:27.817039,63,55,92,38276,F005
EVT02921,BMW053,2026-04-03 01:08:27.817049,112,63,102,242320,F004
EVT02922,BMW072,2026-07-06 09:08:27.817061,93,18,58,79652,F004
EVT02923,BMW162,2026-05-28 03:08:27.817071,113,68,57,173827,F005
EVT02924,BMW199,2026-08-12 16:08:27.817083,19,37,77,55001,F004
EVT02925,BMW120,2026-06-17 23:08:27.817092,103,80,104,162523,F005
EVT02926,BMW018,2026-09-12 00:08:27.817102,35,26,82,178312,
EVT02927,BMW050,2026-03-14 00:08:27.817112,16,31,84,60388,F002
EVT02928,BMW119,2026-06-04 06:08:27.817121,157,33,81,76458,F003
EVT02929,BMW106,2026-02-27 06:08:27.817131,87,17,62,53482,F005
EVT02930,BMW198,2026-07-28 14:08:27.817140,144,42,91,234227,
EVT02931,BMW074,2026-08-18 23:08:27.817149,80,37,98,133993,
EVT02932,BMW161,2026-06-02 20:08:27.817158,84,30,82,215145,
EVT02933,BMW192,2026-08-20 19:08:27.817167,26,21,60,89737,F005
EVT02934,BMW133,2026-04-11 08:08:27.817176,101,97,109,207030,F001
EVT02935,BMW167,2026-08-12 03:08:27.817185,118,57,89,179274,F004
EVT02936,BMW111,2026-08-25 22:08:27.817195,60,37,77,219050,F004
EVT02937,BMW144,2026-05-17 11:08:27.817204,167,66,77,19149,F003
EVT02938,BMW005,2026-09-05 17:08:27.817214,61,57,70,173271,F001
EVT02939,BMW031,2026-04-29 20:08:27.817224,178,56,86,49798,F003
EVT02940,BMW075,2026-06-24 23:08:27.817233,63,63,98,66152,F004
EVT02941,BMW059,2026-05-24 00:08:27.817243,37,68,101,88265,F003
EVT02942,BMW065,2026-06-17 02:08:27.817255,84,25,86,189876,F004
EVT02943,BMW011,2026-06-06 14:08:27.817264,45,44,73,57679,F002
EVT02944,BMW122,2026-08-02 07:08:27.817274,8,76,75,222513,F005
EVT02945,BMW133,2026-09-15 01:08:27.817283,166,94,55,55604,F002
EVT02946,BMW173,2026-05-21 08:08:27.817292,169,18,90,22072,F005
EVT02947,BMW174,2026-06-08 21:08:27.817302,54,93,75,225809,F001
EVT02948,BMW185,2026-06-17 20:08:27.817311,11,78,52,205300,F001
EVT02949,BMW022,2026-03-18 02:08:27.817320,45,83,53,147281,F001
EVT02950,BMW077,2026-07-18 02:08:27.817329,106,73,72,148476,F005
EVT02951,BMW108,2026-04-12 03:08:27.817338,122,92,110,150405,F004
EVT02952,BMW161,2026-07-13 13:08:27.817348,68,10,61,173061,F003
EVT02953,BMW173,2026-03-21 12:08:27.817357,60,61,69,231886,F002
EVT02954,BMW171,2026-03-01 04:08:27.817367,72,47,90,88400,F002
EVT02955,BMW174,2026-04-03 13:08:27.817377,119,46,61,170595,F004
EVT02956,BMW145,2026-03-17 13:08:27.817387,100,85,110,102117,F005
EVT02957,BMW006,2026-06-11 12:08:27.817397,125,22,61,209768,F001
EVT02958,BMW088,2026-06-03 22:08:27.817406,151,87,51,159572,F003
EVT02959,BMW071,2026-04-17 05:08:27.817416,78,34,87,12257,F001
EVT02960,BMW143,2026-03-12 04:08:27.817425,148,13,79,140053,
EVT02961,BMW026,2026-08-17 11:08:27.817436,52,68,84,66533,F003
EVT02962,BMW125,2026-09-13 22:08:27.817445,89,40,92,78208,F005
EVT02963,BMW170,2026-07-05 18:08:27.817455,49,90,87,218008,F005
EVT02964,BMW097,2026-06-15 14:08:27.817464,51,21,79,157034,
EVT02965,BMW116,2026-04-28 18:08:27.817474,143,79,107,166987,F002
EVT02966,BMW153,2026-09-07 17:08:27.817483,119,44,50,48505,F003
EVT02967,BMW120,2026-05-16 02:08:27.817492,123,41,74,236634,F001
EVT02968,BMW007,2026-03-11 03:08:27.817551,8,86,61,80699,
EVT02969,BMW153,2026-08-23 10:08:27.817561,22,29,87,128580,F003
EVT02970,BMW148,2026-07-19 13:08:27.817570,94,14,95,42291,F004
EVT02971,BMW034,2026-07-04 18:08:27.817580,49,22,67,79882,F003
EVT02972,BMW156,2026-03-22 23:08:27.817589,140,96,56,147162,F001
EVT02973,BMW012,2026-07-03 14:08:27.817598,43,10,72,37053,F003
EVT02974,BMW125,2026-06-23 22:08:27.817608,110,98,96,150534,F005
EVT02975,BMW014,2026-08-02 05:08:27.817618,52,46,63,92629,F004
EVT02976,BMW174,2026-09-08 13:08:27.817627,19,70,90,31083,F003
EVT02977,BMW068,2026-03-31 21:08:27.817636,179,31,57,86646,F002
EVT02978,BMW029,2026-04-19 02:08:27.817645,47,30,104,152356,F002
EVT02979,BMW084,2026-03-01 09:08:27.817655,28,69,81,236699,
EVT02980,BMW032,2026-09-09 10:08:27.817664,107,80,89,193681,F001
EVT02981,BMW119,2026-05-29 18:08:27.817675,56,17,61,241743,
EVT02982,BMW132,2026-07-08 21:08:27.817684,146,53,51,15159,F002
EVT02983,BMW055,2026-03-28 17:08:27.817694,133,98,70,192869,F001
EVT02984,BMW070,2026-07-13 09:08:27.817703,6,78,76,225315,F004
EVT02985,BMW118,2026-04-08 20:08:27.817712,126,86,62,181468,F005
EVT02986,BMW077,2026-09-17 04:08:27.817721,38,69,86,239443,F001
EVT02987,BMW014,2026-06-18 02:08:27.817732,178,26,72,66380,
EVT02988,BMW080,2026-03-06 13:08:27.817741,23,70,76,98376,F004
EVT02989,BMW188,2026-03-31 05:08:27.817750,49,50,77,193629,F003
EVT02990,BMW016,2026-08-16 09:08:27.817759,98,22,75,240280,F002
EVT02991,BMW200,2026-06-27 16:08:27.817769,89,66,73,222446,F003
EVT02992,BMW164,2026-04-08 22:08:27.817778,100,55,88,88752,
EVT02993,BMW155,2026-07-21 12:08:27.817788,17,91,92,221262,F001
EVT02994,BMW134,2026-05-27 12:08:27.817797,156,85,109,221882,F002
EVT02995,BMW159,2026-06-12 16:08:27.817807,163,53,85,137763,F005
EVT02996,BMW082,2026-06-01 22:08:27.817817,97,68,78,23768,F003
EVT02997,BMW083,2026-06-07 03:08:27.817827,78,84,83,31626,F001
EVT02998,BMW183,2026-02-28 22:08:27.817836,91,28,105,147382,
EVT02999,BMW089,2026-08-20 16:08:27.817846,88,37,78,97025,F004
EVT03000,BMW160,2026-05-29 15:08:27.817858,106,30,87,93943,
EVT03001,BMW163,2026-06-21 14:08:27.817869,165,90,71,214319,F001
EVT03002,BMW118,2026-06-04 20:08:27.817879,132,15,58,217166,F003
EVT03003,BMW095,2026-06-04 09:08:27.817889,35,10,68,68063,F005
EVT03004,BMW020,2026-07-01 20:08:27.817898,39,97,104,29995,F001
EVT03005,BMW138,2026-07-14 09:08:27.817908,58,98,50,63936,F003
EVT03006,BMW163,2026-08-31 08:08:27.817918,107,30,84,43946,
EVT03007,BMW186,2026-08-30 09:08:27.817928,93,79,106,242915,
EVT03008,BMW053,2026-03-19 13:08:27.817937,65,70,101,48896,
EVT03009,BMW155,2026-06-09 22:08:27.817946,125,55,75,107741,F005
EVT03010,BMW020,2026-09-16 15:08:27.817956,177,34,76,38507,F003
EVT03011,BMW052,2026-06-09 08:08:27.817965,99,26,104,184254,F005
EVT03012,BMW070,2026-08-03 00:08:27.817975,75,24,99,61771,F002
EVT03013,BMW167,2026-05-06 04:08:27.817985,137,60,85,33757,F004
EVT03014,BMW103,2026-04-11 20:08:27.817995,150,69,81,133771,F003
EVT03015,BMW181,2026-06-21 07:08:27.818005,142,49,106,96492,F004
EVT03016,BMW023,2026-09-12 00:08:27.818014,124,15,82,116169,F004
EVT03017,BMW067,2026-04-14 19:08:27.818024,107,70,60,242964,F003
EVT03018,BMW104,2026-08-12 19:08:27.818035,92,78,78,28280,F002
EVT03019,BMW192,2026-04-12 03:08:27.818047,4,48,103,28676,F001
EVT03020,BMW070,2026-03-11 11:08:27.818060,157,63,109,223852,F002
EVT03021,BMW195,2026-06-06 16:08:27.818070,98,36,106,107494,F004
EVT03022,BMW061,2026-07-28 11:08:27.818080,147,45,98,75715,F004
EVT03023,BMW193,2026-03-17 05:08:27.818089,28,18,67,145124,F001
EVT03024,BMW005,2026-09-03 17:08:27.818098,76,20,68,52946,F005
EVT03025,BMW087,2026-06-28 00:08:27.818108,141,25,105,131891,F003
EVT03026,BMW133,2026-05-18 19:08:27.818117,173,36,64,157438,F005
EVT03027,BMW010,2026-07-25 04:08:27.818127,85,94,95,167947,
EVT03028,BMW115,2026-04-27 22:08:27.818136,113,56,62,109578,
EVT03029,BMW131,2026-08-07 12:08:27.818146,41,95,107,172542,
EVT03030,BMW124,2026-07-18 15:08:27.818155,15,16,108,61905,F003
EVT03031,BMW102,2026-05-19 07:08:27.818165,152,37,50,19975,F005
EVT03032,BMW112,2026-05-30 10:08:27.818174,174,85,55,118304,F002
EVT03033,BMW086,2026-06-12 23:08:27.818184,168,72,106,144810,F002
EVT03034,BMW185,2026-05-25 20:08:27.818193,28,100,63,188459,F001
EVT03035,BMW186,2026-06-11 22:08:27.818203,7,81,88,242117,F003
EVT03036,BMW094,2026-08-24 05:08:27.818212,6,94,101,227809,F004
EVT03037,BMW184,2026-08-18 07:08:27.818222,90,34,54,226732,F002
EVT03038,BMW145,2026-08-20 22:08:27.818232,62,46,83,49125,F005
EVT03039,BMW043,2026-09-05 10:08:27.818245,10,35,104,111483,F003
EVT03040,BMW029,2026-04-12 17:08:27.818254,28,94,83,80825,F002
EVT03041,BMW095,2026-04-30 02:08:27.818264,34,13,76,138128,F002
EVT03042,BMW021,2026-03-22 16:08:27.818273,98,45,75,67796,
EVT03043,BMW108,2026-08-14 13:08:27.818283,162,33,65,120130,
EVT03044,BMW075,2026-03-30 04:08:27.818292,112,61,90,113522,F004
EVT03045,BMW190,2026-06-02 01:08:27.818302,116,69,107,111325,F004
EVT03046,BMW007,2026-09-10 23:08:27.818312,23,32,80,227336,F005
EVT03047,BMW044,2026-03-31 16:08:27.818322,14,13,101,10157,F004
EVT03048,BMW081,2026-06-19 12:08:27.818332,13,65,97,199105,
EVT03049,BMW062,2026-02-25 05:08:27.818342,73,51,101,142722,F004
EVT03050,BMW181,2026-07-04 12:08:27.818351,14,16,74,230905,F005
EVT03051,BMW190,2026-04-21 18:08:27.818362,154,90,92,248890,F001
EVT03052,BMW128,2026-05-16 19:08:27.818372,73,70,78,73027,F003
EVT03053,BMW038,2026-02-21 10:08:27.818381,97,83,58,51766,F005
EVT03054,BMW169,2026-07-05 08:08:27.818390,132,96,97,80601,
EVT03055,BMW060,2026-06-16 19:08:27.818400,119,78,107,50393,F004
EVT03056,BMW166,2026-09-04 02:08:27.818409,28,93,75,92561,F003
EVT03057,BMW033,2026-04-28 09:08:27.818418,148,32,90,156775,F004
EVT03058,BMW108,2026-04-29 01:08:27.818427,157,13,81,16592,F003
EVT03059,BMW134,2026-04-10 03:08:27.818438,0,90,70,46162,F004
EVT03060,BMW200,2026-03-23 07:08:27.818449,89,15,104,90531,F005
EVT03061,BMW109,2026-06-07 05:08:27.818458,73,81,52,161636,F002
EVT03062,BMW023,2026-06-10 04:08:27.818468,41,48,66,52470,F004
EVT03063,BMW162,2026-06-07 22:08:27.818477,40,54,87,90500,F002
EVT03064,BMW017,2026-03-10 10:08:27.818488,10,99,94,39653,F005
EVT03065,BMW177,2026-08-25 18:08:27.818497,108,40,100,238522,F001
EVT03066,BMW090,2026-05-07 20:08:27.818541,15,68,87,25119,F001
EVT03067,BMW196,2026-05-23 21:08:27.818550,126,94,63,86894,F005
EVT03068,BMW043,2026-05-13 06:08:27.818560,26,16,60,203589,F002
EVT03069,BMW087,2026-08-26 11:08:27.818569,155,67,109,230288,F002
EVT03070,BMW111,2026-05-08 19:08:27.818579,108,87,96,193070,F005
EVT03071,BMW163,2026-09-17 01:08:27.818589,43,55,91,20988,F004
EVT03072,BMW192,2026-06-08 01:08:27.818598,18,15,99,197679,F002
EVT03073,BMW052,2026-05-05 20:08:27.818607,127,100,103,57759,
EVT03074,BMW039,2026-03-24 20:08:27.818616,70,76,70,113674,F002
EVT03075,BMW025,2026-09-07 21:08:27.818626,140,100,96,185616,
EVT03076,BMW161,2026-04-14 11:08:27.818635,32,94,74,153928,F004
EVT03077,BMW006,2026-03-31 14:08:27.818645,88,79,84,68197,F003
EVT03078,BMW035,2026-06-17 11:08:27.818656,64,87,51,217108,F003
EVT03079,BMW015,2026-07-11 07:08:27.818665,84,31,86,124213,F005
EVT03080,BMW133,2026-07-05 08:08:27.818675,94,52,76,11769,F005
EVT03081,BMW138,2026-07-31 03:08:27.818685,170,52,67,226864,F001
EVT03082,BMW011,2026-05-21 03:08:27.818695,9,73,102,195832,F002
EVT03083,BMW163,2026-04-02 04:08:27.818706,111,38,85,146058,F003
EVT03084,BMW001,2026-03-27 14:08:27.818715,5,94,56,207255,F002
EVT03085,BMW075,2026-08-31 17:08:27.818725,92,85,75,93377,F005
EVT03086,BMW146,2026-05-05 01:08:27.818735,157,16,104,73060,F004
EVT03087,BMW170,2026-05-22 17:08:27.818744,108,10,94,92734,F005
EVT03088,BMW191,2026-02-21 02:08:27.818753,66,94,61,150534,
EVT03089,BMW173,2026-05-20 07:08:27.818763,33,31,55,207649,F001
EVT03090,BMW004,2026-06-02 11:08:27.818773,23,23,82,60099,F001
EVT03091,BMW036,2026-02-24 21:08:27.818782,177,86,54,48870,F004
EVT03092,BMW047,2026-03-16 20:08:27.818791,105,71,63,116763,F004
EVT03093,BMW020,2026-02-21 04:08:27.818801,43,56,65,45036,F001
EVT03094,BMW088,2026-08-19 11:08:27.818811,83,60,70,89329,F004
EVT03095,BMW002,2026-09-02 00:08:27.818834,171,90,106,139500,F002
EVT03096,BMW061,2026-09-11 00:08:27.818844,140,83,100,57722,F005
EVT03097,BMW106,2026-08-17 14:08:27.818854,39,91,96,54591,F004
EVT03098,BMW009,2026-06-20 23:08:27.818867,121,75,103,21406,
EVT03099,BMW173,2026-08-02 10:08:27.818876,39,84,95,237154,F003
EVT03100,BMW107,2026-07-24 02:08:27.818885,78,68,60,224509,F002
EVT03101,BMW031,2026-06-30 14:08:27.818895,96,70,96,161013,
EVT03102,BMW131,2026-09-05 11:08:27.818905,38,79,58,132924,F003
EVT03103,BMW178,2026-08-18 16:08:27.818915,174,56,87,210512,F005
EVT03104,BMW036,2026-02-27 08:08:27.818925,38,60,60,218730,
EVT03105,BMW117,2026-03-20 06:08:27.818936,22,93,90,227925,
EVT03106,BMW042,2026-04-14 21:08:27.818946,12,69,95,61098,
EVT03107,BMW108,2026-08-11 00:08:27.818956,156,88,58,228927,F004
EVT03108,BMW121,2026-05-23 22:08:27.818966,82,38,107,213768,
EVT03109,BMW116,2026-03-08 07:08:27.818975,126,65,75,243625,F005
EVT03110,BMW189,2026-02-22 22:08:27.818985,129,98,52,213994,F002
EVT03111,BMW005,2026-04-12 13:08:27.818994,1,32,84,217468,F004
EVT03112,BMW002,2026-08-20 02:08:27.819004,161,28,108,35988,F004
EVT03113,BMW189,2026-09-07 17:08:27.819013,104,13,79,136524,F002
EVT03114,BMW029,2026-04-08 15:08:27.819024,78,23,60,101922,F002
EVT03115,BMW126,2026-07-02 02:08:27.819038,128,50,104,151957,F002
EVT03116,BMW088,2026-03-18 13:08:27.819048,30,52,52,79120,F005
EVT03117,BMW120,2026-05-13 00:08:27.819059,92,50,59,49465,F002
EVT03118,BMW003,2026-09-12 03:08:27.819068,157,22,72,57696,F001
EVT03119,BMW041,2026-05-25 16:08:27.819078,109,47,63,161152,
EVT03120,BMW156,2026-05-08 02:08:27.819087,177,87,94,10706,F005
EVT03121,BMW075,2026-06-05 11:08:27.819097,100,30,102,166340,F003
EVT03122,BMW176,2026-07-07 08:08:27.819107,34,86,54,219689,F002
EVT03123,BMW001,2026-07-20 17:08:27.819116,21,72,86,151580,
EVT03124,BMW086,2026-07-10 00:08:27.819126,155,16,87,102352,F001
EVT03125,BMW016,2026-04-11 11:08:27.819136,62,25,58,48061,
EVT03126,BMW198,2026-04-13 11:08:27.819146,95,34,85,137020,
EVT03127,BMW123,2026-09-15 18:08:27.819155,71,96,73,53151,
EVT03128,BMW130,2026-06-23 09:08:27.819165,0,57,110,142123,F001
EVT03129,BMW153,2026-08-04 01:08:27.819177,122,82,90,177352,
EVT03130,BMW052,2026-06-20 17:08:27.819186,90,39,102,154105,F002
EVT03131,BMW017,2026-06-07 21:08:27.819196,31,81,65,175368,F001
EVT03132,BMW131,2026-03-10 09:08:27.819204,14,59,86,65515,F004
EVT03133,BMW004,2026-07-29 09:08:27.819214,7,59,106,76731,F002
EVT03134,BMW179,2026-05-29 14:08:27.819223,80,10,95,89888,F004
EVT03135,BMW165,2026-08-11 16:08:27.819232,43,45,50,14059,
EVT03136,BMW044,2026-09-03 08:08:27.819241,118,27,73,61634,F002
EVT03137,BMW166,2026-08-14 14:08:27.819253,88,88,79,126744,F005
EVT03138,BMW132,2026-08-10 05:08:27.819262,107,76,107,218785,F004
EVT03139,BMW104,2026-06-06 04:08:27.819271,149,11,91,93088,F001
EVT03140,BMW045,2026-08-12 23:08:27.819281,86,88,105,70436,F004
EVT03141,BMW186,2026-03-24 21:08:27.819290,99,63,63,25559,F003
EVT03142,BMW034,2026-04-01 11:08:27.819299,56,22,64,147828,
EVT03143,BMW186,2026-08-17 15:08:27.819308,169,52,79,87685,F001
EVT03144,BMW188,2026-03-19 10:08:27.819318,62,42,69,241260,F005
EVT03145,BMW088,2026-06-08 21:08:27.819327,27,68,80,136700,F001
EVT03146,BMW009,2026-06-07 01:08:27.819336,150,44,108,33835,
EVT03147,BMW093,2026-04-06 08:08:27.819348,173,99,64,36054,F004
EVT03148,BMW152,2026-07-24 14:08:27.819357,67,90,99,57052,F002
EVT03149,BMW148,2026-09-04 03:08:27.819366,40,74,76,42207,F004
EVT03150,BMW072,2026-06-28 22:08:27.819376,38,77,93,242830,F005
EVT03151,BMW162,2026-03-20 00:08:27.819385,26,45,80,128479,
EVT03152,BMW041,2026-09-05 02:08:27.819395,67,11,65,100929,F004
EVT03153,BMW048,2026-08-21 00:08:27.823654,156,53,94,149060,F001
EVT03154,BMW129,2026-08-08 07:08:27.823675,120,76,91,219711,F005
EVT03155,BMW122,2026-08-16 09:08:27.823685,162,10,105,198579,F003
EVT03156,BMW170,2026-03-21 13:08:27.823700,93,63,94,141867,F003
EVT03157,BMW054,2026-05-19 13:08:27.823710,105,71,105,100552,F003
EVT03158,BMW153,2026-05-24 00:08:27.823719,97,75,63,65833,F001
EVT03159,BMW128,2026-07-29 06:08:27.823729,179,81,101,192098,F005
EVT03160,BMW101,2026-06-17 06:08:27.823738,172,43,108,38752,F002
EVT03161,BMW022,2026-05-04 07:08:27.823747,8,61,61,29842,F004
EVT03162,BMW021,2026-05-18 09:08:27.823756,121,88,69,203436,F001
EVT03163,BMW109,2026-05-03 04:08:27.823766,8,85,96,207426,F004
EVT03164,BMW157,2026-05-07 17:08:27.823776,52,80,98,197445,F001
EVT03165,BMW029,2026-08-31 07:08:27.823785,119,75,70,97152,F003
EVT03166,BMW104,2026-07-15 22:08:27.823794,92,28,54,173828,F003
EVT03167,BMW001,2026-03-11 08:08:27.823803,145,36,96,148924,F004
EVT03168,BMW069,2026-09-15 00:08:27.823815,106,35,94,43431,
EVT03169,BMW009,2026-03-18 13:08:27.823825,94,97,97,212279,
EVT03170,BMW003,2026-08-23 11:08:27.823835,167,79,68,67706,F001
EVT03171,BMW160,2026-04-03 22:08:27.823845,4,54,60,245878,F002
EVT03172,BMW109,2026-04-10 22:08:27.823854,96,51,93,26305,F004
EVT03173,BMW013,2026-03-09 05:08:27.823864,53,21,97,249815,F005
EVT03174,BMW046,2026-09-17 08:08:27.823874,179,88,73,219809,
EVT03175,BMW043,2026-09-09 17:08:27.823884,29,74,99,80615,F004
EVT03176,BMW003,2026-08-13 23:08:27.823895,114,19,100,10346,F004
EVT03177,BMW009,2026-09-03 17:08:27.823905,172,51,75,53821,F002
EVT03178,BMW021,2026-07-26 04:08:27.823915,86,85,65,208600,F005
EVT03179,BMW078,2026-04-04 17:08:27.823925,178,13,61,184553,
EVT03180,BMW049,2026-08-14 03:08:27.823935,136,100,58,172970,F001
EVT03181,BMW166,2026-04-09 17:08:27.823945,150,82,91,15756,F001
EVT03182,BMW127,2026-05-06 02:08:27.823954,73,45,66,149787,F004
EVT03183,BMW185,2026-08-04 16:08:27.823963,119,24,50,219941,F003
EVT03184,BMW025,2026-05-15 19:08:27.823973,123,64,64,69858,F004
EVT03185,BMW095,2026-07-13 17:08:27.823983,138,40,50,135339,F001
EVT03186,BMW157,2026-09-12 18:08:27.823992,150,13,93,136105,F003
EVT03187,BMW057,2026-06-06 19:08:27.824002,128,10,72,71097,F004
EVT03188,BMW035,2026-05-25 21:08:27.824012,55,21,90,188405,
EVT03189,BMW160,2026-03-04 05:08:27.824022,32,11,80,135098,F005
EVT03190,BMW200,2026-09-14 19:08:27.824031,100,21,64,99897,F005
EVT03191,BMW099,2026-08-07 09:08:27.824041,3,25,54,12045,
EVT03192,BMW102,2026-05-11 23:08:27.824051,14,96,67,132788,F001
EVT03193,BMW049,2026-07-30 15:08:27.824060,103,57,61,142208,F001
EVT03194,BMW142,2026-06-21 13:08:27.824070,102,44,77,160505,F005
EVT03195,BMW076,2026-06-14 15:08:27.824082,14,71,60,211179,F002
EVT03196,BMW153,2026-07-13 12:08:27.824092,152,10,99,11093,F003
EVT03197,BMW013,2026-07-11 23:08:27.824102,84,83,57,141229,F002
EVT03198,BMW170,2026-08-10 14:08:27.824112,29,70,56,111259,F001
EVT03199,BMW188,2026-07-14 04:08:27.824121,42,13,101,31710,F003
EVT03200,BMW098,2026-06-08 09:08:27.824130,78,44,61,90067,F005
EVT03201,BMW095,2026-04-11 01:08:27.824139,122,97,69,136849,F001
EVT03202,BMW162,2026-05-17 22:08:27.824149,4,32,67,132586,F002
EVT03203,BMW024,2026-06-10 22:08:27.824159,147,84,101,125464,
EVT03204,BMW049,2026-04-22 12:08:27.824201,178,19,72,244055,F002
EVT03205,BMW011,2026-04-01 05:08:27.824212,122,99,94,57204,F001
EVT03206,BMW155,2026-03-20 17:08:27.824223,51,70,99,75659,F003
EVT03207,BMW094,2026-08-20 19:08:27.824232,76,64,53,109413,F004
EVT03208,BMW037,2026-08-19 04:08:27.824241,2,24,109,91034,F002
EVT03209,BMW071,2026-08-12 01:08:27.824250,167,100,72,10869,F001
EVT03210,BMW198,2026-04-15 16:08:27.824260,73,42,66,189699,F003
EVT03211,BMW147,2026-09-05 08:08:27.824270,145,91,106,211152,F002
EVT03212,BMW004,2026-06-23 10:08:27.824280,50,83,93,149168,F001
EVT03213,BMW148,2026-04-22 05:08:27.824290,32,93,96,78817,F001
EVT03214,BMW171,2026-06-23 23:08:27.824300,85,43,58,142016,F005
EVT03215,BMW187,2026-03-14 13:08:27.824312,167,35,84,89697,F004
EVT03216,BMW060,2026-08-20 00:08:27.824322,31,17,73,63352,F002
EVT03217,BMW199,2026-03-08 16:08:27.824333,96,39,79,129067,F001
EVT03218,BMW042,2026-08-05 21:08:27.824343,46,84,67,83993,F003
EVT03219,BMW145,2026-03-19 19:08:27.824352,46,76,51,151705,F005
EVT03220,BMW053,2026-06-28 01:08:27.824362,9,23,87,46721,F005
EVT03221,BMW071,2026-07-12 07:08:27.824372,115,40,93,227135,F003
EVT03222,BMW077,2026-03-15 05:08:27.824381,160,43,91,126709,
EVT03223,BMW191,2026-03-29 11:08:27.824391,146,40,52,226135,
EVT03224,BMW076,2026-02-27 06:08:27.824400,106,28,76,13670,F002
EVT03225,BMW173,2026-08-17 20:08:27.824411,62,63,97,78198,F002
EVT03226,BMW125,2026-09-10 01:08:27.824421,141,90,66,32235,F003
EVT03227,BMW030,2026-06-24 05:08:27.824431,93,33,95,209642,F004
EVT03228,BMW109,2026-08-09 23:08:27.824441,2,51,74,138634,F005
EVT03229,BMW164,2026-05-25 07:08:27.824451,151,56,103,12098,
EVT03230,BMW125,2026-07-25 20:08:27.824460,42,63,90,104977,
EVT03231,BMW103,2026-02-24 20:08:27.824470,133,51,72,179639,F002
EVT03232,BMW136,2026-08-04 16:08:27.824480,144,78,108,11497,F002
EVT03233,BMW040,2026-08-03 08:08:27.824491,58,72,56,32564,F002
EVT03234,BMW021,2026-07-22 11:08:27.824533,130,80,70,95137,F004
EVT03235,BMW113,2026-06-10 07:08:27.824544,27,43,63,46173,F003
EVT03236,BMW047,2026-07-04 06:08:27.824554,100,90,74,172107,F002
EVT03237,BMW003,2026-09-12 16:08:27.824564,41,90,94,157271,F001
EVT03238,BMW053,2026-05-29 16:08:27.824574,64,67,62,172965,F003
EVT03239,BMW086,2026-04-05 12:08:27.824584,67,13,56,72167,F002
EVT03240,BMW179,2026-06-03 21:08:27.824594,95,31,68,205688,F004
EVT03241,BMW136,2026-03-20 23:08:27.824604,117,15,57,58110,
EVT03242,BMW150,2026-06-17 22:08:27.824614,84,16,88,61294,F005
EVT03243,BMW136,2026-04-24 13:08:27.824624,81,30,110,119394,F004
EVT03244,BMW102,2026-09-09 14:08:27.824633,180,90,77,105279,F002
EVT03245,BMW161,2026-07-01 18:08:27.824642,146,57,68,98028,F003
EVT03246,BMW127,2026-09-13 21:08:27.824651,156,68,59,186727,F002
EVT03247,BMW145,2026-08-14 00:08:27.824661,67,88,102,160373,F004
EVT03248,BMW058,2026-02-23 07:08:27.824672,108,98,100,184359,
EVT03249,BMW139,2026-08-05 15:08:27.824682,82,70,72,209399,F003
EVT03250,BMW154,2026-07-23 07:08:27.824696,178,78,64,237362,F002
EVT03251,BMW019,2026-03-30 06:08:27.824705,3,24,72,71707,F001
EVT03252,BMW050,2026-06-16 02:08:27.824715,175,28,83,166060,F002
EVT03253,BMW075,2026-08-02 13:08:27.824725,3,54,64,42914,F001
EVT03254,BMW001,2026-06-29 06:08:27.824735,55,45,93,146240,
EVT03255,BMW053,2026-08-23 02:08:27.824745,141,30,78,55576,F003
EVT03256,BMW197,2026-05-23 03:08:27.824755,141,29,80,193847,
EVT03257,BMW109,2026-07-12 11:08:27.824766,86,68,54,194722,
EVT03258,BMW031,2026-04-23 14:08:27.824776,138,93,98,65499,F004
EVT03259,BMW119,2026-04-02 13:08:27.824786,154,51,80,120378,
EVT03260,BMW079,2026-04-02 16:08:27.824796,68,53,60,145043,F001
EVT03261,BMW172,2026-07-23 00:08:27.824806,89,27,80,183329,F001
EVT03262,BMW195,2026-07-19 04:08:27.824816,157,32,105,44277,
EVT03263,BMW102,2026-05-16 23:08:27.824826,116,66,85,189009,F003
EVT03264,BMW118,2026-04-15 13:08:27.824836,20,34,93,119958,F004
EVT03265,BMW027,2026-06-15 11:08:27.824845,94,95,53,117498,F004
EVT03266,BMW132,2026-08-01 22:08:27.824855,40,31,51,109157,F004
EVT03267,BMW054,2026-04-08 18:08:27.824865,40,37,71,215662,F005
EVT03268,BMW134,2026-04-10 05:08:27.824875,53,61,81,68699,F001
EVT03269,BMW162,2026-03-26 08:08:27.824885,147,34,104,94259,F003
EVT03270,BMW136,2026-04-03 14:08:27.824895,74,68,105,93433,F003
EVT03271,BMW176,2026-05-31 04:08:27.824905,106,55,61,167581,F001
EVT03272,BMW171,2026-09-10 04:08:27.824914,71,66,96,14992,F002
EVT03273,BMW196,2026-07-01 11:08:27.824924,111,15,80,144459,F005
EVT03274,BMW039,2026-02-26 10:08:27.824933,156,53,66,174616,F004
EVT03275,BMW142,2026-03-07 18:08:27.824943,99,90,93,230923,F001
EVT03276,BMW184,2026-07-20 06:08:27.824953,4,40,67,19604,F002
EVT03277,BMW182,2026-03-15 15:08:27.824963,75,33,52,184164,F003
EVT03278,BMW170,2026-04-26 01:08:27.824973,112,45,83,150948,F003
EVT03279,BMW145,2026-04-10 08:08:27.824983,161,71,73,232659,F005
EVT03280,BMW020,2026-08-20 06:08:27.824992,123,15,60,69202,F005
EVT03281,BMW123,2026-08-18 06:08:27.825001,15,97,69,127589,F001
EVT03282,BMW126,2026-08-24 15:08:27.825012,166,66,105,150578,
EVT03283,BMW027,2026-08-04 03:08:27.825022,49,99,84,19865,F001
EVT03284,BMW192,2026-03-08 07:08:27.825032,40,29,104,24879,F001
EVT03285,BMW128,2026-08-10 00:08:27.825042,96,96,57,95776,F002
EVT03286,BMW118,2026-07-19 19:08:27.825052,171,75,70,90795,F001
EVT03287,BMW156,2026-05-16 22:08:27.825061,166,24,60,51330,F003
EVT03288,BMW004,2026-04-09 20:08:27.825070,179,98,76,67790,F005
EVT03289,BMW194,2026-06-23 05:08:27.825080,45,38,88,142511,F001
EVT03290,BMW032,2026-08-27 05:08:27.825089,60,83,75,235236,F003
EVT03291,BMW139,2026-09-10 17:08:27.825099,88,47,61,71007,F001
EVT03292,BMW196,2026-03-28 22:08:27.825108,37,36,83,75993,F005
EVT03293,BMW131,2026-07-15 18:08:27.825118,153,33,60,146413,F001
EVT03294,BMW096,2026-09-15 13:08:27.825128,176,26,63,48529,F002
EVT03295,BMW091,2026-08-09 20:08:27.825137,162,81,105,102413,F002
EVT03296,BMW188,2026-03-19 16:08:27.825147,136,18,85,209939,F004
EVT03297,BMW139,2026-05-19 00:08:27.825157,120,21,107,124317,F004
EVT03298,BMW023,2026-04-02 18:08:27.825167,19,64,78,211903,F002
EVT03299,BMW120,2026-03-01 03:08:27.825176,50,97,106,147645,F002
EVT03300,BMW159,2026-04-04 04:08:27.825186,76,14,50,149292,F003
EVT03301,BMW068,2026-04-28 13:08:27.825196,170,27,72,165899,F002
EVT03302,BMW147,2026-08-13 19:08:27.825206,56,24,103,71241,F005
EVT03303,BMW164,2026-06-18 15:08:27.825215,113,17,99,77427,
EVT03304,BMW110,2026-08-31 21:08:27.825224,116,63,67,77153,F001
EVT03305,BMW156,2026-03-16 17:08:27.825233,9,19,92,121828,F001
EVT03306,BMW024,2026-05-07 03:08:27.825244,150,32,100,144579,F004
EVT03307,BMW043,2026-03-13 14:08:27.825253,148,30,65,223705,F004
EVT03308,BMW177,2026-07-06 09:08:27.825263,30,41,60,85997,F001
EVT03309,BMW128,2026-06-27 04:08:27.825273,64,60,50,20443,F005
EVT03310,BMW076,2026-09-03 20:08:27.825283,152,83,105,137720,F001
EVT03311,BMW001,2026-05-20 23:08:27.825292,62,80,52,199544,F001
EVT03312,BMW037,2026-05-31 00:08:27.825302,29,19,108,67852,F005
EVT03313,BMW157,2026-04-15 13:08:27.825312,87,41,90,18282,F004
EVT03314,BMW035,2026-06-14 10:08:27.825322,118,15,57,28825,F001
EVT03315,BMW145,2026-06-19 21:08:27.825332,70,78,59,130358,F005
EVT03316,BMW121,2026-08-18 20:08:27.825341,178,43,78,207219,F003
EVT03317,BMW104,2026-07-25 15:08:27.825351,69,99,66,28681,F004
EVT03318,BMW051,2026-08-03 00:08:27.825360,64,54,69,249303,F005
EVT03319,BMW002,2026-05-28 18:08:27.825370,29,15,78,131552,F003
EVT03320,BMW186,2026-04-24 07:08:27.825380,166,97,58,62261,F001
EVT03321,BMW155,2026-06-20 17:08:27.825390,136,46,99,77286,F005
EVT03322,BMW147,2026-06-06 12:08:27.825399,62,26,68,85193,F003
EVT03323,BMW121,2026-07-28 17:08:27.825409,139,20,87,103576,F002
EVT03324,BMW006,2026-04-16 20:08:27.825636,101,97,106,181706,
EVT03325,BMW030,2026-07-19 21:08:27.825649,103,82,101,100956,F005
EVT03326,BMW091,2026-03-22 00:08:27.825660,115,78,78,151604,F002
EVT03327,BMW182,2026-04-15 14:08:27.825671,172,82,97,116339,F001
EVT03328,BMW097,2026-07-16 09:08:27.825682,120,72,89,136710,
EVT03329,BMW090,2026-06-02 04:08:27.825692,77,30,71,152786,F002
EVT03330,BMW031,2026-04-23 02:08:27.825702,97,12,54,132226,F005
EVT03331,BMW029,2026-03-28 19:08:27.825712,110,43,104,89344,F001
EVT03332,BMW192,2026-05-30 01:08:27.825722,91,13,90,132429,F004
EVT03333,BMW133,2026-08-13 10:08:27.825733,118,17,73,49018,F003
EVT03334,BMW140,2026-07-15 19:08:27.825749,46,88,108,48669,F002
EVT03335,BMW032,2026-05-28 17:08:27.825759,29,13,89,157961,F002
EVT03336,BMW137,2026-09-04 10:08:27.825769,89,60,69,218401,F005
EVT03337,BMW028,2026-09-08 20:08:27.825896,177,24,67,77782,F002
EVT03338,BMW012,2026-03-13 14:08:27.825923,110,88,67,160275,F002
EVT03339,BMW158,2026-06-09 12:08:27.825934,85,22,70,137944,
EVT03340,BMW084,2026-05-14 06:08:27.825943,136,76,102,245712,F001
EVT03341,BMW180,2026-08-07 12:08:27.825953,58,28,63,12064,F002
EVT03342,BMW030,2026-07-15 03:08:27.825962,95,53,82,158980,F002
EVT03343,BMW114,2026-03-08 14:08:27.825972,157,98,95,167580,F005
EVT03344,BMW091,2026-08-22 17:08:27.825982,111,43,89,28781,F004
EVT03345,BMW181,2026-07-10 17:08:27.825993,76,55,57,218323,F001
EVT03346,BMW033,2026-09-01 10:08:27.826002,23,26,75,98182,F001
EVT03347,BMW008,2026-07-22 03:08:27.826012,48,41,86,233215,F004
EVT03348,BMW052,2026-03-25 13:08:27.826022,99,17,109,195196,F003
EVT03349,BMW162,2026-08-15 21:08:27.826032,33,96,76,88122,
EVT03350,BMW136,2026-03-13 05:08:27.826042,143,61,86,67825,
EVT03351,BMW048,2026-05-04 03:08:27.826051,100,87,53,129136,F002
EVT03352,BMW044,2026-04-20 06:08:27.826061,128,19,102,140905,F001
EVT03353,BMW001,2026-04-10 22:08:27.826070,155,53,89,215763,
EVT03354,BMW034,2026-03-09 20:08:27.826080,27,57,74,141377,F002
EVT03355,BMW050,2026-04-15 22:08:27.826090,177,75,79,166881,F003
EVT03356,BMW141,2026-08-26 19:08:27.826099,74,84,83,106106,F002
EVT03357,BMW094,2026-08-26 13:08:27.826109,0,99,102,213931,F002
EVT03358,BMW173,2026-03-27 02:08:27.826119,28,27,78,99866,F004
EVT03359,BMW129,2026-03-27 13:08:27.826129,117,85,58,11159,F002
EVT03360,BMW077,2026-03-21 23:08:27.826138,58,78,107,229545,F001
EVT03361,BMW001,2026-07-31 11:08:27.826148,36,28,99,105524,F003
EVT03362,BMW135,2026-04-26 21:08:27.826158,158,96,106,61340,F001
EVT03363,BMW037,2026-07-21 22:08:27.826167,75,36,101,157679,F001
EVT03364,BMW021,2026-09-05 21:08:27.826176,137,58,66,195445,F005
EVT03365,BMW141,2026-03-26 02:08:27.826186,39,68,76,120031,F002
EVT03366,BMW123,2026-08-20 05:08:27.826195,30,39,61,60470,
EVT03367,BMW003,2026-05-20 01:08:27.826204,143,88,110,118645,F005
EVT03368,BMW048,2026-04-26 08:08:27.826214,10,19,82,128596,F003
EVT03369,BMW184,2026-09-04 10:08:27.826223,92,55,97,188772,F001
EVT03370,BMW158,2026-04-21 08:08:27.826233,33,60,109,211279,F004
EVT03371,BMW116,2026-06-21 06:08:27.826243,27,65,107,173061,F002
EVT03372,BMW194,2026-07-14 15:08:27.826253,141,21,106,178817,F001
EVT03373,BMW052,2026-08-23 22:08:27.826263,170,89,94,177328,F002
EVT03374,BMW176,2026-09-05 02:08:27.826273,47,70,87,241739,
EVT03375,BMW113,2026-04-19 09:08:27.826282,171,19,110,226597,F004
EVT03376,BMW110,2026-07-24 17:08:27.826292,18,85,97,135423,
EVT03377,BMW139,2026-03-29 19:08:27.826302,124,98,80,13180,F004
EVT03378,BMW083,2026-08-14 05:08:27.826313,15,72,51,21841,F004
EVT03379,BMW080,2026-02-24 07:08:27.826323,86,18,52,91171,F003
EVT03380,BMW120,2026-02-22 23:08:27.826333,161,42,72,196141,F005
EVT03381,BMW123,2026-07-13 05:08:27.826343,31,71,74,192796,
EVT03382,BMW164,2026-03-09 00:08:27.826353,161,75,74,139790,F003
EVT03383,BMW102,2026-07-27 20:08:27.826364,95,19,109,216656,F005
EVT03384,BMW037,2026-04-03 01:08:27.826373,178,65,58,22114,F002
EVT03385,BMW005,2026-04-15 03:08:27.826383,149,23,56,168386,F005
EVT03386,BMW123,2026-07-04 16:08:27.826393,142,58,83,220630,F002
EVT03387,BMW160,2026-03-24 23:08:27.826402,82,88,64,202268,F002
EVT03388,BMW187,2026-03-18 00:08:27.826411,118,88,81,179482,F004
EVT03389,BMW162,2026-05-30 16:08:27.826421,21,44,72,21099,F004
EVT03390,BMW170,2026-03-12 23:08:27.826430,82,32,101,50582,
EVT03391,BMW166,2026-02-26 00:08:27.826440,174,88,81,90537,F001
EVT03392,BMW055,2026-03-14 15:08:27.826449,179,36,76,167981,F004
EVT03393,BMW021,2026-03-22 17:08:27.826459,32,67,101,67709,F001
EVT03394,BMW194,2026-03-09 05:08:27.826469,21,50,109,115349,F001
EVT03395,BMW097,2026-09-03 16:08:27.826478,73,48,72,124053,
EVT03396,BMW040,2026-05-17 11:08:27.826487,56,22,82,41340,
EVT03397,BMW067,2026-06-03 04:08:27.826529,51,23,92,149917,F001
EVT03398,BMW191,2026-04-11 09:08:27.826541,167,18,98,89703,
EVT03399,BMW034,2026-05-08 14:08:27.826550,105,77,100,225463,F002
EVT03400,BMW056,2026-04-20 21:08:27.826559,146,90,109,37208,F002
EVT03401,BMW049,2026-06-23 14:08:27.826568,126,10,92,31290,F004
EVT03402,BMW138,2026-03-13 13:08:27.826578,99,89,87,166684,F001
EVT03403,BMW109,2026-08-01 04:08:27.826587,71,12,76,156943,
EVT03404,BMW075,2026-05-09 11:08:27.826598,115,91,58,29491,F001
EVT03405,BMW074,2026-07-15 04:08:27.826607,180,99,65,145611,F002
EVT03406,BMW163,2026-06-15 12:08:27.826617,31,51,103,206209,F001
EVT03407,BMW105,2026-06-20 21:08:27.826628,82,71,104,240295,F002
EVT03408,BMW167,2026-06-03 16:08:27.826638,62,41,89,128330,F004
EVT03409,BMW006,2026-06-27 04:08:27.826647,165,40,72,11988,F003
EVT03410,BMW139,2026-07-22 09:08:27.826658,59,44,110,43963,F005
EVT03411,BMW161,2026-06-30 14:08:27.826668,1,56,108,175496,
EVT03412,BMW154,2026-02-26 23:08:27.826677,174,27,95,69407,F002
EVT03413,BMW075,2026-05-21 23:08:27.826687,100,36,105,117983,F005
EVT03414,BMW063,2026-07-13 16:08:27.826697,80,19,92,213945,F002
EVT03415,BMW121,2026-07-29 13:08:27.826707,41,38,52,163832,F004
EVT03416,BMW164,2026-09-06 21:08:27.826717,20,22,89,12012,
EVT03417,BMW012,2026-06-30 19:08:27.826727,146,42,79,73702,F002
EVT03418,BMW195,2026-06-21 22:08:27.826736,11,41,106,186297,F004
EVT03419,BMW012,2026-05-13 00:08:27.826745,75,21,95,107585,F004
EVT03420,BMW153,2026-04-01 17:08:27.826755,168,17,70,60042,
EVT03421,BMW109,2026-09-08 23:08:27.826765,81,51,99,141277,F005
EVT03422,BMW020,2026-07-03 14:08:27.826776,98,17,76,47127,F003
EVT03423,BMW038,2026-02-26 15:08:27.826786,99,10,96,144246,F002
EVT03424,BMW102,2026-04-02 23:08:27.826795,22,12,65,101994,F003
EVT03425,BMW178,2026-07-31 11:08:27.826805,15,23,103,133685,F003
EVT03426,BMW109,2026-08-22 23:08:27.826814,49,76,107,246955,F003
EVT03427,BMW116,2026-06-01 14:08:27.826824,97,55,106,64867,F001
EVT03428,BMW113,2026-05-05 01:08:27.826833,178,57,93,245967,F004
EVT03429,BMW120,2026-04-30 17:08:27.826843,149,51,57,244156,F003
EVT03430,BMW092,2026-05-28 01:08:27.826853,62,41,77,37380,F004
EVT03431,BMW186,2026-07-29 09:08:27.826863,179,94,50,59935,
EVT03432,BMW166,2026-06-07 03:08:27.826873,105,99,57,239680,F001
EVT03433,BMW052,2026-03-05 16:08:27.826882,33,66,90,49686,F004
EVT03434,BMW113,2026-03-18 21:08:27.826893,48,71,72,85939,F002
EVT03435,BMW192,2026-05-11 22:08:27.826903,156,39,99,51412,F003
EVT03436,BMW154,2026-07-17 06:08:27.826913,83,86,64,79385,F001
EVT03437,BMW115,2026-08-09 07:08:27.826923,66,17,105,204049,F005
EVT03438,BMW021,2026-06-08 21:08:27.826932,113,11,71,60227,F001
EVT03439,BMW121,2026-08-16 22:08:27.826941,117,52,57,130829,
EVT03440,BMW076,2026-09-10 12:08:27.826950,58,95,110,209074,F005
EVT03441,BMW132,2026-05-31 00:08:27.826960,83,86,81,20073,F002
EVT03442,BMW171,2026-06-18 15:08:27.826969,75,74,65,148105,F001
EVT03443,BMW070,2026-08-05 04:08:27.826978,22,58,54,18606,
EVT03444,BMW021,2026-03-19 15:08:27.826987,140,87,58,16294,F001
EVT03445,BMW082,2026-08-07 05:08:27.826997,129,22,100,126404,F002
EVT03446,BMW167,2026-06-25 21:08:27.827006,46,94,94,133819,F001
EVT03447,BMW008,2026-05-18 21:08:27.827015,32,96,80,107156,F005
EVT03448,BMW192,2026-05-14 03:08:27.827024,10,42,79,17311,F002
EVT03449,BMW115,2026-07-30 23:08:27.827034,102,51,61,160641,F003
EVT03450,BMW012,2026-03-23 20:08:27.827043,33,10,72,216484,
EVT03451,BMW193,2026-08-28 07:08:27.827054,81,29,72,146685,F004
EVT03452,BMW164,2026-04-13 08:08:27.827063,52,98,56,190309,F004
EVT03453,BMW031,2026-03-02 06:08:27.827074,143,18,99,127729,
EVT03454,BMW001,2026-04-21 13:08:27.827085,49,19,100,127953,F005
EVT03455,BMW096,2026-04-15 22:08:27.827095,177,18,93,103296,F002
EVT03456,BMW006,2026-04-07 17:08:27.827104,86,55,76,98642,F003
EVT03457,BMW070,2026-05-24 07:08:27.827113,66,99,77,19364,F001
EVT03458,BMW023,2026-04-19 01:08:27.827121,177,81,63,131404,F004
EVT03459,BMW060,2026-08-26 08:08:27.827130,44,89,70,207776,F003
EVT03460,BMW059,2026-08-04 10:08:27.827138,59,70,93,231332,F001
EVT03461,BMW012,2026-08-12 12:08:27.827146,120,12,88,89614,
EVT03462,BMW102,2026-07-10 11:08:27.827155,68,78,107,244887,F005
EVT03463,BMW053,2026-08-27 10:08:27.827163,166,78,84,10721,F001
EVT03464,BMW114,2026-07-19 06:08:27.827172,43,88,51,157020,F002
EVT03465,BMW125,2026-08-17 05:08:27.827180,40,99,61,115398,
EVT03466,BMW114,2026-09-07 06:08:27.827189,57,75,86,63289,
EVT03467,BMW091,2026-06-15 18:08:27.827199,73,86,84,135748,
EVT03468,BMW169,2026-03-29 23:08:27.827207,112,81,96,73979,F003
EVT03469,BMW062,2026-07-17 21:08:27.827216,172,41,55,145695,
EVT03470,BMW151,2026-07-19 15:08:27.827225,20,12,53,226432,F002
EVT03471,BMW103,2026-08-17 16:08:27.827235,137,41,94,180946,F003
EVT03472,BMW197,2026-07-21 19:08:27.827243,57,46,94,152712,F003
EVT03473,BMW046,2026-03-06 02:08:27.827253,55,65,67,81632,F002
EVT03474,BMW025,2026-09-05 08:08:27.827263,90,66,104,101943,
EVT03475,BMW024,2026-08-06 04:08:27.827273,96,39,56,202027,F004
EVT03476,BMW168,2026-04-10 06:08:27.827283,149,26,70,52493,F004
EVT03477,BMW166,2026-05-19 00:08:27.827293,80,58,51,133844,F004
EVT03478,BMW002,2026-06-03 19:08:27.827303,76,41,58,87459,F001
EVT03479,BMW068,2026-04-29 03:08:27.827313,36,57,63,62694,F003
EVT03480,BMW168,2026-08-28 15:08:27.827323,140,47,86,150575,F004
EVT03481,BMW082,2026-06-08 05:08:27.827333,30,56,53,77821,F003
EVT03482,BMW156,2026-07-21 08:08:27.827344,35,72,70,183311,F004
EVT03483,BMW196,2026-07-20 05:08:27.827355,149,31,53,106597,F005
EVT03484,BMW137,2026-07-15 17:08:27.827364,2,96,76,154635,F004
EVT03485,BMW053,2026-05-13 17:08:27.827374,122,21,80,86094,F001
EVT03486,BMW095,2026-09-12 06:08:27.827384,169,93,110,150294,F005
EVT03487,BMW140,2026-08-08 22:08:27.827394,42,15,58,97385,F003
EVT03488,BMW032,2026-08-25 00:08:27.827405,110,41,94,92351,F004
EVT03489,BMW018,2026-02-24 22:08:27.827414,74,79,97,159187,F004
EVT03490,BMW116,2026-07-20 10:08:27.827424,18,21,104,193455,F002
EVT03491,BMW101,2026-06-10 17:08:27.827434,45,62,109,203502,F001
EVT03492,BMW150,2026-07-07 17:08:27.827443,169,29,98,81111,
EVT03493,BMW196,2026-08-09 12:08:27.827453,123,85,100,232722,F001
EVT03494,BMW141,2026-03-02 19:08:27.827463,173,12,103,29650,F004
EVT03495,BMW047,2026-04-01 15:08:27.827472,111,42,74,216734,F003
EVT03496,BMW026,2026-08-12 06:08:27.827482,91,100,55,134382,F002
EVT03497,BMW075,2026-07-15 22:08:27.827492,180,75,75,87742,F004
EVT03498,BMW178,2026-07-05 16:08:27.827585,128,75,75,122811,F001
EVT03499,BMW137,2026-05-26 05:08:27.827596,39,38,51,145658,
EVT03500,BMW032,2026-04-16 19:08:27.827607,30,49,62,155518,F005
EVT03501,BMW062,2026-03-09 19:08:27.827617,166,11,77,110622,F003
EVT03502,BMW195,2026-08-05 01:08:27.827627,39,98,50,186068,F003
EVT03503,BMW067,2026-04-01 21:08:27.827637,28,28,99,21829,F003
EVT03504,BMW133,2026-02-25 22:08:27.827647,178,44,76,144520,F001
EVT03505,BMW027,2026-02-27 23:08:27.827657,128,72,103,177309,F001
EVT03506,BMW054,2026-04-09 08:08:27.827668,151,24,110,165480,
EVT03507,BMW054,2026-04-03 01:08:27.827677,35,73,87,173972,F005
EVT03508,BMW167,2026-03-08 17:08:27.827687,93,41,80,20061,F002
EVT03509,BMW060,2026-08-26 00:08:27.827697,28,57,95,223524,F002
EVT03510,BMW107,2026-09-08 18:08:27.827707,115,65,67,202291,F004
EVT03511,BMW133,2026-07-13 15:08:27.827717,114,55,100,74031,F003
EVT03512,BMW168,2026-05-06 07:08:27.827728,123,55,66,196884,F004
EVT03513,BMW011,2026-02-27 03:08:27.827738,116,33,78,219364,F001
EVT03514,BMW024,2026-07-11 15:08:27.827748,127,56,82,210274,F001
EVT03515,BMW061,2026-08-24 23:08:27.827758,109,60,52,85537,F002
EVT03516,BMW005,2026-09-14 08:08:27.827767,20,14,90,65415,F001
EVT03517,BMW046,2026-09-03 21:08:27.827777,112,28,97,246572,F003
EVT03518,BMW084,2026-07-06 22:08:27.827787,167,27,84,26054,F005
EVT03519,BMW059,2026-09-09 15:08:27.827797,90,33,58,211331,F005
EVT03520,BMW102,2026-06-08 12:08:27.827807,105,21,51,95529,F003
EVT03521,BMW139,2026-05-24 16:08:27.827816,156,88,79,241814,F001
EVT03522,BMW049,2026-05-31 13:08:27.827826,100,19,93,237173,
EVT03523,BMW092,2026-06-24 03:08:27.827836,152,89,63,167077,F001
EVT03524,BMW083,2026-04-03 05:08:27.827846,127,85,99,188815,
EVT03525,BMW033,2026-08-03 05:08:27.827856,9,85,92,76080,F004
EVT03526,BMW051,2026-08-31 18:08:27.827865,46,48,89,200298,
EVT03527,BMW035,2026-02-28 08:08:27.827876,96,23,64,171230,F001
EVT03528,BMW137,2026-06-09 22:08:27.827886,61,27,103,12207,F005
EVT03529,BMW182,2026-03-08 00:08:27.827896,82,70,58,115688,
EVT03530,BMW130,2026-07-06 20:08:27.827906,57,55,104,165403,F001
EVT03531,BMW072,2026-08-14 09:08:27.827916,66,61,92,207657,F001
EVT03532,BMW184,2026-05-14 10:08:27.827925,41,42,106,181729,F003
EVT03533,BMW122,2026-08-16 22:08:27.827935,32,55,79,51768,F004
EVT03534,BMW131,2026-05-31 12:08:27.827945,28,28,59,41564,F003
EVT03535,BMW154,2026-06-27 21:08:27.827956,45,97,56,178793,F003
EVT03536,BMW196,2026-04-20 06:08:27.827966,36,72,58,131120,F001
EVT03537,BMW008,2026-04-10 22:08:27.827976,118,76,106,124666,F001
EVT03538,BMW067,2026-05-24 02:08:27.827986,20,13,100,190606,F004
EVT03539,BMW032,2026-02-23 21:08:27.827996,52,84,79,88975,F005
EVT03540,BMW033,2026-03-23 17:08:27.828005,158,18,56,160132,F001
EVT03541,BMW113,2026-04-03 06:08:27.828015,160,98,93,95860,F002
EVT03542,BMW002,2026-07-15 11:08:27.828024,71,60,66,187949,F002
EVT03543,BMW064,2026-06-25 15:08:27.828033,39,56,61,165502,F004
EVT03544,BMW189,2026-03-01 17:08:27.828043,37,73,100,12163,F005
EVT03545,BMW018,2026-08-15 12:08:27.828052,101,65,56,228651,F004
EVT03546,BMW020,2026-06-02 10:08:27.828062,9,92,50,233927,F001
EVT03547,BMW059,2026-03-15 02:08:27.828071,83,25,94,50680,
EVT03548,BMW180,2026-07-03 22:08:27.828081,70,57,97,57313,F002
EVT03549,BMW024,2026-04-08 07:08:27.828090,54,33,56,217816,
EVT03550,BMW187,2026-05-20 00:08:27.828100,97,59,66,185831,
EVT03551,BMW094,2026-04-19 12:08:27.828110,161,32,86,129325,F003
EVT03552,BMW069,2026-05-22 17:08:27.828120,158,29,63,167760,F005
EVT03553,BMW056,2026-07-12 00:08:27.828130,80,26,72,153623,F001
EVT03554,BMW043,2026-07-18 12:08:27.828140,139,47,64,156749,F001
EVT03555,BMW106,2026-07-13 16:08:27.828149,150,27,90,131870,F005
EVT03556,BMW137,2026-07-04 23:08:27.828159,173,52,50,91518,F003
EVT03557,BMW170,2026-03-09 07:08:27.828168,120,72,103,232518,F003
EVT03558,BMW182,2026-04-24 03:08:27.828178,103,35,56,207699,F001
EVT03559,BMW102,2026-09-12 05:08:27.828187,86,71,103,110111,F002
EVT03560,BMW180,2026-08-27 08:08:27.828197,91,96,80,113161,F004
EVT03561,BMW101,2026-02-25 03:08:27.828208,93,66,50,123900,F003
EVT03562,BMW115,2026-03-05 09:08:27.828218,0,11,87,236433,F005
EVT03563,BMW006,2026-08-17 01:08:27.828228,154,40,56,85844,F001
EVT03564,BMW163,2026-08-25 01:08:27.828238,14,37,89,214756,F004
EVT03565,BMW095,2026-05-02 20:08:27.828247,43,100,93,230651,F005
EVT03566,BMW033,2026-06-05 13:08:27.828258,17,67,92,44937,F001
EVT03567,BMW059,2026-03-19 15:08:27.828268,156,26,94,35039,F004
EVT03568,BMW142,2026-03-26 20:08:27.828277,162,54,102,82230,
EVT03569,BMW170,2026-03-28 10:08:27.828287,60,65,89,14532,F001
EVT03570,BMW102,2026-09-06 01:08:27.828297,110,86,63,20652,F003
EVT03571,BMW032,2026-09-01 11:08:27.828307,8,70,68,59935,F005
EVT03572,BMW178,2026-05-29 11:08:27.828317,106,67,88,209076,F003
EVT03573,BMW101,2026-05-25 13:08:27.828327,57,85,95,109300,F002
EVT03574,BMW140,2026-08-27 02:08:27.828336,53,10,99,46233,F001
EVT03575,BMW096,2026-04-04 19:08:27.828347,141,55,106,162722,F004
EVT03576,BMW113,2026-03-23 20:08:27.828357,124,16,60,106201,F004
EVT03577,BMW086,2026-09-12 01:08:27.828367,85,26,69,23283,F003
EVT03578,BMW123,2026-06-30 16:08:27.828398,52,41,95,183160,F005
EVT03579,BMW163,2026-02-26 20:08:27.828409,59,51,105,81611,F001
EVT03580,BMW117,2026-07-29 17:08:27.828419,1,74,58,20561,F001
EVT03581,BMW054,2026-05-09 20:08:27.828429,10,12,73,143701,F005
EVT03582,BMW128,2026-07-10 12:08:27.828438,33,99,89,163664,F003
EVT03583,BMW150,2026-06-06 14:08:27.828448,83,31,97,232888,F003
EVT03584,BMW181,2026-03-18 04:08:27.828458,180,53,79,166717,F002
EVT03585,BMW072,2026-06-29 08:08:27.828469,46,31,96,74558,F001
EVT03586,BMW135,2026-03-09 14:08:27.828479,152,64,89,16897,F003
EVT03587,BMW137,2026-02-23 06:08:27.828489,1,89,79,117979,F004
EVT03588,BMW119,2026-03-21 16:08:27.828526,150,46,74,134029,
EVT03589,BMW111,2026-06-30 02:08:27.828537,71,64,67,78315,F004
EVT03590,BMW121,2026-09-02 13:08:27.828547,88,23,69,18954,F002
EVT03591,BMW123,2026-07-27 17:08:27.828557,156,42,83,43715,
EVT03592,BMW154,2026-06-16 05:08:27.828568,91,22,93,31976,F002
EVT03593,BMW013,2026-02-28 23:08:27.828578,128,63,60,106949,F003
EVT03594,BMW007,2026-05-27 12:08:27.828587,117,12,93,219832,F002
EVT03595,BMW017,2026-06-13 13:08:27.828598,45,35,107,241876,F002
EVT03596,BMW025,2026-02-23 14:08:27.828607,29,46,105,138151,F003
EVT03597,BMW123,2026-04-12 00:08:27.828617,51,48,62,242981,F005
EVT03598,BMW157,2026-09-01 08:08:27.828627,169,24,75,33172,F003
EVT03599,BMW131,2026-03-02 11:08:27.828637,70,45,56,227784,F002
EVT03600,BMW114,2026-03-29 20:08:27.828647,79,79,109,85131,
EVT03601,BMW002,2026-07-29 19:08:27.828657,147,45,62,160406,F002
EVT03602,BMW099,2026-04-28 20:08:27.828666,43,49,60,230289,F003
EVT03603,BMW058,2026-05-15 08:08:27.828676,115,89,87,39596,F005
EVT03604,BMW098,2026-08-11 14:08:27.828686,98,81,53,55913,F004
EVT03605,BMW012,2026-07-18 06:08:27.828696,175,80,54,73267,F004
EVT03606,BMW181,2026-04-26 01:08:27.828706,42,67,96,85888,F005
EVT03607,BMW088,2026-07-07 22:08:27.828716,35,84,64,125686,F003
EVT03608,BMW139,2026-04-06 20:08:27.828726,161,94,84,214393,F002
EVT03609,BMW124,2026-04-10 22:08:27.828736,55,59,62,163857,F001
EVT03610,BMW100,2026-04-19 10:08:27.828745,90,97,60,122152,F003
EVT03611,BMW068,2026-05-30 19:08:27.828755,111,64,73,206005,F005
EVT03612,BMW002,2026-04-16 09:08:27.828765,65,49,58,208106,F001
EVT03613,BMW001,2026-04-01 04:08:27.828774,20,40,80,215827,F001
EVT03614,BMW168,2026-04-23 17:08:27.828784,50,59,55,17131,F004
EVT03615,BMW064,2026-08-07 14:08:27.828793,80,91,86,165446,F003
EVT03616,BMW095,2026-07-01 13:08:27.828803,88,65,89,59816,F002
EVT03617,BMW006,2026-03-26 00:08:27.828812,164,75,107,71376,F003
EVT03618,BMW133,2026-03-27 11:08:27.828821,60,42,67,173188,F002
EVT03619,BMW168,2026-04-30 10:08:27.828831,177,62,77,88860,F001
EVT03620,BMW068,2026-02-23 16:08:27.828841,98,78,67,95480,F002
EVT03621,BMW020,2026-08-18 13:08:27.828851,23,52,92,240548,F003
EVT03622,BMW040,2026-07-14 12:08:27.828861,96,67,90,175361,
EVT03623,BMW087,2026-05-04 14:08:27.828870,123,73,81,177009,F001
EVT03624,BMW128,2026-08-25 05:08:27.828880,175,100,84,138465,F005
EVT03625,BMW045,2026-07-16 16:08:27.828891,97,46,77,38020,F002
EVT03626,BMW157,2026-04-16 00:08:27.828900,31,67,52,230758,F003
EVT03627,BMW190,2026-05-21 23:08:27.828910,38,23,64,172065,F005
EVT03628,BMW133,2026-09-03 15:08:27.828920,33,82,106,222013,F005
EVT03629,BMW092,2026-09-17 03:08:27.828930,89,46,104,233961,F002
EVT03630,BMW066,2026-08-05 16:08:27.828939,156,43,86,206685,
EVT03631,BMW150,2026-07-27 04:08:27.828949,42,69,90,176740,F005
EVT03632,BMW128,2026-04-20 11:08:27.828959,86,31,64,112958,F004
EVT03633,BMW175,2026-07-04 23:08:27.828968,158,87,97,88640,F002
EVT03634,BMW070,2026-02-22 20:08:27.828978,151,44,53,131374,
EVT03635,BMW145,2026-07-26 04:08:27.828988,44,80,62,80870,F003
EVT03636,BMW048,2026-04-25 09:08:27.828998,35,57,97,177752,F005
EVT03637,BMW154,2026-04-19 08:08:27.829007,30,23,55,145469,F005
EVT03638,BMW088,2026-03-12 06:08:27.829017,109,40,81,109502,F005
EVT03639,BMW038,2026-04-09 00:08:27.829028,30,50,63,119992,F005
EVT03640,BMW179,2026-09-14 22:08:27.833163,27,59,62,156878,F002
EVT03641,BMW198,2026-04-04 08:08:27.833176,176,91,67,84502,F002
EVT03642,BMW094,2026-04-29 12:08:27.833186,55,64,93,52690,F003
EVT03643,BMW025,2026-04-09 09:08:27.833195,49,64,109,144707,F005
EVT03644,BMW121,2026-07-10 15:08:27.833205,49,83,108,174073,
EVT03645,BMW189,2026-06-06 00:08:27.833214,130,49,96,53000,F005
EVT03646,BMW008,2026-07-29 08:08:27.833224,21,14,82,235659,F004
EVT03647,BMW195,2026-03-07 08:08:27.833233,82,41,62,66775,F004
EVT03648,BMW158,2026-06-20 23:08:27.833242,155,89,87,203870,F001
EVT03649,BMW140,2026-04-10 05:08:27.833250,47,62,109,48726,F005
EVT03650,BMW016,2026-03-16 13:08:27.833259,80,22,90,41336,F005
EVT03651,BMW077,2026-08-20 00:08:27.833267,92,27,59,205853,
EVT03652,BMW073,2026-03-01 06:08:27.833276,129,43,71,73297,F003
EVT03653,BMW166,2026-04-09 15:08:27.833285,155,71,68,112988,F002
EVT03654,BMW006,2026-03-11 08:08:27.833294,64,56,74,16722,F002
EVT03655,BMW053,2026-04-30 21:08:27.833303,69,49,86,185587,F004
EVT03656,BMW120,2026-04-12 07:08:27.833313,93,93,102,84969,F002
EVT03657,BMW053,2026-07-20 19:08:27.833322,16,19,55,204301,F005
EVT03658,BMW134,2026-07-14 15:08:27.833331,8,47,88,222454,F004
EVT03659,BMW060,2026-03-13 18:08:27.833340,81,66,77,181645,F005
EVT03660,BMW178,2026-09-10 03:08:27.833348,5,22,91,120604,
EVT03661,BMW126,2026-03-30 19:08:27.833357,141,85,101,38316,F004
EVT03662,BMW062,2026-04-14 07:08:27.833371,173,24,76,141113,F001
EVT03663,BMW148,2026-06-13 09:08:27.833381,1,70,75,194452,F004
EVT03664,BMW017,2026-04-18 20:08:27.833390,39,15,56,245656,F004
EVT03665,BMW132,2026-08-02 14:08:27.833400,45,60,108,45793,
EVT03666,BMW115,2026-07-02 22:08:27.833409,72,32,98,59495,F001
EVT03667,BMW026,2026-04-13 21:08:27.833419,38,98,107,74623,F001
EVT03668,BMW157,2026-08-31 14:08:27.833427,167,33,95,218236,F002
EVT03669,BMW187,2026-06-21 12:08:27.833436,151,20,87,240827,F005
EVT03670,BMW064,2026-08-20 15:08:27.833445,17,76,57,165973,
EVT03671,BMW135,2026-03-13 08:08:27.833455,39,81,78,27102,F004
EVT03672,BMW173,2026-06-10 06:08:27.833465,53,51,81,67063,F001
EVT03673,BMW095,2026-08-18 19:08:27.833475,160,41,98,39870,F001
EVT03674,BMW033,2026-05-11 02:08:27.833484,175,92,87,184767,F004
EVT03675,BMW068,2026-07-18 19:08:27.833494,23,55,53,59540,F005
EVT03676,BMW181,2026-08-28 13:08:27.833551,43,60,64,199047,F001
EVT03677,BMW090,2026-07-15 10:08:27.833561,144,27,97,76504,F002
EVT03678,BMW104,2026-03-13 22:08:27.833571,147,36,54,91342,F005
EVT03679,BMW198,2026-07-04 00:08:27.833581,73,41,99,27946,F004
EVT03680,BMW108,2026-07-12 09:08:27.833591,10,68,99,51279,F004
EVT03681,BMW115,2026-05-18 06:08:27.833601,98,56,104,230332,F004
EVT03682,BMW173,2026-08-01 06:08:27.833610,146,98,106,206688,F004
EVT03683,BMW010,2026-03-27 23:08:27.833620,179,41,79,167113,F004
EVT03684,BMW055,2026-06-09 12:08:27.833630,136,74,50,37238,F004
EVT03685,BMW039,2026-07-10 02:08:27.833640,90,96,73,90039,F001
EVT03686,BMW061,2026-06-29 03:08:27.833650,127,40,54,91899,F001
EVT03687,BMW125,2026-08-30 08:08:27.833659,36,38,59,148370,F003
EVT03688,BMW173,2026-06-24 11:08:27.833669,169,90,58,212129,F005
EVT03689,BMW089,2026-05-25 08:08:27.833679,100,42,66,198836,F004
EVT03690,BMW010,2026-07-27 17:08:27.833689,102,98,65,63875,F003
EVT03691,BMW098,2026-04-03 11:08:27.833699,91,49,99,133138,F003
EVT03692,BMW065,2026-04-10 13:08:27.833709,155,32,65,181240,F005
EVT03693,BMW124,2026-04-03 11:08:27.833718,12,76,109,36998,
EVT03694,BMW067,2026-05-31 16:08:27.833727,62,53,56,198937,F001
EVT03695,BMW092,2026-05-04 02:08:27.833737,154,65,78,91627,F001
EVT03696,BMW105,2026-06-14 21:08:27.833746,179,86,90,36657,F002
EVT03697,BMW010,2026-07-01 10:08:27.833755,76,20,106,98448,F001
EVT03698,BMW068,2026-04-23 01:08:27.833765,143,38,52,225719,F004
EVT03699,BMW144,2026-05-27 23:08:27.833775,112,54,88,52906,F002
EVT03700,BMW018,2026-03-11 20:08:27.833785,162,97,94,103373,F002
EVT03701,BMW186,2026-04-30 20:08:27.833794,91,20,101,239788,F004
EVT03702,BMW196,2026-05-02 03:08:27.833804,177,73,62,236744,F004
EVT03703,BMW166,2026-08-19 05:08:27.833814,95,51,80,180788,F002
EVT03704,BMW090,2026-07-07 07:08:27.833823,64,36,59,173804,F004
EVT03705,BMW143,2026-04-11 19:08:27.833833,15,93,77,61734,F003
EVT03706,BMW119,2026-05-05 04:08:27.833842,166,17,106,95706,F004
EVT03707,BMW101,2026-09-02 01:08:27.833852,72,48,56,212905,
EVT03708,BMW099,2026-05-17 06:08:27.833861,60,49,89,196298,F001
EVT03709,BMW020,2026-03-20 18:08:27.833871,3,51,72,138424,F001
EVT03710,BMW032,2026-07-13 18:08:27.833881,149,100,109,143384,F002
EVT03711,BMW023,2026-06-18 06:08:27.833890,4,61,108,106153,F002
EVT03712,BMW051,2026-09-06 19:08:27.833900,133,19,63,58645,F002
EVT03713,BMW059,2026-06-06 13:08:27.833910,69,39,62,230257,F004
EVT03714,BMW183,2026-04-12 10:08:27.833919,13,67,75,109205,F005
EVT03715,BMW155,2026-06-19 18:08:27.833928,111,21,100,168611,F002
EVT03716,BMW144,2026-07-19 17:08:27.833938,54,78,96,159933,
EVT03717,BMW039,2026-05-25 12:08:27.833948,4,13,62,159758,F004
EVT03718,BMW128,2026-05-23 19:08:27.833958,27,35,99,155489,F002
EVT03719,BMW106,2026-04-23 00:08:27.833967,119,96,61,244239,F004
EVT03720,BMW099,2026-08-02 15:08:27.833977,131,38,70,14805,F005
EVT03721,BMW088,2026-02-27 21:08:27.833986,30,96,53,19052,F004
EVT03722,BMW069,2026-06-08 01:08:27.833997,156,22,87,65306,
EVT03723,BMW093,2026-08-22 20:08:27.834007,156,50,107,183873,F003
EVT03724,BMW037,2026-08-05 06:08:27.834017,56,77,103,197426,F004
EVT03725,BMW011,2026-07-05 10:08:27.834026,126,21,94,166250,F005
EVT03726,BMW109,2026-09-05 12:08:27.834036,99,16,85,173106,F005
EVT03727,BMW183,2026-07-11 00:08:27.834046,175,53,105,144096,F005
EVT03728,BMW054,2026-04-16 21:08:27.834056,127,73,92,102829,F002
EVT03729,BMW013,2026-05-24 10:08:27.834065,175,41,106,168682,F003
EVT03730,BMW184,2026-05-07 16:08:27.834075,143,52,83,51797,F001
EVT03731,BMW151,2026-05-12 07:08:27.834084,44,44,78,114611,F005
EVT03732,BMW192,2026-05-31 14:08:27.834094,115,12,58,188609,
EVT03733,BMW097,2026-08-17 21:08:27.834103,73,26,66,185036,F003
EVT03734,BMW198,2026-05-10 03:08:27.834113,94,79,77,122748,
EVT03735,BMW196,2026-07-09 08:08:27.834122,80,95,86,65401,F005
EVT03736,BMW127,2026-08-07 14:08:27.834132,17,80,61,77400,F001
EVT03737,BMW158,2026-05-10 19:08:27.834142,117,20,100,207676,F004
EVT03738,BMW033,2026-08-27 12:08:27.834152,38,70,97,166846,F005
EVT03739,BMW176,2026-04-22 13:08:27.834161,2,39,54,19625,F003
EVT03740,BMW029,2026-04-18 02:08:27.834171,175,40,102,201091,F005
EVT03741,BMW014,2026-06-12 15:08:27.834181,49,66,80,83356,F005
EVT03742,BMW173,2026-08-04 10:08:27.834191,72,97,62,195777,F001
EVT03743,BMW113,2026-03-17 03:08:27.834200,115,81,101,137863,F001
EVT03744,BMW178,2026-08-16 02:08:27.834210,146,89,55,78296,F002
EVT03745,BMW085,2026-04-13 18:08:27.834220,39,82,100,226649,
EVT03746,BMW121,2026-09-14 11:08:27.834229,138,37,85,195857,F004
EVT03747,BMW104,2026-03-11 21:08:27.834238,103,44,58,182201,F004
EVT03748,BMW133,2026-02-22 19:08:27.834248,161,11,63,58161,F005
EVT03749,BMW165,2026-07-10 10:08:27.834257,81,32,55,129098,F001
EVT03750,BMW029,2026-06-04 10:08:27.834266,103,12,102,242228,
EVT03751,BMW108,2026-08-24 13:08:27.834276,31,56,75,100767,F004
EVT03752,BMW174,2026-03-26 17:08:27.834286,120,67,55,33750,F004
EVT03753,BMW145,2026-05-30 17:08:27.834296,28,86,55,51818,F003
EVT03754,BMW013,2026-03-09 10:08:27.834305,26,48,53,166770,F004
EVT03755,BMW024,2026-07-02 00:08:27.834315,21,25,59,240836,F004
EVT03756,BMW023,2026-09-04 22:08:27.834324,32,39,100,154384,F001
EVT03757,BMW087,2026-03-15 16:08:27.834331,13,56,79,80881,F005
EVT03758,BMW142,2026-09-11 15:08:27.834337,138,73,107,14610,F002
EVT03759,BMW037,2026-03-01 08:08:27.834342,143,51,109,146094,F001
EVT03760,BMW188,2026-08-28 01:08:27.834347,10,47,76,158285,F001
EVT03761,BMW110,2026-07-03 04:08:27.834353,93,100,60,119566,F004
EVT03762,BMW140,2026-03-19 06:08:27.834359,32,37,59,240900,F005
EVT03763,BMW022,2026-08-14 13:08:27.834364,180,66,108,209900,F002
EVT03764,BMW021,2026-08-24 15:08:27.834369,82,59,98,209308,F002
EVT03765,BMW024,2026-07-04 12:08:27.834375,76,82,69,85627,F001
EVT03766,BMW074,2026-09-08 19:08:27.834380,83,69,72,206695,
EVT03767,BMW054,2026-02-23 10:08:27.834386,42,35,54,157509,F002
EVT03768,BMW149,2026-03-28 13:08:27.834392,1,59,82,57828,F004
EVT03769,BMW059,2026-04-03 01:08:27.834397,116,36,91,192592,F002
EVT03770,BMW099,2026-04-06 11:08:27.834402,61,71,105,97590,F004
EVT03771,BMW132,2026-06-09 13:08:27.834408,149,17,59,90207,F003
EVT03772,BMW148,2026-08-02 06:08:27.834413,23,68,78,83147,F003
EVT03773,BMW088,2026-06-17 09:08:27.834419,51,34,56,150399,F005
EVT03774,BMW163,2026-02-24 00:08:27.834424,87,26,87,139150,F005
EVT03775,BMW196,2026-03-14 02:08:27.834430,75,13,103,181859,F005
EVT03776,BMW013,2026-05-05 22:08:27.834435,98,97,75,19148,
EVT03777,BMW144,2026-06-10 09:08:27.834441,178,28,105,246868,F004
EVT03778,BMW054,2026-07-15 16:08:27.834446,34,39,55,49480,F001
EVT03779,BMW123,2026-04-03 12:08:27.834451,172,43,83,241786,F002
EVT03780,BMW134,2026-06-09 00:08:27.834457,16,68,68,125958,
EVT03781,BMW073,2026-08-21 16:08:27.834463,114,83,62,133365,F001
EVT03782,BMW158,2026-05-06 07:08:27.834468,72,88,54,194856,
EVT03783,BMW179,2026-08-22 00:08:27.834474,55,53,77,119008,F002
EVT03784,BMW135,2026-08-11 03:08:27.834479,7,14,100,142412,F004
EVT03785,BMW121,2026-07-25 07:08:27.834484,148,62,59,92215,F001
EVT03786,BMW130,2026-04-03 04:08:27.834490,112,41,103,112024,F004
EVT03787,BMW151,2026-06-07 19:08:27.834495,87,43,103,182961,F005
EVT03788,BMW140,2026-03-25 01:08:27.834544,12,47,106,197166,F003
EVT03789,BMW003,2026-06-24 11:08:27.834554,169,89,78,105614,F004
EVT03790,BMW025,2026-06-13 05:08:27.834559,71,48,100,22864,F005
EVT03791,BMW108,2026-09-03 09:08:27.834566,66,89,96,35946,F005
EVT03792,BMW090,2026-05-09 11:08:27.834571,120,93,90,138346,F001
EVT03793,BMW103,2026-09-10 18:08:27.834577,56,56,106,24020,
EVT03794,BMW061,2026-03-26 23:08:27.834582,21,85,56,43475,F003
EVT03795,BMW042,2026-06-20 06:08:27.834588,46,66,91,47051,F003
EVT03796,BMW066,2026-04-02 02:08:27.834594,151,51,80,46498,F002
EVT03797,BMW088,2026-05-16 12:08:27.834600,140,97,64,52936,F005
EVT03798,BMW189,2026-07-02 23:08:27.834606,164,66,69,66190,F001
EVT03799,BMW128,2026-08-13 08:08:27.834611,5,47,68,247264,F002
EVT03800,BMW168,2026-07-30 11:08:27.834676,4,85,93,75542,F004
EVT03801,BMW073,2026-07-26 14:08:27.834684,174,34,50,15404,F004
EVT03802,BMW040,2026-07-09 02:08:27.834689,176,24,69,121301,F004
EVT03803,BMW095,2026-03-05 20:08:27.834728,7,68,58,173380,F003
EVT03804,BMW200,2026-08-03 06:08:27.834738,20,45,68,140426,F004
EVT03805,BMW059,2026-08-18 05:08:27.834747,107,10,91,166111,F003
EVT03806,BMW169,2026-08-10 15:08:27.834756,98,31,108,127681,F003
EVT03807,BMW145,2026-05-02 15:08:27.834765,37,84,69,211553,F003
EVT03808,BMW018,2026-04-01 15:08:27.834774,79,87,62,137354,F005
EVT03809,BMW068,2026-03-25 10:08:27.834782,0,38,59,12705,F004
EVT03810,BMW113,2026-08-24 01:08:27.834790,113,52,78,73413,F005
EVT03811,BMW151,2026-07-10 06:08:27.834798,163,92,93,107726,
EVT03812,BMW074,2026-05-19 15:08:27.834807,65,10,84,24031,
EVT03813,BMW187,2026-06-13 14:08:27.834815,135,11,55,176715,F002
EVT03814,BMW122,2026-08-06 13:08:27.834824,121,64,101,236238,F002
EVT03815,BMW087,2026-08-07 21:08:27.834833,39,61,89,118127,F003
EVT03816,BMW148,2026-04-10 06:08:27.834843,94,55,88,246171,F001
EVT03817,BMW141,2026-07-07 18:08:27.834852,62,80,56,29711,F004
EVT03818,BMW090,2026-09-13 11:08:27.834862,56,46,109,208641,F004
EVT03819,BMW188,2026-06-14 21:08:27.834871,151,85,55,166879,F004
EVT03820,BMW108,2026-04-13 00:08:27.834881,53,12,96,105685,F001
EVT03821,BMW200,2026-06-21 09:08:27.834891,64,25,85,148086,F001
EVT03822,BMW067,2026-03-23 15:08:27.834900,175,55,107,126844,F001
EVT03823,BMW142,2026-07-30 20:08:27.834910,80,22,59,177158,F004
EVT03824,BMW157,2026-04-06 02:08:27.834920,127,32,82,201261,F002
EVT03825,BMW122,2026-03-22 18:08:27.834930,26,61,95,169511,F005
EVT03826,BMW026,2026-04-07 02:08:27.834940,25,26,60,29654,F002
EVT03827,BMW067,2026-05-13 07:08:27.834951,116,18,53,40904,F004
EVT03828,BMW166,2026-04-19 20:08:27.834961,122,34,87,116576,F002
EVT03829,BMW082,2026-03-02 15:08:27.834971,172,63,63,80002,F003
EVT03830,BMW189,2026-08-16 03:08:27.834981,24,82,100,94877,F001
EVT03831,BMW035,2026-04-27 21:08:27.834991,112,91,88,147305,F002
EVT03832,BMW178,2026-09-11 02:08:27.835001,143,68,62,37645,F004
EVT03833,BMW188,2026-06-24 16:08:27.835011,135,11,82,68089,F005
EVT03834,BMW010,2026-08-11 21:08:27.835021,14,36,91,204299,F003
EVT03835,BMW070,2026-06-19 02:08:27.835031,110,83,82,212465,F004
EVT03836,BMW085,2026-03-31 11:08:27.835041,23,81,108,228515,F004
EVT03837,BMW025,2026-07-04 03:08:27.835051,66,18,94,86938,F004
EVT03838,BMW054,2026-03-30 11:08:27.835061,138,76,53,172762,F002
EVT03839,BMW094,2026-09-14 13:08:27.835071,170,70,102,138293,F002
EVT03840,BMW057,2026-04-08 11:08:27.835080,14,30,70,47547,F003
EVT03841,BMW043,2026-09-16 00:08:27.835089,30,100,77,205233,F004
EVT03842,BMW070,2026-09-15 22:08:27.835098,47,78,60,96197,F001
EVT03843,BMW149,2026-08-05 11:08:27.835109,124,45,103,183179,F004
EVT03844,BMW195,2026-09-15 14:08:27.835118,52,96,98,243581,F005
EVT03845,BMW034,2026-04-16 00:08:27.835128,7,59,99,122191,
EVT03846,BMW034,2026-05-02 08:08:27.835138,113,28,102,40076,
EVT03847,BMW074,2026-05-25 14:08:27.835148,177,43,103,225223,F002
EVT03848,BMW007,2026-06-15 09:08:27.835157,74,94,103,32631,F002
EVT03849,BMW183,2026-03-17 14:08:27.835166,50,81,62,159445,F004
EVT03850,BMW034,2026-06-10 08:08:27.835176,35,92,88,72717,F002
EVT03851,BMW133,2026-07-02 17:08:27.835185,0,82,84,43050,F002
EVT03852,BMW173,2026-05-05 00:08:27.835194,88,17,90,187450,F001
EVT03853,BMW065,2026-06-20 05:08:27.835204,82,56,81,219675,F003
EVT03854,BMW196,2026-05-01 16:08:27.835213,63,43,75,76028,F002
EVT03855,BMW022,2026-07-10 19:08:27.835223,67,57,81,54909,
EVT03856,BMW135,2026-07-20 22:08:27.835232,150,49,62,16875,F002
EVT03857,BMW052,2026-07-12 06:08:27.835242,135,27,72,105196,F003
EVT03858,BMW122,2026-02-22 06:08:27.835252,113,93,60,36476,F005
EVT03859,BMW003,2026-07-22 08:08:27.835262,152,60,75,149264,F002
EVT03860,BMW084,2026-07-04 12:08:27.835271,14,81,107,237190,F005
EVT03861,BMW001,2026-04-29 15:08:27.835281,141,33,78,224058,F003
EVT03862,BMW017,2026-08-02 23:08:27.835290,121,67,79,237865,
EVT03863,BMW160,2026-04-06 03:08:27.835300,75,70,69,164541,F004
EVT03864,BMW110,2026-06-17 11:08:27.835309,139,41,63,83985,F003
EVT03865,BMW056,2026-07-06 03:08:27.835318,133,21,64,84264,F003
EVT03866,BMW101,2026-09-03 13:08:27.835328,65,67,71,217862,F003
EVT03867,BMW090,2026-09-11 05:08:27.835337,26,54,97,61381,F002
EVT03868,BMW174,2026-03-09 22:08:27.835349,139,24,67,31062,F003
EVT03869,BMW043,2026-03-21 07:08:27.835359,18,99,69,76385,F005
EVT03870,BMW105,2026-07-05 05:08:27.835369,37,73,79,126778,F001
EVT03871,BMW040,2026-03-10 09:08:27.835378,109,55,64,168716,F002
EVT03872,BMW150,2026-07-22 08:08:27.835388,147,84,108,60812,
EVT03873,BMW091,2026-06-01 00:08:27.835398,3,87,88,236133,F003
EVT03874,BMW030,2026-04-18 09:08:27.835408,89,60,89,57517,F001
EVT03875,BMW185,2026-09-13 19:08:27.835417,3,13,61,180274,F005
EVT03876,BMW023,2026-07-31 02:08:27.835428,68,48,59,12955,F001
EVT03877,BMW157,2026-09-08 03:08:27.835437,94,92,94,169664,
EVT03878,BMW016,2026-08-27 03:08:27.835447,156,62,89,66081,F002
EVT03879,BMW109,2026-05-02 18:08:27.835457,6,43,77,109967,
EVT03880,BMW115,2026-03-02 09:08:27.835466,147,64,76,122393,F003
EVT03881,BMW191,2026-09-04 21:08:27.835476,18,11,84,105577,F003
EVT03882,BMW094,2026-02-21 21:08:27.835486,64,18,90,102934,F005
EVT03883,BMW010,2026-09-09 16:08:27.835495,71,52,51,47849,F003
EVT03884,BMW006,2026-03-28 09:08:27.835555,18,89,81,226668,F001
EVT03885,BMW040,2026-04-08 01:08:27.835565,105,45,71,196704,F002
EVT03886,BMW184,2026-05-13 13:08:27.835574,25,57,69,78923,F002
EVT03887,BMW105,2026-06-07 13:08:27.835584,112,77,107,22067,F005
EVT03888,BMW005,2026-04-10 00:08:27.835594,18,28,77,96811,
EVT03889,BMW102,2026-06-14 06:08:27.835603,86,59,108,80799,
EVT03890,BMW095,2026-03-25 00:08:27.835613,46,71,52,22878,F005
EVT03891,BMW077,2026-03-20 13:08:27.835622,166,14,52,38112,F002
EVT03892,BMW198,2026-07-23 18:08:27.835631,83,44,50,137697,F003
EVT03893,BMW079,2026-04-05 09:08:27.835640,46,61,54,173436,F005
EVT03894,BMW082,2026-03-20 11:08:27.835649,112,17,80,107238,F002
EVT03895,BMW047,2026-02-22 16:08:27.835658,105,64,61,94427,F004
EVT03896,BMW107,2026-02-27 17:08:27.835668,95,37,73,166046,F003
EVT03897,BMW165,2026-08-22 06:08:27.835677,102,71,84,148195,
EVT03898,BMW178,2026-06-03 08:08:27.835687,120,51,60,75800,F003
EVT03899,BMW059,2026-09-09 21:08:27.835696,78,18,99,79760,F003
EVT03900,BMW003,2026-02-26 00:08:27.835705,55,90,110,40338,F001
EVT03901,BMW001,2026-03-31 02:08:27.835714,82,42,96,66657,
EVT03902,BMW199,2026-07-12 07:08:27.835724,13,41,86,152402,F002
EVT03903,BMW087,2026-03-29 04:08:27.835734,174,18,56,97688,F002
EVT03904,BMW163,2026-03-28 04:08:27.835744,54,17,77,145879,F001
EVT03905,BMW050,2026-08-03 02:08:27.835753,51,35,55,114155,F005
EVT03906,BMW107,2026-03-06 15:08:27.835762,19,76,64,243129,F003
EVT03907,BMW192,2026-03-21 17:08:27.835771,126,45,80,38710,F005
EVT03908,BMW021,2026-07-01 11:08:27.835781,155,11,72,172907,F004
EVT03909,BMW031,2026-04-06 19:08:27.835790,47,45,94,132674,
EVT03910,BMW077,2026-05-26 19:08:27.835799,48,67,102,131843,
EVT03911,BMW119,2026-08-04 15:08:27.835808,21,95,95,89332,F002
EVT03912,BMW162,2026-04-20 14:08:27.835819,156,17,71,149797,F005
EVT03913,BMW046,2026-08-06 10:08:27.835828,30,63,87,59782,F005
EVT03914,BMW120,2026-08-11 18:08:27.835837,24,57,106,119515,
EVT03915,BMW088,2026-06-10 12:08:27.835846,51,67,73,194606,F002
EVT03916,BMW100,2026-09-12 02:08:27.835856,134,26,90,21906,F002
EVT03917,BMW066,2026-07-31 08:08:27.835865,115,71,93,43446,F004
EVT03918,BMW164,2026-05-12 09:08:27.835875,78,56,101,44228,F005
EVT03919,BMW118,2026-03-08 17:08:27.835884,42,66,99,52697,F001
EVT03920,BMW162,2026-08-15 04:08:27.835894,95,79,54,246626,F004
EVT03921,BMW106,2026-04-13 18:08:27.835903,41,65,56,104084,F004
EVT03922,BMW159,2026-06-19 07:08:27.835912,90,27,63,139518,F002
EVT03923,BMW150,2026-04-06 21:08:27.835922,19,98,62,112622,F005
EVT03924,BMW133,2026-07-17 15:08:27.835931,122,75,93,231496,F004
EVT03925,BMW049,2026-03-31 21:08:27.835941,93,79,82,21753,F004
EVT03926,BMW031,2026-05-28 17:08:27.835950,68,60,55,210099,F005
EVT03927,BMW054,2026-02-25 08:08:27.835960,37,32,103,71376,F004
EVT03928,BMW086,2026-08-20 19:08:27.835969,129,56,73,100062,F003
EVT03929,BMW188,2026-08-21 09:08:27.835978,152,56,100,189503,F005
EVT03930,BMW181,2026-07-20 13:08:27.835989,154,44,107,13501,F004
EVT03931,BMW097,2026-07-14 03:08:27.835998,102,38,90,19770,F001
EVT03932,BMW041,2026-04-07 16:08:27.836008,97,17,74,220557,F001
EVT03933,BMW138,2026-04-24 16:08:27.836017,112,45,91,178384,F001
EVT03934,BMW172,2026-02-24 17:08:27.836026,19,51,109,142207,F002
EVT03935,BMW096,2026-06-22 04:08:27.836035,9,64,101,209926,F003
EVT03936,BMW014,2026-06-11 21:08:27.836045,137,43,56,82189,F005
EVT03937,BMW040,2026-07-27 01:08:27.836054,160,89,99,139836,F005
EVT03938,BMW033,2026-07-20 17:08:27.836063,14,66,99,42297,F004
EVT03939,BMW162,2026-06-15 22:08:27.836072,31,80,77,74069,F004
EVT03940,BMW112,2026-08-05 09:08:27.836082,36,39,109,90538,F005
EVT03941,BMW061,2026-05-06 09:08:27.836091,179,35,81,52657,F003
EVT03942,BMW101,2026-08-22 13:08:27.836100,121,73,67,127505,F002
EVT03943,BMW171,2026-08-10 00:08:27.836110,148,34,107,24047,
EVT03944,BMW126,2026-05-15 02:08:27.836119,153,31,75,25586,F004
EVT03945,BMW062,2026-05-04 05:08:27.836128,91,19,60,27290,
EVT03946,BMW073,2026-08-18 00:08:27.836138,159,76,81,53711,F005
EVT03947,BMW090,2026-06-08 03:08:27.836148,40,92,64,129339,F004
EVT03948,BMW053,2026-04-19 21:08:27.836158,152,69,107,46447,F001
EVT03949,BMW186,2026-06-22 06:08:27.836168,137,13,53,92269,
EVT03950,BMW003,2026-07-04 18:08:27.836178,52,10,55,168773,F002
EVT03951,BMW137,2026-05-02 08:08:27.836188,150,61,91,72196,F002
EVT03952,BMW191,2026-08-29 03:08:27.836199,32,52,107,156992,F003
EVT03953,BMW048,2026-05-22 08:08:27.836208,177,50,85,158880,F002
EVT03954,BMW035,2026-06-21 10:08:27.836219,125,78,52,32743,F004
EVT03955,BMW152,2026-06-08 22:08:27.836228,131,96,58,155558,
EVT03956,BMW047,2026-04-01 01:08:27.836239,4,60,96,41183,F005
EVT03957,BMW159,2026-03-15 12:08:27.836249,149,42,50,128842,F003
EVT03958,BMW167,2026-06-29 13:08:27.836258,67,66,94,84465,F005
EVT03959,BMW040,2026-08-07 01:08:27.836268,96,52,74,156296,F001
EVT03960,BMW129,2026-04-17 03:08:27.836279,1,45,89,134258,F003
EVT03961,BMW045,2026-05-29 04:08:27.836289,9,71,80,131304,
EVT03962,BMW187,2026-04-20 23:08:27.836298,86,55,94,102894,F002
EVT03963,BMW113,2026-04-08 11:08:27.836308,78,23,80,91952,
EVT03964,BMW167,2026-07-28 11:08:27.836318,37,30,84,171492,
EVT03965,BMW176,2026-08-14 06:08:27.836328,169,46,66,120389,F002
EVT03966,BMW026,2026-08-17 02:08:27.836338,27,56,87,204955,F005
EVT03967,BMW069,2026-05-26 10:08:27.836348,55,92,91,123341,F005
EVT03968,BMW165,2026-09-11 18:08:27.836358,125,66,60,242434,F002
EVT03969,BMW118,2026-09-16 11:08:27.836367,98,16,78,26177,F001
EVT03970,BMW064,2026-04-09 06:08:27.836377,107,96,63,48073,F002
EVT03971,BMW196,2026-06-28 18:08:27.836386,124,88,56,24084,F004
EVT03972,BMW073,2026-05-12 10:08:27.836395,113,99,86,111992,F001
EVT03973,BMW041,2026-04-11 10:08:27.836405,117,37,76,97472,F005
EVT03974,BMW146,2026-05-14 21:08:27.836414,113,19,83,84774,F004
EVT03975,BMW044,2026-04-16 21:08:27.836424,82,69,101,99196,
EVT03976,BMW054,2026-02-25 01:08:27.836433,112,32,91,32050,F003
EVT03977,BMW092,2026-07-28 03:08:27.836442,25,42,79,215834,F002
EVT03978,BMW160,2026-04-23 12:08:27.836452,172,100,83,191192,F002
EVT03979,BMW133,2026-09-13 15:08:27.836461,133,28,64,17423,F002
EVT03980,BMW052,2026-07-16 16:08:27.836471,134,40,72,58184,F004
EVT03981,BMW188,2026-05-15 23:08:27.836480,145,57,105,89543,
EVT03982,BMW001,2026-06-14 06:08:27.836490,177,82,106,104599,F004
EVT03983,BMW053,2026-08-25 12:08:27.836530,130,37,79,192781,
EVT03984,BMW173,2026-06-26 23:08:27.836540,174,62,64,189541,
EVT03985,BMW112,2026-08-18 10:08:27.836550,33,87,77,144086,F005
EVT03986,BMW008,2026-05-17 21:08:27.836560,170,31,53,118527,F001
EVT03987,BMW192,2026-07-04 11:08:27.836570,116,57,56,194834,F004
EVT03988,BMW141,2026-05-21 07:08:27.836580,81,75,108,136159,F001
EVT03989,BMW181,2026-04-26 05:08:27.836590,25,85,110,162661,F002
EVT03990,BMW065,2026-07-25 04:08:27.836600,100,66,89,118992,F001
EVT03991,BMW115,2026-03-25 18:08:27.836611,47,71,79,228418,F005
EVT03992,BMW111,2026-05-13 15:08:27.836621,77,58,77,84525,F003
EVT03993,BMW008,2026-04-03 10:08:27.836631,28,81,74,191703,F005
EVT03994,BMW155,2026-04-12 09:08:27.836640,2,34,95,83528,F001
EVT03995,BMW056,2026-07-09 12:08:27.836650,59,94,67,204300,F003
EVT03996,BMW068,2026-06-14 19:08:27.836661,70,45,93,202003,
EVT03997,BMW063,2026-03-26 18:08:27.836671,162,51,50,23441,F001
EVT03998,BMW076,2026-07-10 20:08:27.836681,113,76,57,41559,F004
EVT03999,BMW130,2026-07-28 19:08:27.836691,124,30,71,229032,F004
EVT04000,BMW142,2026-07-24 07:08:27.836701,166,46,102,45164,F003
EVT04001,BMW027,2026-03-22 15:08:27.836710,170,87,103,185686,
EVT04002,BMW176,2026-04-04 08:08:27.836720,166,21,85,34419,F002
EVT04003,BMW144,2026-09-09 07:08:27.836730,120,93,56,213156,F003
EVT04004,BMW119,2026-05-31 20:08:27.836740,93,97,107,32943,F004
EVT04005,BMW181,2026-07-31 10:08:27.836750,133,71,95,99838,F005
EVT04006,BMW093,2026-08-30 08:08:27.836760,87,97,80,116489,
EVT04007,BMW199,2026-07-09 02:08:27.836770,124,66,68,162501,F004
EVT04008,BMW048,2026-05-30 10:08:27.836780,5,100,52,197415,F004
EVT04009,BMW157,2026-04-24 22:08:27.836790,22,57,104,22131,
EVT04010,BMW054,2026-09-03 06:08:27.836800,42,31,57,34174,F005
EVT04011,BMW100,2026-04-24 14:08:27.836810,139,62,94,92452,F001
EVT04012,BMW169,2026-09-17 04:08:27.836820,21,59,92,59068,F005
EVT04013,BMW027,2026-05-25 16:08:27.836830,125,57,98,93409,
EVT04014,BMW096,2026-03-03 13:08:27.836840,144,72,100,16363,
EVT04015,BMW040,2026-08-06 20:08:27.836850,25,68,66,214526,F005
EVT04016,BMW186,2026-03-24 07:08:27.836861,171,61,55,185238,F001
EVT04017,BMW146,2026-07-19 04:08:27.836871,91,89,96,86036,F003
EVT04018,BMW014,2026-05-10 23:08:27.836881,32,14,107,11732,F005
EVT04019,BMW140,2026-08-28 07:08:27.836890,56,53,71,96704,F005
EVT04020,BMW005,2026-09-08 23:08:27.836900,13,44,108,86146,F003
EVT04021,BMW071,2026-08-06 02:08:27.836910,125,61,73,185285,F005
EVT04022,BMW029,2026-06-16 14:08:27.836920,125,18,59,54131,F002
EVT04023,BMW093,2026-08-19 05:08:27.836929,174,90,100,212725,
EVT04024,BMW085,2026-04-09 03:08:27.836938,35,71,73,180710,
EVT04025,BMW148,2026-03-08 18:08:27.836948,84,80,71,27334,F004
EVT04026,BMW090,2026-03-31 07:08:27.836958,24,33,59,159342,
EVT04027,BMW173,2026-04-03 11:08:27.836967,99,61,65,148889,F005
EVT04028,BMW054,2026-02-27 17:08:27.836977,118,41,77,190439,F005
EVT04029,BMW009,2026-09-07 18:08:27.836986,171,21,82,243459,F005
EVT04030,BMW174,2026-08-12 03:08:27.836996,54,35,78,183488,F005
EVT04031,BMW162,2026-03-02 08:08:27.837005,163,28,54,232881,F004
EVT04032,BMW083,2026-08-16 04:08:27.837015,109,12,72,28661,F004
EVT04033,BMW104,2026-04-28 08:08:27.837024,5,37,54,43875,F002
EVT04034,BMW052,2026-08-18 10:08:27.837033,103,35,98,49922,
EVT04035,BMW131,2026-04-13 09:08:27.837043,126,91,62,135621,F004
EVT04036,BMW178,2026-07-27 23:08:27.837052,70,97,60,152683,F005
EVT04037,BMW102,2026-04-01 19:08:27.837061,43,68,59,168082,F005
EVT04038,BMW054,2026-07-31 23:08:27.837071,58,96,59,42413,F001
EVT04039,BMW043,2026-08-23 01:08:27.837080,99,40,68,171694,F001
EVT04040,BMW003,2026-07-04 00:08:27.837090,20,96,67,248791,F005
EVT04041,BMW199,2026-05-31 19:08:27.837100,148,54,76,139762,F004
EVT04042,BMW151,2026-07-18 14:08:27.837109,168,77,94,231111,F005
EVT04043,BMW192,2026-08-31 03:08:27.837119,100,57,103,240695,F002
EVT04044,BMW085,2026-08-15 04:08:27.837129,134,89,81,96553,F004
EVT04045,BMW145,2026-06-26 20:08:27.837138,18,43,85,75374,F003
EVT04046,BMW063,2026-06-17 10:08:27.837148,150,12,88,205337,F001
EVT04047,BMW195,2026-06-03 21:08:27.837158,68,48,69,120400,F003
EVT04048,BMW068,2026-03-05 13:08:27.837167,83,94,92,92481,F003
EVT04049,BMW067,2026-04-11 13:08:27.837177,154,63,56,82408,F004
EVT04050,BMW196,2026-03-16 04:08:27.837186,129,92,87,71913,F005
EVT04051,BMW096,2026-03-14 09:08:27.837195,61,74,107,33466,F003
EVT04052,BMW181,2026-09-15 10:08:27.837204,14,41,91,26988,F003
EVT04053,BMW165,2026-03-21 04:08:27.837213,113,63,79,226428,F001
EVT04054,BMW013,2026-08-02 06:08:27.837222,150,44,72,198385,F001
EVT04055,BMW182,2026-04-08 18:08:27.837230,11,32,84,42912,F002
EVT04056,BMW083,2026-05-14 10:08:27.837238,29,13,65,105149,F003
EVT04057,BMW145,2026-04-01 08:08:27.837246,123,44,91,169200,F005
EVT04058,BMW153,2026-09-13 06:08:27.837255,173,93,71,106536,F004
EVT04059,BMW114,2026-07-13 02:08:27.837264,11,70,66,53728,
EVT04060,BMW054,2026-06-01 06:08:27.837273,1,26,64,202766,F001
EVT04061,BMW119,2026-05-02 21:08:27.837281,111,16,97,222261,F003
EVT04062,BMW026,2026-06-01 14:08:27.837290,64,62,75,226236,F004
EVT04063,BMW103,2026-09-10 17:08:27.837300,83,81,89,196683,F004
EVT04064,BMW012,2026-05-15 09:08:27.837308,17,74,89,156097,F001
EVT04065,BMW082,2026-08-10 22:08:27.837318,120,17,106,75721,F005
EVT04066,BMW157,2026-09-03 10:08:27.837327,71,38,88,87109,F004
EVT04067,BMW058,2026-07-20 20:08:27.837335,146,84,59,74513,
EVT04068,BMW092,2026-08-22 12:08:27.837344,143,77,78,212942,F002
EVT04069,BMW027,2026-06-04 18:08:27.837353,104,54,106,61599,F001
EVT04070,BMW054,2026-04-15 14:08:27.837362,25,26,52,80761,F005
EVT04071,BMW179,2026-09-15 08:08:27.837371,110,76,109,180180,F002
EVT04072,BMW171,2026-08-31 05:08:27.837400,53,89,94,141768,F002
EVT04073,BMW034,2026-06-20 04:08:27.837409,43,15,57,132246,F005
EVT04074,BMW039,2026-06-28 05:08:27.837419,131,84,106,66655,F003
EVT04075,BMW138,2026-08-21 12:08:27.837428,159,14,101,177947,F003
EVT04076,BMW109,2026-09-03 01:08:27.837437,98,23,55,111398,F001
EVT04077,BMW030,2026-09-09 00:08:27.837446,169,93,75,93755,F005
EVT04078,BMW133,2026-08-03 02:08:27.837455,115,53,57,154243,F001
EVT04079,BMW116,2026-03-21 20:08:27.837463,99,26,72,66511,F002
EVT04080,BMW048,2026-03-27 06:08:27.837472,137,62,82,97167,
EVT04081,BMW093,2026-07-24 17:08:27.837481,169,67,53,246848,F003
EVT04082,BMW123,2026-08-26 06:08:27.837490,80,90,76,109939,F005
EVT04083,BMW141,2026-04-02 12:08:27.837524,79,52,73,95904,
EVT04084,BMW114,2026-04-12 15:08:27.837547,85,45,67,36189,F005
EVT04085,BMW177,2026-08-20 15:08:27.837557,136,60,57,63857,F002
EVT04086,BMW077,2026-05-20 22:08:27.837566,57,56,66,71005,F004
EVT04087,BMW007,2026-06-09 16:08:27.837575,177,39,72,87369,F004
EVT04088,BMW198,2026-04-03 12:08:27.837583,81,41,80,58749,
EVT04089,BMW119,2026-03-02 14:08:27.837592,149,63,67,154793,F004
EVT04090,BMW194,2026-05-24 13:08:27.837600,132,72,67,79573,F004
EVT04091,BMW167,2026-06-07 08:08:27.837609,130,75,74,169032,F003
EVT04092,BMW109,2026-03-12 04:08:27.837618,114,64,83,32741,F001
EVT04093,BMW088,2026-04-06 06:08:27.837627,96,68,102,89586,F001
EVT04094,BMW199,2026-03-13 23:08:27.837637,118,50,109,202442,F003
EVT04095,BMW058,2026-03-11 00:08:27.837646,7,11,102,27186,F002
EVT04096,BMW129,2026-02-26 05:08:27.837655,86,21,81,231081,F004
EVT04097,BMW133,2026-07-08 05:08:27.837665,112,83,54,11950,F005
EVT04098,BMW028,2026-07-07 04:08:27.837674,86,28,99,152001,
EVT04099,BMW160,2026-03-06 00:08:27.837683,155,67,71,32354,F001
EVT04100,BMW065,2026-07-21 16:08:27.837693,160,12,61,98255,F003
EVT04101,BMW173,2026-08-14 05:08:27.837702,74,78,101,76174,F001
EVT04102,BMW152,2026-04-01 00:08:27.837711,132,15,102,244073,F002
EVT04103,BMW047,2026-05-11 07:08:27.837720,150,87,69,166964,F001
EVT04104,BMW043,2026-03-09 21:08:27.837730,40,36,109,158664,F003
EVT04105,BMW126,2026-05-02 14:08:27.837739,150,39,72,53289,
EVT04106,BMW056,2026-05-01 19:08:27.837749,132,18,55,77592,F003
EVT04107,BMW024,2026-07-25 04:08:27.837758,98,24,59,241368,F004
EVT04108,BMW033,2026-08-01 13:08:27.837767,115,17,80,228202,
EVT04109,BMW169,2026-03-10 13:08:27.837776,48,100,80,117136,F001
EVT04110,BMW042,2026-09-01 07:08:27.837786,86,61,109,100325,F001
EVT04111,BMW036,2026-06-11 08:08:27.837795,147,17,104,73559,F005
EVT04112,BMW091,2026-07-04 11:08:27.837805,113,39,50,140631,F003
EVT04113,BMW066,2026-07-12 19:08:27.837814,91,47,76,237260,F004
EVT04114,BMW021,2026-04-20 17:08:27.837824,56,84,79,126998,F003
EVT04115,BMW167,2026-05-09 17:08:27.837834,142,89,97,178307,F001
EVT04116,BMW120,2026-03-01 13:08:27.837843,148,50,100,50852,F001
EVT04117,BMW055,2026-05-04 19:08:27.837852,11,31,94,74414,
EVT04118,BMW122,2026-07-18 19:08:27.837862,51,19,79,188852,F004
EVT04119,BMW111,2026-07-20 10:08:27.837871,52,73,60,155549,F005
EVT04120,BMW194,2026-05-03 20:08:27.837880,106,91,80,151483,F003
EVT04121,BMW016,2026-04-15 11:08:27.837889,157,32,81,94647,F001
EVT04122,BMW139,2026-03-28 18:08:27.837898,162,52,78,139658,F004
EVT04123,BMW011,2026-09-01 15:08:27.837908,45,72,80,137255,
EVT04124,BMW135,2026-04-01 09:08:27.837917,89,68,53,177934,F001
EVT04125,BMW130,2026-04-17 02:08:27.837926,62,70,107,142908,F003
EVT04126,BMW106,2026-06-27 13:08:27.837942,29,98,80,74082,F004
EVT04127,BMW074,2026-03-02 00:08:27.837952,89,65,87,95418,
EVT04128,BMW022,2026-03-06 08:08:27.837961,26,21,53,193175,F001
EVT04129,BMW119,2026-05-06 14:08:27.837970,28,91,66,116730,F002
EVT04130,BMW050,2026-08-30 00:08:27.837980,121,76,99,92922,F003
EVT04131,BMW131,2026-06-04 07:08:27.837989,24,52,64,182630,F005
EVT04132,BMW045,2026-08-15 00:08:27.837998,107,41,50,81173,F005
EVT04133,BMW064,2026-09-12 00:08:27.838008,30,30,59,113607,F003
EVT04134,BMW188,2026-04-07 12:08:27.838017,138,76,73,54456,F004
EVT04135,BMW020,2026-08-18 02:08:27.838026,153,77,51,172289,F001
EVT04136,BMW122,2026-08-04 09:08:27.838036,69,66,103,189356,F001
EVT04137,BMW072,2026-07-04 00:08:27.838045,42,23,110,49972,F001
EVT04138,BMW180,2026-09-06 11:08:27.838054,59,99,74,19035,F003
EVT04139,BMW027,2026-05-18 16:08:27.838064,108,48,64,136895,F001
EVT04140,BMW076,2026-06-26 23:08:27.838073,53,58,51,178367,F003
EVT04141,BMW197,2026-06-01 08:08:27.838082,110,17,77,120052,
EVT04142,BMW015,2026-06-12 10:08:27.838092,173,70,88,21067,F002
EVT04143,BMW193,2026-07-20 14:08:27.838101,90,22,60,139948,F003
EVT04144,BMW161,2026-06-18 20:08:27.838109,173,89,54,157860,F001
EVT04145,BMW191,2026-07-21 18:08:27.838118,126,59,79,138496,
EVT04146,BMW147,2026-03-18 05:08:27.838127,123,98,63,15655,
EVT04147,BMW091,2026-08-20 00:08:27.838137,86,62,58,140082,F001
EVT04148,BMW153,2026-04-09 23:08:27.838146,40,80,59,228680,F002
EVT04149,BMW033,2026-06-01 20:08:27.838154,119,99,80,25240,
EVT04150,BMW010,2026-02-27 02:08:27.838163,17,50,65,215317,F005
EVT04151,BMW123,2026-07-22 10:08:27.838172,41,63,50,166230,F004
EVT04152,BMW005,2026-07-30 08:08:27.838180,164,26,54,198404,F003
EVT04153,BMW037,2026-09-01 00:08:27.838189,151,59,79,160637,F001
EVT04154,BMW093,2026-08-06 05:08:27.838197,102,79,79,142677,F005
EVT04155,BMW154,2026-04-17 04:08:27.838206,60,68,68,96344,F002
EVT04156,BMW062,2026-05-08 02:08:27.838216,2,82,94,146896,
EVT04157,BMW105,2026-08-12 04:08:27.838225,0,76,104,244034,F001
EVT04158,BMW141,2026-08-13 23:08:27.838234,51,89,88,31605,F002
EVT04159,BMW113,2026-09-10 00:08:27.838244,64,76,104,164646,F002
EVT04160,BMW047,2026-03-31 13:08:27.838254,44,96,82,36509,F002
EVT04161,BMW088,2026-05-13 22:08:27.838264,44,54,94,117614,
EVT04162,BMW100,2026-06-05 18:08:27.838274,83,31,106,232691,F005
EVT04163,BMW145,2026-03-29 19:08:27.838284,68,39,92,227557,F003
EVT04164,BMW058,2026-08-18 16:08:27.838294,119,69,76,200077,F003
EVT04165,BMW007,2026-05-18 21:08:27.838304,63,94,107,244554,F004
EVT04166,BMW013,2026-09-16 13:08:27.838314,36,14,67,248555,F005
EVT04167,BMW055,2026-07-11 16:08:27.838324,32,37,108,115922,
EVT04168,BMW128,2026-03-25 00:08:27.838334,165,48,82,149530,F005
EVT04169,BMW090,2026-06-29 02:08:27.838344,164,44,58,35966,F004
EVT04170,BMW168,2026-03-30 21:08:27.843068,25,36,98,221016,F005
EVT04171,BMW144,2026-04-21 21:08:27.843086,78,65,73,150565,F005
EVT04172,BMW019,2026-03-25 05:08:27.843098,116,90,58,38325,F002
EVT04173,BMW084,2026-05-17 12:08:27.843109,151,41,110,239056,F001
EVT04174,BMW190,2026-03-07 02:08:27.843120,47,37,65,192480,F004
EVT04175,BMW091,2026-07-28 08:08:27.843131,2,24,67,94045,F002
EVT04176,BMW106,2026-05-09 10:08:27.843141,31,23,84,29575,F004
EVT04177,BMW165,2026-06-15 03:08:27.843151,5,93,108,210692,F003
EVT04178,BMW174,2026-05-21 04:08:27.843161,45,79,62,162287,
EVT04179,BMW019,2026-08-02 17:08:27.843171,134,48,90,123670,
EVT04180,BMW194,2026-05-15 07:08:27.843181,86,15,55,137482,F003
EVT04181,BMW154,2026-02-28 17:08:27.843190,125,12,50,36226,F001
EVT04182,BMW151,2026-06-22 09:08:27.843201,151,90,103,133121,F003
EVT04183,BMW088,2026-07-01 17:08:27.843211,105,57,52,161323,F004
EVT04184,BMW140,2026-02-23 18:08:27.843221,89,43,54,236581,F003
EVT04185,BMW061,2026-02-24 09:08:27.843231,28,67,105,197034,F005
EVT04186,BMW175,2026-09-04 21:08:27.843241,158,81,59,204040,F003
EVT04187,BMW033,2026-09-16 20:08:27.843250,162,54,91,49701,F001
EVT04188,BMW119,2026-07-11 19:08:27.843260,66,45,71,132135,
EVT04189,BMW108,2026-05-25 23:08:27.843271,8,67,102,31322,F005
EVT04190,BMW041,2026-03-27 01:08:27.843282,119,57,109,48712,F001
EVT04191,BMW085,2026-07-22 04:08:27.843294,112,14,99,91836,F004
EVT04192,BMW012,2026-04-28 07:08:27.843304,91,79,82,116886,F002
EVT04193,BMW137,2026-08-28 21:08:27.843314,94,60,71,38130,
EVT04194,BMW089,2026-07-30 14:08:27.843323,57,48,83,150488,
EVT04195,BMW079,2026-03-23 17:08:27.843334,25,44,73,166262,F005
EVT04196,BMW119,2026-06-02 12:08:27.843343,15,32,66,41544,F005
EVT04197,BMW162,2026-05-02 09:08:27.843353,170,34,50,125282,F003
EVT04198,BMW098,2026-03-30 21:08:27.843363,133,81,86,170096,F004
EVT04199,BMW134,2026-08-26 12:08:27.843372,169,82,94,186806,
EVT04200,BMW019,2026-03-22 03:08:27.843381,141,94,74,200830,F004
EVT04201,BMW199,2026-08-15 03:08:27.843391,152,51,52,190397,F001
EVT04202,BMW183,2026-06-19 07:08:27.843401,52,36,92,119908,F003
EVT04203,BMW190,2026-05-07 17:08:27.843411,140,49,55,141216,F004
EVT04204,BMW005,2026-06-25 20:08:27.843420,56,56,105,208394,F004
EVT04205,BMW169,2026-07-08 12:08:27.843430,145,48,69,180636,F003
EVT04206,BMW005,2026-09-10 04:08:27.843439,34,42,95,43917,F001
EVT04207,BMW114,2026-04-14 18:08:27.843449,36,100,54,49510,
EVT04208,BMW146,2026-05-01 15:08:27.843459,168,35,86,163861,F001
EVT04209,BMW094,2026-06-25 20:08:27.843469,0,49,81,183059,
EVT04210,BMW026,2026-07-14 21:08:27.843478,102,59,76,202217,F001
EVT04211,BMW167,2026-03-26 04:08:27.843488,79,38,96,209729,F001
EVT04212,BMW098,2026-06-18 10:08:27.843536,95,87,102,161564,F002
EVT04213,BMW060,2026-05-17 08:08:27.843547,93,43,94,166870,F001
EVT04214,BMW121,2026-04-23 18:08:27.843557,130,55,68,110838,
EVT04215,BMW118,2026-09-04 02:08:27.843566,174,44,97,181544,F005
EVT04216,BMW150,2026-08-30 02:08:27.843576,173,51,81,231192,F003
EVT04217,BMW071,2026-03-23 08:08:27.843585,119,80,79,105127,F005
EVT04218,BMW069,2026-04-24 16:08:27.843595,157,14,94,35697,F004
EVT04219,BMW086,2026-06-19 05:08:27.843605,28,100,55,242188,F002
EVT04220,BMW082,2026-05-21 14:08:27.843614,82,47,95,127235,
EVT04221,BMW167,2026-07-05 07:08:27.843624,121,44,52,124985,F001
EVT04222,BMW101,2026-09-07 10:08:27.843634,137,27,70,28709,F005
EVT04223,BMW047,2026-02-26 08:08:27.843643,130,23,77,197450,F003
EVT04224,BMW048,2026-05-09 05:08:27.843653,90,70,67,200455,F004
EVT04225,BMW200,2026-04-22 19:08:27.843662,169,39,82,216965,F002
EVT04226,BMW015,2026-08-01 04:08:27.843672,59,86,110,155663,F004
EVT04227,BMW062,2026-04-02 03:08:27.843682,89,29,83,187021,F001
EVT04228,BMW029,2026-03-15 15:08:27.843691,169,83,67,114312,F003
EVT04229,BMW046,2026-06-22 22:08:27.843702,6,28,50,248748,F003
EVT04230,BMW106,2026-07-29 07:08:27.843711,54,78,73,59350,F004
EVT04231,BMW178,2026-04-28 01:08:27.843721,140,20,93,129884,F002
EVT04232,BMW142,2026-06-13 08:08:27.843730,110,63,74,189181,F005
EVT04233,BMW067,2026-06-04 04:08:27.843739,25,77,57,235503,
EVT04234,BMW003,2026-03-19 19:08:27.843749,41,33,109,44425,F001
EVT04235,BMW129,2026-06-03 00:08:27.843758,156,82,100,107438,F005
EVT04236,BMW172,2026-09-10 12:08:27.843768,8,92,83,173979,F001
EVT04237,BMW183,2026-06-17 18:08:27.843777,96,98,64,39724,F004
EVT04238,BMW150,2026-04-10 01:08:27.843787,127,39,79,113499,F005
EVT04239,BMW040,2026-08-08 08:08:27.843796,5,67,108,97967,F004
EVT04240,BMW192,2026-09-02 18:08:27.843806,180,92,83,41172,F001
EVT04241,BMW138,2026-07-18 07:08:27.843815,23,92,84,96857,F002
EVT04242,BMW056,2026-03-25 09:08:27.843825,108,39,54,178478,F001
EVT04243,BMW108,2026-06-12 19:08:27.843843,134,39,58,107523,F002
EVT04244,BMW011,2026-08-06 16:08:27.843853,96,70,62,196828,F002
EVT04245,BMW003,2026-08-24 20:08:27.843863,107,20,101,129274,F003
EVT04246,BMW104,2026-07-20 19:08:27.843872,135,18,61,202158,
EVT04247,BMW069,2026-09-13 09:08:27.843882,112,97,78,38670,F005
EVT04248,BMW146,2026-05-02 00:08:27.843893,67,20,60,159493,F001
EVT04249,BMW160,2026-02-25 19:08:27.843903,133,51,105,157619,F003
EVT04250,BMW111,2026-03-10 15:08:27.843913,148,64,73,33471,F002
EVT04251,BMW037,2026-03-13 04:08:27.843922,122,70,55,91332,F002
EVT04252,BMW128,2026-07-01 09:08:27.843932,25,42,62,82696,F004
EVT04253,BMW039,2026-07-30 16:08:27.843943,23,16,85,51341,F003
EVT04254,BMW087,2026-08-26 14:08:27.843952,39,15,95,43525,F004
EVT04255,BMW056,2026-09-17 02:08:27.843962,60,27,82,172847,F001
EVT04256,BMW150,2026-05-09 17:08:27.843972,84,19,51,148070,F003
EVT04257,BMW046,2026-08-12 13:08:27.843982,171,95,87,87703,F003
EVT04258,BMW052,2026-02-22 20:08:27.843992,30,90,78,244005,F004
EVT04259,BMW184,2026-04-21 05:08:27.844002,137,49,50,145343,F004
EVT04260,BMW132,2026-08-15 16:08:27.844012,119,72,76,134013,F003
EVT04261,BMW117,2026-05-10 02:08:27.844021,162,100,62,221842,F004
EVT04262,BMW130,2026-09-08 14:08:27.844031,8,49,63,66666,F005
EVT04263,BMW157,2026-07-11 08:08:27.844041,146,43,76,223091,F004
EVT04264,BMW044,2026-09-09 02:08:27.844051,145,65,73,11064,F002
EVT04265,BMW166,2026-03-24 05:08:27.844061,18,47,75,131134,F001
EVT04266,BMW130,2026-05-21 09:08:27.844071,20,10,70,153447,F002
EVT04267,BMW012,2026-06-05 17:08:27.844081,61,42,92,203653,F005
EVT04268,BMW016,2026-09-01 17:08:27.844093,56,66,51,210627,F003
EVT04269,BMW154,2026-04-02 04:08:27.844103,4,38,82,62736,F002
EVT04270,BMW106,2026-05-01 02:08:27.844113,46,25,107,70672,
EVT04271,BMW094,2026-03-23 22:08:27.844122,65,76,98,187827,F001
EVT04272,BMW095,2026-08-20 17:08:27.844132,155,68,100,245435,
EVT04273,BMW070,2026-04-28 22:08:27.844142,120,36,106,175192,F004
EVT04274,BMW062,2026-03-27 12:08:27.844152,56,41,75,109484,F001
EVT04275,BMW161,2026-05-08 05:08:27.844162,70,23,52,119891,
EVT04276,BMW149,2026-06-03 19:08:27.844173,111,54,108,190915,F003
EVT04277,BMW114,2026-05-22 22:08:27.844184,107,21,80,126038,F001
EVT04278,BMW112,2026-09-05 14:08:27.844194,176,47,103,168103,F003
EVT04279,BMW185,2026-06-06 03:08:27.844204,119,65,97,10262,F002
EVT04280,BMW036,2026-03-06 14:08:27.844214,78,56,66,215213,F002
EVT04281,BMW019,2026-05-23 15:08:27.844224,54,28,97,32994,F001
EVT04282,BMW012,2026-08-12 20:08:27.844235,14,76,106,67203,F004
EVT04283,BMW117,2026-03-07 04:08:27.844692,29,18,67,207969,F001
EVT04284,BMW034,2026-09-07 15:08:27.844710,125,87,93,118538,
EVT04285,BMW087,2026-05-10 00:08:27.844721,71,59,68,221272,F003
EVT04286,BMW087,2026-06-15 06:08:27.844732,93,53,83,216712,F004
EVT04287,BMW089,2026-03-21 07:08:27.844744,93,57,64,221400,F005
EVT04288,BMW105,2026-03-23 18:08:27.844754,157,71,104,77063,F002
EVT04289,BMW135,2026-04-26 10:08:27.844764,82,31,52,141025,F005
EVT04290,BMW140,2026-09-04 02:08:27.844774,54,66,109,101815,
EVT04291,BMW117,2026-09-08 16:08:27.844784,26,64,56,218077,F002
EVT04292,BMW148,2026-05-29 04:08:27.844794,13,95,82,231896,
EVT04293,BMW074,2026-06-26 09:08:27.844804,154,44,95,33168,F005
EVT04294,BMW022,2026-06-20 04:08:27.844814,134,58,105,140461,F005
EVT04295,BMW077,2026-04-07 13:08:27.844824,4,80,50,125318,F003
EVT04296,BMW048,2026-09-05 02:08:27.844834,167,98,79,121964,F001
EVT04297,BMW075,2026-09-13 22:08:27.844843,69,69,73,70560,F003
EVT04298,BMW107,2026-07-08 02:08:27.844853,59,82,86,242252,
EVT04299,BMW128,2026-04-08 23:08:27.844863,75,83,107,11265,F005
EVT04300,BMW013,2026-04-17 07:08:27.844873,138,69,56,82105,F004
EVT04301,BMW163,2026-04-26 02:08:27.844883,24,11,108,27530,F002
EVT04302,BMW167,2026-07-08 17:08:27.844893,43,21,109,161792,F003
EVT04303,BMW169,2026-06-26 18:08:27.844902,126,24,91,162318,
EVT04304,BMW034,2026-04-16 21:08:27.844912,30,46,106,147222,F003
EVT04305,BMW136,2026-06-28 04:08:27.844923,21,81,88,12546,F005
EVT04306,BMW018,2026-05-20 21:08:27.844933,46,30,98,55041,F005
EVT04307,BMW069,2026-05-05 11:08:27.844942,57,74,70,189920,F004
EVT04308,BMW181,2026-08-11 21:08:27.844953,135,89,106,12135,F001
EVT04309,BMW023,2026-08-30 04:08:27.844962,127,33,58,75269,F003
EVT04310,BMW069,2026-03-23 20:08:27.844972,104,35,80,94514,F001
EVT04311,BMW167,2026-06-12 18:08:27.844981,71,51,62,89035,F003
EVT04312,BMW163,2026-06-24 09:08:27.844991,73,58,108,117685,F005
EVT04313,BMW031,2026-07-20 18:08:27.845001,17,46,58,151481,F002
EVT04314,BMW137,2026-04-09 13:08:27.845011,125,84,75,46168,F005
EVT04315,BMW164,2026-06-16 07:08:27.845021,169,11,83,121207,
EVT04316,BMW022,2026-07-13 18:08:27.845031,52,40,59,163840,F004
EVT04317,BMW060,2026-02-25 07:08:27.845040,101,93,83,152357,F004
EVT04318,BMW090,2026-03-30 08:08:27.845050,88,99,84,156031,F003
EVT04319,BMW074,2026-08-11 07:08:27.845060,105,97,50,88435,F003
EVT04320,BMW078,2026-06-17 04:08:27.845069,59,30,77,24064,F001
EVT04321,BMW053,2026-08-01 17:08:27.845079,86,22,62,22136,F004
EVT04322,BMW100,2026-09-01 09:08:27.845089,58,22,85,144266,F001
EVT04323,BMW177,2026-08-22 21:08:27.845098,32,64,97,107990,
EVT04324,BMW039,2026-08-02 00:08:27.845108,58,51,109,143222,F001
EVT04325,BMW059,2026-08-16 10:08:27.845117,123,76,109,110218,F004
EVT04326,BMW116,2026-08-31 11:08:27.845129,21,86,99,215535,
EVT04327,BMW084,2026-05-06 19:08:27.845139,19,70,105,15185,F003
EVT04328,BMW166,2026-06-26 03:08:27.845149,37,27,66,148750,F003
EVT04329,BMW069,2026-02-25 14:08:27.845160,50,80,96,173548,F004
EVT04330,BMW172,2026-06-04 20:08:27.845170,138,23,73,49844,F002
EVT04331,BMW040,2026-04-04 23:08:27.845179,122,26,86,61322,F005
EVT04332,BMW104,2026-06-07 01:08:27.845189,21,57,67,198091,F004
EVT04333,BMW127,2026-05-18 08:08:27.845198,96,42,67,248888,F005
EVT04334,BMW176,2026-04-01 12:08:27.845208,167,14,55,92588,
EVT04335,BMW073,2026-05-22 11:08:27.845217,106,84,87,214558,F005
EVT04336,BMW190,2026-06-16 22:08:27.845227,171,21,62,87150,
EVT04337,BMW050,2026-03-13 08:08:27.845236,83,33,81,234788,F005
EVT04338,BMW179,2026-09-04 12:08:27.845245,56,69,109,62715,F004
EVT04339,BMW029,2026-07-25 18:08:27.845254,38,77,91,74976,
EVT04340,BMW021,2026-03-20 13:08:27.845263,179,56,53,23164,
EVT04341,BMW034,2026-03-21 07:08:27.845272,30,25,53,42219,F002
EVT04342,BMW161,2026-07-23 04:08:27.845281,107,92,63,211669,F002
EVT04343,BMW170,2026-08-05 04:08:27.845290,57,86,87,210087,F003
EVT04344,BMW098,2026-06-07 17:08:27.845300,180,11,84,217862,F003
EVT04345,BMW102,2026-08-06 20:08:27.845309,91,91,55,96178,F003
EVT04346,BMW072,2026-07-19 00:08:27.845318,77,100,98,97592,
EVT04347,BMW096,2026-04-13 21:08:27.845327,29,68,104,31160,F005
EVT04348,BMW002,2026-05-23 10:08:27.845337,93,85,93,154730,F004
EVT04349,BMW010,2026-05-15 20:08:27.845346,97,76,107,24317,F001
EVT04350,BMW074,2026-06-05 10:08:27.845355,127,35,56,134076,F001
EVT04351,BMW085,2026-08-01 02:08:27.845364,47,84,57,132655,F003
EVT04352,BMW078,2026-05-08 17:08:27.845374,12,92,102,159182,F003
EVT04353,BMW099,2026-08-10 18:08:27.845383,49,39,63,90844,F003
EVT04354,BMW120,2026-04-07 01:08:27.845392,18,87,96,200938,F003
EVT04355,BMW154,2026-08-25 13:08:27.845401,144,60,67,192881,F002
EVT04356,BMW036,2026-07-11 19:08:27.845410,118,21,72,86183,
EVT04357,BMW038,2026-08-22 16:08:27.845420,67,39,99,58712,F005
EVT04358,BMW093,2026-04-22 20:08:27.845429,144,14,75,226451,
EVT04359,BMW001,2026-05-04 04:08:27.845438,89,25,102,134939,F005
EVT04360,BMW033,2026-07-09 07:08:27.845448,130,32,101,241409,F001
EVT04361,BMW042,2026-05-01 13:08:27.845457,142,94,53,122950,
EVT04362,BMW086,2026-04-16 22:08:27.845467,125,32,60,215309,F001
EVT04363,BMW025,2026-03-16 19:08:27.845476,28,15,89,124492,
EVT04364,BMW123,2026-08-17 06:08:27.845485,72,99,96,212776,F001
EVT04365,BMW060,2026-05-27 14:08:27.845495,78,97,57,179620,F001
EVT04366,BMW022,2026-07-23 16:08:27.845539,176,23,70,71786,F005
EVT04367,BMW055,2026-06-01 10:08:27.845550,121,56,80,146601,F005
EVT04368,BMW101,2026-07-20 01:08:27.845560,147,65,67,242122,F002
EVT04369,BMW189,2026-05-13 17:08:27.845569,11,37,94,116428,F004
EVT04370,BMW001,2026-05-17 11:08:27.845579,149,26,50,220187,F001
EVT04371,BMW016,2026-06-25 05:08:27.845588,63,76,53,61821,F003
EVT04372,BMW130,2026-03-21 02:08:27.845597,161,61,92,87398,F001
EVT04373,BMW076,2026-08-26 19:08:27.845606,57,61,109,91126,
EVT04374,BMW044,2026-04-11 22:08:27.845615,135,23,82,83514,F005
EVT04375,BMW144,2026-09-12 18:08:27.845625,93,18,79,123101,F005
EVT04376,BMW035,2026-03-12 16:08:27.845635,177,56,97,36205,F005
EVT04377,BMW143,2026-07-30 15:08:27.845644,16,69,83,212058,F003
EVT04378,BMW133,2026-07-27 17:08:27.845653,48,80,94,179708,F002
EVT04379,BMW125,2026-09-06 18:08:27.845663,55,32,60,101766,F003
EVT04380,BMW192,2026-03-27 08:08:27.845673,157,69,103,80765,F005
EVT04381,BMW114,2026-09-02 11:08:27.845682,154,77,58,177643,F005
EVT04382,BMW175,2026-07-06 06:08:27.845692,81,88,68,203224,F005
EVT04383,BMW094,2026-07-03 15:08:27.845702,17,83,62,54596,F002
EVT04384,BMW170,2026-07-08 13:08:27.845712,83,13,103,152551,F002
EVT04385,BMW034,2026-04-21 10:08:27.845722,121,86,80,192234,F002
EVT04386,BMW070,2026-08-14 01:08:27.845732,100,64,53,153556,F001
EVT04387,BMW075,2026-04-22 02:08:27.845741,83,12,99,125327,F003
EVT04388,BMW190,2026-09-06 20:08:27.845751,26,40,52,115791,
EVT04389,BMW068,2026-05-03 16:08:27.845761,23,63,57,21809,
EVT04390,BMW118,2026-07-01 09:08:27.845771,172,94,60,237243,F005
EVT04391,BMW159,2026-03-10 06:08:27.845781,132,60,83,247171,F002
EVT04392,BMW063,2026-05-06 15:08:27.845791,124,64,58,85988,
EVT04393,BMW109,2026-02-26 09:08:27.845801,45,40,79,66475,F002
EVT04394,BMW078,2026-08-24 09:08:27.845810,8,83,75,51476,F005
EVT04395,BMW035,2026-05-06 21:08:27.845820,85,37,69,229962,F004
EVT04396,BMW018,2026-07-23 22:08:27.845830,77,49,58,115793,F002
EVT04397,BMW195,2026-05-14 09:08:27.845840,26,94,95,104203,F002
EVT04398,BMW066,2026-04-29 06:08:27.845850,38,47,96,43833,F003
EVT04399,BMW083,2026-07-05 20:08:27.845859,40,58,105,23912,F002
EVT04400,BMW059,2026-07-31 16:08:27.845869,74,79,86,128166,F001
EVT04401,BMW054,2026-05-25 22:08:27.845879,112,12,50,58910,F004
EVT04402,BMW083,2026-03-06 22:08:27.845889,96,98,56,155692,F003
EVT04403,BMW027,2026-07-02 00:08:27.845898,105,31,107,114913,F001
EVT04404,BMW018,2026-04-09 06:08:27.845909,141,20,71,151786,F003
EVT04405,BMW059,2026-03-25 02:08:27.845919,60,15,67,175671,
EVT04406,BMW141,2026-05-07 17:08:27.845929,81,20,63,28813,F001
EVT04407,BMW097,2026-06-24 08:08:27.845939,94,14,107,42183,F003
EVT04408,BMW153,2026-08-15 03:08:27.845949,125,72,96,199547,F003
EVT04409,BMW045,2026-07-20 04:08:27.845959,79,53,68,35898,F001
EVT04410,BMW099,2026-07-15 22:08:27.845969,131,30,77,240668,F004
EVT04411,BMW100,2026-05-14 01:08:27.845978,92,32,64,167061,F004
EVT04412,BMW019,2026-07-14 17:08:27.845988,180,48,83,155566,F002
EVT04413,BMW033,2026-03-11 17:08:27.845997,49,88,99,151119,F002
EVT04414,BMW148,2026-06-30 13:08:27.846007,137,13,95,209810,F005
EVT04415,BMW072,2026-07-26 23:08:27.846017,156,68,108,193240,
EVT04416,BMW043,2026-07-17 13:08:27.846027,8,10,66,154559,F004
EVT04417,BMW134,2026-03-12 02:08:27.846036,170,36,68,103161,F004
EVT04418,BMW113,2026-08-21 22:08:27.846045,86,97,68,86492,F003
EVT04419,BMW045,2026-04-13 21:08:27.846055,136,19,104,116385,F003
EVT04420,BMW155,2026-04-07 06:08:27.846065,59,38,61,114700,F004
EVT04421,BMW017,2026-05-29 23:08:27.846075,100,17,78,241007,F002
EVT04422,BMW011,2026-06-05 14:08:27.846085,123,59,60,45604,F003
EVT04423,BMW006,2026-04-14 14:08:27.846094,80,62,60,231689,F002
EVT04424,BMW064,2026-08-13 04:08:27.846105,117,71,73,248919,
EVT04425,BMW182,2026-07-22 23:08:27.846202,48,16,63,64783,
EVT04426,BMW030,2026-04-28 09:08:27.846214,103,10,81,234784,F002
EVT04427,BMW148,2026-07-14 11:08:27.846223,145,38,88,185194,
EVT04428,BMW116,2026-05-27 22:08:27.846233,54,96,107,76127,F004
EVT04429,BMW097,2026-09-10 07:08:27.846243,103,93,72,168399,F004
EVT04430,BMW060,2026-07-29 19:08:27.846254,111,77,60,100831,
EVT04431,BMW189,2026-06-06 12:08:27.846264,168,43,95,27187,F004
EVT04432,BMW067,2026-04-05 16:08:27.846274,111,26,88,85475,
EVT04433,BMW051,2026-08-27 07:08:27.846283,174,67,58,13994,F003
EVT04434,BMW158,2026-03-17 14:08:27.846293,13,59,52,184539,F005
EVT04435,BMW149,2026-06-16 01:08:27.846303,120,99,54,121833,F004
EVT04436,BMW199,2026-05-04 20:08:27.846312,143,47,56,249175,F001
EVT04437,BMW128,2026-08-27 08:08:27.846322,180,73,70,89254,F002
EVT04438,BMW015,2026-03-04 20:08:27.846333,11,53,96,42187,
EVT04439,BMW091,2026-04-03 01:08:27.846344,89,69,68,125487,F001
EVT04440,BMW102,2026-06-12 15:08:27.846354,136,41,65,60511,F002
EVT04441,BMW036,2026-08-31 16:08:27.846364,55,45,106,232871,F003
EVT04442,BMW111,2026-06-08 21:08:27.846374,146,13,79,102248,F003
EVT04443,BMW059,2026-08-14 18:08:27.846384,125,43,63,50808,F003
EVT04444,BMW051,2026-05-18 22:08:27.846394,167,54,62,73450,
EVT04445,BMW047,2026-08-27 21:08:27.846405,160,28,95,225019,F001
EVT04446,BMW126,2026-06-10 03:08:27.846415,39,68,78,45298,F001
EVT04447,BMW070,2026-06-05 14:08:27.846425,61,73,105,14677,
EVT04448,BMW134,2026-06-06 21:08:27.846435,173,25,92,111746,F002
EVT04449,BMW149,2026-04-26 13:08:27.846444,15,96,79,65719,
EVT04450,BMW162,2026-06-03 01:08:27.846454,110,100,64,175130,F004
EVT04451,BMW114,2026-04-14 08:08:27.846464,6,72,58,176587,
EVT04452,BMW069,2026-09-10 14:08:27.846473,37,96,72,213198,F005
EVT04453,BMW018,2026-07-20 06:08:27.846483,37,11,67,51413,F003
EVT04454,BMW005,2026-06-04 16:08:27.846493,89,43,73,231675,F002
EVT04455,BMW193,2026-05-08 11:08:27.846738,160,13,74,135920,F003
EVT04456,BMW039,2026-07-30 05:08:27.846755,18,82,90,213389,F003
EVT04457,BMW005,2026-05-13 21:08:27.846766,7,93,51,90200,F003
EVT04458,BMW200,2026-06-23 04:08:27.846776,90,13,99,203706,F002
EVT04459,BMW158,2026-04-19 16:08:27.846786,86,57,71,33910,F004
EVT04460,BMW181,2026-05-16 06:08:27.846797,3,47,102,137690,
EVT04461,BMW166,2026-04-03 21:08:27.846807,157,33,98,246503,F003
EVT04462,BMW134,2026-06-28 05:08:27.846817,24,45,104,220625,F003
EVT04463,BMW164,2026-06-30 16:08:27.846827,180,83,61,197667,F002
EVT04464,BMW147,2026-02-28 14:08:27.846838,23,33,68,117611,F003
EVT04465,BMW107,2026-04-04 00:08:27.846848,122,82,62,180647,F003
EVT04466,BMW161,2026-07-04 17:08:27.846858,125,79,105,121261,F005
EVT04467,BMW026,2026-03-25 18:08:27.846868,42,93,50,175571,F005
EVT04468,BMW195,2026-03-15 00:08:27.846878,169,38,110,97126,
EVT04469,BMW160,2026-05-04 05:08:27.846888,34,46,107,147458,
EVT04470,BMW130,2026-03-12 23:08:27.846898,4,58,81,26570,F004
EVT04471,BMW167,2026-05-15 13:08:27.846908,134,46,87,10340,F001
EVT04472,BMW155,2026-08-09 16:08:27.846918,26,91,75,181722,F004
EVT04473,BMW188,2026-04-19 10:08:27.846927,91,63,104,109256,F002
EVT04474,BMW083,2026-07-26 20:08:27.846938,82,52,93,83743,F003
EVT04475,BMW172,2026-04-21 02:08:27.846948,177,45,74,53802,F005
EVT04476,BMW013,2026-09-04 12:08:27.846958,35,38,87,34737,F001
EVT04477,BMW070,2026-08-31 11:08:27.846967,79,69,55,144782,F001
EVT04478,BMW159,2026-07-16 18:08:27.846977,45,86,78,213571,F001
EVT04479,BMW073,2026-06-17 11:08:27.846987,29,60,97,123887,F005
EVT04480,BMW102,2026-05-12 09:08:27.846997,81,45,60,188359,
EVT04481,BMW054,2026-05-27 23:08:27.847007,94,31,61,45937,F005
EVT04482,BMW097,2026-03-25 14:08:27.847016,11,82,86,10386,F005
EVT04483,BMW002,2026-07-23 04:08:27.847026,125,42,74,178276,F004
EVT04484,BMW024,2026-04-29 10:08:27.847035,152,72,83,166003,F004
EVT04485,BMW127,2026-07-14 18:08:27.847045,178,76,53,225738,F002
EVT04486,BMW117,2026-07-13 15:08:27.847054,175,53,83,192910,F001
EVT04487,BMW140,2026-09-09 11:08:27.847064,141,23,52,73067,F001
EVT04488,BMW005,2026-03-02 08:08:27.847074,145,46,60,142394,F003
EVT04489,BMW118,2026-08-15 05:08:27.847084,52,25,98,78770,F003
EVT04490,BMW167,2026-04-30 21:08:27.847094,33,60,81,207858,F005
EVT04491,BMW170,2026-07-23 12:08:27.847104,90,95,109,124473,F001
EVT04492,BMW007,2026-06-19 07:08:27.847113,99,48,53,115168,F004
EVT04493,BMW156,2026-04-02 21:08:27.847124,48,15,91,248926,F004
EVT04494,BMW113,2026-04-30 05:08:27.847133,142,82,80,127725,F003
EVT04495,BMW029,2026-07-04 10:08:27.847142,16,31,59,129931,F001
EVT04496,BMW002,2026-04-28 02:08:27.847151,178,59,63,142735,F002
EVT04497,BMW136,2026-05-23 21:08:27.847162,164,76,110,38430,F002
EVT04498,BMW187,2026-03-21 09:08:27.847172,84,33,86,31116,F001
EVT04499,BMW135,2026-07-03 05:08:27.847182,43,54,69,232118,F003
EVT04500,BMW100,2026-09-16 18:08:27.847192,90,66,109,61715,F003
EVT04501,BMW193,2026-06-03 05:08:27.847201,29,41,66,221585,
EVT04502,BMW025,2026-08-18 14:08:27.847212,173,76,72,177442,F004
EVT04503,BMW142,2026-06-23 08:08:27.847223,8,30,53,238913,F004
EVT04504,BMW138,2026-05-06 21:08:27.847233,88,84,62,95651,F005
EVT04505,BMW138,2026-05-04 10:08:27.847243,101,17,100,31448,F001
EVT04506,BMW126,2026-04-24 22:08:27.847277,102,48,64,134465,F001
EVT04507,BMW095,2026-07-13 12:08:27.847287,180,39,71,113464,F005
EVT04508,BMW081,2026-08-22 01:08:27.847298,16,61,100,12669,F004
EVT04509,BMW035,2026-05-13 16:08:27.847308,120,91,83,197731,F005
EVT04510,BMW198,2026-08-17 13:08:27.847318,63,23,96,187063,F002
EVT04511,BMW130,2026-05-24 08:08:27.847328,128,68,51,47410,F003
EVT04512,BMW121,2026-02-21 09:08:27.847338,79,96,75,164922,F004
EVT04513,BMW042,2026-07-24 09:08:27.847348,1,57,57,65964,F005
EVT04514,BMW062,2026-09-08 10:08:27.847358,132,54,110,247467,
EVT04515,BMW198,2026-08-07 21:08:27.847368,85,48,53,41939,F005
EVT04516,BMW074,2026-05-23 22:08:27.847379,179,19,93,112881,F002
EVT04517,BMW101,2026-04-02 12:08:27.847389,85,69,97,115069,F005
EVT04518,BMW120,2026-07-13 17:08:27.847399,28,70,106,43865,F004
EVT04519,BMW060,2026-04-09 12:08:27.847409,128,73,92,183778,F002
EVT04520,BMW022,2026-06-04 22:08:27.847418,5,65,73,45809,
EVT04521,BMW066,2026-06-30 00:08:27.847428,14,24,72,143284,F005
EVT04522,BMW129,2026-08-18 06:08:27.847438,103,87,70,124627,F001
EVT04523,BMW188,2026-04-04 05:08:27.847448,93,100,91,117762,F003
EVT04524,BMW186,2026-06-04 13:08:27.847459,38,18,85,86857,F004
EVT04525,BMW097,2026-04-10 07:08:27.847468,39,14,58,207563,F005
EVT04526,BMW035,2026-07-16 21:08:27.847479,148,75,98,17955,F001
EVT04527,BMW028,2026-03-20 12:08:27.847488,101,87,92,69878,F002
EVT04528,BMW190,2026-09-10 14:08:27.847532,96,45,80,229846,F005
EVT04529,BMW113,2026-06-22 04:08:27.847544,135,53,57,34408,F002
EVT04530,BMW136,2026-04-22 19:08:27.847554,83,61,83,119162,
EVT04531,BMW167,2026-06-22 21:08:27.847563,111,74,67,247577,F003
EVT04532,BMW194,2026-09-07 08:08:27.847575,31,28,103,130041,
EVT04533,BMW060,2026-08-25 12:08:27.847585,96,85,81,92825,F001
EVT04534,BMW057,2026-07-04 06:08:27.847595,163,21,104,208295,F002
EVT04535,BMW160,2026-03-19 07:08:27.847605,141,27,85,53112,F003
EVT04536,BMW008,2026-07-31 14:08:27.847615,140,82,61,178255,F003
EVT04537,BMW131,2026-07-31 09:08:27.847625,171,18,86,198802,F002
EVT04538,BMW124,2026-03-15 18:08:27.847635,5,16,88,200986,F003
EVT04539,BMW102,2026-08-19 18:08:27.847645,85,16,67,243942,F002
EVT04540,BMW099,2026-07-14 00:08:27.847656,149,40,52,159156,F004
EVT04541,BMW128,2026-03-20 13:08:27.847665,2,22,75,148122,
EVT04542,BMW167,2026-09-07 18:08:27.847675,119,55,109,172998,F003
EVT04543,BMW177,2026-04-10 16:08:27.847685,44,97,104,89300,F005
EVT04544,BMW162,2026-06-16 18:08:27.847695,20,60,63,89877,F004
EVT04545,BMW030,2026-05-30 20:08:27.847704,92,14,86,94225,F001
EVT04546,BMW081,2026-04-29 09:08:27.847714,43,69,72,214765,F003
EVT04547,BMW075,2026-03-26 11:08:27.847724,14,62,95,157666,F001
EVT04548,BMW104,2026-04-10 09:08:27.847733,49,52,107,172133,
EVT04549,BMW004,2026-07-27 08:08:27.847743,93,53,100,225394,F005
EVT04550,BMW153,2026-06-06 10:08:27.847753,59,90,59,123051,F002
EVT04551,BMW178,2026-04-20 20:08:27.847763,87,77,53,101652,F005
EVT04552,BMW011,2026-05-26 13:08:27.847773,5,68,76,122459,F002
EVT04553,BMW180,2026-02-23 19:08:27.847782,70,73,61,34530,F003
EVT04554,BMW015,2026-06-16 08:08:27.847792,83,39,63,111376,F003
EVT04555,BMW137,2026-08-25 02:08:27.847801,172,84,108,197336,F003
EVT04556,BMW101,2026-08-14 21:08:27.847812,68,42,99,149639,F001
EVT04557,BMW162,2026-07-14 14:08:27.847822,23,93,92,188872,F004
EVT04558,BMW146,2026-09-03 20:08:27.847832,76,88,70,160467,F004
EVT04559,BMW017,2026-04-08 07:08:27.847842,175,43,63,131685,F004
EVT04560,BMW075,2026-04-03 15:08:27.847851,6,30,55,192609,F001
EVT04561,BMW106,2026-07-05 07:08:27.847861,98,40,60,173979,F003
EVT04562,BMW087,2026-09-06 07:08:27.847871,150,29,61,181769,F003
EVT04563,BMW048,2026-03-25 20:08:27.847881,17,20,57,135841,F005
EVT04564,BMW020,2026-06-06 23:08:27.847891,158,10,76,89990,F005
EVT04565,BMW068,2026-06-18 22:08:27.847900,38,46,52,21567,F003
EVT04566,BMW063,2026-04-19 12:08:27.847910,133,71,86,83724,
EVT04567,BMW078,2026-07-08 18:08:27.847920,11,82,67,195608,F001
EVT04568,BMW188,2026-02-26 20:08:27.847931,120,61,92,106677,F005
EVT04569,BMW176,2026-04-21 01:08:27.847940,108,16,65,60636,
EVT04570,BMW124,2026-07-16 21:08:27.847949,117,53,77,105776,F004
EVT04571,BMW091,2026-08-16 18:08:27.847958,132,73,51,177873,F002
EVT04572,BMW111,2026-07-12 06:08:27.847966,3,29,81,211151,F005
EVT04573,BMW134,2026-04-09 07:08:27.847975,114,97,81,15976,F001
EVT04574,BMW110,2026-05-15 22:08:27.847984,99,48,104,39590,F003
EVT04575,BMW013,2026-08-15 19:08:27.847994,174,98,69,243292,F005
EVT04576,BMW022,2026-07-07 06:08:27.848003,16,70,80,104701,F001
EVT04577,BMW173,2026-08-08 02:08:27.848012,94,88,94,39392,F004
EVT04578,BMW017,2026-05-03 09:08:27.848021,24,61,90,185731,F003
EVT04579,BMW007,2026-06-04 00:08:27.848030,66,72,55,130252,
EVT04580,BMW192,2026-05-07 20:08:27.848040,54,13,102,183682,F003
EVT04581,BMW025,2026-03-30 06:08:27.848050,49,97,77,220072,F001
EVT04582,BMW189,2026-04-13 01:08:27.848059,29,97,99,169606,
EVT04583,BMW119,2026-04-11 07:08:27.848068,97,94,89,207404,F001
EVT04584,BMW116,2026-06-05 14:08:27.848077,143,51,99,248023,F005
EVT04585,BMW065,2026-08-01 10:08:27.848086,164,54,82,26653,F001
EVT04586,BMW076,2026-04-03 08:08:27.848095,81,31,76,179177,
EVT04587,BMW133,2026-04-10 01:08:27.848105,55,90,63,138494,F001
EVT04588,BMW199,2026-09-05 09:08:27.848114,169,100,84,234142,
EVT04589,BMW003,2026-03-05 20:08:27.848123,19,20,54,56425,F004
EVT04590,BMW147,2026-07-28 04:08:27.848132,164,92,85,200564,
EVT04591,BMW030,2026-04-02 04:08:27.848141,174,11,62,210085,F004
EVT04592,BMW022,2026-09-01 14:08:27.848150,177,76,70,199279,F003
EVT04593,BMW075,2026-04-15 04:08:27.848159,101,12,61,109798,F003
EVT04594,BMW083,2026-07-17 23:08:27.848168,42,48,90,57788,F002
EVT04595,BMW081,2026-05-17 13:08:27.848177,94,55,76,74162,F002
EVT04596,BMW065,2026-08-31 10:08:27.848186,15,20,108,49154,F001
EVT04597,BMW024,2026-06-03 13:08:27.848195,34,14,55,86779,F004
EVT04598,BMW174,2026-05-29 01:08:27.848204,37,61,90,212076,F005
EVT04599,BMW059,2026-05-28 01:08:27.848214,4,92,67,132931,F004
EVT04600,BMW053,2026-08-19 15:08:27.848223,23,34,55,40078,F001
EVT04601,BMW063,2026-02-27 05:08:27.848232,63,16,84,149706,F003
EVT04602,BMW145,2026-08-03 08:08:27.848241,6,52,102,80074,F005
EVT04603,BMW174,2026-06-13 08:08:27.848250,77,69,61,249430,F003
EVT04604,BMW095,2026-07-27 08:08:27.852136,51,74,63,210417,F005
EVT04605,BMW171,2026-08-14 05:08:27.852150,63,29,97,247438,F005
EVT04606,BMW143,2026-07-14 05:08:27.852159,134,21,98,239084,
EVT04607,BMW080,2026-05-13 04:08:27.852168,178,88,59,66602,F004
EVT04608,BMW102,2026-04-23 00:08:27.852179,162,52,104,235528,F003
EVT04609,BMW120,2026-04-08 13:08:27.852188,115,78,58,191777,F005
EVT04610,BMW086,2026-04-30 02:08:27.852196,29,60,91,78007,F003
EVT04611,BMW147,2026-05-04 08:08:27.852205,25,65,59,100563,F002
EVT04612,BMW103,2026-05-21 12:08:27.852214,165,62,69,178365,F005
EVT04613,BMW154,2026-03-01 10:08:27.852224,98,51,90,41786,
EVT04614,BMW028,2026-04-02 15:08:27.852233,18,20,56,159466,F005
EVT04615,BMW133,2026-06-30 16:08:27.852242,80,28,64,197611,F003
EVT04616,BMW159,2026-03-14 18:08:27.852251,25,72,105,214423,
EVT04617,BMW143,2026-02-22 13:08:27.852261,70,11,56,181167,
EVT04618,BMW067,2026-03-10 02:08:27.852270,66,34,80,16284,F002
EVT04619,BMW148,2026-07-02 09:08:27.852280,168,50,60,27083,F003
EVT04620,BMW200,2026-08-30 13:08:27.852290,58,10,104,225675,
EVT04621,BMW009,2026-07-10 13:08:27.852299,16,80,95,230859,F001
EVT04622,BMW171,2026-03-14 15:08:27.852309,9,15,65,12658,F001
EVT04623,BMW108,2026-08-24 14:08:27.852318,153,98,74,14129,F005
EVT04624,BMW054,2026-09-05 02:08:27.852328,132,25,107,249675,F004
EVT04625,BMW169,2026-05-02 09:08:27.852337,168,94,71,248785,
EVT04626,BMW090,2026-08-08 20:08:27.852347,177,63,101,12202,F003
EVT04627,BMW010,2026-08-17 18:08:27.852357,53,53,59,96176,F002
EVT04628,BMW156,2026-06-29 06:08:27.852366,73,75,77,192446,F001
EVT04629,BMW050,2026-08-06 04:08:27.852375,26,89,64,138573,F002
EVT04630,BMW151,2026-05-26 03:08:27.852384,32,39,61,61773,F003
EVT04631,BMW035,2026-03-13 02:08:27.852393,49,86,73,208402,F002
EVT04632,BMW114,2026-03-06 09:08:27.852402,3,70,103,59584,F001
EVT04633,BMW120,2026-04-29 07:08:27.852411,76,77,64,127054,
EVT04634,BMW039,2026-09-07 00:08:27.852419,33,83,86,246791,F005
EVT04635,BMW093,2026-02-22 12:08:27.852429,157,29,62,205105,F003
EVT04636,BMW157,2026-08-14 11:08:27.852438,53,12,60,143709,
EVT04637,BMW013,2026-03-31 11:08:27.852447,48,37,108,72104,
EVT04638,BMW147,2026-06-27 04:08:27.852457,167,87,79,126436,F005
EVT04639,BMW036,2026-03-31 00:08:27.852466,37,25,61,125778,
EVT04640,BMW059,2026-03-11 01:08:27.852476,170,96,94,237297,F004
EVT04641,BMW110,2026-09-14 12:08:27.852485,96,19,92,81646,F003
EVT04642,BMW082,2026-07-18 12:08:27.852494,173,97,61,161124,F005
EVT04643,BMW142,2026-04-11 13:08:27.852529,20,21,109,70587,F003
EVT04644,BMW167,2026-05-04 18:08:27.852551,103,94,51,169772,F002
EVT04645,BMW041,2026-07-02 18:08:27.852561,1,46,94,111685,F003
EVT04646,BMW001,2026-05-03 00:08:27.852577,165,46,105,235135,F002
EVT04647,BMW036,2026-02-21 18:08:27.852587,38,78,102,125141,F005
EVT04648,BMW079,2026-02-24 07:08:27.852596,59,79,105,216284,F003
EVT04649,BMW101,2026-05-12 14:08:27.852606,54,95,89,19596,F002
EVT04650,BMW108,2026-07-31 21:08:27.852616,8,90,65,142986,F004
EVT04651,BMW096,2026-03-19 08:08:27.852625,148,34,50,238475,F004
EVT04652,BMW062,2026-06-10 04:08:27.852634,4,74,85,115153,F005
EVT04653,BMW037,2026-07-30 23:08:27.852644,102,90,90,78588,F002
EVT04654,BMW117,2026-07-03 12:08:27.852654,40,49,65,176144,F003
EVT04655,BMW173,2026-08-04 21:08:27.852664,73,24,72,113561,F003
EVT04656,BMW051,2026-08-10 16:08:27.852674,16,16,88,154053,F005
EVT04657,BMW169,2026-08-27 02:08:27.852684,7,12,100,31695,F002
EVT04658,BMW117,2026-03-27 15:08:27.852694,118,30,55,85523,F003
EVT04659,BMW143,2026-03-13 09:08:27.852704,31,20,65,94442,F004
EVT04660,BMW153,2026-09-01 20:08:27.852715,11,77,78,39282,F004
EVT04661,BMW044,2026-08-28 02:08:27.852725,173,53,88,155210,F004
EVT04662,BMW009,2026-05-23 00:08:27.852735,34,31,85,62046,F002
EVT04663,BMW110,2026-05-13 15:08:27.852745,171,23,85,238885,F001
EVT04664,BMW106,2026-06-18 07:08:27.852756,41,76,53,12014,F003
EVT04665,BMW022,2026-03-27 12:08:27.852767,66,12,80,226875,F004
EVT04666,BMW081,2026-06-15 19:08:27.852777,21,94,54,179978,F005
EVT04667,BMW013,2026-07-06 17:08:27.852787,68,46,96,107598,F003
EVT04668,BMW142,2026-09-09 02:08:27.852797,149,28,64,197287,F003
EVT04669,BMW123,2026-03-06 19:08:27.852807,74,18,50,88833,F003
EVT04670,BMW060,2026-05-04 03:08:27.852817,174,84,93,193987,
EVT04671,BMW112,2026-07-11 02:08:27.852827,16,48,105,156730,F001
EVT04672,BMW030,2026-05-18 06:08:27.852838,108,57,107,105125,F001
EVT04673,BMW139,2026-08-02 11:08:27.852848,63,60,110,196912,F004
EVT04674,BMW191,2026-07-28 21:08:27.852858,80,77,50,46866,F003
EVT04675,BMW177,2026-03-23 14:08:27.852868,62,57,67,172926,F004
EVT04676,BMW010,2026-06-17 08:08:27.852878,46,92,52,158263,F003
EVT04677,BMW099,2026-03-02 23:08:27.852888,79,45,89,88965,F005
EVT04678,BMW177,2026-07-04 23:08:27.852899,67,52,81,107908,F005
EVT04679,BMW098,2026-07-30 21:08:27.852909,177,78,60,194805,F004
EVT04680,BMW070,2026-07-01 10:08:27.852919,118,86,103,182406,F003
EVT04681,BMW007,2026-05-01 00:08:27.852928,117,85,82,90731,F002
EVT04682,BMW097,2026-05-24 07:08:27.852939,118,67,56,106059,F004
EVT04683,BMW155,2026-03-03 22:08:27.852950,88,99,92,194213,
EVT04684,BMW011,2026-07-29 02:08:27.852960,55,84,65,27897,F002
EVT04685,BMW106,2026-08-23 06:08:27.852970,111,26,94,108790,F003
EVT04686,BMW126,2026-04-28 21:08:27.852980,103,63,87,58429,F003
EVT04687,BMW091,2026-04-23 10:08:27.852990,103,70,68,95893,F004
EVT04688,BMW037,2026-04-24 12:08:27.853000,1,83,55,234387,F004
EVT04689,BMW003,2026-08-22 08:08:27.853010,145,75,59,209296,F005
EVT04690,BMW129,2026-05-25 00:08:27.853019,148,76,65,242695,F001
EVT04691,BMW092,2026-09-06 13:08:27.853029,106,75,51,156254,F001
EVT04692,BMW072,2026-06-16 01:08:27.853039,169,90,94,81080,F003
EVT04693,BMW065,2026-02-22 05:08:27.853049,55,85,80,66951,F005
EVT04694,BMW159,2026-06-08 20:08:27.853059,141,66,90,230492,F002
EVT04695,BMW074,2026-02-28 21:08:27.853068,5,67,70,28653,F004
EVT04696,BMW091,2026-03-28 17:08:27.853078,157,79,74,106978,F002
EVT04697,BMW190,2026-09-12 14:08:27.853088,139,56,93,75627,F001
EVT04698,BMW068,2026-04-17 03:08:27.853098,41,53,54,197834,F003
EVT04699,BMW194,2026-04-30 10:08:27.853108,147,43,90,47672,F004
EVT04700,BMW005,2026-04-05 20:08:27.853118,145,62,72,83967,F001
EVT04701,BMW200,2026-06-25 04:08:27.853128,129,63,106,126293,F004
EVT04702,BMW171,2026-08-07 06:08:27.853137,112,58,91,159490,F001
EVT04703,BMW017,2026-07-16 11:08:27.853147,67,13,109,225661,F005
EVT04704,BMW181,2026-03-07 07:08:27.853156,61,16,76,141624,F003
EVT04705,BMW175,2026-07-19 07:08:27.853166,149,53,89,173045,F002
EVT04706,BMW101,2026-03-06 10:08:27.853175,8,76,83,50012,F002
EVT04707,BMW010,2026-07-26 03:08:27.853185,180,85,79,81651,F004
EVT04708,BMW168,2026-03-26 08:08:27.853194,58,73,60,106632,F003
EVT04709,BMW073,2026-09-15 20:08:27.853204,66,63,56,158225,
EVT04710,BMW062,2026-09-07 03:08:27.853214,32,10,64,219597,F001
EVT04711,BMW032,2026-04-08 11:08:27.853223,126,23,71,85886,F004
EVT04712,BMW199,2026-05-02 06:08:27.853233,135,74,71,73855,F004
EVT04713,BMW011,2026-03-14 04:08:27.853243,161,55,81,214926,F004
EVT04714,BMW005,2026-06-25 16:08:27.853253,154,64,59,22143,F001
EVT04715,BMW088,2026-06-27 01:08:27.853262,120,29,66,204377,F005
EVT04716,BMW197,2026-08-08 16:08:27.853272,88,48,108,209711,
EVT04717,BMW155,2026-07-20 02:08:27.853283,21,53,61,119463,F001
EVT04718,BMW075,2026-06-22 10:08:27.853293,156,23,62,170638,F001
EVT04719,BMW174,2026-07-17 22:08:27.853303,140,49,88,223127,F002
EVT04720,BMW077,2026-03-10 06:08:27.853313,68,51,98,230995,F002
EVT04721,BMW014,2026-08-07 03:08:27.853322,136,77,104,153428,F004
EVT04722,BMW057,2026-03-17 02:08:27.853332,42,10,61,190565,
EVT04723,BMW077,2026-06-07 02:08:27.853342,51,58,105,74751,
EVT04724,BMW077,2026-08-25 22:08:27.853352,143,14,109,97094,
EVT04725,BMW102,2026-03-21 16:08:27.853362,163,63,83,27350,F002
EVT04726,BMW012,2026-08-09 01:08:27.853372,109,90,91,244572,F001
EVT04727,BMW163,2026-05-01 15:08:27.853382,6,24,61,213197,F002
EVT04728,BMW194,2026-06-12 08:08:27.853392,92,66,66,130279,
EVT04729,BMW035,2026-07-23 10:08:27.853402,69,20,61,121125,F004
EVT04730,BMW008,2026-08-01 01:08:27.853412,51,75,89,226689,F002
EVT04731,BMW115,2026-06-07 10:08:27.853421,74,52,96,33560,F003
EVT04732,BMW109,2026-06-12 21:08:27.853431,155,80,93,108804,F001
EVT04733,BMW164,2026-05-07 16:08:27.853441,58,52,71,102288,F002
EVT04734,BMW152,2026-06-30 20:08:27.853451,140,87,82,142306,
EVT04735,BMW199,2026-07-25 21:08:27.853462,144,67,78,198601,F005
EVT04736,BMW064,2026-05-17 05:08:27.853472,51,92,83,104326,F002
EVT04737,BMW083,2026-05-09 11:08:27.853482,133,20,96,75450,F003
EVT04738,BMW149,2026-04-21 11:08:27.853492,31,25,102,149792,F003
EVT04739,BMW108,2026-09-03 08:08:27.853542,111,47,62,121613,F001
EVT04740,BMW120,2026-09-09 08:08:27.853552,89,62,68,207741,F004
EVT04741,BMW044,2026-06-16 21:08:27.853562,30,37,52,91090,F004
EVT04742,BMW187,2026-08-11 09:08:27.853572,61,89,55,164474,F002
EVT04743,BMW023,2026-04-14 00:08:27.853582,112,84,82,36721,F002
EVT04744,BMW007,2026-09-05 00:08:27.853591,52,60,93,236616,
EVT04745,BMW006,2026-08-21 12:08:27.853601,90,96,88,82549,F004
EVT04746,BMW171,2026-09-08 21:08:27.853611,55,79,65,143398,F001
EVT04747,BMW179,2026-08-13 02:08:27.853621,167,18,70,231270,F005
EVT04748,BMW069,2026-02-27 17:08:27.853631,72,30,78,79156,F004
EVT04749,BMW144,2026-06-23 01:08:27.853640,143,60,99,55735,F002
EVT04750,BMW114,2026-04-12 16:08:27.853650,47,96,76,97978,F001
EVT04751,BMW028,2026-04-22 02:08:27.853659,96,20,100,34645,F004
EVT04752,BMW089,2026-08-04 00:08:27.853669,170,25,51,87407,F003
EVT04753,BMW161,2026-05-31 06:08:27.853679,33,44,62,160595,F001
EVT04754,BMW099,2026-08-12 12:08:27.853689,92,70,105,42541,F004
EVT04755,BMW169,2026-03-06 04:08:27.853699,36,15,99,56278,F001
EVT04756,BMW034,2026-04-01 15:08:27.853709,157,52,55,60349,F001
EVT04757,BMW046,2026-03-21 05:08:27.853720,10,59,107,195551,
EVT04758,BMW166,2026-09-13 22:08:27.853730,0,45,73,192640,F004
EVT04759,BMW108,2026-05-11 06:08:27.853740,113,75,96,216825,F001
EVT04760,BMW018,2026-02-28 06:08:27.853750,93,25,92,211973,F002
EVT04761,BMW018,2026-06-12 21:08:27.853761,90,80,62,224184,F004
EVT04762,BMW147,2026-08-25 09:08:27.853770,38,84,88,126393,F001
EVT04763,BMW082,2026-07-08 23:08:27.853780,115,22,72,28118,F002
EVT04764,BMW095,2026-04-07 15:08:27.853790,141,56,59,69381,F002
EVT04765,BMW034,2026-06-02 17:08:27.853800,17,54,52,147657,
EVT04766,BMW200,2026-04-28 03:08:27.853810,38,11,70,181802,F004
EVT04767,BMW093,2026-02-26 05:08:27.853820,35,37,97,185933,F003
EVT04768,BMW199,2026-09-05 21:08:27.853830,105,53,75,10611,F002
EVT04769,BMW065,2026-09-02 01:08:27.853839,100,63,82,51895,F004
EVT04770,BMW079,2026-08-14 22:08:27.853850,151,47,53,59017,F003
EVT04771,BMW194,2026-09-15 23:08:27.853860,133,91,76,18603,F002
EVT04772,BMW070,2026-06-25 19:08:27.853870,57,72,103,60185,F002
EVT04773,BMW058,2026-03-12 00:08:27.853879,89,57,85,15356,F001
EVT04774,BMW099,2026-06-19 04:08:27.853889,67,88,84,80050,F001
EVT04775,BMW086,2026-04-04 21:08:27.853898,169,39,96,202789,F001
EVT04776,BMW092,2026-06-15 00:08:27.853908,36,22,65,40765,F002
EVT04777,BMW200,2026-03-08 04:08:27.853918,123,17,93,116589,F004
EVT04778,BMW153,2026-08-27 03:08:27.853928,162,20,76,232851,F004
EVT04779,BMW036,2026-03-05 19:08:27.853937,39,31,86,38413,
EVT04780,BMW163,2026-07-13 14:08:27.853947,5,58,105,42437,F003
EVT04781,BMW024,2026-04-02 09:08:27.853956,68,61,81,109011,F002
EVT04782,BMW093,2026-04-12 17:08:27.853966,144,40,109,204746,F001
EVT04783,BMW141,2026-06-14 00:08:27.853975,94,25,61,30552,F004
EVT04784,BMW139,2026-04-23 11:08:27.853984,87,95,95,25319,F002
EVT04785,BMW157,2026-06-22 00:08:27.853995,81,28,61,101665,F005
EVT04786,BMW041,2026-07-19 12:08:27.854004,118,86,107,109974,F002
EVT04787,BMW174,2026-05-17 08:08:27.854014,79,94,78,220187,F004
EVT04788,BMW074,2026-04-22 21:08:27.854024,76,76,100,243146,F001
EVT04789,BMW100,2026-09-03 16:08:27.854033,19,78,52,25376,F001
EVT04790,BMW045,2026-08-26 06:08:27.854043,11,91,75,213152,F004
EVT04791,BMW028,2026-07-11 05:08:27.854052,60,73,52,89393,F005
EVT04792,BMW158,2026-06-01 02:08:27.854062,71,29,61,66256,F005
EVT04793,BMW177,2026-05-22 02:08:27.854072,149,24,57,236358,F004
EVT04794,BMW190,2026-08-24 06:08:27.854082,48,32,52,153627,F001
EVT04795,BMW109,2026-08-08 01:08:27.854092,136,85,107,91474,F005
EVT04796,BMW028,2026-05-05 16:08:27.854102,156,67,64,51214,F003
EVT04797,BMW153,2026-09-15 06:08:27.854112,5,10,108,206896,F001
EVT04798,BMW096,2026-05-10 22:08:27.854122,31,84,87,98523,F005
EVT04799,BMW034,2026-04-29 06:08:27.854132,31,69,92,110515,F004
EVT04800,BMW122,2026-09-07 04:08:27.854142,89,33,51,146961,F001
EVT04801,BMW164,2026-04-05 22:08:27.854152,44,39,70,210372,F002
EVT04802,BMW184,2026-07-21 08:08:27.854162,80,100,69,188670,F002
EVT04803,BMW004,2026-06-25 14:08:27.854172,167,54,82,46322,F001
EVT04804,BMW071,2026-03-20 05:08:27.854182,55,58,57,134985,F005
EVT04805,BMW046,2026-06-08 09:08:27.854192,94,36,101,141113,
EVT04806,BMW092,2026-05-26 20:08:27.854203,55,89,68,89728,F003
EVT04807,BMW063,2026-09-12 09:08:27.854213,171,72,59,59374,F005
EVT04808,BMW115,2026-04-24 12:08:27.854222,44,16,95,236759,F001
EVT04809,BMW170,2026-09-12 12:08:27.854232,35,56,64,128876,F004
EVT04810,BMW024,2026-07-28 02:08:27.854241,112,82,71,17784,F005
EVT04811,BMW055,2026-06-21 02:08:27.854251,44,62,109,119893,F004
EVT04812,BMW178,2026-06-02 18:08:27.854261,104,92,77,235003,F001
EVT04813,BMW007,2026-06-29 19:08:27.854271,1,36,72,167204,F005
EVT04814,BMW140,2026-04-17 08:08:27.854281,177,72,76,247220,F001
EVT04815,BMW198,2026-08-03 19:08:27.854291,171,13,110,162311,
EVT04816,BMW124,2026-08-30 10:08:27.854301,71,52,74,108699,F004
EVT04817,BMW020,2026-08-16 11:08:27.854311,88,77,88,212737,F005
EVT04818,BMW135,2026-07-26 04:08:27.854321,114,43,52,78865,F005
EVT04819,BMW066,2026-07-15 14:08:27.854331,157,73,70,138046,F002
EVT04820,BMW089,2026-03-22 04:08:27.854341,59,84,60,162007,F001
EVT04821,BMW127,2026-08-17 08:08:27.854351,62,91,78,134622,
EVT04822,BMW057,2026-08-31 02:08:27.854361,158,94,101,183655,
EVT04823,BMW156,2026-05-23 07:08:27.854370,149,57,78,196533,
EVT04824,BMW060,2026-09-01 23:08:27.854380,147,31,59,184939,
EVT04825,BMW071,2026-07-08 14:08:27.854390,113,63,63,108769,F003
EVT04826,BMW169,2026-07-25 06:08:27.854400,32,28,62,124465,F004
EVT04827,BMW009,2026-03-07 01:08:27.854409,127,49,52,204374,F004
EVT04828,BMW095,2026-06-23 02:08:27.854419,168,90,89,142828,F004
EVT04829,BMW168,2026-07-14 03:08:27.854429,46,72,59,109202,F004
EVT04830,BMW056,2026-04-17 12:08:27.854438,66,89,76,166408,F001
EVT04831,BMW166,2026-07-13 09:08:27.854448,90,89,88,88173,F004
EVT04832,BMW106,2026-07-28 04:08:27.854458,0,11,108,46822,F005
EVT04833,BMW061,2026-06-23 03:08:27.854468,108,57,79,74340,F002
EVT04834,BMW121,2026-04-30 21:08:27.854478,129,19,64,23701,
EVT04835,BMW071,2026-05-23 12:08:27.854488,58,11,81,130452,F002
EVT04836,BMW049,2026-07-16 16:08:27.854586,39,81,52,26259,
EVT04837,BMW190,2026-09-14 14:08:27.854602,14,76,55,189905,
EVT04838,BMW036,2026-04-04 00:08:27.854613,120,33,86,70722,F001
EVT04839,BMW027,2026-02-28 17:08:27.854623,116,80,77,60589,F002
EVT04840,BMW173,2026-03-06 12:08:27.854634,89,88,102,10768,F003
EVT04841,BMW081,2026-05-22 10:08:27.854644,1,55,86,201298,
EVT04842,BMW096,2026-07-17 23:08:27.854654,97,36,54,239386,F005
EVT04843,BMW176,2026-08-23 10:08:27.854664,37,47,76,27830,F003
EVT04844,BMW134,2026-06-12 11:08:27.854674,141,40,63,69209,F002
EVT04845,BMW153,2026-06-30 00:08:27.854683,147,72,98,174794,
EVT04846,BMW026,2026-04-01 06:08:27.854692,155,67,63,248909,F001
EVT04847,BMW146,2026-07-08 18:08:27.854702,82,16,105,80712,F005
EVT04848,BMW017,2026-03-18 08:08:27.854711,179,86,86,138427,F004
EVT04849,BMW073,2026-09-13 13:08:27.854721,144,52,69,120014,F002
EVT04850,BMW021,2026-06-24 02:08:27.854730,137,100,83,195620,F001
EVT04851,BMW046,2026-04-03 06:08:27.854739,124,83,68,162737,F003
EVT04852,BMW080,2026-02-28 06:08:27.854749,120,100,54,27514,F001
EVT04853,BMW184,2026-09-07 07:08:27.854759,108,87,83,172069,F002
EVT04854,BMW034,2026-05-23 16:08:27.854768,62,11,105,126997,F005
EVT04855,BMW173,2026-03-29 14:08:27.854778,29,59,89,147903,F003
EVT04856,BMW040,2026-09-03 08:08:27.854787,22,95,54,16953,F002
EVT04857,BMW101,2026-06-24 21:08:27.854797,108,16,79,102525,F001
EVT04858,BMW033,2026-03-06 17:08:27.854807,80,20,51,160173,F002
EVT04859,BMW083,2026-03-04 08:08:27.854817,47,45,108,111828,
EVT04860,BMW146,2026-04-12 02:08:27.854827,10,35,67,148780,F002
EVT04861,BMW162,2026-08-05 19:08:27.854837,36,92,70,104350,F002
EVT04862,BMW116,2026-07-03 16:08:27.854847,3,95,94,88468,F003
EVT04863,BMW027,2026-02-28 07:08:27.854857,76,18,97,101159,F005
EVT04864,BMW042,2026-09-06 20:08:27.854867,180,76,72,22253,F003
EVT04865,BMW197,2026-08-16 14:08:27.854876,92,15,55,149992,F001
EVT04866,BMW179,2026-04-14 18:08:27.854886,119,62,110,243249,F004
EVT04867,BMW011,2026-05-23 08:08:27.854896,129,30,75,101790,
EVT04868,BMW136,2026-08-07 03:08:27.854906,172,61,57,33257,F004
EVT04869,BMW145,2026-04-11 10:08:27.854917,29,100,83,14113,F001
EVT04870,BMW149,2026-06-27 11:08:27.854927,100,21,82,93604,F002
EVT04871,BMW039,2026-07-03 00:08:27.854937,48,82,79,60677,F002
EVT04872,BMW029,2026-03-14 07:08:27.854947,160,92,109,62196,
EVT04873,BMW114,2026-07-08 20:08:27.854958,160,80,83,26793,F002
EVT04874,BMW033,2026-09-08 00:08:27.854968,96,48,51,109412,
EVT04875,BMW118,2026-06-01 06:08:27.854978,66,46,58,79280,F003
EVT04876,BMW109,2026-03-17 05:08:27.854988,85,80,84,186947,F002
EVT04877,BMW043,2026-05-19 12:08:27.854997,15,25,78,53278,F001
EVT04878,BMW095,2026-09-02 06:08:27.855007,151,29,81,86631,F005
EVT04879,BMW087,2026-06-08 00:08:27.855016,97,51,56,76434,F005
EVT04880,BMW019,2026-08-27 22:08:27.855026,8,99,54,69185,F002
EVT04881,BMW021,2026-04-28 06:08:27.855035,61,60,105,112402,F005
EVT04882,BMW164,2026-08-28 04:08:27.855045,162,62,52,220871,
EVT04883,BMW025,2026-03-09 07:08:27.855054,104,89,102,147090,
EVT04884,BMW125,2026-06-11 00:08:27.855064,54,92,71,48194,F001
EVT04885,BMW168,2026-04-14 02:08:27.855073,78,11,106,218825,F005
EVT04886,BMW143,2026-05-21 05:08:27.855083,93,86,91,110365,F005
EVT04887,BMW087,2026-08-26 01:08:27.855092,71,72,50,75227,F004
EVT04888,BMW039,2026-04-21 10:08:27.855102,23,57,102,50129,F005
EVT04889,BMW059,2026-07-04 23:08:27.855111,143,18,55,201066,F002
EVT04890,BMW111,2026-03-10 23:08:27.855120,136,32,64,142220,
EVT04891,BMW137,2026-03-15 15:08:27.855129,52,60,106,131822,F003
EVT04892,BMW197,2026-03-19 20:08:27.855139,126,78,92,83494,F004
EVT04893,BMW026,2026-03-22 01:08:27.855149,166,85,61,198183,
EVT04894,BMW096,2026-08-07 02:08:27.855159,19,54,107,239173,
EVT04895,BMW082,2026-07-25 21:08:27.855169,106,28,62,164232,
EVT04896,BMW191,2026-07-11 15:08:27.855179,158,43,61,161859,F001
EVT04897,BMW198,2026-07-30 21:08:27.855188,95,96,60,155164,F002
EVT04898,BMW138,2026-03-11 03:08:27.855198,57,21,110,135402,F004
EVT04899,BMW027,2026-07-10 20:08:27.855209,165,58,98,113381,
EVT04900,BMW032,2026-03-06 09:08:27.855218,14,74,64,67369,F004
EVT04901,BMW106,2026-08-29 09:08:27.855228,53,69,87,153444,
EVT04902,BMW170,2026-07-16 19:08:27.855237,40,21,108,191056,F002
EVT04903,BMW098,2026-08-05 07:08:27.855247,170,39,75,27667,F005
EVT04904,BMW153,2026-03-23 13:08:27.855257,122,35,53,140917,F002
EVT04905,BMW112,2026-06-02 09:08:27.855266,32,22,70,205926,F005
EVT04906,BMW113,2026-07-20 20:08:27.855276,55,16,53,46632,F004
EVT04907,BMW138,2026-09-10 22:08:27.855286,98,29,95,14722,F001
EVT04908,BMW049,2026-05-17 16:08:27.855296,135,24,106,151832,
EVT04909,BMW168,2026-05-25 15:08:27.855307,25,55,81,71276,F001
EVT04910,BMW186,2026-07-01 12:08:27.855316,115,60,65,200214,
EVT04911,BMW072,2026-03-21 09:08:27.855326,47,24,69,229837,F001
EVT04912,BMW087,2026-06-02 19:08:27.855337,103,71,94,59564,F004
EVT04913,BMW147,2026-04-28 12:08:27.855347,110,66,72,166911,F005
EVT04914,BMW175,2026-05-03 22:08:27.855357,138,54,73,64436,F004
EVT04915,BMW006,2026-06-29 00:08:27.855367,33,41,93,127054,F005
EVT04916,BMW117,2026-08-14 06:08:27.855377,121,20,83,117335,F003
EVT04917,BMW039,2026-05-27 00:08:27.855386,146,25,52,181404,
EVT04918,BMW098,2026-05-23 15:08:27.855397,98,61,52,108971,F003
EVT04919,BMW064,2026-09-15 23:08:27.855406,20,29,66,46216,F004
EVT04920,BMW122,2026-04-23 07:08:27.855415,32,19,89,190592,F003
EVT04921,BMW170,2026-07-08 15:08:27.855425,11,87,103,149984,F005
EVT04922,BMW097,2026-08-10 22:08:27.855434,55,27,53,197724,F004
EVT04923,BMW020,2026-09-06 04:08:27.855444,166,65,75,72513,F002
EVT04924,BMW007,2026-06-25 03:08:27.855454,10,18,70,107286,F004
EVT04925,BMW126,2026-07-09 18:08:27.855463,88,29,71,173421,F001
EVT04926,BMW096,2026-05-02 08:08:27.855473,174,90,66,211771,F003
EVT04927,BMW095,2026-06-18 06:08:27.855482,103,40,74,31368,F003
EVT04928,BMW158,2026-08-26 13:08:27.855491,145,49,87,12415,
EVT04929,BMW130,2026-08-10 08:08:27.855537,66,18,79,35113,F002
EVT04930,BMW013,2026-08-04 10:08:27.855559,55,30,81,144502,F003
EVT04931,BMW173,2026-05-17 05:08:27.855568,75,84,68,127146,F003
EVT04932,BMW116,2026-04-03 22:08:27.855576,85,98,54,30557,F004
EVT04933,BMW136,2026-04-11 04:08:27.855584,163,89,88,37184,F002
EVT04934,BMW081,2026-04-09 15:08:27.855592,137,50,60,161256,
EVT04935,BMW138,2026-04-08 09:08:27.855601,148,89,59,219443,F002
EVT04936,BMW017,2026-05-19 17:08:27.855609,93,68,106,61804,F004
EVT04937,BMW066,2026-02-24 21:08:27.855618,20,47,86,178099,F004
EVT04938,BMW032,2026-07-30 07:08:27.855626,2,31,100,155518,F002
EVT04939,BMW092,2026-07-28 13:08:27.855634,50,30,77,24160,F005
EVT04940,BMW184,2026-05-31 08:08:27.855643,156,23,75,93276,F002
EVT04941,BMW008,2026-05-16 05:08:27.855651,113,99,106,155047,F003
EVT04942,BMW091,2026-03-26 19:08:27.855660,70,16,73,33003,
EVT04943,BMW059,2026-06-29 09:08:27.855668,155,86,62,139066,F004
EVT04944,BMW026,2026-03-27 20:08:27.855677,32,59,84,187244,F003
EVT04945,BMW077,2026-05-14 13:08:27.855686,114,23,54,192705,F002
EVT04946,BMW191,2026-07-21 20:08:27.855695,127,94,100,151518,F002
EVT04947,BMW066,2026-04-10 10:08:27.855704,119,86,98,215502,F001
EVT04948,BMW089,2026-08-16 01:08:27.855712,125,69,101,212935,F002
EVT04949,BMW071,2026-04-19 07:08:27.855721,85,40,106,112102,F002
EVT04950,BMW123,2026-09-01 06:08:27.855733,36,25,83,77965,F003
EVT04951,BMW006,2026-05-09 05:08:27.855743,133,13,93,184170,F001
EVT04952,BMW153,2026-08-21 08:08:27.855751,26,75,65,230660,
EVT04953,BMW005,2026-04-16 06:08:27.855760,94,81,107,165536,F003
EVT04954,BMW189,2026-06-26 12:08:27.855768,107,61,103,99933,
EVT04955,BMW123,2026-09-04 00:08:27.855776,170,46,64,116156,F002
EVT04956,BMW060,2026-07-25 11:08:27.855785,95,21,89,63339,
EVT04957,BMW053,2026-08-06 04:08:27.855793,82,64,77,100610,F005
EVT04958,BMW123,2026-04-28 21:08:27.855802,154,65,98,53428,F003
EVT04959,BMW084,2026-08-21 06:08:27.855812,41,84,106,213762,F004
EVT04960,BMW087,2026-04-06 12:08:27.855821,132,40,88,196486,F002
EVT04961,BMW081,2026-09-11 21:08:27.855829,104,89,71,51776,F002
EVT04962,BMW085,2026-05-24 21:08:27.855838,160,51,87,51456,F003
EVT04963,BMW112,2026-07-23 08:08:27.855847,124,43,87,198016,F003
EVT04964,BMW185,2026-08-16 01:08:27.855856,175,64,106,156061,F001
EVT04965,BMW104,2026-03-04 09:08:27.855865,164,28,51,34441,F003
EVT04966,BMW094,2026-06-18 16:08:27.855872,99,63,107,151087,F002
EVT04967,BMW135,2026-04-11 09:08:27.855881,119,22,51,53574,F002
EVT04968,BMW095,2026-08-13 17:08:27.855890,101,91,65,128103,F003
EVT04969,BMW167,2026-07-18 01:08:27.855898,79,41,82,195302,
EVT04970,BMW046,2026-08-13 13:08:27.855906,16,50,63,112620,F005
EVT04971,BMW156,2026-04-02 13:08:27.855915,128,60,60,212308,
EVT04972,BMW021,2026-02-21 12:08:27.855923,155,89,94,108939,F001
EVT04973,BMW005,2026-07-29 15:08:27.855932,0,17,92,76378,F005
EVT04974,BMW079,2026-04-01 20:08:27.855940,132,33,87,209115,F002
EVT04975,BMW096,2026-05-06 20:08:27.855949,144,67,52,174864,
EVT04976,BMW027,2026-05-03 08:08:27.855957,105,70,97,118878,F004
EVT04977,BMW200,2026-04-08 01:08:27.855966,164,71,58,209998,F001
EVT04978,BMW048,2026-07-25 00:08:27.855975,46,92,92,118703,F005
EVT04979,BMW170,2026-08-11 16:08:27.855984,113,30,81,230080,F004
EVT04980,BMW007,2026-03-29 20:08:27.855993,76,98,79,158654,F004
EVT04981,BMW050,2026-03-08 13:08:27.856003,46,10,96,154492,
EVT04982,BMW021,2026-05-25 19:08:27.856012,31,52,63,61311,F003
EVT04983,BMW020,2026-05-19 08:08:27.856021,88,13,50,32716,F004
EVT04984,BMW162,2026-08-15 14:08:27.856029,69,17,93,34973,F005
EVT04985,BMW135,2026-07-24 18:08:27.856038,172,68,107,194962,F003
EVT04986,BMW040,2026-07-29 23:08:27.856047,7,65,107,72566,F001
EVT04987,BMW153,2026-07-16 16:08:27.856056,111,77,85,228654,
EVT04988,BMW154,2026-09-01 01:08:27.856064,150,99,51,68605,F004
EVT04989,BMW113,2026-07-30 13:08:27.856072,42,74,97,32646,F002
EVT04990,BMW187,2026-03-25 20:08:27.856081,105,68,100,33278,F003
EVT04991,BMW186,2026-06-01 21:08:27.856089,132,84,61,18766,
EVT04992,BMW108,2026-03-20 09:08:27.856098,159,30,89,144553,F005
EVT04993,BMW149,2026-03-14 06:08:27.856106,107,67,88,91147,F004
EVT04994,BMW157,2026-06-12 20:08:27.856114,116,54,97,246356,
EVT04995,BMW072,2026-07-19 22:08:27.856123,175,43,76,50392,F002
EVT04996,BMW019,2026-02-25 12:08:27.856131,70,45,69,103915,F002
EVT04997,BMW199,2026-04-14 18:08:27.856140,11,39,83,223708,F005
EVT04998,BMW083,2026-04-11 15:08:27.856149,119,10,52,246384,F001
EVT04999,BMW055,2026-09-01 05:08:27.856158,133,96,99,29341,
EVT05000,BMW159,2026-09-02 06:08:27.856167,118,48,92,97449,F005
