event_id,vehicle_id,vin,timestamp,battery_level,speed,temperature,latitude,longitude,quarantine_dataset,quarantine_error_type,quarantine_error_message,quarantine_validation_rule,quarantine_timestamp
EVT0023368,BMW00319,WBA00000000000319,2026-03-23 03:15:00,,137.94,40.25,38.369319,122.174081,telemetry,NULL_VALUE|OUT_OF_RANGE,Null values in: battery_level | Out-of-range value in: battery_level,NULL_VALUE|OUT_OF_RANGE,2026-09-18T06:14:29.923892+00:00
EVT0099310,BMW00944,WBA00000000000944,2026-12-11 19:45:00,57.61,65.89,-100.0,8.982255,35.629391,telemetry,OUT_OF_RANGE,Out-of-range value in: temperature,OUT_OF_RANGE,2026-09-18T06:14:29.923892+00:00
EVT0009294,BMW00340,WBA00000000000340,2026-15-40 99:99:99,11.91,42.14,5.82,11.969181,101.427776,telemetry,INVALID_DATE,Invalid date in: timestamp,INVALID_DATE,2026-09-18T06:14:29.923892+00:00
EVT0042160,BMW00502,INVALIDVIN,2026-05-27 09:15:00,13.32,129.35,12.31,10.411028,72.867597,telemetry,INVALID_VIN,Invalid or missing VIN,INVALID_VIN,2026-09-18T06:14:29.923892+00:00
EVT0041502,BMWX00001,WBA00000000000315,2026-05-25 02:25:00,65.94,154.76,25.33,35.404415,-1.753868,telemetry,REFERENTIAL_INTEGRITY,Referential integrity violation,REFERENTIAL_INTEGRITY,2026-09-18T06:14:29.923892+00:00
EVT0050502,BMW00760,INVALIDVIN,2026-06-25 08:25:00,57.84,143.13,1.38,46.745321,107.625722,telemetry,INVALID_VIN,Invalid or missing VIN,INVALID_VIN,2026-09-18T06:14:29.923892+00:00
EVT0076593,BMW00932,WBA00000000000932,2026-09-23 22:40:00,35.48,144.55,200.0,48.327051,4.67234,telemetry,OUT_OF_RANGE,Out-of-range value in: temperature,OUT_OF_RANGE,2026-09-18T06:14:29.923892+00:00
BAD00049,UNKNOWN,BADVIN,not-a-date,999.0,-50.0,999.0,999.0,999.0,telemetry,INVALID_VIN|INVALID_DATE|OUT_OF_RANGE|REFERENTIAL_INTEGRITY,"Invalid or missing VIN | Invalid date in: timestamp | Out-of-range value in: battery_level, temperature, speed | Referential integrity violation",INVALID_VIN|INVALID_DATE|OUT_OF_RANGE|REFERENTIAL_INTEGRITY,2026-09-18T06:14:29.923892+00:00
EVT0085900,BMWX00032,WBA00000000000886,2026-10-26 06:15:00,42.23,30.05,13.27,42.479464,-2.51924,telemetry,REFERENTIAL_INTEGRITY,Referential integrity violation,REFERENTIAL_INTEGRITY,2026-09-18T06:14:29.923892+00:00
EVT0065771,BMW00497,WBA00000000000497,2026-08-17 08:50:00,43.24,102.84,,50.812058,-102.200463,telemetry,NULL_VALUE|OUT_OF_RANGE,Null values in: temperature | Out-of-range value in: temperature,NULL_VALUE|OUT_OF_RANGE,2026-09-18T06:14:29.923892+00:00
EVT0061192,BMW00291,,2026-08-01 11:15:00,35.18,41.77,25.97,36.951546,-13.182279,telemetry,NULL_VALUE|INVALID_VIN,Null values in: vin | Invalid or missing VIN,NULL_VALUE|INVALID_VIN,2026-09-18T06:14:29.923892+00:00
EVT0070077,BMW00470,WBA00000000000470,2026-15-40 99:99:99,33.22,130.21,26.45,19.896276,-64.509459,telemetry,INVALID_DATE,Invalid date in: timestamp,INVALID_DATE,2026-09-18T06:14:29.923892+00:00
EVT0056377,BMW00083,INVALIDVIN,2026-07-15 18:00:00,65.83,134.32,27.88,33.581077,-21.326338,telemetry,INVALID_VIN,Invalid or missing VIN,INVALID_VIN,2026-09-18T06:14:29.923892+00:00
EVT0007118,BMW00809,WBA00000000000809,2026-01-25 17:05:00,,39.77,-3.31,37.258145,108.342514,telemetry,NULL_VALUE|OUT_OF_RANGE,Null values in: battery_level | Out-of-range value in: battery_level,NULL_VALUE|OUT_OF_RANGE,2026-09-18T06:14:29.923892+00:00
EVT0071954,BMW00118,WBA00000000000118,2026-15-40 99:99:99,40.39,155.29,50.57,10.863591,-75.535631,telemetry,INVALID_DATE,Invalid date in: timestamp,INVALID_DATE,2026-09-18T06:14:29.923892+00:00
BAD00055,UNKNOWN,BADVIN,not-a-date,999.0,-50.0,999.0,999.0,999.0,telemetry,INVALID_VIN|INVALID_DATE|OUT_OF_RANGE|REFERENTIAL_INTEGRITY,"Invalid or missing VIN | Invalid date in: timestamp | Out-of-range value in: battery_level, temperature, speed | Referential integrity violation",INVALID_VIN|INVALID_DATE|OUT_OF_RANGE|REFERENTIAL_INTEGRITY,2026-09-18T06:14:29.923892+00:00
EVT0000691,BMWX00141,WBA00000000000371,2026-01-03 09:30:00,49.9,98.23,43.38,31.429054,-70.442158,telemetry,REFERENTIAL_INTEGRITY,Referential integrity violation,REFERENTIAL_INTEGRITY,2026-09-18T06:14:29.923892+00:00
EVT0004728,BMW00776,WBA00000000000776,2026-01-17 09:55:00,24.08,137.59,35.93,38.333935,-115.730499,telemetry,DUPLICATE_RECORD,Duplicate record detected,DUPLICATE_RECORD,2026-09-18T06:14:29.923892+00:00
EVT0013769,BMW00038,WBA00000000000038,2026-02-17 19:20:00,-25.0,145.29,18.49,9.405018,26.65787,telemetry,OUT_OF_RANGE,Out-of-range value in: battery_level,OUT_OF_RANGE,2026-09-18T06:14:29.923892+00:00
EVT0059836,BMWX00165,WBA00000000000780,2026-07-27 18:15:00,25.34,88.2,54.04,44.490507,-13.47833,telemetry,REFERENTIAL_INTEGRITY,Referential integrity violation,REFERENTIAL_INTEGRITY,2026-09-18T06:14:29.923892+00:00
EVT0093302,BMWX00175,WBA00000000000540,2026-11-20 23:05:00,68.86,138.45,-4.64,41.25184,-11.724504,telemetry,REFERENTIAL_INTEGRITY,Referential integrity violation,REFERENTIAL_INTEGRITY,2026-09-18T06:14:29.923892+00:00
EVT0021143,,WBA00000000000889,2026-03-15 09:50:00,34.78,123.36,38.49,53.899116,96.41577,telemetry,NULL_VALUE|REFERENTIAL_INTEGRITY,Null values in: vehicle_id | Referential integrity violation,NULL_VALUE|REFERENTIAL_INTEGRITY,2026-09-18T06:14:29.923892+00:00
EVT0090063,BMW00362,WBA00000000000362,2026-11-09 17:10:00,,157.49,30.65,36.532767,-19.45738,telemetry,NULL_VALUE|OUT_OF_RANGE,Null values in: battery_level | Out-of-range value in: battery_level,NULL_VALUE|OUT_OF_RANGE,2026-09-18T06:14:29.923892+00:00
EVT0051812,BMWX00047,WBA00000000000275,2026-06-29 21:35:00,81.85,20.78,10.87,54.077242,10.944536,telemetry,REFERENTIAL_INTEGRITY,Referential integrity violation,REFERENTIAL_INTEGRITY,2026-09-18T06:14:29.923892+00:00
EVT0082166,BMW00432,WBA00000000000432,2026-10-13 07:05:00,,67.74,21.13,45.905157,-8.787401,telemetry,NULL_VALUE|OUT_OF_RANGE,Null values in: battery_level | Out-of-range value in: battery_level,NULL_VALUE|OUT_OF_RANGE,2026-09-18T06:14:29.923892+00:00
EVT0019261,BMW00033,WBA00000000000033,2026-03-08 21:00:00,44.19,153.15,-80.0,23.734139,-44.598369,telemetry,OUT_OF_RANGE,Out-of-range value in: temperature,OUT_OF_RANGE,2026-09-18T06:14:29.923892+00:00
EVT0010619,BMW00972,WBA00000000000972,2026-15-40 99:99:99,79.16,21.06,41.36,46.470947,-84.574867,telemetry,INVALID_DATE,Invalid date in: timestamp,INVALID_DATE,2026-09-18T06:14:29.923892+00:00
EVT0048853,BMW00437,WBA00000000000437,2026-06-19 15:00:00,150.0,123.59,47.31,21.035073,45.487457,telemetry,OUT_OF_RANGE,Out-of-range value in: battery_level,OUT_OF_RANGE,2026-09-18T06:14:29.923892+00:00
EVT0000503,BMW00036,,2026-01-02 17:50:00,54.21,40.92,49.59,42.929485,35.76056,telemetry,NULL_VALUE|INVALID_VIN,Null values in: vin | Invalid or missing VIN,NULL_VALUE|INVALID_VIN,2026-09-18T06:14:29.923892+00:00
EVT0087975,,WBA00000000000298,2026-11-02 11:10:00,12.24,124.97,15.35,26.26699,-5.317414,telemetry,NULL_VALUE|REFERENTIAL_INTEGRITY,Null values in: vehicle_id | Referential integrity violation,NULL_VALUE|REFERENTIAL_INTEGRITY,2026-09-18T06:14:29.923892+00:00
EVT0041448,BMW00772,WBA00000000000772,2026-05-24 21:55:00,-10.0,157.35,24.58,53.468667,31.157549,telemetry,OUT_OF_RANGE,Out-of-range value in: battery_level,OUT_OF_RANGE,2026-09-18T06:14:29.923892+00:00
EVT0034407,BMW00550,WBA00000000000550,2026-04-30 11:10:00,150.0,123.12,12.43,41.73222,148.22457,telemetry,OUT_OF_RANGE,Out-of-range value in: battery_level,OUT_OF_RANGE,2026-09-18T06:14:29.923892+00:00
EVT0058489,BMW00074,,2026-07-23 02:00:00,37.44,150.6,34.42,11.941151,92.296306,telemetry,NULL_VALUE|INVALID_VIN,Null values in: vin | Invalid or missing VIN,NULL_VALUE|INVALID_VIN,2026-09-18T06:14:29.923892+00:00
EVT0079641,BMW00041,,2026-10-04 12:40:00,85.5,51.18,25.23,27.721149,20.862282,telemetry,NULL_VALUE|INVALID_VIN,Null values in: vin | Invalid or missing VIN,NULL_VALUE|INVALID_VIN,2026-09-18T06:14:29.923892+00:00
EVT0057811,BMW00221,WBA00000000000221,2026-07-20 17:30:00,63.82,68.41,150.0,29.085104,-45.854988,telemetry,OUT_OF_RANGE,Out-of-range value in: temperature,OUT_OF_RANGE,2026-09-18T06:14:29.923892+00:00
EVT0060820,,WBA00000000000981,2026-07-31 04:15:00,54.89,118.96,24.14,8.77059,-106.77258,telemetry,NULL_VALUE|REFERENTIAL_INTEGRITY,Null values in: vehicle_id | Referential integrity violation,NULL_VALUE|REFERENTIAL_INTEGRITY,2026-09-18T06:14:29.923892+00:00
EVT0013619,BMW00923,WBA00000000000923,2026-15-40 99:99:99,91.42,12.12,18.51,27.278976,-82.707033,telemetry,INVALID_DATE,Invalid date in: timestamp,INVALID_DATE,2026-09-18T06:14:29.923892+00:00
EVT0064168,BMWX00133,WBA00000000000791,2026-08-11 19:15:00,54.84,44.92,2.77,49.642658,-43.817328,telemetry,REFERENTIAL_INTEGRITY,Referential integrity violation,REFERENTIAL_INTEGRITY,2026-09-18T06:14:29.923892+00:00
EVT0005938,BMW00519,WBA00000000000519,2026-01-21 14:45:00,57.65,105.81,13.02,45.350301,43.506935,telemetry,DUPLICATE_RECORD,Duplicate record detected,DUPLICATE_RECORD,2026-09-18T06:14:29.923892+00:00
EVT0021374,,WBA00000000000185,2026-03-16 05:05:00,84.75,135.07,52.53,19.475454,83.766845,telemetry,NULL_VALUE|REFERENTIAL_INTEGRITY,Null values in: vehicle_id | Referential integrity violation,NULL_VALUE|REFERENTIAL_INTEGRITY,2026-09-18T06:14:29.923892+00:00
EVT0053923,BMW00254,INVALIDVIN,2026-07-07 05:30:00,73.69,136.53,6.81,25.540178,-29.573752,telemetry,INVALID_VIN,Invalid or missing VIN,INVALID_VIN,2026-09-18T06:14:29.923892+00:00
EVT0069572,BMW00845,WBA00000000000845,2026-15-40 99:99:99,11.31,144.99,2.67,33.472926,-89.997773,telemetry,INVALID_DATE,Invalid date in: timestamp,INVALID_DATE,2026-09-18T06:14:29.923892+00:00
EVT0034668,BMW00304,WBA00000000000304,2026-05-01 08:55:00,,140.51,47.12,10.538475,-75.475569,telemetry,NULL_VALUE|OUT_OF_RANGE,Null values in: battery_level | Out-of-range value in: battery_level,NULL_VALUE|OUT_OF_RANGE,2026-09-18T06:14:29.923892+00:00
EVT0002361,BMW00062,WBA00000000000062,2026-01-09 04:40:00,79.08,82.06,36.0,53.783784,64.271759,telemetry,DUPLICATE_RECORD,Duplicate record detected,DUPLICATE_RECORD,2026-09-18T06:14:29.923892+00:00
EVT0095658,BMW00302,WBA00000000000302,2026-11-29 03:25:00,,93.23,17.43,28.281911,-41.909461,telemetry,NULL_VALUE|OUT_OF_RANGE,Null values in: battery_level | Out-of-range value in: battery_level,NULL_VALUE|OUT_OF_RANGE,2026-09-18T06:14:29.923892+00:00
EVT0023851,BMW00802,WBA00000000000802,2026-03-24 19:30:00,,159.77,4.27,47.632901,-103.193288,telemetry,NULL_VALUE|OUT_OF_RANGE,Null values in: battery_level | Out-of-range value in: battery_level,NULL_VALUE|OUT_OF_RANGE,2026-09-18T06:14:29.923892+00:00
EVT0016232,,WBA00000000000379,2026-02-26 08:35:00,54.51,135.06,19.14,48.658763,45.457898,telemetry,NULL_VALUE|REFERENTIAL_INTEGRITY,Null values in: vehicle_id | Referential integrity violation,NULL_VALUE|REFERENTIAL_INTEGRITY,2026-09-18T06:14:29.923892+00:00
EVT0073833,BMW00899,WBA00000000000899,2026-09-14 08:40:00,71.52,13.67,,34.963561,49.948491,telemetry,NULL_VALUE|OUT_OF_RANGE,Null values in: temperature | Out-of-range value in: temperature,NULL_VALUE|OUT_OF_RANGE,2026-09-18T06:14:29.923892+00:00
EVT0014044,BMW00628,WBA00000000000628,2026-02-18 18:15:00,-25.0,154.22,34.19,21.799457,145.816227,telemetry,OUT_OF_RANGE,Out-of-range value in: battery_level,OUT_OF_RANGE,2026-09-18T06:14:29.923892+00:00
EVT0037848,BMW00775,WBA00000000000775,2026-05-12 09:55:00,67.81,19.35,150.0,23.215411,-103.200386,telemetry,OUT_OF_RANGE,Out-of-range value in: temperature,OUT_OF_RANGE,2026-09-18T06:14:29.923892+00:00
EVT0011864,BMWX00009,WBA00000000000026,2026-02-11 04:35:00,20.36,10.83,-0.0,50.264315,-71.819522,telemetry,REFERENTIAL_INTEGRITY,Referential integrity violation,REFERENTIAL_INTEGRITY,2026-09-18T06:14:29.923892+00:00
EVT0072694,BMW00953,,2026-09-10 09:45:00,38.99,58.49,40.86,40.526293,-113.013511,telemetry,NULL_VALUE|INVALID_VIN,Null values in: vin | Invalid or missing VIN,NULL_VALUE|INVALID_VIN,2026-09-18T06:14:29.923892+00:00
EVT0042782,BMW00521,,2026-05-29 13:05:00,56.47,103.38,200.0,25.759817,-113.239956,telemetry,NULL_VALUE|INVALID_VIN|OUT_OF_RANGE,Null values in: vin | Invalid or missing VIN | Out-of-range value in: temperature,NULL_VALUE|INVALID_VIN|OUT_OF_RANGE,2026-09-18T06:14:29.923892+00:00
EVT0040156,,WBA00000000000821,2026-05-20 10:15:00,43.05,2.03,51.64,15.62992,-74.810067,telemetry,NULL_VALUE|REFERENTIAL_INTEGRITY,Null values in: vehicle_id | Referential integrity violation,NULL_VALUE|REFERENTIAL_INTEGRITY,2026-09-18T06:14:29.923892+00:00
EVT0040212,BMW00562,,2026-05-20 14:55:00,13.13,3.33,8.02,21.156487,80.317948,telemetry,NULL_VALUE|INVALID_VIN,Null values in: vin | Invalid or missing VIN,NULL_VALUE|INVALID_VIN,2026-09-18T06:14:29.923892+00:00
EVT0032465,BMW00174,WBA00000000000174,2026-04-23 17:20:00,93.63,143.13,,53.866254,-14.070816,telemetry,NULL_VALUE|OUT_OF_RANGE,Null values in: temperature | Out-of-range value in: temperature,NULL_VALUE|OUT_OF_RANGE,2026-09-18T06:14:29.923892+00:00
EVT0096507,,WBA00000000000385,2026-12-02 02:10:00,47.7,116.08,-0.83,33.158589,-45.035,telemetry,NULL_VALUE|REFERENTIAL_INTEGRITY,Null values in: vehicle_id | Referential integrity violation,NULL_VALUE|REFERENTIAL_INTEGRITY,2026-09-18T06:14:29.923892+00:00
EVT0063426,BMW00617,,2026-08-09 05:25:00,31.01,84.25,9.72,35.699911,-49.354236,telemetry,NULL_VALUE|INVALID_VIN,Null values in: vin | Invalid or missing VIN,NULL_VALUE|INVALID_VIN,2026-09-18T06:14:29.923892+00:00
EVT0066773,BMW00842,WBA00000000000842,2026-08-20 20:20:00,,38.43,54.86,39.669414,143.84372,telemetry,NULL_VALUE|OUT_OF_RANGE,Null values in: battery_level | Out-of-range value in: battery_level,NULL_VALUE|OUT_OF_RANGE,2026-09-18T06:14:29.923892+00:00
EVT0008242,BMWX00091,WBA00000000000809,2026-01-29 14:45:00,41.04,28.48,43.37,51.42268,-111.366405,telemetry,REFERENTIAL_INTEGRITY,Referential integrity violation,REFERENTIAL_INTEGRITY,2026-09-18T06:14:29.923892+00:00
EVT0039697,BMW00848,WBA00000000000848,2026-05-18 20:00:00,-10.0,72.46,49.71,40.339194,106.493639,telemetry,OUT_OF_RANGE,Out-of-range value in: battery_level,OUT_OF_RANGE,2026-09-18T06:14:29.923892+00:00
EVT0065540,BMW00198,WBA00000000000198,2026-15-40 99:99:99,50.72,49.34,34.69,14.646828,-5.105791,telemetry,INVALID_DATE,Invalid date in: timestamp,INVALID_DATE,2026-09-18T06:14:29.923892+00:00
EVT0073265,BMW00480,WBA00000000000480,2026-09-12 09:20:00,40.84,126.45,,18.825292,98.044431,telemetry,NULL_VALUE|OUT_OF_RANGE,Null values in: temperature | Out-of-range value in: temperature,NULL_VALUE|OUT_OF_RANGE,2026-09-18T06:14:29.923892+00:00
EVT0065176,BMW00826,,2026-08-15 07:15:00,20.78,26.34,-1.78,45.54547,-42.293259,telemetry,NULL_VALUE|INVALID_VIN,Null values in: vin | Invalid or missing VIN,NULL_VALUE|INVALID_VIN,2026-09-18T06:14:29.923892+00:00
EVT0066079,BMWX00142,WBA00000000000258,2026-08-18 10:30:00,92.88,89.63,3.59,45.059793,30.207471,telemetry,REFERENTIAL_INTEGRITY,Referential integrity violation,REFERENTIAL_INTEGRITY,2026-09-18T06:14:29.923892+00:00
EVT0042142,,WBA00000000000986,2026-05-27 07:45:00,65.09,112.62,26.05,29.881007,-55.523847,telemetry,NULL_VALUE|REFERENTIAL_INTEGRITY,Null values in: vehicle_id | Referential integrity violation,NULL_VALUE|REFERENTIAL_INTEGRITY,2026-09-18T06:14:29.923892+00:00
EVT0080362,BMW00660,WBA00000000000660,2026-10-07 00:45:00,,81.55,15.91,12.015274,-12.688248,telemetry,NULL_VALUE|OUT_OF_RANGE,Null values in: battery_level | Out-of-range value in: battery_level,NULL_VALUE|OUT_OF_RANGE,2026-09-18T06:14:29.923892+00:00
EVT0023159,BMW00385,WBA00000000000385,2026-03-22 09:50:00,-10.0,17.62,0.63,51.65523,-89.449882,telemetry,OUT_OF_RANGE,Out-of-range value in: battery_level,OUT_OF_RANGE,2026-09-18T06:14:29.923892+00:00
EVT0029828,BMW00245,WBA00000000000245,2026-15-40 99:99:99,68.95,18.08,4.02,8.479787,6.99409,telemetry,INVALID_DATE,Invalid date in: timestamp,INVALID_DATE,2026-09-18T06:14:29.923892+00:00
EVT0059286,BMW00067,INVALIDVIN,2026-07-25 20:25:00,95.07,142.07,39.55,13.59844,64.018021,telemetry,INVALID_VIN,Invalid or missing VIN,INVALID_VIN,2026-09-18T06:14:29.923892+00:00
EVT0076749,,WBA00000000000732,2026-09-24 11:40:00,20.18,134.36,5.48,17.913942,148.117238,telemetry,NULL_VALUE|REFERENTIAL_INTEGRITY,Null values in: vehicle_id | Referential integrity violation,NULL_VALUE|REFERENTIAL_INTEGRITY,2026-09-18T06:14:29.923892+00:00
EVT0079219,,WBA00000000000996,2026-10-03 01:30:00,71.23,90.41,11.88,18.35197,-85.001129,telemetry,NULL_VALUE|REFERENTIAL_INTEGRITY,Null values in: vehicle_id | Referential integrity violation,NULL_VALUE|REFERENTIAL_INTEGRITY,2026-09-18T06:14:29.923892+00:00
EVT0074178,BMW00632,WBA00000000000632,2026-15-40 99:99:99,70.79,87.27,-1.35,23.469161,-49.564559,telemetry,INVALID_DATE,Invalid date in: timestamp,INVALID_DATE,2026-09-18T06:14:29.923892+00:00
EVT0013971,BMW00976,,2026-02-18 12:10:00,58.61,102.43,-1.32,33.590221,72.494334,telemetry,NULL_VALUE|INVALID_VIN,Null values in: vin | Invalid or missing VIN,NULL_VALUE|INVALID_VIN,2026-09-18T06:14:29.923892+00:00
EVT0016401,BMWX00156,WBA00000000000007,2026-02-26 22:40:00,59.54,96.22,47.22,44.973844,-94.475384,telemetry,REFERENTIAL_INTEGRITY,Referential integrity violation,REFERENTIAL_INTEGRITY,2026-09-18T06:14:29.923892+00:00
EVT0069982,BMW00630,INVALIDVIN,2026-08-31 23:45:00,14.45,80.25,25.02,51.293519,-62.866499,telemetry,INVALID_VIN,Invalid or missing VIN,INVALID_VIN,2026-09-18T06:14:29.923892+00:00
EVT0036040,BMW00686,WBA00000000000686,2026-05-06 03:15:00,78.22,51.85,,41.855517,-79.984531,telemetry,NULL_VALUE|OUT_OF_RANGE,Null values in: temperature | Out-of-range value in: temperature,NULL_VALUE|OUT_OF_RANGE,2026-09-18T06:14:29.923892+00:00
EVT0084254,BMW00163,WBA00000000000163,2026-15-40 99:99:99,59.16,57.07,1.93,34.336278,-40.885244,telemetry,INVALID_DATE,Invalid date in: timestamp,INVALID_DATE,2026-09-18T06:14:29.923892+00:00
EVT0053350,BMW00902,WBA00000000000902,2026-07-05 05:45:00,-25.0,133.66,-5.89,13.143789,6.991269,telemetry,OUT_OF_RANGE,Out-of-range value in: battery_level,OUT_OF_RANGE,2026-09-18T06:14:29.923892+00:00
BAD00004,UNKNOWN,BADVIN,not-a-date,999.0,-50.0,999.0,999.0,999.0,telemetry,INVALID_VIN|INVALID_DATE|OUT_OF_RANGE|REFERENTIAL_INTEGRITY,"Invalid or missing VIN | Invalid date in: timestamp | Out-of-range value in: battery_level, temperature, speed | Referential integrity violation",INVALID_VIN|INVALID_DATE|OUT_OF_RANGE|REFERENTIAL_INTEGRITY,2026-09-18T06:14:29.923892+00:00
BAD00073,UNKNOWN,BADVIN,not-a-date,999.0,-50.0,999.0,999.0,999.0,telemetry,INVALID_VIN|INVALID_DATE|OUT_OF_RANGE|REFERENTIAL_INTEGRITY,"Invalid or missing VIN | Invalid date in: timestamp | Out-of-range value in: battery_level, temperature, speed | Referential integrity violation",INVALID_VIN|INVALID_DATE|OUT_OF_RANGE|REFERENTIAL_INTEGRITY,2026-09-18T06:14:29.923892+00:00
EVT0003048,BMW00903,,2026-01-11 13:55:00,40.62,33.01,50.43,44.992601,-16.698376,telemetry,NULL_VALUE|INVALID_VIN,Null values in: vin | Invalid or missing VIN,NULL_VALUE|INVALID_VIN,2026-09-18T06:14:29.923892+00:00
EVT0009563,,WBA00000000000051,2026-02-03 04:50:00,36.39,77.07,41.15,53.913001,114.933851,telemetry,NULL_VALUE|REFERENTIAL_INTEGRITY,Null values in: vehicle_id | Referential integrity violation,NULL_VALUE|REFERENTIAL_INTEGRITY,2026-09-18T06:14:29.923892+00:00
EVT0052298,BMW00426,WBA00000000000426,2026-15-40 99:99:99,55.53,0.82,19.37,35.094789,-57.899109,telemetry,INVALID_DATE,Invalid date in: timestamp,INVALID_DATE,2026-09-18T06:14:29.923892+00:00
EVT0084040,BMW00779,INVALIDVIN,2026-10-19 19:15:00,89.73,75.71,42.71,45.265577,77.409626,telemetry,INVALID_VIN,Invalid or missing VIN,INVALID_VIN,2026-09-18T06:14:29.923892+00:00
EVT0090259,BMW00647,WBA00000000000647,2026-11-10 09:30:00,150.0,83.33,3.54,20.394705,-73.035516,telemetry,OUT_OF_RANGE,Out-of-range value in: battery_level,OUT_OF_RANGE,2026-09-18T06:14:29.923892+00:00
EVT0027986,BMW00550,INVALIDVIN,2026-04-08 04:05:00,40.56,53.64,0.87,48.103152,100.493733,telemetry,INVALID_VIN,Invalid or missing VIN,INVALID_VIN,2026-09-18T06:14:29.923892+00:00
EVT0078509,BMW00952,INVALIDVIN,2026-09-30 14:20:00,31.98,74.61,45.1,52.611106,16.477243,telemetry,INVALID_VIN,Invalid or missing VIN,INVALID_VIN,2026-09-18T06:14:29.923892+00:00
EVT0056341,BMW00114,,2026-07-15 15:00:00,65.79,138.11,38.05,50.212834,10.758821,telemetry,NULL_VALUE|INVALID_VIN,Null values in: vin | Invalid or missing VIN,NULL_VALUE|INVALID_VIN,2026-09-18T06:14:29.923892+00:00
EVT0080171,BMW00846,WBA00000000000846,2026-10-06 08:50:00,21.32,142.54,-80.0,50.882681,-110.389678,telemetry,OUT_OF_RANGE,Out-of-range value in: temperature,OUT_OF_RANGE,2026-09-18T06:14:29.923892+00:00
EVT0087531,BMWX00059,WBA00000000000037,2026-10-31 22:10:00,41.65,14.83,38.11,42.801228,29.614885,telemetry,REFERENTIAL_INTEGRITY,Referential integrity violation,REFERENTIAL_INTEGRITY,2026-09-18T06:14:29.923892+00:00
EVT0048588,BMW00380,WBA00000000000380,2026-06-18 16:55:00,57.6,71.63,10.92,51.031824,76.882727,telemetry,DUPLICATE_RECORD,Duplicate record detected,DUPLICATE_RECORD,2026-09-18T06:14:29.923892+00:00
EVT0059237,BMWX00187,WBA00000000000921,2026-07-25 16:20:00,52.97,52.92,19.16,49.225589,73.462516,telemetry,REFERENTIAL_INTEGRITY,Referential integrity violation,REFERENTIAL_INTEGRITY,2026-09-18T06:14:29.923892+00:00
EVT0036571,,WBA00000000000125,2026-05-07 23:30:00,71.39,150.02,34.78,40.80541,73.733487,telemetry,NULL_VALUE|REFERENTIAL_INTEGRITY,Null values in: vehicle_id | Referential integrity violation,NULL_VALUE|REFERENTIAL_INTEGRITY,2026-09-18T06:14:29.923892+00:00
EVT0010593,BMW00057,WBA00000000000057,2026-02-06 18:40:00,79.35,4.64,200.0,45.474198,28.975431,telemetry,OUT_OF_RANGE,Out-of-range value in: temperature,OUT_OF_RANGE,2026-09-18T06:14:29.923892+00:00
EVT0078661,BMW00746,WBA00000000000746,2026-10-01 03:00:00,28.6,71.93,150.0,48.647212,-82.754449,telemetry,OUT_OF_RANGE,Out-of-range value in: temperature,OUT_OF_RANGE,2026-09-18T06:14:29.923892+00:00
EVT0045523,,WBA00000000000209,2026-06-08 01:30:00,79.51,104.84,50.26,33.257511,-55.457017,telemetry,NULL_VALUE|REFERENTIAL_INTEGRITY,Null values in: vehicle_id | Referential integrity violation,NULL_VALUE|REFERENTIAL_INTEGRITY,2026-09-18T06:14:29.923892+00:00
EVT0057420,,WBA00000000000103,2026-07-19 08:55:00,98.88,60.66,-0.24,28.096895,142.282848,telemetry,NULL_VALUE|REFERENTIAL_INTEGRITY,Null values in: vehicle_id | Referential integrity violation,NULL_VALUE|REFERENTIAL_INTEGRITY,2026-09-18T06:14:29.923892+00:00
EVT0055801,BMW00961,WBA00000000000961,2026-15-40 99:99:99,41.72,81.96,32.49,32.789952,133.438546,telemetry,INVALID_DATE,Invalid date in: timestamp,INVALID_DATE,2026-09-18T06:14:29.923892+00:00
EVT0038421,BMW00941,WBA00000000000941,2026-05-14 09:40:00,22.88,154.54,150.0,20.07703,-101.636642,telemetry,OUT_OF_RANGE,Out-of-range value in: temperature,OUT_OF_RANGE,2026-09-18T06:14:29.923892+00:00
EVT0079724,BMW00447,WBA00000000000447,2026-10-04 19:35:00,81.39,15.09,,50.138335,89.814989,telemetry,NULL_VALUE|OUT_OF_RANGE,Null values in: temperature | Out-of-range value in: temperature,NULL_VALUE|OUT_OF_RANGE,2026-09-18T06:14:29.923892+00:00
EVT0005390,BMW00881,WBA00000000000881,2026-01-19 17:05:00,20.86,6.3,-100.0,10.791434,145.269814,telemetry,OUT_OF_RANGE,Out-of-range value in: temperature,OUT_OF_RANGE,2026-09-18T06:14:29.923892+00:00
EVT0025632,BMW00544,INVALIDVIN,2026-03-30 23:55:00,34.83,105.09,-8.09,13.852423,121.198883,telemetry,INVALID_VIN,Invalid or missing VIN,INVALID_VIN,2026-09-18T06:14:29.923892+00:00
EVT0047825,BMW00912,WBA00000000000912,2026-06-16 01:20:00,180.0,31.48,36.43,8.302107,137.706095,telemetry,OUT_OF_RANGE,Out-of-range value in: battery_level,OUT_OF_RANGE,2026-09-18T06:14:29.923892+00:00
EVT0018913,BMW00566,WBA00000000000566,2026-03-07 16:00:00,62.74,87.99,-80.0,37.308399,-30.588347,telemetry,OUT_OF_RANGE,Out-of-range value in: temperature,OUT_OF_RANGE,2026-09-18T06:14:29.923892+00:00
BAD00042,UNKNOWN,BADVIN,not-a-date,999.0,-50.0,999.0,999.0,999.0,telemetry,INVALID_VIN|INVALID_DATE|OUT_OF_RANGE|REFERENTIAL_INTEGRITY,"Invalid or missing VIN | Invalid date in: timestamp | Out-of-range value in: battery_level, temperature, speed | Referential integrity violation",INVALID_VIN|INVALID_DATE|OUT_OF_RANGE|REFERENTIAL_INTEGRITY,2026-09-18T06:14:29.923892+00:00
EVT0018986,BMW00858,INVALIDVIN,2026-03-07 22:05:00,95.4,48.69,-6.15,12.30861,64.842295,telemetry,INVALID_VIN,Invalid or missing VIN,INVALID_VIN,2026-09-18T06:14:29.923892+00:00
EVT0063280,BMW00084,WBA00000000000084,2026-08-08 17:15:00,84.63,66.14,,35.157277,136.04508,telemetry,NULL_VALUE|OUT_OF_RANGE,Null values in: temperature | Out-of-range value in: temperature,NULL_VALUE|OUT_OF_RANGE,2026-09-18T06:14:29.923892+00:00
EVT0019101,BMW00381,WBA00000000000381,2026-03-08 07:40:00,70.71,92.94,,18.792692,0.023926,telemetry,NULL_VALUE|OUT_OF_RANGE,Null values in: temperature | Out-of-range value in: temperature,NULL_VALUE|OUT_OF_RANGE,2026-09-18T06:14:29.923892+00:00
EVT0045071,BMW00529,WBA00000000000529,2026-06-06 11:50:00,,60.33,54.14,13.622312,-26.066759,telemetry,NULL_VALUE|OUT_OF_RANGE,Null values in: battery_level | Out-of-range value in: battery_level,NULL_VALUE|OUT_OF_RANGE,2026-09-18T06:14:29.923892+00:00
EVT0061652,BMW00113,WBA00000000000113,2026-08-03 01:35:00,180.0,95.83,51.31,27.397522,-1.417186,telemetry,OUT_OF_RANGE,Out-of-range value in: battery_level,OUT_OF_RANGE,2026-09-18T06:14:29.923892+00:00
EVT0079943,BMW00422,WBA00000000000422,2026-10-05 13:50:00,87.62,32.87,150.0,45.608308,102.81928,telemetry,OUT_OF_RANGE,Out-of-range value in: temperature,OUT_OF_RANGE,2026-09-18T06:14:29.923892+00:00
EVT0091780,BMW00467,WBA00000000000467,2026-11-15 16:15:00,180.0,7.58,45.22,44.832834,109.665298,telemetry,OUT_OF_RANGE,Out-of-range value in: battery_level,OUT_OF_RANGE,2026-09-18T06:14:29.923892+00:00
EVT0063793,BMW00300,WBA00000000000300,2026-08-10 12:00:00,46.04,48.58,20.71,46.407629,-97.281712,telemetry,DUPLICATE_RECORD,Duplicate record detected,DUPLICATE_RECORD,2026-09-18T06:14:29.923892+00:00
BAD00024,UNKNOWN,BADVIN,not-a-date,999.0,-50.0,999.0,999.0,999.0,telemetry,INVALID_VIN|INVALID_DATE|OUT_OF_RANGE|REFERENTIAL_INTEGRITY,"Invalid or missing VIN | Invalid date in: timestamp | Out-of-range value in: battery_level, temperature, speed | Referential integrity violation",INVALID_VIN|INVALID_DATE|OUT_OF_RANGE|REFERENTIAL_INTEGRITY,2026-09-18T06:14:29.923892+00:00
EVT0054219,BMW00876,,2026-07-08 06:10:00,19.05,93.9,3.14,51.337356,-22.088252,telemetry,NULL_VALUE|INVALID_VIN,Null values in: vin | Invalid or missing VIN,NULL_VALUE|INVALID_VIN,2026-09-18T06:14:29.923892+00:00
EVT0080422,BMW00409,WBA00000000000409,2026-10-07 05:45:00,23.22,23.14,-100.0,23.661662,-80.606723,telemetry,OUT_OF_RANGE,Out-of-range value in: temperature,OUT_OF_RANGE,2026-09-18T06:14:29.923892+00:00
EVT0075779,BMW00392,WBA00000000000392,2026-09-21 02:50:00,150.0,123.63,20.48,11.729681,29.664742,telemetry,OUT_OF_RANGE,Out-of-range value in: battery_level,OUT_OF_RANGE,2026-09-18T06:14:29.923892+00:00
BAD00076,UNKNOWN,BADVIN,not-a-date,999.0,-50.0,999.0,999.0,999.0,telemetry,INVALID_VIN|INVALID_DATE|OUT_OF_RANGE|REFERENTIAL_INTEGRITY,"Invalid or missing VIN | Invalid date in: timestamp | Out-of-range value in: battery_level, temperature, speed | Referential integrity violation",INVALID_VIN|INVALID_DATE|OUT_OF_RANGE|REFERENTIAL_INTEGRITY,2026-09-18T06:14:29.923892+00:00
EVT0051749,BMW00804,WBA00000000000804,2026-15-40 99:99:99,66.53,123.32,27.26,35.436104,144.934562,telemetry,INVALID_DATE,Invalid date in: timestamp,INVALID_DATE,2026-09-18T06:14:29.923892+00:00
EVT0086821,BMW00709,,2026-10-29 11:00:00,74.33,125.66,45.49,38.786853,21.03239,telemetry,NULL_VALUE|INVALID_VIN,Null values in: vin | Invalid or missing VIN,NULL_VALUE|INVALID_VIN,2026-09-18T06:14:29.923892+00:00
EVT0021863,BMW00828,,2026-03-17 21:50:00,20.6,146.24,1.47,36.467985,37.485258,telemetry,NULL_VALUE|INVALID_VIN,Null values in: vin | Invalid or missing VIN,NULL_VALUE|INVALID_VIN,2026-09-18T06:14:29.923892+00:00
EVT0005670,BMW00358,,2026-01-20 16:25:00,10.7,56.29,22.43,42.228148,49.374923,telemetry,NULL_VALUE|INVALID_VIN,Null values in: vin | Invalid or missing VIN,NULL_VALUE|INVALID_VIN,2026-09-18T06:14:29.923892+00:00
EVT0057183,BMW00787,INVALIDVIN,2026-07-18 13:10:00,98.07,102.1,47.01,27.739361,-18.116854,telemetry,INVALID_VIN,Invalid or missing VIN,INVALID_VIN,2026-09-18T06:14:29.923892+00:00
EVT0004605,BMW00433,WBA00000000000433,2026-15-40 99:99:99,71.09,152.44,21.96,16.394619,9.672654,telemetry,INVALID_DATE,Invalid date in: timestamp,INVALID_DATE,2026-09-18T06:14:29.923892+00:00
EVT0080051,BMW00211,WBA00000000000211,2026-10-05 22:50:00,,98.19,39.09,41.330734,28.576272,telemetry,NULL_VALUE|OUT_OF_RANGE,Null values in: battery_level | Out-of-range value in: battery_level,NULL_VALUE|OUT_OF_RANGE,2026-09-18T06:14:29.923892+00:00
EVT0000054,BMW00914,WBA00000000000914,2026-01-01 04:25:00,,133.72,7.82,40.370442,-111.082272,telemetry,NULL_VALUE|OUT_OF_RANGE,Null values in: battery_level | Out-of-range value in: battery_level,NULL_VALUE|OUT_OF_RANGE,2026-09-18T06:14:29.923892+00:00
EVT0067431,BMWX00173,WBA00000000000070,2026-08-23 03:10:00,36.33,24.93,38.61,27.386172,-112.814426,telemetry,REFERENTIAL_INTEGRITY,Referential integrity violation,REFERENTIAL_INTEGRITY,2026-09-18T06:14:29.923892+00:00
EVT0000495,BMW00775,WBA00000000000775,2026-15-40 99:99:99,62.97,132.83,16.7,50.335638,141.569396,telemetry,INVALID_DATE,Invalid date in: timestamp,INVALID_DATE,2026-09-18T06:14:29.923892+00:00
EVT0023081,BMW00112,WBA00000000000112,2026-03-22 03:20:00,16.11,103.68,-80.0,18.449124,103.571617,telemetry,OUT_OF_RANGE,Out-of-range value in: temperature,OUT_OF_RANGE,2026-09-18T06:14:29.923892+00:00
EVT0034136,BMWX00030,WBA00000000000173,2026-04-29 12:35:00,18.65,147.49,8.06,27.741285,117.541164,telemetry,REFERENTIAL_INTEGRITY,Referential integrity violation,REFERENTIAL_INTEGRITY,2026-09-18T06:14:29.923892+00:00
EVT0077253,BMW00911,WBA00000000000911,2026-09-26 05:40:00,29.65,105.91,150.0,44.852703,-72.728054,telemetry,OUT_OF_RANGE,Out-of-range value in: temperature,OUT_OF_RANGE,2026-09-18T06:14:29.923892+00:00
EVT0058834,BMW00315,WBA00000000000315,2026-07-24 06:45:00,20.15,67.79,,33.622795,77.962515,telemetry,NULL_VALUE|OUT_OF_RANGE,Null values in: temperature | Out-of-range value in: temperature,NULL_VALUE|OUT_OF_RANGE,2026-09-18T06:14:29.923892+00:00
EVT0007859,BMW00928,WBA00000000000928,2026-01-28 06:50:00,99.6,64.88,50.7,29.979576,133.597892,telemetry,DUPLICATE_RECORD,Duplicate record detected,DUPLICATE_RECORD,2026-09-18T06:14:29.923892+00:00
EVT0031477,,WBA00000000000873,2026-04-20 07:00:00,32.48,75.72,28.73,33.8009,-12.61791,telemetry,NULL_VALUE|REFERENTIAL_INTEGRITY,Null values in: vehicle_id | Referential integrity violation,NULL_VALUE|REFERENTIAL_INTEGRITY,2026-09-18T06:14:29.923892+00:00
BAD00028,UNKNOWN,BADVIN,not-a-date,999.0,-50.0,999.0,999.0,999.0,telemetry,INVALID_VIN|INVALID_DATE|OUT_OF_RANGE|REFERENTIAL_INTEGRITY,"Invalid or missing VIN | Invalid date in: timestamp | Out-of-range value in: battery_level, temperature, speed | Referential integrity violation",INVALID_VIN|INVALID_DATE|OUT_OF_RANGE|REFERENTIAL_INTEGRITY,2026-09-18T06:14:29.923892+00:00
BAD00012,UNKNOWN,BADVIN,not-a-date,999.0,-50.0,999.0,999.0,999.0,telemetry,INVALID_VIN|INVALID_DATE|OUT_OF_RANGE|REFERENTIAL_INTEGRITY,"Invalid or missing VIN | Invalid date in: timestamp | Out-of-range value in: battery_level, temperature, speed | Referential integrity violation",INVALID_VIN|INVALID_DATE|OUT_OF_RANGE|REFERENTIAL_INTEGRITY,2026-09-18T06:14:29.923892+00:00
EVT0064771,BMW00072,INVALIDVIN,2026-08-13 21:30:00,84.56,41.59,3.95,30.460768,-48.546655,telemetry,INVALID_VIN,Invalid or missing VIN,INVALID_VIN,2026-09-18T06:14:29.923892+00:00
EVT0090780,BMW00563,WBA00000000000563,2026-11-12 04:55:00,93.44,52.75,200.0,25.305709,-74.534742,telemetry,OUT_OF_RANGE,Out-of-range value in: temperature,OUT_OF_RANGE,2026-09-18T06:14:29.923892+00:00
EVT0075870,,WBA00000000000453,2026-09-21 10:25:00,68.75,93.34,50.0,48.637707,-105.318484,telemetry,NULL_VALUE|REFERENTIAL_INTEGRITY,Null values in: vehicle_id | Referential integrity violation,NULL_VALUE|REFERENTIAL_INTEGRITY,2026-09-18T06:14:29.923892+00:00
EVT0040018,BMWX00182,WBA00000000000740,2026-05-19 22:45:00,74.09,51.42,4.78,19.989447,147.603368,telemetry,REFERENTIAL_INTEGRITY,Referential integrity violation,REFERENTIAL_INTEGRITY,2026-09-18T06:14:29.923892+00:00
EVT0038698,BMW00228,WBA00000000000228,2026-05-15 08:45:00,30.75,47.34,,53.983716,107.268825,telemetry,NULL_VALUE|OUT_OF_RANGE,Null values in: temperature | Out-of-range value in: temperature,NULL_VALUE|OUT_OF_RANGE,2026-09-18T06:14:29.923892+00:00
EVT0039659,BMW00361,WBA00000000000361,2026-05-18 16:50:00,30.14,70.64,,25.825538,-48.259571,telemetry,NULL_VALUE|OUT_OF_RANGE,Null values in: temperature | Out-of-range value in: temperature,NULL_VALUE|OUT_OF_RANGE,2026-09-18T06:14:29.923892+00:00
BAD00097,UNKNOWN,BADVIN,not-a-date,999.0,-50.0,999.0,999.0,999.0,telemetry,INVALID_VIN|INVALID_DATE|OUT_OF_RANGE|REFERENTIAL_INTEGRITY,"Invalid or missing VIN | Invalid date in: timestamp | Out-of-range value in: battery_level, temperature, speed | Referential integrity violation",INVALID_VIN|INVALID_DATE|OUT_OF_RANGE|REFERENTIAL_INTEGRITY,2026-09-18T06:14:29.923892+00:00
EVT0064381,,WBA00000000000774,2026-08-12 13:00:00,30.23,151.2,-0.9,30.071831,123.283389,telemetry,NULL_VALUE|REFERENTIAL_INTEGRITY,Null values in: vehicle_id | Referential integrity violation,NULL_VALUE|REFERENTIAL_INTEGRITY,2026-09-18T06:14:29.923892+00:00
EVT0020205,BMW00148,WBA00000000000148,2026-15-40 99:99:99,82.25,85.1,39.39,15.74932,-114.948816,telemetry,INVALID_DATE,Invalid date in: timestamp,INVALID_DATE,2026-09-18T06:14:29.923892+00:00
EVT0052986,,WBA00000000000455,2026-07-03 23:25:00,18.96,157.8,24.82,31.528331,-74.873994,telemetry,NULL_VALUE|REFERENTIAL_INTEGRITY,Null values in: vehicle_id | Referential integrity violation,NULL_VALUE|REFERENTIAL_INTEGRITY,2026-09-18T06:14:29.923892+00:00
EVT0006692,BMW00890,WBA00000000000890,2026-01-24 05:35:00,,88.37,38.54,36.959801,17.492494,telemetry,NULL_VALUE|OUT_OF_RANGE,Null values in: battery_level | Out-of-range value in: battery_level,NULL_VALUE|OUT_OF_RANGE,2026-09-18T06:14:29.923892+00:00
EVT0029562,BMW00058,,2026-04-13 15:25:00,58.74,150.91,49.5,15.540508,72.539254,telemetry,NULL_VALUE|INVALID_VIN,Null values in: vin | Invalid or missing VIN,NULL_VALUE|INVALID_VIN,2026-09-18T06:14:29.923892+00:00
EVT0036349,,WBA00000000000599,2026-05-07 05:00:00,61.96,68.31,20.27,43.008485,-49.772385,telemetry,NULL_VALUE|REFERENTIAL_INTEGRITY,Null values in: vehicle_id | Referential integrity violation,NULL_VALUE|REFERENTIAL_INTEGRITY,2026-09-18T06:14:29.923892+00:00
EVT0086285,BMW00185,WBA00000000000185,2026-10-27 14:20:00,28.71,96.02,200.0,44.005614,5.299706,telemetry,OUT_OF_RANGE,Out-of-range value in: temperature,OUT_OF_RANGE,2026-09-18T06:14:29.923892+00:00
EVT0045466,BMW00557,WBA00000000000557,2026-06-07 20:45:00,28.07,135.8,3.45,9.356462,16.590787,telemetry,DUPLICATE_RECORD,Duplicate record detected,DUPLICATE_RECORD,2026-09-18T06:14:29.923892+00:00
EVT0035719,BMW00728,WBA00000000000728,2026-05-05 00:30:00,63.88,75.37,-4.94,36.825601,69.818073,telemetry,DUPLICATE_RECORD,Duplicate record detected,DUPLICATE_RECORD,2026-09-18T06:14:29.923892+00:00
EVT0048476,BMW00818,,2026-06-18 07:35:00,74.51,112.93,-9.34,43.243127,-113.534425,telemetry,NULL_VALUE|INVALID_VIN,Null values in: vin | Invalid or missing VIN,NULL_VALUE|INVALID_VIN,2026-09-18T06:14:29.923892+00:00
EVT0052783,BMW00715,INVALIDVIN,2026-07-03 06:30:00,12.09,126.16,-8.9,39.664341,-25.408917,telemetry,INVALID_VIN,Invalid or missing VIN,INVALID_VIN,2026-09-18T06:14:29.923892+00:00
EVT0040469,,WBA00000000000482,2026-05-21 12:20:00,90.42,114.0,52.92,22.105228,-100.115531,telemetry,NULL_VALUE|REFERENTIAL_INTEGRITY,Null values in: vehicle_id | Referential integrity violation,NULL_VALUE|REFERENTIAL_INTEGRITY,2026-09-18T06:14:29.923892+00:00
EVT0016435,BMW00639,WBA00000000000639,2026-02-27 01:30:00,180.0,146.54,23.84,51.760039,123.345502,telemetry,OUT_OF_RANGE,Out-of-range value in: battery_level,OUT_OF_RANGE,2026-09-18T06:14:29.923892+00:00
EVT0089920,BMW00927,,2026-11-09 05:15:00,36.49,140.1,7.31,37.835478,125.81532,telemetry,NULL_VALUE|INVALID_VIN,Null values in: vin | Invalid or missing VIN,NULL_VALUE|INVALID_VIN,2026-09-18T06:14:29.923892+00:00
EVT0033880,BMW00215,WBA00000000000215,2026-04-28 15:15:00,88.83,88.72,26.62,41.302436,-54.744272,telemetry,DUPLICATE_RECORD,Duplicate record detected,DUPLICATE_RECORD,2026-09-18T06:14:29.923892+00:00
EVT0054658,BMW00722,INVALIDVIN,2026-07-09 18:45:00,44.08,130.95,-9.45,50.090558,-38.180015,telemetry,INVALID_VIN,Invalid or missing VIN,INVALID_VIN,2026-09-18T06:14:29.923892+00:00
EVT0042570,BMW00597,WBA00000000000597,2026-05-28 19:25:00,-10.0,154.64,6.25,47.116483,89.116151,telemetry,OUT_OF_RANGE,Out-of-range value in: battery_level,OUT_OF_RANGE,2026-09-18T06:14:29.923892+00:00
EVT0025171,BMW00345,WBA00000000000345,2026-03-29 09:30:00,-10.0,79.74,24.98,45.842639,63.621405,telemetry,OUT_OF_RANGE,Out-of-range value in: battery_level,OUT_OF_RANGE,2026-09-18T06:14:29.923892+00:00
EVT0062827,BMW00213,WBA00000000000213,2026-08-07 03:30:00,180.0,143.84,25.31,37.35429,46.640223,telemetry,OUT_OF_RANGE,Out-of-range value in: battery_level,OUT_OF_RANGE,2026-09-18T06:14:29.923892+00:00
EVT0017962,,WBA00000000000624,2026-03-04 08:45:00,74.61,36.16,-9.87,42.182271,59.577895,telemetry,NULL_VALUE|REFERENTIAL_INTEGRITY,Null values in: vehicle_id | Referential integrity violation,NULL_VALUE|REFERENTIAL_INTEGRITY,2026-09-18T06:14:29.923892+00:00
EVT0061860,BMW00121,WBA00000000000121,2026-15-40 99:99:99,87.04,133.41,19.67,38.040676,-114.078267,telemetry,INVALID_DATE,Invalid date in: timestamp,INVALID_DATE,2026-09-18T06:14:29.923892+00:00
EVT0074042,BMW00482,WBA00000000000482,2026-09-15 02:05:00,-25.0,48.81,28.69,38.463745,74.575321,telemetry,OUT_OF_RANGE,Out-of-range value in: battery_level,OUT_OF_RANGE,2026-09-18T06:14:29.923892+00:00
EVT0034778,BMW00290,INVALIDVIN,2026-05-01 18:05:00,90.01,134.52,35.48,16.473937,123.41012,telemetry,INVALID_VIN,Invalid or missing VIN,INVALID_VIN,2026-09-18T06:14:29.923892+00:00
EVT0013536,,WBA00000000000853,2026-02-16 23:55:00,58.1,137.89,9.09,14.127468,-115.205927,telemetry,NULL_VALUE|REFERENTIAL_INTEGRITY,Null values in: vehicle_id | Referential integrity violation,NULL_VALUE|REFERENTIAL_INTEGRITY,2026-09-18T06:14:29.923892+00:00
EVT0053742,BMW00628,,2026-07-06 14:25:00,82.91,48.17,12.05,20.682267,-57.168265,telemetry,NULL_VALUE|INVALID_VIN,Null values in: vin | Invalid or missing VIN,NULL_VALUE|INVALID_VIN,2026-09-18T06:14:29.923892+00:00
EVT0044247,BMW00668,INVALIDVIN,2026-06-03 15:10:00,64.02,87.96,19.5,47.233294,28.461866,telemetry,INVALID_VIN,Invalid or missing VIN,INVALID_VIN,2026-09-18T06:14:29.923892+00:00
EVT0041083,BMW00435,WBA00000000000435,2026-05-23 15:30:00,,131.94,24.37,21.376318,20.557397,telemetry,NULL_VALUE|OUT_OF_RANGE,Null values in: battery_level | Out-of-range value in: battery_level,NULL_VALUE|OUT_OF_RANGE,2026-09-18T06:14:29.923892+00:00
EVT0069366,BMW00323,WBA00000000000323,2026-08-29 20:25:00,180.0,123.16,18.42,8.997285,-39.005845,telemetry,OUT_OF_RANGE,Out-of-range value in: battery_level,OUT_OF_RANGE,2026-09-18T06:14:29.923892+00:00
EVT0063686,BMW00312,,2026-08-10 03:05:00,66.89,75.76,35.86,42.052419,87.041092,telemetry,NULL_VALUE|INVALID_VIN,Null values in: vin | Invalid or missing VIN,NULL_VALUE|INVALID_VIN,2026-09-18T06:14:29.923892+00:00
EVT0061462,BMW00178,WBA00000000000178,2026-08-02 09:45:00,60.66,46.04,,42.370491,123.332437,telemetry,NULL_VALUE|OUT_OF_RANGE,Null values in: temperature | Out-of-range value in: temperature,NULL_VALUE|OUT_OF_RANGE,2026-09-18T06:14:29.923892+00:00
EVT0095776,BMW00154,WBA00000000000154,2026-15-40 99:99:99,49.24,77.84,49.96,36.744812,-27.459012,telemetry,INVALID_DATE,Invalid date in: timestamp,INVALID_DATE,2026-09-18T06:14:29.923892+00:00
EVT0063442,BMW00972,WBA00000000000972,2026-08-09 06:45:00,,6.24,7.93,12.207189,-34.261242,telemetry,NULL_VALUE|OUT_OF_RANGE,Null values in: battery_level | Out-of-range value in: battery_level,NULL_VALUE|OUT_OF_RANGE,2026-09-18T06:14:29.923892+00:00
EVT0043898,BMW00808,WBA00000000000808,2026-06-02 10:05:00,180.0,154.61,7.11,43.498398,91.683313,telemetry,OUT_OF_RANGE,Out-of-range value in: battery_level,OUT_OF_RANGE,2026-09-18T06:14:29.923892+00:00
EVT0000271,BMW00185,WBA00000000000185,2026-01-01 22:30:00,50.72,152.69,34.42,38.65009,33.749291,telemetry,DUPLICATE_RECORD,Duplicate record detected,DUPLICATE_RECORD,2026-09-18T06:14:29.923892+00:00
EVT0089405,BMW00280,WBA00000000000280,2026-11-07 10:20:00,64.09,35.16,-9.85,37.046985,-68.394193,telemetry,DUPLICATE_RECORD,Duplicate record detected,DUPLICATE_RECORD,2026-09-18T06:14:29.923892+00:00
EVT0017934,BMW00433,WBA00000000000433,2026-03-04 06:25:00,59.52,84.16,44.86,16.548914,-19.762981,telemetry,DUPLICATE_RECORD,Duplicate record detected,DUPLICATE_RECORD,2026-09-18T06:14:29.923892+00:00
EVT0053374,BMW00447,WBA00000000000447,2026-15-40 99:99:99,64.66,11.93,15.7,8.435927,80.637828,telemetry,INVALID_DATE,Invalid date in: timestamp,INVALID_DATE,2026-09-18T06:14:29.923892+00:00
EVT0055633,BMW00051,WBA00000000000051,2026-07-13 04:00:00,,106.64,17.0,30.211349,130.000579,telemetry,NULL_VALUE|OUT_OF_RANGE,Null values in: battery_level | Out-of-range value in: battery_level,NULL_VALUE|OUT_OF_RANGE,2026-09-18T06:14:29.923892+00:00
EVT0024379,BMW00163,WBA00000000000163,2026-03-26 15:30:00,26.23,110.75,-1.49,8.680385,40.420549,telemetry,DUPLICATE_RECORD,Duplicate record detected,DUPLICATE_RECORD,2026-09-18T06:14:29.923892+00:00
EVT0085243,BMW00566,WBA00000000000566,2026-10-23 23:30:00,77.76,18.28,-80.0,11.021544,-93.167079,telemetry,OUT_OF_RANGE,Out-of-range value in: temperature,OUT_OF_RANGE,2026-09-18T06:14:29.923892+00:00
EVT0018573,BMWX00099,WBA00000000000019,2026-03-06 11:40:00,64.36,114.11,-1.68,8.218916,119.232593,telemetry,REFERENTIAL_INTEGRITY,Referential integrity violation,REFERENTIAL_INTEGRITY,2026-09-18T06:14:29.923892+00:00
EVT0063250,BMW00682,,2026-08-08 14:45:00,15.2,151.12,46.7,11.744368,59.282006,telemetry,NULL_VALUE|INVALID_VIN,Null values in: vin | Invalid or missing VIN,NULL_VALUE|INVALID_VIN,2026-09-18T06:14:29.923892+00:00
EVT0008029,BMW00205,WBA00000000000205,2026-01-28 21:00:00,81.89,60.29,49.97,26.83984,-62.712599,telemetry,DUPLICATE_RECORD,Duplicate record detected,DUPLICATE_RECORD,2026-09-18T06:14:29.923892+00:00
EVT0090483,BMW00901,,2026-11-11 04:10:00,38.43,47.69,29.58,50.87071,-41.175835,telemetry,NULL_VALUE|INVALID_VIN,Null values in: vin | Invalid or missing VIN,NULL_VALUE|INVALID_VIN,2026-09-18T06:14:29.923892+00:00
EVT0087644,BMW00471,WBA00000000000471,2026-11-01 07:35:00,150.0,20.07,52.83,52.544724,-40.139377,telemetry,OUT_OF_RANGE,Out-of-range value in: battery_level,OUT_OF_RANGE,2026-09-18T06:14:29.923892+00:00
EVT0053068,BMW00456,WBA00000000000456,2026-07-04 06:15:00,41.42,36.68,1.14,38.724831,-38.505267,telemetry,DUPLICATE_RECORD,Duplicate record detected,DUPLICATE_RECORD,2026-09-18T06:14:29.923892+00:00
EVT0035641,BMW00859,WBA00000000000859,2026-05-04 18:00:00,95.77,63.3,25.72,12.210071,-70.199155,telemetry,DUPLICATE_RECORD,Duplicate record detected,DUPLICATE_RECORD,2026-09-18T06:14:29.923892+00:00
EVT0002189,BMW00262,WBA00000000000262,2026-01-08 14:20:00,,22.74,26.57,36.180864,91.121132,telemetry,NULL_VALUE|OUT_OF_RANGE,Null values in: battery_level | Out-of-range value in: battery_level,NULL_VALUE|OUT_OF_RANGE,2026-09-18T06:14:29.923892+00:00
EVT0074408,BMW00759,INVALIDVIN,2026-09-16 08:35:00,30.2,12.11,19.47,45.577297,-70.991893,telemetry,INVALID_VIN,Invalid or missing VIN,INVALID_VIN,2026-09-18T06:14:29.923892+00:00
EVT0004732,BMW00116,WBA00000000000116,2026-01-17 10:15:00,-10.0,101.38,28.39,38.201848,-100.563852,telemetry,OUT_OF_RANGE,Out-of-range value in: battery_level,OUT_OF_RANGE,2026-09-18T06:14:29.923892+00:00
BAD00003,UNKNOWN,BADVIN,not-a-date,999.0,-50.0,999.0,999.0,999.0,telemetry,INVALID_VIN|INVALID_DATE|OUT_OF_RANGE|REFERENTIAL_INTEGRITY,"Invalid or missing VIN | Invalid date in: timestamp | Out-of-range value in: battery_level, temperature, speed | Referential integrity violation",INVALID_VIN|INVALID_DATE|OUT_OF_RANGE|REFERENTIAL_INTEGRITY,2026-09-18T06:14:29.923892+00:00
EVT0086802,BMW00365,WBA00000000000365,2026-10-29 09:25:00,13.5,14.2,33.46,46.264982,-7.102615,telemetry,DUPLICATE_RECORD,Duplicate record detected,DUPLICATE_RECORD,2026-09-18T06:14:29.923892+00:00
EVT0001671,,WBA00000000000188,2026-01-06 19:10:00,19.29,84.77,-8.83,10.174294,66.806343,telemetry,NULL_VALUE|REFERENTIAL_INTEGRITY,Null values in: vehicle_id | Referential integrity violation,NULL_VALUE|REFERENTIAL_INTEGRITY,2026-09-18T06:14:29.923892+00:00
EVT0024889,,WBA00000000000253,2026-03-28 10:00:00,22.98,23.97,35.16,8.48173,-77.832004,telemetry,NULL_VALUE|REFERENTIAL_INTEGRITY,Null values in: vehicle_id | Referential integrity violation,NULL_VALUE|REFERENTIAL_INTEGRITY,2026-09-18T06:14:29.923892+00:00
EVT0076815,BMW00072,WBA00000000000072,2026-09-24 17:10:00,61.83,154.89,,12.979683,-99.440869,telemetry,NULL_VALUE|OUT_OF_RANGE,Null values in: temperature | Out-of-range value in: temperature,NULL_VALUE|OUT_OF_RANGE,2026-09-18T06:14:29.923892+00:00
EVT0006739,BMW00216,INVALIDVIN,2026-01-24 09:30:00,64.19,153.1,41.12,22.948581,-43.115142,telemetry,INVALID_VIN,Invalid or missing VIN,INVALID_VIN,2026-09-18T06:14:29.923892+00:00
EVT0092638,BMW00608,WBA00000000000608,2026-11-18 15:45:00,23.28,91.04,,19.687447,121.331131,telemetry,NULL_VALUE|OUT_OF_RANGE,Null values in: temperature | Out-of-range value in: temperature,NULL_VALUE|OUT_OF_RANGE,2026-09-18T06:14:29.923892+00:00
EVT0064280,BMW00762,WBA00000000000762,2026-15-40 99:99:99,39.18,137.27,4.68,27.413298,81.309353,telemetry,INVALID_DATE,Invalid date in: timestamp,INVALID_DATE,2026-09-18T06:14:29.923892+00:00
EVT0021843,BMW00800,WBA00000000000800,2026-03-17 20:10:00,51.94,25.74,,28.424731,112.032822,telemetry,NULL_VALUE|OUT_OF_RANGE,Null values in: temperature | Out-of-range value in: temperature,NULL_VALUE|OUT_OF_RANGE,2026-09-18T06:14:29.923892+00:00
EVT0097801,BMWX00089,WBA00000000000877,2026-12-06 14:00:00,98.61,68.05,25.34,32.834286,33.713041,telemetry,REFERENTIAL_INTEGRITY,Referential integrity violation,REFERENTIAL_INTEGRITY,2026-09-18T06:14:29.923892+00:00
EVT0067648,BMW00763,WBA00000000000763,2026-08-23 21:15:00,150.0,122.82,47.83,19.837453,83.042288,telemetry,OUT_OF_RANGE,Out-of-range value in: battery_level,OUT_OF_RANGE,2026-09-18T06:14:29.923892+00:00
EVT0024097,BMW00290,WBA00000000000290,2026-03-25 16:00:00,82.86,72.76,,23.254949,-84.826447,telemetry,NULL_VALUE|OUT_OF_RANGE,Null values in: temperature | Out-of-range value in: temperature,NULL_VALUE|OUT_OF_RANGE,2026-09-18T06:14:29.923892+00:00
EVT0092277,BMW00534,WBA00000000000534,2026-11-17 09:40:00,95.44,120.55,,42.127843,149.533035,telemetry,NULL_VALUE|OUT_OF_RANGE,Null values in: temperature | Out-of-range value in: temperature,NULL_VALUE|OUT_OF_RANGE,2026-09-18T06:14:29.923892+00:00
EVT0093109,BMW00251,WBA00000000000251,2026-15-40 99:99:99,46.79,102.19,-3.27,8.064607,116.105155,telemetry,INVALID_DATE,Invalid date in: timestamp,INVALID_DATE,2026-09-18T06:14:29.923892+00:00
EVT0096534,,WBA00000000000734,2026-12-02 04:25:00,96.5,54.2,48.38,45.230239,98.049898,telemetry,NULL_VALUE|REFERENTIAL_INTEGRITY,Null values in: vehicle_id | Referential integrity violation,NULL_VALUE|REFERENTIAL_INTEGRITY,2026-09-18T06:14:29.923892+00:00
EVT0034894,BMW00673,WBA00000000000673,2026-05-02 03:45:00,20.69,28.67,,9.78608,76.237964,telemetry,NULL_VALUE|OUT_OF_RANGE,Null values in: temperature | Out-of-range value in: temperature,NULL_VALUE|OUT_OF_RANGE,2026-09-18T06:14:29.923892+00:00
EVT0054061,BMW00934,INVALIDVIN,2026-07-07 17:00:00,39.81,152.5,-8.92,41.384964,123.769277,telemetry,INVALID_VIN,Invalid or missing VIN,INVALID_VIN,2026-09-18T06:14:29.923892+00:00
EVT0017034,BMW00517,INVALIDVIN,2026-03-01 03:25:00,29.99,4.05,12.6,28.11351,48.834514,telemetry,INVALID_VIN,Invalid or missing VIN,INVALID_VIN,2026-09-18T06:14:29.923892+00:00
EVT0029614,BMWX00170,WBA00000000000318,2026-04-13 19:45:00,86.51,37.59,45.01,12.870841,34.716822,telemetry,REFERENTIAL_INTEGRITY,Referential integrity violation,REFERENTIAL_INTEGRITY,2026-09-18T06:14:29.923892+00:00
BAD00087,UNKNOWN,BADVIN,not-a-date,999.0,-50.0,999.0,999.0,999.0,telemetry,INVALID_VIN|INVALID_DATE|OUT_OF_RANGE|REFERENTIAL_INTEGRITY,"Invalid or missing VIN | Invalid date in: timestamp | Out-of-range value in: battery_level, temperature, speed | Referential integrity violation",INVALID_VIN|INVALID_DATE|OUT_OF_RANGE|REFERENTIAL_INTEGRITY,2026-09-18T06:14:29.923892+00:00
EVT0074751,BMW00793,,2026-09-17 13:10:00,37.92,100.36,38.91,18.508634,140.032587,telemetry,NULL_VALUE|INVALID_VIN,Null values in: vin | Invalid or missing VIN,NULL_VALUE|INVALID_VIN,2026-09-18T06:14:29.923892+00:00
EVT0092626,BMW00038,WBA00000000000038,2026-11-18 14:45:00,,56.56,17.29,11.990783,123.11489,telemetry,NULL_VALUE|OUT_OF_RANGE,Null values in: battery_level | Out-of-range value in: battery_level,NULL_VALUE|OUT_OF_RANGE,2026-09-18T06:14:29.923892+00:00
EVT0012692,,WBA00000000000597,2026-02-14 01:35:00,20.0,78.15,53.64,8.841879,19.723872,telemetry,NULL_VALUE|REFERENTIAL_INTEGRITY,Null values in: vehicle_id | Referential integrity violation,NULL_VALUE|REFERENTIAL_INTEGRITY,2026-09-18T06:14:29.923892+00:00
EVT0036906,BMW00956,WBA00000000000956,2026-05-09 03:25:00,69.4,151.7,13.08,31.443651,-13.645824,telemetry,DUPLICATE_RECORD,Duplicate record detected,DUPLICATE_RECORD,2026-09-18T06:14:29.923892+00:00
EVT0040235,BMW00629,WBA00000000000629,2026-15-40 99:99:99,90.8,141.89,-6.31,32.585701,14.832047,telemetry,INVALID_DATE,Invalid date in: timestamp,INVALID_DATE,2026-09-18T06:14:29.923892+00:00
EVT0056071,BMW00472,INVALIDVIN,2026-07-14 16:30:00,14.49,137.26,30.7,17.963613,-100.271758,telemetry,INVALID_VIN,Invalid or missing VIN,INVALID_VIN,2026-09-18T06:14:29.923892+00:00
EVT0088597,BMW00001,,2026-11-04 15:00:00,48.39,23.13,8.26,44.437987,33.371223,telemetry,NULL_VALUE|INVALID_VIN,Null values in: vin | Invalid or missing VIN,NULL_VALUE|INVALID_VIN,2026-09-18T06:14:29.923892+00:00
EVT0006538,BMW00352,WBA00000000000352,2026-01-23 16:45:00,-10.0,143.33,-9.47,30.057367,-116.043278,telemetry,OUT_OF_RANGE,Out-of-range value in: battery_level,OUT_OF_RANGE,2026-09-18T06:14:29.923892+00:00
EVT0078716,BMW00599,WBA00000000000599,2026-10-01 07:35:00,62.09,52.1,,20.120949,96.140764,telemetry,NULL_VALUE|OUT_OF_RANGE,Null values in: temperature | Out-of-range value in: temperature,NULL_VALUE|OUT_OF_RANGE,2026-09-18T06:14:29.923892+00:00
EVT0002334,BMW00212,WBA00000000000212,2026-01-09 02:25:00,67.04,140.83,-100.0,45.126389,47.095116,telemetry,OUT_OF_RANGE,Out-of-range value in: temperature,OUT_OF_RANGE,2026-09-18T06:14:29.923892+00:00
EVT0072149,BMW00219,WBA00000000000219,2026-09-08 12:20:00,150.0,119.19,54.94,17.840482,-85.487554,telemetry,OUT_OF_RANGE,Out-of-range value in: battery_level,OUT_OF_RANGE,2026-09-18T06:14:29.923892+00:00
EVT0040620,,WBA00000000000484,2026-05-22 00:55:00,92.84,131.23,28.45,25.49435,-109.863062,telemetry,NULL_VALUE|REFERENTIAL_INTEGRITY,Null values in: vehicle_id | Referential integrity violation,NULL_VALUE|REFERENTIAL_INTEGRITY,2026-09-18T06:14:29.923892+00:00
EVT0071370,BMW00215,WBA00000000000215,2026-15-40 99:99:99,58.55,65.95,17.49,37.070873,18.679252,telemetry,INVALID_DATE,Invalid date in: timestamp,INVALID_DATE,2026-09-18T06:14:29.923892+00:00
EVT0015952,BMW00067,WBA00000000000067,2026-02-25 09:15:00,68.76,141.33,,22.354307,-52.939482,telemetry,NULL_VALUE|OUT_OF_RANGE,Null values in: temperature | Out-of-range value in: temperature,NULL_VALUE|OUT_OF_RANGE,2026-09-18T06:14:29.923892+00:00
EVT0063559,BMW00658,WBA00000000000658,2026-08-09 16:30:00,95.22,133.7,-100.0,13.909144,-53.741641,telemetry,OUT_OF_RANGE,Out-of-range value in: temperature,OUT_OF_RANGE,2026-09-18T06:14:29.923892+00:00
EVT0024676,BMW00329,WBA00000000000329,2026-03-27 16:15:00,,27.25,24.16,50.026991,13.786004,telemetry,NULL_VALUE|OUT_OF_RANGE,Null values in: battery_level | Out-of-range value in: battery_level,NULL_VALUE|OUT_OF_RANGE,2026-09-18T06:14:29.923892+00:00
EVT0000582,BMW00836,,2026-01-03 00:25:00,72.6,54.65,-2.4,53.340281,-67.325785,telemetry,NULL_VALUE|INVALID_VIN,Null values in: vin | Invalid or missing VIN,NULL_VALUE|INVALID_VIN,2026-09-18T06:14:29.923892+00:00
BAD00064,UNKNOWN,BADVIN,not-a-date,999.0,-50.0,999.0,999.0,999.0,telemetry,INVALID_VIN|INVALID_DATE|OUT_OF_RANGE|REFERENTIAL_INTEGRITY,"Invalid or missing VIN | Invalid date in: timestamp | Out-of-range value in: battery_level, temperature, speed | Referential integrity violation",INVALID_VIN|INVALID_DATE|OUT_OF_RANGE|REFERENTIAL_INTEGRITY,2026-09-18T06:14:29.923892+00:00
EVT0014312,,WBA00000000000820,2026-02-19 16:35:00,31.14,109.99,13.67,9.303099,82.044625,telemetry,NULL_VALUE|REFERENTIAL_INTEGRITY,Null values in: vehicle_id | Referential integrity violation,NULL_VALUE|REFERENTIAL_INTEGRITY,2026-09-18T06:14:29.923892+00:00
EVT0071077,BMW00188,WBA00000000000188,2026-09-04 19:00:00,,60.83,18.81,32.513449,-14.688518,telemetry,NULL_VALUE|OUT_OF_RANGE,Null values in: battery_level | Out-of-range value in: battery_level,NULL_VALUE|OUT_OF_RANGE,2026-09-18T06:14:29.923892+00:00
EVT0064870,BMW00303,WBA00000000000303,2026-08-14 05:45:00,,108.33,36.78,41.031147,148.928535,telemetry,NULL_VALUE|OUT_OF_RANGE,Null values in: battery_level | Out-of-range value in: battery_level,NULL_VALUE|OUT_OF_RANGE,2026-09-18T06:14:29.923892+00:00
EVT0001984,BMW00003,WBA00000000000003,2026-01-07 21:15:00,10.34,24.39,200.0,9.634451,82.270457,telemetry,OUT_OF_RANGE,Out-of-range value in: temperature,OUT_OF_RANGE,2026-09-18T06:14:29.923892+00:00
EVT0005112,BMW00275,WBA00000000000275,2026-01-18 17:55:00,,39.25,9.58,26.097369,-7.128753,telemetry,NULL_VALUE|OUT_OF_RANGE,Null values in: battery_level | Out-of-range value in: battery_level,NULL_VALUE|OUT_OF_RANGE,2026-09-18T06:14:29.923892+00:00
EVT0006076,BMW00607,,2026-01-22 02:15:00,94.49,101.09,31.25,13.651966,78.220365,telemetry,NULL_VALUE|INVALID_VIN,Null values in: vin | Invalid or missing VIN,NULL_VALUE|INVALID_VIN,2026-09-18T06:14:29.923892+00:00
EVT0001641,BMW00327,INVALIDVIN,2026-01-06 16:40:00,78.42,68.26,20.61,18.003197,140.262449,telemetry,INVALID_VIN,Invalid or missing VIN,INVALID_VIN,2026-09-18T06:14:29.923892+00:00
EVT0075199,BMW00786,WBA00000000000786,2026-15-40 99:99:99,64.66,57.26,20.92,17.165453,24.705358,telemetry,INVALID_DATE,Invalid date in: timestamp,INVALID_DATE,2026-09-18T06:14:29.923892+00:00
BAD00072,UNKNOWN,BADVIN,not-a-date,999.0,-50.0,999.0,999.0,999.0,telemetry,INVALID_VIN|INVALID_DATE|OUT_OF_RANGE|REFERENTIAL_INTEGRITY,"Invalid or missing VIN | Invalid date in: timestamp | Out-of-range value in: battery_level, temperature, speed | Referential integrity violation",INVALID_VIN|INVALID_DATE|OUT_OF_RANGE|REFERENTIAL_INTEGRITY,2026-09-18T06:14:29.923892+00:00
EVT0057103,,WBA00000000000434,2026-07-18 06:30:00,65.78,35.61,46.82,10.156533,-91.363245,telemetry,NULL_VALUE|REFERENTIAL_INTEGRITY,Null values in: vehicle_id | Referential integrity violation,NULL_VALUE|REFERENTIAL_INTEGRITY,2026-09-18T06:14:29.923892+00:00
EVT0068716,BMW00756,INVALIDVIN,2026-08-27 14:15:00,57.21,55.85,3.11,33.191583,-19.630775,telemetry,INVALID_VIN,Invalid or missing VIN,INVALID_VIN,2026-09-18T06:14:29.923892+00:00
EVT0024456,BMW00113,WBA00000000000113,2026-15-40 99:99:99,19.32,146.05,-0.55,23.55416,50.032726,telemetry,INVALID_DATE,Invalid date in: timestamp,INVALID_DATE,2026-09-18T06:14:29.923892+00:00
EVT0087824,BMW00428,WBA00000000000428,2026-11-01 22:35:00,150.0,5.48,11.3,22.567295,37.362916,telemetry,OUT_OF_RANGE,Out-of-range value in: battery_level,OUT_OF_RANGE,2026-09-18T06:14:29.923892+00:00
EVT0098504,BMW00414,WBA00000000000414,2026-12-09 00:35:00,,137.18,6.73,27.527024,114.311112,telemetry,NULL_VALUE|OUT_OF_RANGE,Null values in: battery_level | Out-of-range value in: battery_level,NULL_VALUE|OUT_OF_RANGE,2026-09-18T06:14:29.923892+00:00
EVT0060765,BMW00613,WBA00000000000613,2026-07-30 23:40:00,,15.29,31.35,36.692481,12.58652,telemetry,NULL_VALUE|OUT_OF_RANGE,Null values in: battery_level | Out-of-range value in: battery_level,NULL_VALUE|OUT_OF_RANGE,2026-09-18T06:14:29.923892+00:00
EVT0049579,BMW00785,,2026-06-22 03:30:00,72.71,126.31,25.08,27.006009,101.28461,telemetry,NULL_VALUE|INVALID_VIN,Null values in: vin | Invalid or missing VIN,NULL_VALUE|INVALID_VIN,2026-09-18T06:14:29.923892+00:00
EVT0014532,BMW00532,WBA00000000000532,2026-02-20 10:55:00,29.0,17.21,31.67,48.386269,-78.149522,telemetry,DUPLICATE_RECORD,Duplicate record detected,DUPLICATE_RECORD,2026-09-18T06:14:29.923892+00:00
EVT0064276,BMW00025,INVALIDVIN,2026-08-12 04:15:00,81.81,154.85,8.65,13.227178,0.202629,telemetry,INVALID_VIN,Invalid or missing VIN,INVALID_VIN,2026-09-18T06:14:29.923892+00:00
EVT0078092,BMW00973,WBA00000000000973,2026-09-29 03:35:00,90.94,17.65,-100.0,16.834155,-43.786672,telemetry,OUT_OF_RANGE,Out-of-range value in: temperature,OUT_OF_RANGE,2026-09-18T06:14:29.923892+00:00
EVT0076411,BMW00229,WBA00000000000229,2026-09-23 07:30:00,-10.0,130.21,21.65,17.944244,-119.224965,telemetry,OUT_OF_RANGE,Out-of-range value in: battery_level,OUT_OF_RANGE,2026-09-18T06:14:29.923892+00:00
BAD00023,UNKNOWN,BADVIN,not-a-date,999.0,-50.0,999.0,999.0,999.0,telemetry,INVALID_VIN|INVALID_DATE|OUT_OF_RANGE|REFERENTIAL_INTEGRITY,"Invalid or missing VIN | Invalid date in: timestamp | Out-of-range value in: battery_level, temperature, speed | Referential integrity violation",INVALID_VIN|INVALID_DATE|OUT_OF_RANGE|REFERENTIAL_INTEGRITY,2026-09-18T06:14:29.923892+00:00
EVT0041332,BMW00273,WBA00000000000273,2026-05-24 12:15:00,45.56,44.97,28.57,50.980846,49.362097,telemetry,DUPLICATE_RECORD,Duplicate record detected,DUPLICATE_RECORD,2026-09-18T06:14:29.923892+00:00
EVT0060469,BMW00507,WBA00000000000507,2026-07-29 23:00:00,27.45,64.98,,16.138349,-108.555762,telemetry,NULL_VALUE|OUT_OF_RANGE,Null values in: temperature | Out-of-range value in: temperature,NULL_VALUE|OUT_OF_RANGE,2026-09-18T06:14:29.923892+00:00
EVT0058973,BMW00172,WBA00000000000172,2026-15-40 99:99:99,70.12,90.13,12.3,51.946778,-4.780684,telemetry,INVALID_DATE,Invalid date in: timestamp,INVALID_DATE,2026-09-18T06:14:29.923892+00:00
EVT0034081,BMW00863,WBA00000000000863,2026-04-29 08:00:00,81.67,99.78,19.44,50.366694,128.529,telemetry,DUPLICATE_RECORD,Duplicate record detected,DUPLICATE_RECORD,2026-09-18T06:14:29.923892+00:00
EVT0075382,,WBA00000000000574,2026-09-19 17:45:00,68.63,16.23,34.44,10.372723,143.165708,telemetry,NULL_VALUE|REFERENTIAL_INTEGRITY,Null values in: vehicle_id | Referential integrity violation,NULL_VALUE|REFERENTIAL_INTEGRITY,2026-09-18T06:14:29.923892+00:00
EVT0012715,BMW00013,INVALIDVIN,2026-02-14 03:30:00,94.04,137.98,51.94,54.223376,30.691957,telemetry,INVALID_VIN,Invalid or missing VIN,INVALID_VIN,2026-09-18T06:14:29.923892+00:00
EVT0025772,BMW00581,WBA00000000000581,2026-03-31 11:35:00,99.36,64.86,200.0,48.973151,110.355715,telemetry,OUT_OF_RANGE,Out-of-range value in: temperature,OUT_OF_RANGE,2026-09-18T06:14:29.923892+00:00
EVT0034165,BMW00897,WBA00000000000897,2026-04-29 15:00:00,-10.0,31.89,50.97,50.373841,5.947351,telemetry,OUT_OF_RANGE,Out-of-range value in: battery_level,OUT_OF_RANGE,2026-09-18T06:14:29.923892+00:00
EVT0068031,BMW00568,WBA00000000000568,2026-08-25 05:10:00,78.92,19.42,,41.277883,123.077767,telemetry,NULL_VALUE|OUT_OF_RANGE,Null values in: temperature | Out-of-range value in: temperature,NULL_VALUE|OUT_OF_RANGE,2026-09-18T06:14:29.923892+00:00
EVT0030713,BMW00164,,2026-04-17 15:20:00,13.18,45.4,1.51,29.254577,-116.546814,telemetry,NULL_VALUE|INVALID_VIN,Null values in: vin | Invalid or missing VIN,NULL_VALUE|INVALID_VIN,2026-09-18T06:14:29.923892+00:00
EVT0011270,BMW00259,,2026-02-09 03:05:00,56.43,116.09,32.68,28.671529,-70.288272,telemetry,NULL_VALUE|INVALID_VIN,Null values in: vin | Invalid or missing VIN,NULL_VALUE|INVALID_VIN,2026-09-18T06:14:29.923892+00:00
EVT0064291,BMW00315,WBA00000000000315,2026-08-12 05:30:00,34.25,108.66,,20.559841,-34.655889,telemetry,NULL_VALUE|OUT_OF_RANGE,Null values in: temperature | Out-of-range value in: temperature,NULL_VALUE|OUT_OF_RANGE,2026-09-18T06:14:29.923892+00:00
EVT0008024,BMW00149,WBA00000000000149,2026-01-28 20:35:00,10.12,65.22,,48.422813,21.777659,telemetry,NULL_VALUE|OUT_OF_RANGE,Null values in: temperature | Out-of-range value in: temperature,NULL_VALUE|OUT_OF_RANGE,2026-09-18T06:14:29.923892+00:00
EVT0005891,BMW00476,INVALIDVIN,2026-01-21 10:50:00,75.52,106.03,30.21,10.719454,-42.853573,telemetry,INVALID_VIN,Invalid or missing VIN,INVALID_VIN,2026-09-18T06:14:29.923892+00:00
EVT0037722,BMW00162,INVALIDVIN,2026-05-11 23:25:00,96.39,80.26,44.91,31.015067,84.236085,telemetry,INVALID_VIN,Invalid or missing VIN,INVALID_VIN,2026-09-18T06:14:29.923892+00:00
EVT0028989,BMW00802,,2026-04-11 15:40:00,90.52,45.04,36.66,20.229356,-49.500464,telemetry,NULL_VALUE|INVALID_VIN,Null values in: vin | Invalid or missing VIN,NULL_VALUE|INVALID_VIN,2026-09-18T06:14:29.923892+00:00
BAD00013,UNKNOWN,BADVIN,not-a-date,999.0,-50.0,999.0,999.0,999.0,telemetry,INVALID_VIN|INVALID_DATE|OUT_OF_RANGE|REFERENTIAL_INTEGRITY,"Invalid or missing VIN | Invalid date in: timestamp | Out-of-range value in: battery_level, temperature, speed | Referential integrity violation",INVALID_VIN|INVALID_DATE|OUT_OF_RANGE|REFERENTIAL_INTEGRITY,2026-09-18T06:14:29.923892+00:00
EVT0081518,BMW00245,WBA00000000000245,2026-10-11 01:05:00,79.37,138.52,200.0,29.615349,88.179594,telemetry,OUT_OF_RANGE,Out-of-range value in: temperature,OUT_OF_RANGE,2026-09-18T06:14:29.923892+00:00
BAD00036,UNKNOWN,BADVIN,not-a-date,999.0,-50.0,999.0,999.0,999.0,telemetry,INVALID_VIN|INVALID_DATE|OUT_OF_RANGE|REFERENTIAL_INTEGRITY,"Invalid or missing VIN | Invalid date in: timestamp | Out-of-range value in: battery_level, temperature, speed | Referential integrity violation",INVALID_VIN|INVALID_DATE|OUT_OF_RANGE|REFERENTIAL_INTEGRITY,2026-09-18T06:14:29.923892+00:00
EVT0018513,BMW00371,WBA00000000000371,2026-03-06 06:40:00,92.96,155.84,200.0,44.11888,21.711724,telemetry,OUT_OF_RANGE,Out-of-range value in: temperature,OUT_OF_RANGE,2026-09-18T06:14:29.923892+00:00
EVT0020681,BMWX00019,WBA00000000000938,2026-03-13 19:20:00,49.84,84.67,4.62,41.42941,137.521363,telemetry,REFERENTIAL_INTEGRITY,Referential integrity violation,REFERENTIAL_INTEGRITY,2026-09-18T06:14:29.923892+00:00
EVT0019932,BMW00779,WBA00000000000779,2026-15-40 99:99:99,83.59,2.24,18.8,41.967609,-35.641727,telemetry,INVALID_DATE,Invalid date in: timestamp,INVALID_DATE,2026-09-18T06:14:29.923892+00:00
EVT0088882,BMW00886,WBA00000000000886,2026-11-05 14:45:00,37.81,98.83,,53.666925,6.525583,telemetry,NULL_VALUE|OUT_OF_RANGE,Null values in: temperature | Out-of-range value in: temperature,NULL_VALUE|OUT_OF_RANGE,2026-09-18T06:14:29.923892+00:00
EVT0065831,BMW00306,WBA00000000000306,2026-15-40 99:99:99,27.13,77.75,-5.6,18.574617,-71.904697,telemetry,INVALID_DATE,Invalid date in: timestamp,INVALID_DATE,2026-09-18T06:14:29.923892+00:00
EVT0090150,BMW00784,WBA00000000000784,2026-15-40 99:99:99,42.51,52.08,52.6,16.537417,60.268527,telemetry,INVALID_DATE,Invalid date in: timestamp,INVALID_DATE,2026-09-18T06:14:29.923892+00:00
EVT0000691,BMWX00141,WBA00000000000371,2026-01-03 09:30:00,49.9,98.23,43.38,31.429054,-70.442158,telemetry,DUPLICATE_RECORD|REFERENTIAL_INTEGRITY,Duplicate record detected | Referential integrity violation,DUPLICATE_RECORD|REFERENTIAL_INTEGRITY,2026-09-18T06:14:29.923892+00:00
EVT0054954,BMWX00169,WBA00000000000250,2026-07-10 19:25:00,59.31,143.35,27.13,8.554999,134.657804,telemetry,REFERENTIAL_INTEGRITY,Referential integrity violation,REFERENTIAL_INTEGRITY,2026-09-18T06:14:29.923892+00:00
EVT0081029,BMW00685,WBA00000000000685,2026-10-09 08:20:00,48.81,118.18,,24.469509,-89.852568,telemetry,NULL_VALUE|OUT_OF_RANGE,Null values in: temperature | Out-of-range value in: temperature,NULL_VALUE|OUT_OF_RANGE,2026-09-18T06:14:29.923892+00:00
EVT0067280,BMWX00113,WBA00000000000103,2026-08-22 14:35:00,46.33,130.78,23.62,32.483451,56.667922,telemetry,REFERENTIAL_INTEGRITY,Referential integrity violation,REFERENTIAL_INTEGRITY,2026-09-18T06:14:29.923892+00:00
EVT0045727,BMW00973,WBA00000000000973,2026-15-40 99:99:99,48.85,70.51,28.46,50.59652,87.754059,telemetry,INVALID_DATE,Invalid date in: timestamp,INVALID_DATE,2026-09-18T06:14:29.923892+00:00
EVT0080287,BMW00840,WBA00000000000840,2026-10-06 18:30:00,26.25,14.3,,47.208948,84.449159,telemetry,NULL_VALUE|OUT_OF_RANGE,Null values in: temperature | Out-of-range value in: temperature,NULL_VALUE|OUT_OF_RANGE,2026-09-18T06:14:29.923892+00:00
EVT0045661,,WBA00000000000423,2026-06-08 13:00:00,14.87,137.11,7.0,29.48376,-89.048103,telemetry,NULL_VALUE|REFERENTIAL_INTEGRITY,Null values in: vehicle_id | Referential integrity violation,NULL_VALUE|REFERENTIAL_INTEGRITY,2026-09-18T06:14:29.923892+00:00
EVT0075316,BMW00053,,2026-09-19 12:15:00,60.36,143.35,52.73,26.37023,-32.900706,telemetry,NULL_VALUE|INVALID_VIN,Null values in: vin | Invalid or missing VIN,NULL_VALUE|INVALID_VIN,2026-09-18T06:14:29.923892+00:00
EVT0014410,BMW00308,,2026-02-20 00:45:00,13.57,60.4,21.21,9.153237,49.628928,telemetry,NULL_VALUE|INVALID_VIN,Null values in: vin | Invalid or missing VIN,NULL_VALUE|INVALID_VIN,2026-09-18T06:14:29.923892+00:00
EVT0034725,BMWX00116,WBA00000000000659,2026-05-01 13:40:00,62.44,59.95,-7.52,53.400843,103.872011,telemetry,REFERENTIAL_INTEGRITY,Referential integrity violation,REFERENTIAL_INTEGRITY,2026-09-18T06:14:29.923892+00:00
EVT0044372,BMW00539,,2026-06-04 01:35:00,13.99,106.6,21.64,52.663253,-38.899959,telemetry,NULL_VALUE|INVALID_VIN,Null values in: vin | Invalid or missing VIN,NULL_VALUE|INVALID_VIN,2026-09-18T06:14:29.923892+00:00
EVT0027605,BMW00895,,2026-04-06 20:20:00,69.53,153.7,11.91,26.595576,22.384088,telemetry,NULL_VALUE|INVALID_VIN,Null values in: vin | Invalid or missing VIN,NULL_VALUE|INVALID_VIN,2026-09-18T06:14:29.923892+00:00
EVT0031757,BMWX00067,WBA00000000000930,2026-04-21 06:20:00,95.51,1.18,50.37,15.736819,-60.096809,telemetry,REFERENTIAL_INTEGRITY,Referential integrity violation,REFERENTIAL_INTEGRITY,2026-09-18T06:14:29.923892+00:00
EVT0061888,BMW00673,INVALIDVIN,2026-08-03 21:15:00,89.22,111.98,18.45,33.479224,135.659536,telemetry,INVALID_VIN,Invalid or missing VIN,INVALID_VIN,2026-09-18T06:14:29.923892+00:00
BAD00067,UNKNOWN,BADVIN,not-a-date,999.0,-50.0,999.0,999.0,999.0,telemetry,INVALID_VIN|INVALID_DATE|OUT_OF_RANGE|REFERENTIAL_INTEGRITY,"Invalid or missing VIN | Invalid date in: timestamp | Out-of-range value in: battery_level, temperature, speed | Referential integrity violation",INVALID_VIN|INVALID_DATE|OUT_OF_RANGE|REFERENTIAL_INTEGRITY,2026-09-18T06:14:29.923892+00:00
EVT0022515,BMW00394,WBA00000000000394,2026-03-20 04:10:00,81.31,8.89,33.37,24.052389,56.117186,telemetry,DUPLICATE_RECORD,Duplicate record detected,DUPLICATE_RECORD,2026-09-18T06:14:29.923892+00:00
EVT0071667,,WBA00000000000409,2026-09-06 20:10:00,69.57,43.84,23.38,21.00375,124.599257,telemetry,NULL_VALUE|REFERENTIAL_INTEGRITY,Null values in: vehicle_id | Referential integrity violation,NULL_VALUE|REFERENTIAL_INTEGRITY,2026-09-18T06:14:29.923892+00:00
EVT0071830,BMW00094,INVALIDVIN,2026-09-07 09:45:00,42.71,138.58,20.87,50.529312,97.14202,telemetry,INVALID_VIN,Invalid or missing VIN,INVALID_VIN,2026-09-18T06:14:29.923892+00:00
EVT0000537,BMW00056,WBA00000000000056,2026-01-02 20:40:00,,158.27,6.48,41.465433,-77.149798,telemetry,NULL_VALUE|OUT_OF_RANGE,Null values in: battery_level | Out-of-range value in: battery_level,NULL_VALUE|OUT_OF_RANGE,2026-09-18T06:14:29.923892+00:00
EVT0036737,BMW00114,WBA00000000000114,2026-05-08 13:20:00,-25.0,80.28,10.44,46.594203,-83.805151,telemetry,OUT_OF_RANGE,Out-of-range value in: battery_level,OUT_OF_RANGE,2026-09-18T06:14:29.923892+00:00
EVT0048897,BMW00480,WBA00000000000480,2026-06-19 18:40:00,,58.1,-3.62,18.397181,39.048322,telemetry,NULL_VALUE|OUT_OF_RANGE,Null values in: battery_level | Out-of-range value in: battery_level,NULL_VALUE|OUT_OF_RANGE,2026-09-18T06:14:29.923892+00:00
EVT0013122,BMW00858,WBA00000000000858,2026-02-15 13:25:00,91.78,103.37,25.41,13.017502,-82.417437,telemetry,DUPLICATE_RECORD,Duplicate record detected,DUPLICATE_RECORD,2026-09-18T06:14:29.923892+00:00
EVT0054703,BMW00537,,2026-07-09 22:30:00,76.0,134.61,29.11,49.124493,69.085122,telemetry,NULL_VALUE|INVALID_VIN,Null values in: vin | Invalid or missing VIN,NULL_VALUE|INVALID_VIN,2026-09-18T06:14:29.923892+00:00
EVT0003628,BMW00820,INVALIDVIN,2026-01-13 14:15:00,32.33,146.58,3.35,29.443528,104.681333,telemetry,INVALID_VIN,Invalid or missing VIN,INVALID_VIN,2026-09-18T06:14:29.923892+00:00
EVT0007442,BMW00445,WBA00000000000445,2026-15-40 99:99:99,79.86,67.13,16.32,25.096486,-14.709545,telemetry,INVALID_DATE,Invalid date in: timestamp,INVALID_DATE,2026-09-18T06:14:29.923892+00:00
EVT0046280,BMW00534,WBA00000000000534,2026-06-10 16:35:00,,41.32,-8.1,45.93777,-99.103644,telemetry,NULL_VALUE|OUT_OF_RANGE,Null values in: battery_level | Out-of-range value in: battery_level,NULL_VALUE|OUT_OF_RANGE,2026-09-18T06:14:29.923892+00:00
EVT0026213,BMW00937,WBA00000000000937,2026-04-02 00:20:00,,69.18,24.49,13.953485,-113.490153,telemetry,NULL_VALUE|OUT_OF_RANGE,Null values in: battery_level | Out-of-range value in: battery_level,NULL_VALUE|OUT_OF_RANGE,2026-09-18T06:14:29.923892+00:00
EVT0058875,BMW00914,WBA00000000000914,2026-07-24 10:10:00,81.66,14.43,,35.41671,54.666681,telemetry,NULL_VALUE|OUT_OF_RANGE,Null values in: temperature | Out-of-range value in: temperature,NULL_VALUE|OUT_OF_RANGE,2026-09-18T06:14:29.923892+00:00
EVT0043504,BMW00736,,2026-06-01 01:15:00,65.66,59.8,12.0,26.461589,-37.666523,telemetry,NULL_VALUE|INVALID_VIN,Null values in: vin | Invalid or missing VIN,NULL_VALUE|INVALID_VIN,2026-09-18T06:14:29.923892+00:00
EVT0058182,BMWX00063,WBA00000000000837,2026-07-22 00:25:00,18.98,7.16,3.64,42.888249,43.570983,telemetry,REFERENTIAL_INTEGRITY,Referential integrity violation,REFERENTIAL_INTEGRITY,2026-09-18T06:14:29.923892+00:00
EVT0032243,,WBA00000000000522,2026-04-22 22:50:00,67.59,66.06,14.66,24.401216,86.806046,telemetry,NULL_VALUE|REFERENTIAL_INTEGRITY,Null values in: vehicle_id | Referential integrity violation,NULL_VALUE|REFERENTIAL_INTEGRITY,2026-09-18T06:14:29.923892+00:00
EVT0066581,BMWX00041,WBA00000000000518,2026-08-20 04:20:00,88.49,122.78,13.92,23.44701,-11.44002,telemetry,REFERENTIAL_INTEGRITY,Referential integrity violation,REFERENTIAL_INTEGRITY,2026-09-18T06:14:29.923892+00:00
EVT0017614,BMW00260,WBA00000000000260,2026-03-03 03:45:00,28.21,156.73,7.96,9.432478,-110.116159,telemetry,DUPLICATE_RECORD,Duplicate record detected,DUPLICATE_RECORD,2026-09-18T06:14:29.923892+00:00
EVT0003836,BMW00014,,2026-01-14 07:35:00,63.0,62.61,19.93,39.231374,137.04924,telemetry,NULL_VALUE|INVALID_VIN,Null values in: vin | Invalid or missing VIN,NULL_VALUE|INVALID_VIN,2026-09-18T06:14:29.923892+00:00
EVT0051615,BMW00603,WBA00000000000603,2026-06-29 05:10:00,,84.97,52.08,43.048327,-40.291836,telemetry,NULL_VALUE|OUT_OF_RANGE,Null values in: battery_level | Out-of-range value in: battery_level,NULL_VALUE|OUT_OF_RANGE,2026-09-18T06:14:29.923892+00:00
EVT0082926,BMW00725,,2026-10-15 22:25:00,86.2,31.26,14.09,28.137329,-96.596918,telemetry,NULL_VALUE|INVALID_VIN,Null values in: vin | Invalid or missing VIN,NULL_VALUE|INVALID_VIN,2026-09-18T06:14:29.923892+00:00
EVT0033215,BMW00871,WBA00000000000871,2026-04-26 07:50:00,,104.0,2.73,20.837625,53.631464,telemetry,NULL_VALUE|OUT_OF_RANGE,Null values in: battery_level | Out-of-range value in: battery_level,NULL_VALUE|OUT_OF_RANGE,2026-09-18T06:14:29.923892+00:00
EVT0035156,BMW00647,WBA00000000000647,2026-05-03 01:35:00,65.73,38.47,,34.667296,29.692223,telemetry,NULL_VALUE|OUT_OF_RANGE,Null values in: temperature | Out-of-range value in: temperature,NULL_VALUE|OUT_OF_RANGE,2026-09-18T06:14:29.923892+00:00
EVT0005844,BMWX00101,WBA00000000000490,2026-01-21 06:55:00,33.53,99.98,9.68,21.336436,-107.238106,telemetry,REFERENTIAL_INTEGRITY,Referential integrity violation,REFERENTIAL_INTEGRITY,2026-09-18T06:14:29.923892+00:00
BAD00069,UNKNOWN,BADVIN,not-a-date,999.0,-50.0,999.0,999.0,999.0,telemetry,INVALID_VIN|INVALID_DATE|OUT_OF_RANGE|REFERENTIAL_INTEGRITY,"Invalid or missing VIN | Invalid date in: timestamp | Out-of-range value in: battery_level, temperature, speed | Referential integrity violation",INVALID_VIN|INVALID_DATE|OUT_OF_RANGE|REFERENTIAL_INTEGRITY,2026-09-18T06:14:29.923892+00:00
EVT0041946,BMW00992,INVALIDVIN,2026-05-26 15:25:00,60.84,16.79,30.85,22.824123,-117.963185,telemetry,INVALID_VIN,Invalid or missing VIN,INVALID_VIN,2026-09-18T06:14:29.923892+00:00
EVT0013915,BMW00037,,2026-02-18 07:30:00,22.0,77.12,54.33,25.55396,-6.228732,telemetry,NULL_VALUE|INVALID_VIN,Null values in: vin | Invalid or missing VIN,NULL_VALUE|INVALID_VIN,2026-09-18T06:14:29.923892+00:00
EVT0067404,BMW00089,WBA00000000000089,2026-08-23 00:55:00,36.08,35.47,-5.69,45.973145,-8.400749,telemetry,DUPLICATE_RECORD,Duplicate record detected,DUPLICATE_RECORD,2026-09-18T06:14:29.923892+00:00
EVT0095842,BMW00098,WBA00000000000098,2026-11-29 18:45:00,150.0,152.39,22.45,11.159833,-48.233262,telemetry,OUT_OF_RANGE,Out-of-range value in: battery_level,OUT_OF_RANGE,2026-09-18T06:14:29.923892+00:00
EVT0064235,BMW00250,,2026-08-12 00:50:00,79.44,152.94,12.47,28.15296,-100.264295,telemetry,NULL_VALUE|INVALID_VIN,Null values in: vin | Invalid or missing VIN,NULL_VALUE|INVALID_VIN,2026-09-18T06:14:29.923892+00:00
EVT0006599,BMWX00176,WBA00000000000572,2026-01-23 21:50:00,59.88,50.06,51.77,40.708439,-117.587726,telemetry,REFERENTIAL_INTEGRITY,Referential integrity violation,REFERENTIAL_INTEGRITY,2026-09-18T06:14:29.923892+00:00
EVT0075499,BMW00111,WBA00000000000111,2026-09-20 03:30:00,57.87,123.87,44.99,34.980915,65.745511,telemetry,DUPLICATE_RECORD,Duplicate record detected,DUPLICATE_RECORD,2026-09-18T06:14:29.923892+00:00
EVT0009498,BMW00787,WBA00000000000787,2026-02-02 23:25:00,30.7,71.29,,8.538072,-119.780516,telemetry,NULL_VALUE|OUT_OF_RANGE,Null values in: temperature | Out-of-range value in: temperature,NULL_VALUE|OUT_OF_RANGE,2026-09-18T06:14:29.923892+00:00
EVT0025094,BMW00094,WBA00000000000094,2026-03-29 03:05:00,10.64,148.2,,36.991866,43.644546,telemetry,NULL_VALUE|OUT_OF_RANGE,Null values in: temperature | Out-of-range value in: temperature,NULL_VALUE|OUT_OF_RANGE,2026-09-18T06:14:29.923892+00:00
EVT0089381,BMWX00114,WBA00000000000894,2026-11-07 08:20:00,83.88,59.44,13.08,9.510098,-6.704477,telemetry,REFERENTIAL_INTEGRITY,Referential integrity violation,REFERENTIAL_INTEGRITY,2026-09-18T06:14:29.923892+00:00
EVT0009986,BMWX00190,WBA00000000000763,2026-02-04 16:05:00,26.09,148.82,-0.43,20.09662,-115.130875,telemetry,REFERENTIAL_INTEGRITY,Referential integrity violation,REFERENTIAL_INTEGRITY,2026-09-18T06:14:29.923892+00:00
EVT0024394,BMW00182,,2026-03-26 16:45:00,26.63,40.28,51.58,42.659443,-95.775403,telemetry,NULL_VALUE|INVALID_VIN,Null values in: vin | Invalid or missing VIN,NULL_VALUE|INVALID_VIN,2026-09-18T06:14:29.923892+00:00
EVT0040524,BMW00906,WBA00000000000906,2026-05-21 16:55:00,150.0,62.55,44.97,9.652336,65.392574,telemetry,OUT_OF_RANGE,Out-of-range value in: battery_level,OUT_OF_RANGE,2026-09-18T06:14:29.923892+00:00
EVT0034117,BMW00339,,2026-04-29 11:00:00,63.44,12.23,37.91,10.621811,-79.453039,telemetry,NULL_VALUE|INVALID_VIN,Null values in: vin | Invalid or missing VIN,NULL_VALUE|INVALID_VIN,2026-09-18T06:14:29.923892+00:00
EVT0086409,BMW00300,,2026-10-28 00:40:00,70.23,129.81,22.54,33.49543,-6.612704,telemetry,NULL_VALUE|INVALID_VIN,Null values in: vin | Invalid or missing VIN,NULL_VALUE|INVALID_VIN,2026-09-18T06:14:29.923892+00:00
EVT0016625,BMW00724,WBA00000000000724,2026-02-27 17:20:00,-10.0,107.02,22.16,43.681912,3.715705,telemetry,OUT_OF_RANGE,Out-of-range value in: battery_level,OUT_OF_RANGE,2026-09-18T06:14:29.923892+00:00
EVT0055556,BMW00341,,2026-07-12 21:35:00,85.88,63.12,-1.41,33.169265,-119.826902,telemetry,NULL_VALUE|INVALID_VIN,Null values in: vin | Invalid or missing VIN,NULL_VALUE|INVALID_VIN,2026-09-18T06:14:29.923892+00:00
EVT0068795,BMW00777,WBA00000000000777,2026-08-27 20:50:00,-25.0,78.77,22.03,23.848499,-77.48412,telemetry,OUT_OF_RANGE,Out-of-range value in: battery_level,OUT_OF_RANGE,2026-09-18T06:14:29.923892+00:00
EVT0033199,BMW00776,WBA00000000000776,2026-04-26 06:30:00,-25.0,19.83,54.46,33.429011,-73.887979,telemetry,OUT_OF_RANGE,Out-of-range value in: battery_level,OUT_OF_RANGE,2026-09-18T06:14:29.923892+00:00
EVT0040281,BMW00228,WBA00000000000228,2026-05-20 20:40:00,17.55,53.47,,9.770429,75.000924,telemetry,NULL_VALUE|OUT_OF_RANGE,Null values in: temperature | Out-of-range value in: temperature,NULL_VALUE|OUT_OF_RANGE,2026-09-18T06:14:29.923892+00:00
EVT0041261,BMW00508,WBA00000000000508,2026-15-40 99:99:99,55.45,3.33,30.86,23.05175,1.611848,telemetry,INVALID_DATE,Invalid date in: timestamp,INVALID_DATE,2026-09-18T06:14:29.923892+00:00
EVT0052707,BMW00044,WBA00000000000044,2026-07-03 00:10:00,,131.6,-6.56,44.45617,78.769257,telemetry,NULL_VALUE|OUT_OF_RANGE,Null values in: battery_level | Out-of-range value in: battery_level,NULL_VALUE|OUT_OF_RANGE,2026-09-18T06:14:29.923892+00:00
EVT0043496,BMWX00046,INVALIDVIN,2026-06-01 00:35:00,87.95,147.29,3.28,28.241765,-71.779933,telemetry,INVALID_VIN|REFERENTIAL_INTEGRITY,Invalid or missing VIN | Referential integrity violation,INVALID_VIN|REFERENTIAL_INTEGRITY,2026-09-18T06:14:29.923892+00:00
EVT0060434,BMW00902,WBA00000000000902,2026-07-29 20:05:00,150.0,108.1,27.48,15.265297,66.203268,telemetry,OUT_OF_RANGE,Out-of-range value in: battery_level,OUT_OF_RANGE,2026-09-18T06:14:29.923892+00:00
EVT0064311,BMW00375,WBA00000000000375,2026-08-12 07:10:00,57.91,12.05,,54.120184,58.831463,telemetry,NULL_VALUE|OUT_OF_RANGE,Null values in: temperature | Out-of-range value in: temperature,NULL_VALUE|OUT_OF_RANGE,2026-09-18T06:14:29.923892+00:00
EVT0021847,BMW00160,WBA00000000000160,2026-03-17 20:30:00,56.74,73.26,-100.0,22.236469,-8.88226,telemetry,OUT_OF_RANGE,Out-of-range value in: temperature,OUT_OF_RANGE,2026-09-18T06:14:29.923892+00:00
EVT0003923,BMW00654,WBA00000000000654,2026-01-14 14:50:00,150.0,133.05,49.44,29.440389,-103.400486,telemetry,OUT_OF_RANGE,Out-of-range value in: battery_level,OUT_OF_RANGE,2026-09-18T06:14:29.923892+00:00
EVT0017503,BMW00090,WBA00000000000090,2026-03-02 18:30:00,58.69,33.05,16.49,33.560895,89.717163,telemetry,DUPLICATE_RECORD,Duplicate record detected,DUPLICATE_RECORD,2026-09-18T06:14:29.923892+00:00
EVT0087533,BMW00695,WBA00000000000695,2026-10-31 22:20:00,21.43,75.51,-100.0,43.357239,21.722119,telemetry,OUT_OF_RANGE,Out-of-range value in: temperature,OUT_OF_RANGE,2026-09-18T06:14:29.923892+00:00
EVT0096704,BMW00167,WBA00000000000167,2026-12-02 18:35:00,,103.07,40.01,29.885882,116.272947,telemetry,NULL_VALUE|OUT_OF_RANGE,Null values in: battery_level | Out-of-range value in: battery_level,NULL_VALUE|OUT_OF_RANGE,2026-09-18T06:14:29.923892+00:00
EVT0090730,BMW00195,WBA00000000000195,2026-11-12 00:45:00,23.81,2.72,46.0,23.899906,120.134242,telemetry,DUPLICATE_RECORD,Duplicate record detected,DUPLICATE_RECORD,2026-09-18T06:14:29.923892+00:00
EVT0031839,BMW00160,WBA00000000000160,2026-04-21 13:10:00,90.9,12.35,,31.432849,-15.42861,telemetry,NULL_VALUE|OUT_OF_RANGE,Null values in: temperature | Out-of-range value in: temperature,NULL_VALUE|OUT_OF_RANGE,2026-09-18T06:14:29.923892+00:00
EVT0088234,BMW00339,,2026-11-03 08:45:00,73.63,131.86,51.27,29.964897,-42.933989,telemetry,NULL_VALUE|INVALID_VIN,Null values in: vin | Invalid or missing VIN,NULL_VALUE|INVALID_VIN,2026-09-18T06:14:29.923892+00:00
EVT0064788,BMW00304,WBA00000000000304,2026-15-40 99:99:99,58.68,137.18,30.67,18.219838,89.604264,telemetry,INVALID_DATE,Invalid date in: timestamp,INVALID_DATE,2026-09-18T06:14:29.923892+00:00
EVT0084672,,WBA00000000000410,2026-10-21 23:55:00,93.15,129.75,49.5,18.037039,-94.687622,telemetry,NULL_VALUE|REFERENTIAL_INTEGRITY,Null values in: vehicle_id | Referential integrity violation,NULL_VALUE|REFERENTIAL_INTEGRITY,2026-09-18T06:14:29.923892+00:00
EVT0057891,BMW00468,WBA00000000000468,2026-07-21 00:10:00,62.0,114.39,,44.929941,-76.49352,telemetry,NULL_VALUE|OUT_OF_RANGE,Null values in: temperature | Out-of-range value in: temperature,NULL_VALUE|OUT_OF_RANGE,2026-09-18T06:14:29.923892+00:00
EVT0063640,BMW00418,INVALIDVIN,2026-08-09 23:15:00,54.8,59.86,22.28,11.733422,-9.929236,telemetry,INVALID_VIN,Invalid or missing VIN,INVALID_VIN,2026-09-18T06:14:29.923892+00:00
EVT0072080,BMW00754,INVALIDVIN,2026-09-08 06:35:00,81.72,69.98,0.74,31.918725,56.133403,telemetry,INVALID_VIN,Invalid or missing VIN,INVALID_VIN,2026-09-18T06:14:29.923892+00:00
EVT0015808,BMW00585,WBA00000000000585,2026-02-24 21:15:00,,143.17,49.95,49.276158,-78.945063,telemetry,NULL_VALUE|OUT_OF_RANGE,Null values in: battery_level | Out-of-range value in: battery_level,NULL_VALUE|OUT_OF_RANGE,2026-09-18T06:14:29.923892+00:00
EVT0095973,BMW00040,WBA00000000000040,2026-15-40 99:99:99,67.67,3.46,31.58,54.628468,138.563028,telemetry,INVALID_DATE,Invalid date in: timestamp,INVALID_DATE,2026-09-18T06:14:29.923892+00:00
EVT0040455,BMW00416,WBA00000000000416,2026-05-21 11:10:00,95.9,2.64,,15.176943,116.171581,telemetry,NULL_VALUE|OUT_OF_RANGE,Null values in: temperature | Out-of-range value in: temperature,NULL_VALUE|OUT_OF_RANGE,2026-09-18T06:14:29.923892+00:00
EVT0059391,,WBA00000000000091,2026-07-26 05:10:00,77.73,138.35,15.22,29.792253,135.324776,telemetry,NULL_VALUE|REFERENTIAL_INTEGRITY,Null values in: vehicle_id | Referential integrity violation,NULL_VALUE|REFERENTIAL_INTEGRITY,2026-09-18T06:14:29.923892+00:00
EVT0054679,BMW00829,,2026-07-09 20:30:00,73.26,51.45,32.38,32.819322,6.789368,telemetry,NULL_VALUE|INVALID_VIN,Null values in: vin | Invalid or missing VIN,NULL_VALUE|INVALID_VIN,2026-09-18T06:14:29.923892+00:00
EVT0020668,BMW00157,WBA00000000000157,2026-03-13 18:15:00,78.63,66.58,,53.23501,107.580581,telemetry,NULL_VALUE|OUT_OF_RANGE,Null values in: temperature | Out-of-range value in: temperature,NULL_VALUE|OUT_OF_RANGE,2026-09-18T06:14:29.923892+00:00
EVT0007657,BMW00262,WBA00000000000262,2026-01-27 14:00:00,59.18,66.26,,35.85865,82.118992,telemetry,NULL_VALUE|OUT_OF_RANGE,Null values in: temperature | Out-of-range value in: temperature,NULL_VALUE|OUT_OF_RANGE,2026-09-18T06:14:29.923892+00:00
EVT0061788,,WBA00000000000414,2026-08-03 12:55:00,69.94,79.8,28.3,21.357187,-17.497799,telemetry,NULL_VALUE|REFERENTIAL_INTEGRITY,Null values in: vehicle_id | Referential integrity violation,NULL_VALUE|REFERENTIAL_INTEGRITY,2026-09-18T06:14:29.923892+00:00
EVT0096322,,WBA00000000000418,2026-12-01 10:45:00,97.86,17.45,-3.95,41.780947,40.207702,telemetry,NULL_VALUE|REFERENTIAL_INTEGRITY,Null values in: vehicle_id | Referential integrity violation,NULL_VALUE|REFERENTIAL_INTEGRITY,2026-09-18T06:14:29.923892+00:00
EVT0046464,,WBA00000000000794,2026-06-11 07:55:00,79.16,55.69,22.57,22.340561,-16.960307,telemetry,NULL_VALUE|REFERENTIAL_INTEGRITY,Null values in: vehicle_id | Referential integrity violation,NULL_VALUE|REFERENTIAL_INTEGRITY,2026-09-18T06:14:29.923892+00:00
EVT0068058,,WBA00000000000160,2026-08-25 07:25:00,59.6,103.42,36.73,46.068022,73.725732,telemetry,NULL_VALUE|REFERENTIAL_INTEGRITY,Null values in: vehicle_id | Referential integrity violation,NULL_VALUE|REFERENTIAL_INTEGRITY,2026-09-18T06:14:29.923892+00:00
EVT0060147,BMWX00097,WBA00000000000908,2026-07-28 20:10:00,22.06,92.15,7.62,29.538196,89.80578,telemetry,REFERENTIAL_INTEGRITY,Referential integrity violation,REFERENTIAL_INTEGRITY,2026-09-18T06:14:29.923892+00:00
EVT0049809,BMW00404,WBA00000000000404,2026-06-22 22:40:00,14.92,13.97,19.35,35.942711,77.717323,telemetry,DUPLICATE_RECORD,Duplicate record detected,DUPLICATE_RECORD,2026-09-18T06:14:29.923892+00:00
EVT0065063,BMW00764,WBA00000000000764,2026-08-14 21:50:00,57.97,82.93,150.0,34.318589,14.045361,telemetry,OUT_OF_RANGE,Out-of-range value in: temperature,OUT_OF_RANGE,2026-09-18T06:14:29.923892+00:00
EVT0096497,BMW00780,WBA00000000000780,2026-15-40 99:99:99,-25.0,10.04,-2.33,31.985235,-6.129774,telemetry,INVALID_DATE|OUT_OF_RANGE,Invalid date in: timestamp | Out-of-range value in: battery_level,INVALID_DATE|OUT_OF_RANGE,2026-09-18T06:14:29.923892+00:00
EVT0023415,BMW00139,WBA00000000000139,2026-03-23 07:10:00,88.3,7.4,-8.29,27.344804,85.716955,telemetry,DUPLICATE_RECORD,Duplicate record detected,DUPLICATE_RECORD,2026-09-18T06:14:29.923892+00:00
EVT0070695,BMW00086,WBA00000000000086,2026-15-40 99:99:99,95.27,138.9,18.93,17.659523,84.316942,telemetry,INVALID_DATE,Invalid date in: timestamp,INVALID_DATE,2026-09-18T06:14:29.923892+00:00
EVT0060688,,WBA00000000000470,2026-07-30 17:15:00,13.29,158.0,45.84,39.887078,-50.626616,telemetry,NULL_VALUE|REFERENTIAL_INTEGRITY,Null values in: vehicle_id | Referential integrity violation,NULL_VALUE|REFERENTIAL_INTEGRITY,2026-09-18T06:14:29.923892+00:00
EVT0072342,BMW00146,WBA00000000000146,2026-09-09 04:25:00,,79.65,39.98,15.454916,5.489907,telemetry,NULL_VALUE|OUT_OF_RANGE,Null values in: battery_level | Out-of-range value in: battery_level,NULL_VALUE|OUT_OF_RANGE,2026-09-18T06:14:29.923892+00:00
EVT0042621,BMW00055,WBA00000000000055,2026-05-28 23:40:00,41.89,136.14,-100.0,27.416307,-48.613548,telemetry,OUT_OF_RANGE,Out-of-range value in: temperature,OUT_OF_RANGE,2026-09-18T06:14:29.923892+00:00
EVT0031839,BMW00160,WBA00000000000160,2026-04-21 13:10:00,90.9,12.35,,31.432849,-15.42861,telemetry,NULL_VALUE|DUPLICATE_RECORD|OUT_OF_RANGE,Null values in: temperature | Duplicate record detected | Out-of-range value in: temperature,NULL_VALUE|DUPLICATE_RECORD|OUT_OF_RANGE,2026-09-18T06:14:29.923892+00:00
BAD00078,UNKNOWN,BADVIN,not-a-date,999.0,-50.0,999.0,999.0,999.0,telemetry,INVALID_VIN|INVALID_DATE|OUT_OF_RANGE|REFERENTIAL_INTEGRITY,"Invalid or missing VIN | Invalid date in: timestamp | Out-of-range value in: battery_level, temperature, speed | Referential integrity violation",INVALID_VIN|INVALID_DATE|OUT_OF_RANGE|REFERENTIAL_INTEGRITY,2026-09-18T06:14:29.923892+00:00
EVT0057482,BMWX00105,WBA00000000000975,2026-07-19 14:05:00,75.96,0.18,21.17,24.340719,81.495671,telemetry,REFERENTIAL_INTEGRITY,Referential integrity violation,REFERENTIAL_INTEGRITY,2026-09-18T06:14:29.923892+00:00
EVT0048449,BMW00322,INVALIDVIN,2026-06-18 05:20:00,90.74,16.84,22.72,9.618948,-57.554624,telemetry,INVALID_VIN,Invalid or missing VIN,INVALID_VIN,2026-09-18T06:14:29.923892+00:00
BAD00056,UNKNOWN,BADVIN,not-a-date,999.0,-50.0,999.0,999.0,999.0,telemetry,INVALID_VIN|INVALID_DATE|OUT_OF_RANGE|REFERENTIAL_INTEGRITY,"Invalid or missing VIN | Invalid date in: timestamp | Out-of-range value in: battery_level, temperature, speed | Referential integrity violation",INVALID_VIN|INVALID_DATE|OUT_OF_RANGE|REFERENTIAL_INTEGRITY,2026-09-18T06:14:29.923892+00:00
EVT0034292,BMW00672,WBA00000000000672,2026-15-40 99:99:99,47.39,4.51,-6.89,35.018024,-84.428053,telemetry,INVALID_DATE,Invalid date in: timestamp,INVALID_DATE,2026-09-18T06:14:29.923892+00:00
EVT0046069,BMW00153,WBA00000000000153,2026-06-09 23:00:00,,9.94,52.76,34.646415,-113.193288,telemetry,NULL_VALUE|OUT_OF_RANGE,Null values in: battery_level | Out-of-range value in: battery_level,NULL_VALUE|OUT_OF_RANGE,2026-09-18T06:14:29.923892+00:00
EVT0054633,BMW00223,,2026-07-09 16:40:00,90.6,89.16,16.86,21.292099,-28.384284,telemetry,NULL_VALUE|INVALID_VIN,Null values in: vin | Invalid or missing VIN,NULL_VALUE|INVALID_VIN,2026-09-18T06:14:29.923892+00:00
EVT0026595,BMW00074,WBA00000000000074,2026-04-03 08:10:00,,39.44,26.44,27.950869,-18.783243,telemetry,NULL_VALUE|OUT_OF_RANGE,Null values in: battery_level | Out-of-range value in: battery_level,NULL_VALUE|OUT_OF_RANGE,2026-09-18T06:14:29.923892+00:00
EVT0016959,BMW00908,WBA00000000000908,2026-02-28 21:10:00,23.23,69.54,-8.92,33.162522,147.916044,telemetry,DUPLICATE_RECORD,Duplicate record detected,DUPLICATE_RECORD,2026-09-18T06:14:29.923892+00:00
EVT0056918,BMW00610,WBA00000000000610,2026-07-17 15:05:00,-25.0,93.14,-9.52,52.389908,-31.613647,telemetry,OUT_OF_RANGE,Out-of-range value in: battery_level,OUT_OF_RANGE,2026-09-18T06:14:29.923892+00:00
EVT0065350,BMW00802,WBA00000000000802,2026-08-15 21:45:00,79.33,142.1,14.22,29.650405,126.017224,telemetry,DUPLICATE_RECORD,Duplicate record detected,DUPLICATE_RECORD,2026-09-18T06:14:29.923892+00:00
EVT0026244,BMW00407,WBA00000000000407,2026-04-02 02:55:00,86.7,88.11,,23.242742,-73.52619,telemetry,NULL_VALUE|OUT_OF_RANGE,Null values in: temperature | Out-of-range value in: temperature,NULL_VALUE|OUT_OF_RANGE,2026-09-18T06:14:29.923892+00:00
EVT0042105,BMW00636,WBA00000000000636,2026-05-27 04:40:00,22.16,55.44,-100.0,51.915518,-51.147298,telemetry,OUT_OF_RANGE,Out-of-range value in: temperature,OUT_OF_RANGE,2026-09-18T06:14:29.923892+00:00
EVT0018474,BMW00823,WBA00000000000823,2026-15-40 99:99:99,59.97,55.45,-7.65,35.759527,-8.129132,telemetry,INVALID_DATE,Invalid date in: timestamp,INVALID_DATE,2026-09-18T06:14:29.923892+00:00
EVT0052762,BMW00365,INVALIDVIN,2026-07-03 04:45:00,88.08,1.08,39.39,25.744397,-52.730702,telemetry,INVALID_VIN,Invalid or missing VIN,INVALID_VIN,2026-09-18T06:14:29.923892+00:00
EVT0059714,BMW00193,INVALIDVIN,2026-07-27 08:05:00,50.01,148.71,23.0,53.336472,60.539709,telemetry,INVALID_VIN,Invalid or missing VIN,INVALID_VIN,2026-09-18T06:14:29.923892+00:00
BAD00100,UNKNOWN,BADVIN,not-a-date,999.0,-50.0,999.0,999.0,999.0,telemetry,INVALID_VIN|INVALID_DATE|OUT_OF_RANGE|REFERENTIAL_INTEGRITY,"Invalid or missing VIN | Invalid date in: timestamp | Out-of-range value in: battery_level, temperature, speed | Referential integrity violation",INVALID_VIN|INVALID_DATE|OUT_OF_RANGE|REFERENTIAL_INTEGRITY,2026-09-18T06:14:29.923892+00:00
EVT0048936,BMW00177,INVALIDVIN,2026-06-19 21:55:00,17.16,32.96,15.87,46.157329,-50.922035,telemetry,INVALID_VIN,Invalid or missing VIN,INVALID_VIN,2026-09-18T06:14:29.923892+00:00
BAD00051,UNKNOWN,BADVIN,not-a-date,999.0,-50.0,999.0,999.0,999.0,telemetry,INVALID_VIN|INVALID_DATE|OUT_OF_RANGE|REFERENTIAL_INTEGRITY,"Invalid or missing VIN | Invalid date in: timestamp | Out-of-range value in: battery_level, temperature, speed | Referential integrity violation",INVALID_VIN|INVALID_DATE|OUT_OF_RANGE|REFERENTIAL_INTEGRITY,2026-09-18T06:14:29.923892+00:00
EVT0032395,,WBA00000000000248,2026-04-23 11:30:00,25.27,47.93,-4.78,44.093463,-45.698056,telemetry,NULL_VALUE|REFERENTIAL_INTEGRITY,Null values in: vehicle_id | Referential integrity violation,NULL_VALUE|REFERENTIAL_INTEGRITY,2026-09-18T06:14:29.923892+00:00
EVT0072443,BMW00547,,2026-09-09 12:50:00,30.16,88.85,-5.47,38.290468,-30.018363,telemetry,NULL_VALUE|INVALID_VIN,Null values in: vin | Invalid or missing VIN,NULL_VALUE|INVALID_VIN,2026-09-18T06:14:29.923892+00:00
EVT0027919,BMW00763,WBA00000000000763,2026-04-07 22:30:00,58.31,145.84,41.23,34.902147,-114.207079,telemetry,DUPLICATE_RECORD,Duplicate record detected,DUPLICATE_RECORD,2026-09-18T06:14:29.923892+00:00
EVT0031693,BMWX00003,WBA00000000000799,2026-04-21 01:00:00,55.27,95.58,18.0,41.799233,-0.185304,telemetry,REFERENTIAL_INTEGRITY,Referential integrity violation,REFERENTIAL_INTEGRITY,2026-09-18T06:14:29.923892+00:00
EVT0001228,BMW00657,WBA00000000000657,2026-01-05 06:15:00,27.62,72.2,-100.0,27.342021,-116.849402,telemetry,OUT_OF_RANGE,Out-of-range value in: temperature,OUT_OF_RANGE,2026-09-18T06:14:29.923892+00:00
EVT0032875,BMWX00015,WBA00000000000363,2026-04-25 03:30:00,34.04,39.05,46.52,49.837144,43.165213,telemetry,REFERENTIAL_INTEGRITY,Referential integrity violation,REFERENTIAL_INTEGRITY,2026-09-18T06:14:29.923892+00:00
EVT0031345,BMW00604,WBA00000000000604,2026-04-19 20:00:00,62.46,12.26,14.23,44.811162,74.136664,telemetry,DUPLICATE_RECORD,Duplicate record detected,DUPLICATE_RECORD,2026-09-18T06:14:29.923892+00:00
EVT0050767,BMW00507,WBA00000000000507,2026-06-26 06:30:00,88.92,101.84,34.67,30.538252,-76.184159,telemetry,DUPLICATE_RECORD,Duplicate record detected,DUPLICATE_RECORD,2026-09-18T06:14:29.923892+00:00
EVT0082909,BMW00766,WBA00000000000766,2026-10-15 21:00:00,,45.82,43.34,13.454626,-1.136834,telemetry,NULL_VALUE|OUT_OF_RANGE,Null values in: battery_level | Out-of-range value in: battery_level,NULL_VALUE|OUT_OF_RANGE,2026-09-18T06:14:29.923892+00:00
EVT0006967,BMW00613,INVALIDVIN,2026-01-25 04:30:00,30.94,49.67,47.9,18.719889,-58.963187,telemetry,INVALID_VIN,Invalid or missing VIN,INVALID_VIN,2026-09-18T06:14:29.923892+00:00
EVT0025331,BMW00474,WBA00000000000474,2026-03-29 22:50:00,58.62,115.47,27.52,9.314523,131.5622,telemetry,DUPLICATE_RECORD,Duplicate record detected,DUPLICATE_RECORD,2026-09-18T06:14:29.923892+00:00
EVT0020536,BMW00326,WBA00000000000326,2026-03-13 07:15:00,,92.82,-7.19,36.334652,-45.511846,telemetry,NULL_VALUE|OUT_OF_RANGE,Null values in: battery_level | Out-of-range value in: battery_level,NULL_VALUE|OUT_OF_RANGE,2026-09-18T06:14:29.923892+00:00
EVT0001367,,WBA00000000000827,2026-01-05 17:50:00,99.44,44.05,31.45,41.525336,86.848684,telemetry,NULL_VALUE|REFERENTIAL_INTEGRITY,Null values in: vehicle_id | Referential integrity violation,NULL_VALUE|REFERENTIAL_INTEGRITY,2026-09-18T06:14:29.923892+00:00
EVT0029510,BMW00695,WBA00000000000695,2026-04-13 11:05:00,72.32,154.79,200.0,41.940371,132.198669,telemetry,OUT_OF_RANGE,Out-of-range value in: temperature,OUT_OF_RANGE,2026-09-18T06:14:29.923892+00:00
EVT0000278,BMW00823,,2026-01-01 23:05:00,11.52,36.94,46.81,29.738429,68.071173,telemetry,NULL_VALUE|INVALID_VIN,Null values in: vin | Invalid or missing VIN,NULL_VALUE|INVALID_VIN,2026-09-18T06:14:29.923892+00:00
EVT0016639,BMW00705,WBA00000000000705,2026-02-27 18:30:00,16.61,65.39,30.19,49.03856,129.840175,telemetry,DUPLICATE_RECORD,Duplicate record detected,DUPLICATE_RECORD,2026-09-18T06:14:29.923892+00:00
EVT0016872,BMW00124,WBA00000000000124,2026-02-28 13:55:00,12.48,90.0,,53.457384,39.293326,telemetry,NULL_VALUE|OUT_OF_RANGE,Null values in: temperature | Out-of-range value in: temperature,NULL_VALUE|OUT_OF_RANGE,2026-09-18T06:14:29.923892+00:00
EVT0084189,BMW00722,WBA00000000000722,2026-15-40 99:99:99,16.02,93.8,25.07,52.320941,99.316766,telemetry,INVALID_DATE,Invalid date in: timestamp,INVALID_DATE,2026-09-18T06:14:29.923892+00:00
EVT0049675,BMW00617,INVALIDVIN,2026-06-22 11:30:00,26.18,21.18,7.45,24.100655,117.10141,telemetry,INVALID_VIN,Invalid or missing VIN,INVALID_VIN,2026-09-18T06:14:29.923892+00:00
EVT0032261,BMW00884,WBA00000000000884,2026-04-23 00:20:00,93.8,99.77,54.72,54.033327,-65.535435,telemetry,DUPLICATE_RECORD,Duplicate record detected,DUPLICATE_RECORD,2026-09-18T06:14:29.923892+00:00
EVT0081962,BMW00884,WBA00000000000884,2026-10-12 14:05:00,34.71,65.05,150.0,22.618108,-27.873671,telemetry,OUT_OF_RANGE,Out-of-range value in: temperature,OUT_OF_RANGE,2026-09-18T06:14:29.923892+00:00
EVT0029430,BMW00201,,2026-04-13 04:25:00,24.13,14.78,45.74,24.367255,-99.663441,telemetry,NULL_VALUE|INVALID_VIN,Null values in: vin | Invalid or missing VIN,NULL_VALUE|INVALID_VIN,2026-09-18T06:14:29.923892+00:00
EVT0060904,BMW00423,WBA00000000000423,2026-07-31 11:15:00,180.0,128.59,49.98,33.123955,-23.148117,telemetry,OUT_OF_RANGE,Out-of-range value in: battery_level,OUT_OF_RANGE,2026-09-18T06:14:29.923892+00:00
EVT0094564,BMWX00163,WBA00000000000627,2026-11-25 08:15:00,22.13,80.8,-9.6,15.681728,30.017284,telemetry,REFERENTIAL_INTEGRITY,Referential integrity violation,REFERENTIAL_INTEGRITY,2026-09-18T06:14:29.923892+00:00
EVT0069758,BMW00865,WBA00000000000865,2026-15-40 99:99:99,89.18,9.42,32.69,54.017138,123.390639,telemetry,INVALID_DATE,Invalid date in: timestamp,INVALID_DATE,2026-09-18T06:14:29.923892+00:00
EVT0025883,BMW00970,WBA00000000000970,2026-15-40 99:99:99,24.13,29.35,6.41,19.694698,-117.875516,telemetry,INVALID_DATE,Invalid date in: timestamp,INVALID_DATE,2026-09-18T06:14:29.923892+00:00
EVT0027544,BMW00993,WBA00000000000993,2026-04-06 15:15:00,52.42,116.48,41.58,22.734213,-37.124128,telemetry,DUPLICATE_RECORD,Duplicate record detected,DUPLICATE_RECORD,2026-09-18T06:14:29.923892+00:00
EVT0041762,BMW00649,WBA00000000000649,2026-05-26 00:05:00,59.59,122.51,,19.758132,106.450656,telemetry,NULL_VALUE|OUT_OF_RANGE,Null values in: temperature | Out-of-range value in: temperature,NULL_VALUE|OUT_OF_RANGE,2026-09-18T06:14:29.923892+00:00
EVT0015991,BMW00782,WBA00000000000782,2026-02-25 12:30:00,,122.47,41.53,40.619973,119.309094,telemetry,NULL_VALUE|OUT_OF_RANGE,Null values in: battery_level | Out-of-range value in: battery_level,NULL_VALUE|OUT_OF_RANGE,2026-09-18T06:14:29.923892+00:00
EVT0006446,,WBA00000000000069,2026-01-23 09:05:00,42.83,105.69,12.36,9.599282,105.602522,telemetry,NULL_VALUE|REFERENTIAL_INTEGRITY,Null values in: vehicle_id | Referential integrity violation,NULL_VALUE|REFERENTIAL_INTEGRITY,2026-09-18T06:14:29.923892+00:00
EVT0067308,BMW00184,WBA00000000000184,2026-08-22 16:55:00,,120.64,6.11,17.736963,-40.43346,telemetry,NULL_VALUE|OUT_OF_RANGE,Null values in: battery_level | Out-of-range value in: battery_level,NULL_VALUE|OUT_OF_RANGE,2026-09-18T06:14:29.923892+00:00
EVT0096589,BMW00930,WBA00000000000930,2026-12-02 09:00:00,85.06,10.72,-100.0,19.929207,77.066801,telemetry,OUT_OF_RANGE,Out-of-range value in: temperature,OUT_OF_RANGE,2026-09-18T06:14:29.923892+00:00
EVT0018242,BMW00787,WBA00000000000787,2026-03-05 08:05:00,94.55,80.08,-0.13,30.674932,52.018843,telemetry,DUPLICATE_RECORD,Duplicate record detected,DUPLICATE_RECORD,2026-09-18T06:14:29.923892+00:00
EVT0093104,BMW00044,,2026-11-20 06:35:00,93.63,151.67,52.71,24.490621,-15.447516,telemetry,NULL_VALUE|INVALID_VIN,Null values in: vin | Invalid or missing VIN,NULL_VALUE|INVALID_VIN,2026-09-18T06:14:29.923892+00:00
EVT0087357,BMW00062,INVALIDVIN,2026-10-31 07:40:00,54.11,96.93,7.55,26.972264,-73.170794,telemetry,INVALID_VIN,Invalid or missing VIN,INVALID_VIN,2026-09-18T06:14:29.923892+00:00
EVT0061644,BMW00072,WBA00000000000072,2026-08-03 00:55:00,74.17,37.42,,31.763392,15.572461,telemetry,NULL_VALUE|OUT_OF_RANGE,Null values in: temperature | Out-of-range value in: temperature,NULL_VALUE|OUT_OF_RANGE,2026-09-18T06:14:29.923892+00:00
EVT0062563,BMWX00051,WBA00000000000249,2026-08-06 05:30:00,86.37,14.11,33.34,19.300377,32.707462,telemetry,REFERENTIAL_INTEGRITY,Referential integrity violation,REFERENTIAL_INTEGRITY,2026-09-18T06:14:29.923892+00:00
EVT0067826,BMW00401,INVALIDVIN,2026-08-24 12:05:00,81.9,125.71,45.82,37.685632,-69.990034,telemetry,INVALID_VIN,Invalid or missing VIN,INVALID_VIN,2026-09-18T06:14:29.923892+00:00
EVT0020500,BMW00340,,2026-03-13 04:15:00,65.57,30.02,-8.93,46.311969,18.550314,telemetry,NULL_VALUE|INVALID_VIN,Null values in: vin | Invalid or missing VIN,NULL_VALUE|INVALID_VIN,2026-09-18T06:14:29.923892+00:00
EVT0013425,,WBA00000000000702,2026-02-16 14:40:00,91.56,63.93,40.12,36.804787,-34.813077,telemetry,NULL_VALUE|REFERENTIAL_INTEGRITY,Null values in: vehicle_id | Referential integrity violation,NULL_VALUE|REFERENTIAL_INTEGRITY,2026-09-18T06:14:29.923892+00:00
EVT0062677,BMW00617,WBA00000000000617,2026-08-06 15:00:00,43.07,25.62,-100.0,51.990097,-117.326109,telemetry,OUT_OF_RANGE,Out-of-range value in: temperature,OUT_OF_RANGE,2026-09-18T06:14:29.923892+00:00
EVT0051382,BMW00801,,2026-06-28 09:45:00,89.28,140.5,2.03,16.343284,92.387932,telemetry,NULL_VALUE|INVALID_VIN,Null values in: vin | Invalid or missing VIN,NULL_VALUE|INVALID_VIN,2026-09-18T06:14:29.923892+00:00
EVT0084611,BMW00795,WBA00000000000795,2026-10-21 18:50:00,67.32,67.79,26.55,50.575869,138.536705,telemetry,DUPLICATE_RECORD,Duplicate record detected,DUPLICATE_RECORD,2026-09-18T06:14:29.923892+00:00
EVT0071547,BMW00386,WBA00000000000386,2026-09-06 10:10:00,,37.79,53.7,13.542672,-52.695556,telemetry,NULL_VALUE|OUT_OF_RANGE,Null values in: battery_level | Out-of-range value in: battery_level,NULL_VALUE|OUT_OF_RANGE,2026-09-18T06:14:29.923892+00:00
EVT0051403,BMW00042,,2026-06-28 11:30:00,91.93,71.9,5.13,11.33764,-60.98904,telemetry,NULL_VALUE|INVALID_VIN,Null values in: vin | Invalid or missing VIN,NULL_VALUE|INVALID_VIN,2026-09-18T06:14:29.923892+00:00
EVT0056729,BMWX00174,WBA00000000000767,2026-07-16 23:20:00,16.11,141.17,29.77,29.537835,42.738216,telemetry,REFERENTIAL_INTEGRITY,Referential integrity violation,REFERENTIAL_INTEGRITY,2026-09-18T06:14:29.923892+00:00
EVT0093729,BMW00712,WBA00000000000712,2026-15-40 99:99:99,81.87,66.78,30.98,41.163975,133.613596,telemetry,INVALID_DATE,Invalid date in: timestamp,INVALID_DATE,2026-09-18T06:14:29.923892+00:00
EVT0003557,BMW00897,,2026-01-13 08:20:00,67.91,86.75,14.96,44.585557,86.631171,telemetry,NULL_VALUE|INVALID_VIN,Null values in: vin | Invalid or missing VIN,NULL_VALUE|INVALID_VIN,2026-09-18T06:14:29.923892+00:00
EVT0096365,BMW00619,WBA00000000000619,2026-12-01 14:20:00,83.42,155.88,,35.785509,-30.979152,telemetry,NULL_VALUE|OUT_OF_RANGE,Null values in: temperature | Out-of-range value in: temperature,NULL_VALUE|OUT_OF_RANGE,2026-09-18T06:14:29.923892+00:00
EVT0029384,,WBA00000000000515,2026-04-13 00:35:00,34.22,133.7,43.97,40.89428,89.637669,telemetry,NULL_VALUE|REFERENTIAL_INTEGRITY,Null values in: vehicle_id | Referential integrity violation,NULL_VALUE|REFERENTIAL_INTEGRITY,2026-09-18T06:14:29.923892+00:00
EVT0015478,BMW00360,INVALIDVIN,2026-02-23 17:45:00,32.27,16.64,38.28,51.439493,29.831998,telemetry,INVALID_VIN,Invalid or missing VIN,INVALID_VIN,2026-09-18T06:14:29.923892+00:00
EVT0080266,BMW00862,,2026-10-06 16:45:00,83.41,26.48,5.04,43.382955,-43.166936,telemetry,NULL_VALUE|INVALID_VIN,Null values in: vin | Invalid or missing VIN,NULL_VALUE|INVALID_VIN,2026-09-18T06:14:29.923892+00:00
EVT0033899,BMW00151,,2026-04-28 16:50:00,60.28,48.92,52.14,23.414862,85.669975,telemetry,NULL_VALUE|INVALID_VIN,Null values in: vin | Invalid or missing VIN,NULL_VALUE|INVALID_VIN,2026-09-18T06:14:29.923892+00:00
EVT0029157,BMW00713,WBA00000000000713,2026-15-40 99:99:99,58.33,56.12,39.65,20.881545,45.777259,telemetry,INVALID_DATE,Invalid date in: timestamp,INVALID_DATE,2026-09-18T06:14:29.923892+00:00
EVT0048998,BMW00087,,2026-06-20 03:05:00,76.26,147.04,40.12,24.56231,127.791016,telemetry,NULL_VALUE|INVALID_VIN,Null values in: vin | Invalid or missing VIN,NULL_VALUE|INVALID_VIN,2026-09-18T06:14:29.923892+00:00
EVT0057007,BMW00817,,2026-07-17 22:30:00,64.35,21.9,51.64,44.838893,4.334432,telemetry,NULL_VALUE|INVALID_VIN,Null values in: vin | Invalid or missing VIN,NULL_VALUE|INVALID_VIN,2026-09-18T06:14:29.923892+00:00
EVT0058222,BMW00558,WBA00000000000558,2026-07-22 03:45:00,23.53,18.12,200.0,35.37251,110.215652,telemetry,OUT_OF_RANGE,Out-of-range value in: temperature,OUT_OF_RANGE,2026-09-18T06:14:29.923892+00:00
EVT0059213,BMW00032,,2026-07-25 14:20:00,27.98,47.37,32.23,24.783074,115.130725,telemetry,NULL_VALUE|INVALID_VIN,Null values in: vin | Invalid or missing VIN,NULL_VALUE|INVALID_VIN,2026-09-18T06:14:29.923892+00:00
EVT0051741,BMW00517,,2026-06-29 15:40:00,67.47,78.91,1.12,37.863441,119.334838,telemetry,NULL_VALUE|INVALID_VIN,Null values in: vin | Invalid or missing VIN,NULL_VALUE|INVALID_VIN,2026-09-18T06:14:29.923892+00:00
EVT0005014,BMW00775,WBA00000000000775,2026-01-18 09:45:00,-10.0,82.76,-6.5,54.073064,119.745438,telemetry,OUT_OF_RANGE,Out-of-range value in: battery_level,OUT_OF_RANGE,2026-09-18T06:14:29.923892+00:00
EVT0082234,BMW00194,WBA00000000000194,2026-10-13 12:45:00,26.88,94.78,,22.920145,38.140943,telemetry,NULL_VALUE|OUT_OF_RANGE,Null values in: temperature | Out-of-range value in: temperature,NULL_VALUE|OUT_OF_RANGE,2026-09-18T06:14:29.923892+00:00
EVT0044182,BMW00498,WBA00000000000498,2026-06-03 09:45:00,70.1,136.68,,18.453855,2.661112,telemetry,NULL_VALUE|OUT_OF_RANGE,Null values in: temperature | Out-of-range value in: temperature,NULL_VALUE|OUT_OF_RANGE,2026-09-18T06:14:29.923892+00:00
EVT0018934,BMW00721,,2026-03-07 17:45:00,89.87,119.83,32.6,21.816236,96.994785,telemetry,NULL_VALUE|INVALID_VIN,Null values in: vin | Invalid or missing VIN,NULL_VALUE|INVALID_VIN,2026-09-18T06:14:29.923892+00:00
EVT0084043,,WBA00000000000922,2026-10-19 19:30:00,67.01,43.91,47.13,26.395391,106.364845,telemetry,NULL_VALUE|REFERENTIAL_INTEGRITY,Null values in: vehicle_id | Referential integrity violation,NULL_VALUE|REFERENTIAL_INTEGRITY,2026-09-18T06:14:29.923892+00:00
EVT0023628,,WBA00000000000483,2026-03-24 00:55:00,76.96,60.43,15.6,27.096376,97.006145,telemetry,NULL_VALUE|REFERENTIAL_INTEGRITY,Null values in: vehicle_id | Referential integrity violation,NULL_VALUE|REFERENTIAL_INTEGRITY,2026-09-18T06:14:29.923892+00:00
EVT0031379,BMWX00162,WBA00000000000227,2026-04-19 22:50:00,89.89,80.88,6.59,34.943155,122.255942,telemetry,REFERENTIAL_INTEGRITY,Referential integrity violation,REFERENTIAL_INTEGRITY,2026-09-18T06:14:29.923892+00:00
EVT0059590,BMW00103,WBA00000000000103,2026-07-26 21:45:00,,6.6,34.94,31.493011,43.498164,telemetry,NULL_VALUE|OUT_OF_RANGE,Null values in: battery_level | Out-of-range value in: battery_level,NULL_VALUE|OUT_OF_RANGE,2026-09-18T06:14:29.923892+00:00
EVT0080620,BMW00964,WBA00000000000964,2026-15-40 99:99:99,48.91,131.72,42.09,33.051825,-31.517503,telemetry,INVALID_DATE,Invalid date in: timestamp,INVALID_DATE,2026-09-18T06:14:29.923892+00:00
EVT0031096,BMW00536,INVALIDVIN,2026-04-18 23:15:00,43.32,65.18,50.62,27.91184,-102.596442,telemetry,INVALID_VIN,Invalid or missing VIN,INVALID_VIN,2026-09-18T06:14:29.923892+00:00
EVT0017283,BMW00103,WBA00000000000103,2026-03-02 00:10:00,14.15,149.75,,19.238294,106.402603,telemetry,NULL_VALUE|OUT_OF_RANGE,Null values in: temperature | Out-of-range value in: temperature,NULL_VALUE|OUT_OF_RANGE,2026-09-18T06:14:29.923892+00:00
EVT0095845,,WBA00000000000514,2026-11-29 19:00:00,38.43,142.56,14.51,37.944202,-14.739377,telemetry,NULL_VALUE|REFERENTIAL_INTEGRITY,Null values in: vehicle_id | Referential integrity violation,NULL_VALUE|REFERENTIAL_INTEGRITY,2026-09-18T06:14:29.923892+00:00
EVT0070948,BMWX00060,WBA00000000000119,2026-09-04 08:15:00,55.18,70.24,47.15,25.608103,-58.450514,telemetry,REFERENTIAL_INTEGRITY,Referential integrity violation,REFERENTIAL_INTEGRITY,2026-09-18T06:14:29.923892+00:00
EVT0054771,BMW00536,,2026-07-10 04:10:00,60.35,18.56,36.53,23.418085,-41.454984,telemetry,NULL_VALUE|INVALID_VIN,Null values in: vin | Invalid or missing VIN,NULL_VALUE|INVALID_VIN,2026-09-18T06:14:29.923892+00:00
EVT0007626,BMW00953,,2026-01-27 11:25:00,93.59,18.03,50.43,22.211702,35.964078,telemetry,NULL_VALUE|INVALID_VIN,Null values in: vin | Invalid or missing VIN,NULL_VALUE|INVALID_VIN,2026-09-18T06:14:29.923892+00:00
EVT0007655,BMW00748,WBA00000000000748,2026-01-27 13:50:00,72.15,76.47,200.0,24.729576,13.50828,telemetry,OUT_OF_RANGE,Out-of-range value in: temperature,OUT_OF_RANGE,2026-09-18T06:14:29.923892+00:00
EVT0050586,BMWX00123,WBA00000000000152,2026-06-25 15:25:00,52.63,91.25,18.75,25.545727,31.069255,telemetry,REFERENTIAL_INTEGRITY,Referential integrity violation,REFERENTIAL_INTEGRITY,2026-09-18T06:14:29.923892+00:00
EVT0017605,BMW00555,WBA00000000000555,2026-03-03 03:00:00,,7.49,46.28,14.835273,90.722386,telemetry,NULL_VALUE|OUT_OF_RANGE,Null values in: battery_level | Out-of-range value in: battery_level,NULL_VALUE|OUT_OF_RANGE,2026-09-18T06:14:29.923892+00:00
EVT0033609,BMW00696,WBA00000000000696,2026-04-27 16:40:00,13.35,110.0,37.43,8.201328,111.744477,telemetry,DUPLICATE_RECORD,Duplicate record detected,DUPLICATE_RECORD,2026-09-18T06:14:29.923892+00:00
EVT0083409,BMW00098,WBA00000000000098,2026-10-17 14:40:00,180.0,110.6,37.45,9.223341,-102.585576,telemetry,OUT_OF_RANGE,Out-of-range value in: battery_level,OUT_OF_RANGE,2026-09-18T06:14:29.923892+00:00
EVT0075345,BMW00870,WBA00000000000870,2026-15-40 99:99:99,29.46,21.84,35.12,53.840414,52.596179,telemetry,INVALID_DATE,Invalid date in: timestamp,INVALID_DATE,2026-09-18T06:14:29.923892+00:00
EVT0093063,,WBA00000000000872,2026-11-20 03:10:00,31.74,155.83,11.65,40.89625,-48.538867,telemetry,NULL_VALUE|REFERENTIAL_INTEGRITY,Null values in: vehicle_id | Referential integrity violation,NULL_VALUE|REFERENTIAL_INTEGRITY,2026-09-18T06:14:29.923892+00:00
EVT0014160,BMWX00043,WBA00000000000074,2026-02-19 03:55:00,30.32,70.84,29.72,12.91567,-24.908676,telemetry,REFERENTIAL_INTEGRITY,Referential integrity violation,REFERENTIAL_INTEGRITY,2026-09-18T06:14:29.923892+00:00
EVT0069282,BMWX00096,WBA00000000000075,2026-08-29 13:25:00,48.64,151.62,7.97,25.279951,89.30401,telemetry,REFERENTIAL_INTEGRITY,Referential integrity violation,REFERENTIAL_INTEGRITY,2026-09-18T06:14:29.923892+00:00
EVT0048718,BMW00955,INVALIDVIN,2026-06-19 03:45:00,86.7,102.27,-1.83,42.111543,35.814844,telemetry,INVALID_VIN,Invalid or missing VIN,INVALID_VIN,2026-09-18T06:14:29.923892+00:00
EVT0081144,BMW00333,WBA00000000000333,2026-10-09 17:55:00,12.29,31.69,27.49,9.310387,88.946883,telemetry,DUPLICATE_RECORD,Duplicate record detected,DUPLICATE_RECORD,2026-09-18T06:14:29.923892+00:00
EVT0071758,BMW00125,WBA00000000000125,2026-09-07 03:45:00,62.08,150.66,20.57,19.178126,128.578472,telemetry,DUPLICATE_RECORD,Duplicate record detected,DUPLICATE_RECORD,2026-09-18T06:14:29.923892+00:00
BAD00093,UNKNOWN,BADVIN,not-a-date,999.0,-50.0,999.0,999.0,999.0,telemetry,INVALID_VIN|INVALID_DATE|OUT_OF_RANGE|REFERENTIAL_INTEGRITY,"Invalid or missing VIN | Invalid date in: timestamp | Out-of-range value in: battery_level, temperature, speed | Referential integrity violation",INVALID_VIN|INVALID_DATE|OUT_OF_RANGE|REFERENTIAL_INTEGRITY,2026-09-18T06:14:29.923892+00:00
BAD00040,UNKNOWN,BADVIN,not-a-date,999.0,-50.0,999.0,999.0,999.0,telemetry,INVALID_VIN|INVALID_DATE|OUT_OF_RANGE|REFERENTIAL_INTEGRITY,"Invalid or missing VIN | Invalid date in: timestamp | Out-of-range value in: battery_level, temperature, speed | Referential integrity violation",INVALID_VIN|INVALID_DATE|OUT_OF_RANGE|REFERENTIAL_INTEGRITY,2026-09-18T06:14:29.923892+00:00
EVT0088808,BMW00846,WBA00000000000846,2026-11-05 08:35:00,47.9,0.82,47.62,41.66727,81.345486,telemetry,DUPLICATE_RECORD,Duplicate record detected,DUPLICATE_RECORD,2026-09-18T06:14:29.923892+00:00
EVT0082513,BMWX00172,WBA00000000000636,2026-10-14 12:00:00,27.73,117.4,22.96,27.604111,69.875966,telemetry,REFERENTIAL_INTEGRITY,Referential integrity violation,REFERENTIAL_INTEGRITY,2026-09-18T06:14:29.923892+00:00
EVT0007130,BMW00333,WBA00000000000333,2026-01-25 18:05:00,98.44,10.31,-5.39,26.662078,62.505585,telemetry,DUPLICATE_RECORD,Duplicate record detected,DUPLICATE_RECORD,2026-09-18T06:14:29.923892+00:00
EVT0067452,BMW00283,WBA00000000000283,2026-15-40 99:99:99,13.82,84.15,36.38,32.721094,62.630446,telemetry,INVALID_DATE,Invalid date in: timestamp,INVALID_DATE,2026-09-18T06:14:29.923892+00:00
EVT0065273,BMW00366,WBA00000000000366,2026-15-40 99:99:99,35.11,68.92,-7.72,54.94485,82.106931,telemetry,INVALID_DATE,Invalid date in: timestamp,INVALID_DATE,2026-09-18T06:14:29.923892+00:00
EVT0083616,BMW00102,WBA00000000000102,2026-10-18 07:55:00,180.0,67.49,9.91,37.389275,149.730271,telemetry,OUT_OF_RANGE,Out-of-range value in: battery_level,OUT_OF_RANGE,2026-09-18T06:14:29.923892+00:00
EVT0042142,,WBA00000000000986,2026-05-27 07:45:00,65.09,112.62,26.05,29.881007,-55.523847,telemetry,NULL_VALUE|DUPLICATE_RECORD|REFERENTIAL_INTEGRITY,Null values in: vehicle_id | Duplicate record detected | Referential integrity violation,NULL_VALUE|DUPLICATE_RECORD|REFERENTIAL_INTEGRITY,2026-09-18T06:14:29.923892+00:00
EVT0033649,BMW00204,INVALIDVIN,2026-04-27 20:00:00,86.54,20.21,23.65,40.702174,112.031273,telemetry,INVALID_VIN,Invalid or missing VIN,INVALID_VIN,2026-09-18T06:14:29.923892+00:00
EVT0004784,BMW00281,,2026-01-17 14:35:00,86.77,133.56,3.76,33.897468,49.823235,telemetry,NULL_VALUE|INVALID_VIN,Null values in: vin | Invalid or missing VIN,NULL_VALUE|INVALID_VIN,2026-09-18T06:14:29.923892+00:00
EVT0014406,BMW00978,WBA00000000000978,2026-02-20 00:25:00,180.0,66.92,35.47,24.870139,113.392812,telemetry,OUT_OF_RANGE,Out-of-range value in: battery_level,OUT_OF_RANGE,2026-09-18T06:14:29.923892+00:00
EVT0091888,,WBA00000000000310,2026-11-16 01:15:00,36.64,91.89,8.44,43.809073,93.730602,telemetry,NULL_VALUE|REFERENTIAL_INTEGRITY,Null values in: vehicle_id | Referential integrity violation,NULL_VALUE|REFERENTIAL_INTEGRITY,2026-09-18T06:14:29.923892+00:00
EVT0049004,BMW00363,INVALIDVIN,2026-06-20 03:35:00,66.8,72.16,20.24,33.672612,42.688953,telemetry,INVALID_VIN,Invalid or missing VIN,INVALID_VIN,2026-09-18T06:14:29.923892+00:00
EVT0065596,BMW00273,,2026-08-16 18:15:00,64.83,82.39,-4.84,13.495119,-90.668188,telemetry,NULL_VALUE|INVALID_VIN,Null values in: vin | Invalid or missing VIN,NULL_VALUE|INVALID_VIN,2026-09-18T06:14:29.923892+00:00
EVT0076037,BMW00512,WBA00000000000512,2026-15-40 99:99:99,10.63,97.6,51.93,8.994611,-52.239486,telemetry,INVALID_DATE,Invalid date in: timestamp,INVALID_DATE,2026-09-18T06:14:29.923892+00:00
EVT0003808,BMWX00083,WBA00000000000274,2026-01-14 05:15:00,19.32,30.39,41.84,39.732869,67.342584,telemetry,REFERENTIAL_INTEGRITY,Referential integrity violation,REFERENTIAL_INTEGRITY,2026-09-18T06:14:29.923892+00:00
BAD00058,UNKNOWN,BADVIN,not-a-date,999.0,-50.0,999.0,999.0,999.0,telemetry,INVALID_VIN|INVALID_DATE|OUT_OF_RANGE|REFERENTIAL_INTEGRITY,"Invalid or missing VIN | Invalid date in: timestamp | Out-of-range value in: battery_level, temperature, speed | Referential integrity violation",INVALID_VIN|INVALID_DATE|OUT_OF_RANGE|REFERENTIAL_INTEGRITY,2026-09-18T06:14:29.923892+00:00
EVT0071229,,WBA00000000000344,2026-09-05 07:40:00,92.41,44.22,6.4,52.148401,-64.132826,telemetry,NULL_VALUE|REFERENTIAL_INTEGRITY,Null values in: vehicle_id | Referential integrity violation,NULL_VALUE|REFERENTIAL_INTEGRITY,2026-09-18T06:14:29.923892+00:00
BAD00094,UNKNOWN,BADVIN,not-a-date,999.0,-50.0,999.0,999.0,999.0,telemetry,INVALID_VIN|INVALID_DATE|OUT_OF_RANGE|REFERENTIAL_INTEGRITY,"Invalid or missing VIN | Invalid date in: timestamp | Out-of-range value in: battery_level, temperature, speed | Referential integrity violation",INVALID_VIN|INVALID_DATE|OUT_OF_RANGE|REFERENTIAL_INTEGRITY,2026-09-18T06:14:29.923892+00:00
EVT0062375,BMW00263,WBA00000000000263,2026-15-40 99:99:99,25.47,48.04,37.95,43.395536,134.62596,telemetry,INVALID_DATE,Invalid date in: timestamp,INVALID_DATE,2026-09-18T06:14:29.923892+00:00
EVT0034012,BMW00526,WBA00000000000526,2026-15-40 99:99:99,57.87,152.76,40.77,40.247215,89.66139,telemetry,INVALID_DATE,Invalid date in: timestamp,INVALID_DATE,2026-09-18T06:14:29.923892+00:00
BAD00032,UNKNOWN,BADVIN,not-a-date,999.0,-50.0,999.0,999.0,999.0,telemetry,INVALID_VIN|INVALID_DATE|OUT_OF_RANGE|REFERENTIAL_INTEGRITY,"Invalid or missing VIN | Invalid date in: timestamp | Out-of-range value in: battery_level, temperature, speed | Referential integrity violation",INVALID_VIN|INVALID_DATE|OUT_OF_RANGE|REFERENTIAL_INTEGRITY,2026-09-18T06:14:29.923892+00:00
EVT0036734,BMW00203,WBA00000000000203,2026-05-08 13:05:00,98.07,39.54,38.11,40.393658,-85.782333,telemetry,DUPLICATE_RECORD,Duplicate record detected,DUPLICATE_RECORD,2026-09-18T06:14:29.923892+00:00
EVT0064740,,WBA00000000000202,2026-08-13 18:55:00,20.31,155.7,-8.82,39.363124,93.303163,telemetry,NULL_VALUE|REFERENTIAL_INTEGRITY,Null values in: vehicle_id | Referential integrity violation,NULL_VALUE|REFERENTIAL_INTEGRITY,2026-09-18T06:14:29.923892+00:00
EVT0010611,BMW00749,WBA00000000000749,2026-02-06 20:10:00,,145.23,6.2,14.274305,-74.726327,telemetry,NULL_VALUE|OUT_OF_RANGE,Null values in: battery_level | Out-of-range value in: battery_level,NULL_VALUE|OUT_OF_RANGE,2026-09-18T06:14:29.923892+00:00
EVT0025360,BMW00225,WBA00000000000225,2026-03-30 01:15:00,73.17,80.7,,27.379931,20.481005,telemetry,NULL_VALUE|OUT_OF_RANGE,Null values in: temperature | Out-of-range value in: temperature,NULL_VALUE|OUT_OF_RANGE,2026-09-18T06:14:29.923892+00:00
BAD00005,UNKNOWN,BADVIN,not-a-date,999.0,-50.0,999.0,999.0,999.0,telemetry,INVALID_VIN|INVALID_DATE|OUT_OF_RANGE|REFERENTIAL_INTEGRITY,"Invalid or missing VIN | Invalid date in: timestamp | Out-of-range value in: battery_level, temperature, speed | Referential integrity violation",INVALID_VIN|INVALID_DATE|OUT_OF_RANGE|REFERENTIAL_INTEGRITY,2026-09-18T06:14:29.923892+00:00
EVT0018208,,WBA00000000000994,2026-03-05 05:15:00,53.9,110.0,-1.15,14.76462,89.580413,telemetry,NULL_VALUE|REFERENTIAL_INTEGRITY,Null values in: vehicle_id | Referential integrity violation,NULL_VALUE|REFERENTIAL_INTEGRITY,2026-09-18T06:14:29.923892+00:00
EVT0054213,BMW00098,WBA00000000000098,2026-07-08 05:40:00,150.0,84.07,-6.21,27.176729,17.588843,telemetry,OUT_OF_RANGE,Out-of-range value in: battery_level,OUT_OF_RANGE,2026-09-18T06:14:29.923892+00:00
EVT0042453,BMW00022,WBA00000000000022,2026-05-28 09:40:00,,96.7,7.96,34.984496,122.016382,telemetry,NULL_VALUE|OUT_OF_RANGE,Null values in: battery_level | Out-of-range value in: battery_level,NULL_VALUE|OUT_OF_RANGE,2026-09-18T06:14:29.923892+00:00
EVT0076363,BMW00049,WBA00000000000049,2026-09-23 03:30:00,81.29,3.63,-100.0,21.739101,-56.014068,telemetry,OUT_OF_RANGE,Out-of-range value in: temperature,OUT_OF_RANGE,2026-09-18T06:14:29.923892+00:00
EVT0091913,BMW00746,WBA00000000000746,2026-11-16 03:20:00,54.75,28.68,18.93,26.9462,-46.036653,telemetry,DUPLICATE_RECORD,Duplicate record detected,DUPLICATE_RECORD,2026-09-18T06:14:29.923892+00:00
BAD00054,UNKNOWN,BADVIN,not-a-date,999.0,-50.0,999.0,999.0,999.0,telemetry,INVALID_VIN|INVALID_DATE|OUT_OF_RANGE|REFERENTIAL_INTEGRITY,"Invalid or missing VIN | Invalid date in: timestamp | Out-of-range value in: battery_level, temperature, speed | Referential integrity violation",INVALID_VIN|INVALID_DATE|OUT_OF_RANGE|REFERENTIAL_INTEGRITY,2026-09-18T06:14:29.923892+00:00
EVT0087843,BMW00188,,2026-11-02 00:10:00,33.22,22.34,4.28,53.974306,-31.852895,telemetry,NULL_VALUE|INVALID_VIN,Null values in: vin | Invalid or missing VIN,NULL_VALUE|INVALID_VIN,2026-09-18T06:14:29.923892+00:00
EVT0017783,BMW00416,WBA00000000000416,2026-03-03 17:50:00,98.43,122.81,,19.340514,118.271531,telemetry,NULL_VALUE|OUT_OF_RANGE,Null values in: temperature | Out-of-range value in: temperature,NULL_VALUE|OUT_OF_RANGE,2026-09-18T06:14:29.923892+00:00
EVT0014107,BMW00030,WBA00000000000030,2026-02-18 23:30:00,55.7,78.83,41.7,30.456256,-82.913771,telemetry,DUPLICATE_RECORD,Duplicate record detected,DUPLICATE_RECORD,2026-09-18T06:14:29.923892+00:00
EVT0026304,BMW00758,WBA00000000000758,2026-04-02 07:55:00,25.64,118.71,17.08,18.360913,137.427288,telemetry,DUPLICATE_RECORD,Duplicate record detected,DUPLICATE_RECORD,2026-09-18T06:14:29.923892+00:00
EVT0011750,BMW00636,,2026-02-10 19:05:00,67.3,49.13,-4.91,23.350618,128.527179,telemetry,NULL_VALUE|INVALID_VIN,Null values in: vin | Invalid or missing VIN,NULL_VALUE|INVALID_VIN,2026-09-18T06:14:29.923892+00:00
EVT0098435,BMW00414,WBA00000000000414,2026-12-08 18:50:00,31.66,37.32,51.99,47.465381,-108.939142,telemetry,DUPLICATE_RECORD,Duplicate record detected,DUPLICATE_RECORD,2026-09-18T06:14:29.923892+00:00
EVT0078044,BMW00972,WBA00000000000972,2026-09-28 23:35:00,98.18,21.69,-6.13,47.117765,99.668095,telemetry,DUPLICATE_RECORD,Duplicate record detected,DUPLICATE_RECORD,2026-09-18T06:14:29.923892+00:00
EVT0027382,BMW00276,WBA00000000000276,2026-04-06 01:45:00,25.6,32.27,47.34,52.657838,57.977867,telemetry,DUPLICATE_RECORD,Duplicate record detected,DUPLICATE_RECORD,2026-09-18T06:14:29.923892+00:00
EVT0013771,BMW00749,WBA00000000000749,2026-02-17 19:30:00,,55.06,-3.62,50.469376,134.2625,telemetry,NULL_VALUE|OUT_OF_RANGE,Null values in: battery_level | Out-of-range value in: battery_level,NULL_VALUE|OUT_OF_RANGE,2026-09-18T06:14:29.923892+00:00
EVT0084921,,WBA00000000000962,2026-10-22 20:40:00,61.21,36.34,45.79,27.564224,123.190664,telemetry,NULL_VALUE|REFERENTIAL_INTEGRITY,Null values in: vehicle_id | Referential integrity violation,NULL_VALUE|REFERENTIAL_INTEGRITY,2026-09-18T06:14:29.923892+00:00
EVT0009775,BMW00777,WBA00000000000777,2026-02-03 22:30:00,180.0,64.23,42.33,22.559709,40.885457,telemetry,OUT_OF_RANGE,Out-of-range value in: battery_level,OUT_OF_RANGE,2026-09-18T06:14:29.923892+00:00
EVT0002781,BMW00513,WBA00000000000513,2026-01-10 15:40:00,52.01,114.03,-80.0,25.71586,127.288461,telemetry,OUT_OF_RANGE,Out-of-range value in: temperature,OUT_OF_RANGE,2026-09-18T06:14:29.923892+00:00
EVT0060570,BMW00557,WBA00000000000557,2026-07-30 07:25:00,,53.31,50.1,31.021333,112.445777,telemetry,NULL_VALUE|OUT_OF_RANGE,Null values in: battery_level | Out-of-range value in: battery_level,NULL_VALUE|OUT_OF_RANGE,2026-09-18T06:14:29.923892+00:00
EVT0088302,BMW00549,WBA00000000000549,2026-11-03 14:25:00,77.83,61.41,150.0,31.168028,93.53435,telemetry,OUT_OF_RANGE,Out-of-range value in: temperature,OUT_OF_RANGE,2026-09-18T06:14:29.923892+00:00
EVT0004183,BMW00872,WBA00000000000872,2026-15-40 99:99:99,83.83,123.66,6.62,21.768877,35.14842,telemetry,INVALID_DATE,Invalid date in: timestamp,INVALID_DATE,2026-09-18T06:14:29.923892+00:00
EVT0015343,BMW00959,WBA00000000000959,2026-02-23 06:30:00,-10.0,122.68,40.15,32.569742,-45.212032,telemetry,OUT_OF_RANGE,Out-of-range value in: battery_level,OUT_OF_RANGE,2026-09-18T06:14:29.923892+00:00
EVT0075036,BMW00144,WBA00000000000144,2026-15-40 99:99:99,28.09,64.37,-2.04,22.354991,-14.935467,telemetry,INVALID_DATE,Invalid date in: timestamp,INVALID_DATE,2026-09-18T06:14:29.923892+00:00
EVT0030903,BMW00757,WBA00000000000757,2026-04-18 07:10:00,25.05,122.59,-4.15,10.078589,15.698235,telemetry,DUPLICATE_RECORD,Duplicate record detected,DUPLICATE_RECORD,2026-09-18T06:14:29.923892+00:00
EVT0073335,BMW00231,WBA00000000000231,2026-09-12 15:10:00,180.0,94.56,18.78,54.751167,18.115396,telemetry,OUT_OF_RANGE,Out-of-range value in: battery_level,OUT_OF_RANGE,2026-09-18T06:14:29.923892+00:00
EVT0036291,BMW00282,WBA00000000000282,2026-05-07 00:10:00,28.05,127.11,29.23,15.911594,87.082258,telemetry,DUPLICATE_RECORD,Duplicate record detected,DUPLICATE_RECORD,2026-09-18T06:14:29.923892+00:00
EVT0093622,BMW00424,WBA00000000000424,2026-11-22 01:45:00,44.74,20.37,30.88,13.162402,31.693996,telemetry,DUPLICATE_RECORD,Duplicate record detected,DUPLICATE_RECORD,2026-09-18T06:14:29.923892+00:00
EVT0087884,,WBA00000000000483,2026-11-02 03:35:00,77.66,146.02,32.9,46.564887,36.211149,telemetry,NULL_VALUE|REFERENTIAL_INTEGRITY,Null values in: vehicle_id | Referential integrity violation,NULL_VALUE|REFERENTIAL_INTEGRITY,2026-09-18T06:14:29.923892+00:00
EVT0065956,BMW00296,INVALIDVIN,2026-08-18 00:15:00,23.22,153.83,-1.52,37.937881,-101.718318,telemetry,INVALID_VIN,Invalid or missing VIN,INVALID_VIN,2026-09-18T06:14:29.923892+00:00
EVT0048042,BMWX00088,WBA00000000000734,2026-06-16 19:25:00,59.11,54.35,-0.92,41.406196,60.298708,telemetry,REFERENTIAL_INTEGRITY,Referential integrity violation,REFERENTIAL_INTEGRITY,2026-09-18T06:14:29.923892+00:00
EVT0077693,BMW00392,WBA00000000000392,2026-09-27 18:20:00,,30.3,-9.29,32.163601,34.32814,telemetry,NULL_VALUE|OUT_OF_RANGE,Null values in: battery_level | Out-of-range value in: battery_level,NULL_VALUE|OUT_OF_RANGE,2026-09-18T06:14:29.923892+00:00
EVT0043495,BMW00664,INVALIDVIN,2026-06-01 00:30:00,57.35,147.75,52.24,8.384216,-2.89953,telemetry,INVALID_VIN,Invalid or missing VIN,INVALID_VIN,2026-09-18T06:14:29.923892+00:00
EVT0063352,BMW00481,WBA00000000000481,2026-08-08 23:15:00,18.49,13.75,-3.87,27.140268,-119.826221,telemetry,DUPLICATE_RECORD,Duplicate record detected,DUPLICATE_RECORD,2026-09-18T06:14:29.923892+00:00
EVT0027613,BMW00166,,2026-04-06 21:00:00,16.49,6.93,35.17,41.070463,143.220471,telemetry,NULL_VALUE|INVALID_VIN,Null values in: vin | Invalid or missing VIN,NULL_VALUE|INVALID_VIN,2026-09-18T06:14:29.923892+00:00
EVT0003153,BMW00438,WBA00000000000438,2026-01-11 22:40:00,,120.49,37.48,19.876572,-40.330818,telemetry,NULL_VALUE|OUT_OF_RANGE,Null values in: battery_level | Out-of-range value in: battery_level,NULL_VALUE|OUT_OF_RANGE,2026-09-18T06:14:29.923892+00:00
BAD00034,UNKNOWN,BADVIN,not-a-date,999.0,-50.0,999.0,999.0,999.0,telemetry,INVALID_VIN|INVALID_DATE|OUT_OF_RANGE|REFERENTIAL_INTEGRITY,"Invalid or missing VIN | Invalid date in: timestamp | Out-of-range value in: battery_level, temperature, speed | Referential integrity violation",INVALID_VIN|INVALID_DATE|OUT_OF_RANGE|REFERENTIAL_INTEGRITY,2026-09-18T06:14:29.923892+00:00
EVT0034606,BMW00619,WBA00000000000619,2026-05-01 03:45:00,94.52,114.48,23.19,26.507195,73.735383,telemetry,DUPLICATE_RECORD,Duplicate record detected,DUPLICATE_RECORD,2026-09-18T06:14:29.923892+00:00
EVT0001680,BMW00521,WBA00000000000521,2026-01-06 19:55:00,-10.0,86.9,17.08,35.119967,-96.952431,telemetry,OUT_OF_RANGE,Out-of-range value in: battery_level,OUT_OF_RANGE,2026-09-18T06:14:29.923892+00:00
EVT0090367,BMW00049,WBA00000000000049,2026-11-10 18:30:00,80.18,65.56,-100.0,17.690177,-65.24689,telemetry,OUT_OF_RANGE,Out-of-range value in: temperature,OUT_OF_RANGE,2026-09-18T06:14:29.923892+00:00
EVT0063864,BMW00677,WBA00000000000677,2026-15-40 99:99:99,21.07,102.12,-8.78,31.235179,-67.113149,telemetry,INVALID_DATE,Invalid date in: timestamp,INVALID_DATE,2026-09-18T06:14:29.923892+00:00
EVT0051020,BMW00408,WBA00000000000408,2026-06-27 03:35:00,48.08,137.76,-8.38,10.806934,132.622723,telemetry,DUPLICATE_RECORD,Duplicate record detected,DUPLICATE_RECORD,2026-09-18T06:14:29.923892+00:00
EVT0067477,BMW00278,WBA00000000000278,2026-15-40 99:99:99,89.07,70.89,54.43,32.536709,2.046678,telemetry,INVALID_DATE,Invalid date in: timestamp,INVALID_DATE,2026-09-18T06:14:29.923892+00:00
EVT0003016,BMW00153,,2026-01-11 11:15:00,84.69,144.48,54.33,46.613771,-43.84972,telemetry,NULL_VALUE|INVALID_VIN,Null values in: vin | Invalid or missing VIN,NULL_VALUE|INVALID_VIN,2026-09-18T06:14:29.923892+00:00
EVT0018293,BMW00368,WBA00000000000368,2026-03-05 12:20:00,44.96,47.53,14.65,24.067582,-69.717537,telemetry,DUPLICATE_RECORD,Duplicate record detected,DUPLICATE_RECORD,2026-09-18T06:14:29.923892+00:00
EVT0007050,BMW00839,WBA00000000000839,2026-01-25 11:25:00,21.4,118.71,-100.0,52.898564,-66.391095,telemetry,OUT_OF_RANGE,Out-of-range value in: temperature,OUT_OF_RANGE,2026-09-18T06:14:29.923892+00:00
EVT0010981,BMW00186,WBA00000000000186,2026-02-08 03:00:00,67.69,159.99,35.6,52.573573,-91.99804,telemetry,DUPLICATE_RECORD,Duplicate record detected,DUPLICATE_RECORD,2026-09-18T06:14:29.923892+00:00
EVT0090188,BMW00722,WBA00000000000722,2026-11-10 03:35:00,-25.0,29.51,11.86,44.274897,15.509179,telemetry,OUT_OF_RANGE,Out-of-range value in: battery_level,OUT_OF_RANGE,2026-09-18T06:14:29.923892+00:00
EVT0090500,BMW00473,INVALIDVIN,2026-11-11 05:35:00,16.02,103.25,35.17,37.3319,-114.445521,telemetry,INVALID_VIN,Invalid or missing VIN,INVALID_VIN,2026-09-18T06:14:29.923892+00:00
EVT0098585,BMW00633,WBA00000000000633,2026-12-09 07:20:00,,2.26,5.29,54.079643,54.02931,telemetry,NULL_VALUE|OUT_OF_RANGE,Null values in: battery_level | Out-of-range value in: battery_level,NULL_VALUE|OUT_OF_RANGE,2026-09-18T06:14:29.923892+00:00
EVT0057210,BMW00985,WBA00000000000985,2026-07-18 15:25:00,54.68,112.67,150.0,34.124441,59.485202,telemetry,OUT_OF_RANGE,Out-of-range value in: temperature,OUT_OF_RANGE,2026-09-18T06:14:29.923892+00:00
EVT0088945,BMW00784,,2026-11-05 20:00:00,11.96,84.55,49.4,41.412328,22.090557,telemetry,NULL_VALUE|INVALID_VIN,Null values in: vin | Invalid or missing VIN,NULL_VALUE|INVALID_VIN,2026-09-18T06:14:29.923892+00:00
EVT0046821,BMW00292,WBA00000000000292,2026-06-12 13:40:00,,103.72,52.02,39.513206,-114.018144,telemetry,NULL_VALUE|OUT_OF_RANGE,Null values in: battery_level | Out-of-range value in: battery_level,NULL_VALUE|OUT_OF_RANGE,2026-09-18T06:14:29.923892+00:00
EVT0051015,BMW00275,WBA00000000000275,2026-06-27 03:10:00,-10.0,27.11,13.67,24.817865,-119.439386,telemetry,OUT_OF_RANGE,Out-of-range value in: battery_level,OUT_OF_RANGE,2026-09-18T06:14:29.923892+00:00
EVT0023300,BMW00804,,2026-03-22 21:35:00,50.08,9.0,7.53,39.210011,129.792467,telemetry,NULL_VALUE|INVALID_VIN,Null values in: vin | Invalid or missing VIN,NULL_VALUE|INVALID_VIN,2026-09-18T06:14:29.923892+00:00
EVT0038753,,WBA00000000000689,2026-05-15 13:20:00,53.73,65.71,4.5,18.69774,64.155337,telemetry,NULL_VALUE|REFERENTIAL_INTEGRITY,Null values in: vehicle_id | Referential integrity violation,NULL_VALUE|REFERENTIAL_INTEGRITY,2026-09-18T06:14:29.923892+00:00
EVT0065559,BMW00116,INVALIDVIN,2026-08-16 15:10:00,98.07,30.84,29.14,30.306634,-24.118461,telemetry,INVALID_VIN,Invalid or missing VIN,INVALID_VIN,2026-09-18T06:14:29.923892+00:00
EVT0029720,BMW00880,WBA00000000000880,2026-04-14 04:35:00,71.44,62.37,-9.9,21.411237,61.758372,telemetry,DUPLICATE_RECORD,Duplicate record detected,DUPLICATE_RECORD,2026-09-18T06:14:29.923892+00:00
EVT0046635,BMWX00068,WBA00000000000442,2026-06-11 22:10:00,65.52,50.03,24.75,16.510497,-91.320198,telemetry,REFERENTIAL_INTEGRITY,Referential integrity violation,REFERENTIAL_INTEGRITY,2026-09-18T06:14:29.923892+00:00
EVT0055318,BMW00534,WBA00000000000534,2026-07-12 01:45:00,93.92,15.81,42.41,45.883427,96.421199,telemetry,DUPLICATE_RECORD,Duplicate record detected,DUPLICATE_RECORD,2026-09-18T06:14:29.923892+00:00
EVT0085760,BMW01000,WBA00000000001000,2026-10-25 18:35:00,180.0,157.18,-1.25,48.0966,-14.323236,telemetry,OUT_OF_RANGE,Out-of-range value in: battery_level,OUT_OF_RANGE,2026-09-18T06:14:29.923892+00:00
EVT0066389,BMW00273,,2026-08-19 12:20:00,44.16,29.54,40.66,39.497769,-94.175666,telemetry,NULL_VALUE|INVALID_VIN,Null values in: vin | Invalid or missing VIN,NULL_VALUE|INVALID_VIN,2026-09-18T06:14:29.923892+00:00
EVT0046444,BMW00829,WBA00000000000829,2026-06-11 06:15:00,54.55,17.01,,13.678527,-112.932544,telemetry,NULL_VALUE|OUT_OF_RANGE,Null values in: temperature | Out-of-range value in: temperature,NULL_VALUE|OUT_OF_RANGE,2026-09-18T06:14:29.923892+00:00
EVT0017227,,WBA00000000000751,2026-03-01 19:30:00,52.57,127.33,34.27,22.003387,-40.479191,telemetry,NULL_VALUE|REFERENTIAL_INTEGRITY,Null values in: vehicle_id | Referential integrity violation,NULL_VALUE|REFERENTIAL_INTEGRITY,2026-09-18T06:14:29.923892+00:00
EVT0059511,BMWX00095,WBA00000000000976,2026-07-26 15:10:00,47.6,153.18,-7.66,13.42693,-65.148567,telemetry,REFERENTIAL_INTEGRITY,Referential integrity violation,REFERENTIAL_INTEGRITY,2026-09-18T06:14:29.923892+00:00
EVT0031291,,WBA00000000000258,2026-04-19 15:30:00,96.98,9.82,43.27,26.266578,-100.125005,telemetry,NULL_VALUE|REFERENTIAL_INTEGRITY,Null values in: vehicle_id | Referential integrity violation,NULL_VALUE|REFERENTIAL_INTEGRITY,2026-09-18T06:14:29.923892+00:00
EVT0070824,BMW00667,WBA00000000000667,2026-15-40 99:99:99,80.62,127.62,-80.0,42.763406,-35.001599,telemetry,INVALID_DATE|OUT_OF_RANGE,Invalid date in: timestamp | Out-of-range value in: temperature,INVALID_DATE|OUT_OF_RANGE,2026-09-18T06:14:29.923892+00:00
EVT0024053,BMW00618,WBA00000000000618,2026-03-25 12:20:00,73.25,68.77,39.39,12.609749,32.66454,telemetry,DUPLICATE_RECORD,Duplicate record detected,DUPLICATE_RECORD,2026-09-18T06:14:29.923892+00:00
EVT0046550,BMW00552,WBA00000000000552,2026-06-11 15:05:00,,58.12,16.35,53.847725,-11.441916,telemetry,NULL_VALUE|OUT_OF_RANGE,Null values in: battery_level | Out-of-range value in: battery_level,NULL_VALUE|OUT_OF_RANGE,2026-09-18T06:14:29.923892+00:00
EVT0099464,BMW00945,WBA00000000000945,2026-12-12 08:35:00,150.0,137.92,-0.61,10.188048,131.135376,telemetry,OUT_OF_RANGE,Out-of-range value in: battery_level,OUT_OF_RANGE,2026-09-18T06:14:29.923892+00:00
EVT0069437,BMW00429,WBA00000000000429,2026-08-30 02:20:00,39.13,141.08,11.59,27.782569,-17.208068,telemetry,DUPLICATE_RECORD,Duplicate record detected,DUPLICATE_RECORD,2026-09-18T06:14:29.923892+00:00
EVT0065012,BMW00860,,2026-08-14 17:35:00,43.62,136.12,26.05,18.602195,121.494165,telemetry,NULL_VALUE|INVALID_VIN,Null values in: vin | Invalid or missing VIN,NULL_VALUE|INVALID_VIN,2026-09-18T06:14:29.923892+00:00
EVT0040741,BMW00220,WBA00000000000220,2026-05-22 11:00:00,-10.0,5.19,6.96,20.254201,71.972594,telemetry,OUT_OF_RANGE,Out-of-range value in: battery_level,OUT_OF_RANGE,2026-09-18T06:14:29.923892+00:00
EVT0077080,BMW00143,WBA00000000000143,2026-09-25 15:15:00,-10.0,39.01,40.74,28.124962,97.529693,telemetry,OUT_OF_RANGE,Out-of-range value in: battery_level,OUT_OF_RANGE,2026-09-18T06:14:29.923892+00:00
EVT0078150,,WBA00000000000694,2026-09-29 08:25:00,48.42,72.01,-2.33,27.352204,74.571462,telemetry,NULL_VALUE|REFERENTIAL_INTEGRITY,Null values in: vehicle_id | Referential integrity violation,NULL_VALUE|REFERENTIAL_INTEGRITY,2026-09-18T06:14:29.923892+00:00
EVT0019663,BMW00289,WBA00000000000289,2026-03-10 06:30:00,48.2,53.14,-5.5,36.571353,21.848523,telemetry,DUPLICATE_RECORD,Duplicate record detected,DUPLICATE_RECORD,2026-09-18T06:14:29.923892+00:00
EVT0095080,BMW00335,WBA00000000000335,2026-11-27 03:15:00,,82.44,17.92,41.284211,112.807227,telemetry,NULL_VALUE|OUT_OF_RANGE,Null values in: battery_level | Out-of-range value in: battery_level,NULL_VALUE|OUT_OF_RANGE,2026-09-18T06:14:29.923892+00:00
EVT0006206,,WBA00000000000898,2026-01-22 13:05:00,62.17,51.96,36.91,33.740401,-51.941361,telemetry,NULL_VALUE|REFERENTIAL_INTEGRITY,Null values in: vehicle_id | Referential integrity violation,NULL_VALUE|REFERENTIAL_INTEGRITY,2026-09-18T06:14:29.923892+00:00
EVT0092811,BMW00445,,2026-11-19 06:10:00,60.33,64.7,-4.93,12.527522,-26.921452,telemetry,NULL_VALUE|INVALID_VIN,Null values in: vin | Invalid or missing VIN,NULL_VALUE|INVALID_VIN,2026-09-18T06:14:29.923892+00:00
EVT0033499,BMW00016,WBA00000000000016,2026-04-27 07:30:00,,141.92,-5.41,42.399924,67.875272,telemetry,NULL_VALUE|OUT_OF_RANGE,Null values in: battery_level | Out-of-range value in: battery_level,NULL_VALUE|OUT_OF_RANGE,2026-09-18T06:14:29.923892+00:00
EVT0026080,BMW00934,,2026-04-01 13:15:00,61.82,7.05,11.4,26.3539,63.678084,telemetry,NULL_VALUE|INVALID_VIN,Null values in: vin | Invalid or missing VIN,NULL_VALUE|INVALID_VIN,2026-09-18T06:14:29.923892+00:00
EVT0091983,BMW00211,WBA00000000000211,2026-11-16 09:10:00,-10.0,141.35,10.46,22.448033,-61.397405,telemetry,OUT_OF_RANGE,Out-of-range value in: battery_level,OUT_OF_RANGE,2026-09-18T06:14:29.923892+00:00
EVT0002515,BMW00283,WBA00000000000283,2026-01-09 17:30:00,76.14,126.08,53.49,49.844559,-52.973119,telemetry,DUPLICATE_RECORD,Duplicate record detected,DUPLICATE_RECORD,2026-09-18T06:14:29.923892+00:00
EVT0067247,BMW00994,WBA00000000000994,2026-08-22 11:50:00,37.24,92.18,14.25,23.837046,114.148442,telemetry,DUPLICATE_RECORD,Duplicate record detected,DUPLICATE_RECORD,2026-09-18T06:14:29.923892+00:00
EVT0029057,BMW00132,WBA00000000000132,2026-04-11 21:20:00,60.12,78.23,7.96,25.859787,-0.513422,telemetry,DUPLICATE_RECORD,Duplicate record detected,DUPLICATE_RECORD,2026-09-18T06:14:29.923892+00:00
EVT0040112,BMW00312,WBA00000000000312,2026-05-20 06:35:00,150.0,43.98,3.68,51.066732,57.17227,telemetry,OUT_OF_RANGE,Out-of-range value in: battery_level,OUT_OF_RANGE,2026-09-18T06:14:29.923892+00:00
EVT0095002,BMW00883,WBA00000000000883,2026-15-40 99:99:99,82.83,128.89,30.16,10.558826,-114.856328,telemetry,INVALID_DATE,Invalid date in: timestamp,INVALID_DATE,2026-09-18T06:14:29.923892+00:00
EVT0039577,BMW00167,INVALIDVIN,2026-05-18 10:00:00,68.73,148.59,43.71,19.783851,123.43563,telemetry,INVALID_VIN,Invalid or missing VIN,INVALID_VIN,2026-09-18T06:14:29.923892+00:00
EVT0003074,BMW00314,WBA00000000000314,2026-01-11 16:05:00,,130.0,0.23,8.779583,-53.446705,telemetry,NULL_VALUE|OUT_OF_RANGE,Null values in: battery_level | Out-of-range value in: battery_level,NULL_VALUE|OUT_OF_RANGE,2026-09-18T06:14:29.923892+00:00
EVT0011406,BMW00260,WBA00000000000260,2026-02-09 14:25:00,43.07,61.61,39.6,36.789869,53.229236,telemetry,DUPLICATE_RECORD,Duplicate record detected,DUPLICATE_RECORD,2026-09-18T06:14:29.923892+00:00
EVT0029733,BMW00554,INVALIDVIN,2026-04-14 05:40:00,71.84,55.32,35.51,50.816451,29.628994,telemetry,INVALID_VIN,Invalid or missing VIN,INVALID_VIN,2026-09-18T06:14:29.923892+00:00
EVT0082439,BMW00616,WBA00000000000616,2026-10-14 05:50:00,86.3,98.15,,19.5515,-101.405976,telemetry,NULL_VALUE|OUT_OF_RANGE,Null values in: temperature | Out-of-range value in: temperature,NULL_VALUE|OUT_OF_RANGE,2026-09-18T06:14:29.923892+00:00
EVT0077511,BMW00261,INVALIDVIN,2026-09-27 03:10:00,37.05,126.49,17.53,11.760474,117.633037,telemetry,INVALID_VIN,Invalid or missing VIN,INVALID_VIN,2026-09-18T06:14:29.923892+00:00
EVT0025544,BMW00751,WBA00000000000751,2026-03-30 16:35:00,64.95,148.44,,15.640329,-69.261251,telemetry,NULL_VALUE|OUT_OF_RANGE,Null values in: temperature | Out-of-range value in: temperature,NULL_VALUE|OUT_OF_RANGE,2026-09-18T06:14:29.923892+00:00
EVT0054066,,WBA00000000000464,2026-07-07 17:25:00,87.7,33.26,-0.14,22.238644,-118.164762,telemetry,NULL_VALUE|REFERENTIAL_INTEGRITY,Null values in: vehicle_id | Referential integrity violation,NULL_VALUE|REFERENTIAL_INTEGRITY,2026-09-18T06:14:29.923892+00:00
EVT0025770,BMW00106,WBA00000000000106,2026-15-40 99:99:99,13.17,98.62,-2.76,54.20491,-61.599032,telemetry,INVALID_DATE,Invalid date in: timestamp,INVALID_DATE,2026-09-18T06:14:29.923892+00:00
EVT0015948,BMW00835,,2026-02-25 08:55:00,82.94,112.86,40.85,17.533136,109.651902,telemetry,NULL_VALUE|INVALID_VIN,Null values in: vin | Invalid or missing VIN,NULL_VALUE|INVALID_VIN,2026-09-18T06:14:29.923892+00:00
EVT0033736,BMW00894,INVALIDVIN,2026-04-28 03:15:00,83.88,36.68,54.59,43.065376,55.508305,telemetry,INVALID_VIN,Invalid or missing VIN,INVALID_VIN,2026-09-18T06:14:29.923892+00:00
EVT0056444,BMW00069,WBA00000000000069,2026-07-15 23:35:00,19.75,1.69,50.65,51.128558,35.234726,telemetry,DUPLICATE_RECORD,Duplicate record detected,DUPLICATE_RECORD,2026-09-18T06:14:29.923892+00:00
EVT0066623,BMW00690,,2026-08-20 07:50:00,34.62,127.57,33.52,39.218975,101.09685,telemetry,NULL_VALUE|INVALID_VIN,Null values in: vin | Invalid or missing VIN,NULL_VALUE|INVALID_VIN,2026-09-18T06:14:29.923892+00:00
EVT0036956,BMW00609,WBA00000000000609,2026-05-09 07:35:00,24.62,134.37,52.82,32.353989,40.537554,telemetry,DUPLICATE_RECORD,Duplicate record detected,DUPLICATE_RECORD,2026-09-18T06:14:29.923892+00:00
EVT0007268,BMW00264,WBA00000000000264,2026-01-26 05:35:00,,66.41,17.98,10.691817,121.785659,telemetry,NULL_VALUE|OUT_OF_RANGE,Null values in: battery_level | Out-of-range value in: battery_level,NULL_VALUE|OUT_OF_RANGE,2026-09-18T06:14:29.923892+00:00
EVT0028922,BMW00916,WBA00000000000916,2026-04-11 10:05:00,66.05,149.2,36.09,36.710227,-103.633229,telemetry,DUPLICATE_RECORD,Duplicate record detected,DUPLICATE_RECORD,2026-09-18T06:14:29.923892+00:00
EVT0010672,BMW00338,WBA00000000000338,2026-02-07 01:15:00,22.5,149.76,-80.0,19.546466,87.896403,telemetry,OUT_OF_RANGE,Out-of-range value in: temperature,OUT_OF_RANGE,2026-09-18T06:14:29.923892+00:00
EVT0049847,BMW00731,,2026-06-23 01:50:00,31.66,48.1,20.37,19.701688,-66.803033,telemetry,NULL_VALUE|INVALID_VIN,Null values in: vin | Invalid or missing VIN,NULL_VALUE|INVALID_VIN,2026-09-18T06:14:29.923892+00:00
EVT0083943,BMW00080,WBA00000000000080,2026-10-19 11:10:00,59.71,111.45,42.85,20.546864,-34.158346,telemetry,DUPLICATE_RECORD,Duplicate record detected,DUPLICATE_RECORD,2026-09-18T06:14:29.923892+00:00
EVT0068167,BMW00124,WBA00000000000124,2026-08-25 16:30:00,,102.69,31.91,38.080661,-80.790682,telemetry,NULL_VALUE|OUT_OF_RANGE,Null values in: battery_level | Out-of-range value in: battery_level,NULL_VALUE|OUT_OF_RANGE,2026-09-18T06:14:29.923892+00:00
BAD00016,UNKNOWN,BADVIN,not-a-date,999.0,-50.0,999.0,999.0,999.0,telemetry,INVALID_VIN|INVALID_DATE|OUT_OF_RANGE|REFERENTIAL_INTEGRITY,"Invalid or missing VIN | Invalid date in: timestamp | Out-of-range value in: battery_level, temperature, speed | Referential integrity violation",INVALID_VIN|INVALID_DATE|OUT_OF_RANGE|REFERENTIAL_INTEGRITY,2026-09-18T06:14:29.923892+00:00
EVT0082963,BMW00597,,2026-10-16 01:30:00,12.68,95.58,0.04,19.07692,-64.790212,telemetry,NULL_VALUE|INVALID_VIN,Null values in: vin | Invalid or missing VIN,NULL_VALUE|INVALID_VIN,2026-09-18T06:14:29.923892+00:00
EVT0080115,BMW00699,INVALIDVIN,2026-10-06 04:10:00,18.49,152.98,17.58,52.649636,-116.231636,telemetry,INVALID_VIN,Invalid or missing VIN,INVALID_VIN,2026-09-18T06:14:29.923892+00:00
EVT0056430,BMW00075,,2026-07-15 22:25:00,34.95,29.83,9.52,41.15786,-53.111427,telemetry,NULL_VALUE|INVALID_VIN,Null values in: vin | Invalid or missing VIN,NULL_VALUE|INVALID_VIN,2026-09-18T06:14:29.923892+00:00
EVT0069081,BMW00694,WBA00000000000694,2026-08-28 20:40:00,95.75,144.21,-80.0,54.915922,-1.081383,telemetry,OUT_OF_RANGE,Out-of-range value in: temperature,OUT_OF_RANGE,2026-09-18T06:14:29.923892+00:00
EVT0081593,BMW00910,WBA00000000000910,2026-10-11 07:20:00,88.31,118.19,-100.0,25.898654,21.704162,telemetry,OUT_OF_RANGE,Out-of-range value in: temperature,OUT_OF_RANGE,2026-09-18T06:14:29.923892+00:00
EVT0038042,BMW00892,WBA00000000000892,2026-05-13 02:05:00,27.69,39.64,200.0,20.197606,-15.982016,telemetry,OUT_OF_RANGE,Out-of-range value in: temperature,OUT_OF_RANGE,2026-09-18T06:14:29.923892+00:00
EVT0052307,BMW00395,WBA00000000000395,2026-07-01 14:50:00,-10.0,40.99,40.44,50.189241,73.03976,telemetry,OUT_OF_RANGE,Out-of-range value in: battery_level,OUT_OF_RANGE,2026-09-18T06:14:29.923892+00:00
EVT0095316,BMW00931,WBA00000000000931,2026-11-27 22:55:00,27.59,1.14,,11.98173,57.988981,telemetry,NULL_VALUE|OUT_OF_RANGE,Null values in: temperature | Out-of-range value in: temperature,NULL_VALUE|OUT_OF_RANGE,2026-09-18T06:14:29.923892+00:00
EVT0035249,,WBA00000000000904,2026-05-03 09:20:00,24.38,150.19,0.52,30.142598,-114.57302,telemetry,NULL_VALUE|REFERENTIAL_INTEGRITY,Null values in: vehicle_id | Referential integrity violation,NULL_VALUE|REFERENTIAL_INTEGRITY,2026-09-18T06:14:29.923892+00:00
EVT0000123,BMW00616,WBA00000000000616,2026-01-01 10:10:00,180.0,159.34,10.24,12.744573,-77.326168,telemetry,OUT_OF_RANGE,Out-of-range value in: battery_level,OUT_OF_RANGE,2026-09-18T06:14:29.923892+00:00
EVT0032427,BMW00833,WBA00000000000833,2026-04-23 14:10:00,,81.93,13.04,30.774857,-62.273001,telemetry,NULL_VALUE|OUT_OF_RANGE,Null values in: battery_level | Out-of-range value in: battery_level,NULL_VALUE|OUT_OF_RANGE,2026-09-18T06:14:29.923892+00:00
EVT0051700,,WBA00000000000374,2026-06-29 12:15:00,64.48,117.14,-9.79,26.309334,71.014185,telemetry,NULL_VALUE|REFERENTIAL_INTEGRITY,Null values in: vehicle_id | Referential integrity violation,NULL_VALUE|REFERENTIAL_INTEGRITY,2026-09-18T06:14:29.923892+00:00
EVT0034849,BMW00174,WBA00000000000174,2026-05-02 00:00:00,10.3,88.16,-80.0,16.875992,130.463768,telemetry,OUT_OF_RANGE,Out-of-range value in: temperature,OUT_OF_RANGE,2026-09-18T06:14:29.923892+00:00
EVT0056202,,WBA00000000000089,2026-07-15 03:25:00,74.22,111.03,25.15,31.747922,-63.900504,telemetry,NULL_VALUE|REFERENTIAL_INTEGRITY,Null values in: vehicle_id | Referential integrity violation,NULL_VALUE|REFERENTIAL_INTEGRITY,2026-09-18T06:14:29.923892+00:00
EVT0088801,,WBA00000000000073,2026-11-05 08:00:00,95.4,89.46,6.8,46.701155,49.346887,telemetry,NULL_VALUE|REFERENTIAL_INTEGRITY,Null values in: vehicle_id | Referential integrity violation,NULL_VALUE|REFERENTIAL_INTEGRITY,2026-09-18T06:14:29.923892+00:00
EVT0055495,BMW00530,WBA00000000000530,2026-15-40 99:99:99,43.5,148.57,-6.26,47.219114,32.717681,telemetry,INVALID_DATE,Invalid date in: timestamp,INVALID_DATE,2026-09-18T06:14:29.923892+00:00
BAD00033,UNKNOWN,BADVIN,not-a-date,999.0,-50.0,999.0,999.0,999.0,telemetry,INVALID_VIN|INVALID_DATE|OUT_OF_RANGE|REFERENTIAL_INTEGRITY,"Invalid or missing VIN | Invalid date in: timestamp | Out-of-range value in: battery_level, temperature, speed | Referential integrity violation",INVALID_VIN|INVALID_DATE|OUT_OF_RANGE|REFERENTIAL_INTEGRITY,2026-09-18T06:14:29.923892+00:00
BAD00079,UNKNOWN,BADVIN,not-a-date,999.0,-50.0,999.0,999.0,999.0,telemetry,INVALID_VIN|INVALID_DATE|OUT_OF_RANGE|REFERENTIAL_INTEGRITY,"Invalid or missing VIN | Invalid date in: timestamp | Out-of-range value in: battery_level, temperature, speed | Referential integrity violation",INVALID_VIN|INVALID_DATE|OUT_OF_RANGE|REFERENTIAL_INTEGRITY,2026-09-18T06:14:29.923892+00:00
BAD00030,UNKNOWN,BADVIN,not-a-date,999.0,-50.0,999.0,999.0,999.0,telemetry,INVALID_VIN|INVALID_DATE|OUT_OF_RANGE|REFERENTIAL_INTEGRITY,"Invalid or missing VIN | Invalid date in: timestamp | Out-of-range value in: battery_level, temperature, speed | Referential integrity violation",INVALID_VIN|INVALID_DATE|OUT_OF_RANGE|REFERENTIAL_INTEGRITY,2026-09-18T06:14:29.923892+00:00
EVT0057505,BMW00555,WBA00000000000555,2026-15-40 99:99:99,57.57,108.8,51.46,14.505957,-13.683986,telemetry,INVALID_DATE,Invalid date in: timestamp,INVALID_DATE,2026-09-18T06:14:29.923892+00:00
EVT0063809,BMW00397,WBA00000000000397,2026-08-10 13:20:00,,115.5,3.82,29.459192,-91.511099,telemetry,NULL_VALUE|OUT_OF_RANGE,Null values in: battery_level | Out-of-range value in: battery_level,NULL_VALUE|OUT_OF_RANGE,2026-09-18T06:14:29.923892+00:00
EVT0005908,BMWX00166,WBA00000000000175,2026-01-21 12:15:00,82.29,18.15,41.04,15.181714,-96.356331,telemetry,REFERENTIAL_INTEGRITY,Referential integrity violation,REFERENTIAL_INTEGRITY,2026-09-18T06:14:29.923892+00:00
EVT0016468,BMW00985,WBA00000000000985,2026-02-27 04:15:00,91.3,106.57,200.0,35.762313,-15.365653,telemetry,OUT_OF_RANGE,Out-of-range value in: temperature,OUT_OF_RANGE,2026-09-18T06:14:29.923892+00:00
EVT0076819,BMW00042,,2026-09-24 17:30:00,36.68,49.36,21.58,49.162368,87.129652,telemetry,NULL_VALUE|INVALID_VIN,Null values in: vin | Invalid or missing VIN,NULL_VALUE|INVALID_VIN,2026-09-18T06:14:29.923892+00:00
EVT0053531,BMW00320,,2026-07-05 20:50:00,97.39,47.29,28.49,34.374972,-15.751847,telemetry,NULL_VALUE|INVALID_VIN,Null values in: vin | Invalid or missing VIN,NULL_VALUE|INVALID_VIN,2026-09-18T06:14:29.923892+00:00
EVT0077020,BMW00868,,2026-09-25 10:15:00,52.72,61.1,23.53,47.716214,-105.131397,telemetry,NULL_VALUE|INVALID_VIN,Null values in: vin | Invalid or missing VIN,NULL_VALUE|INVALID_VIN,2026-09-18T06:14:29.923892+00:00
EVT0003758,BMW00897,WBA00000000000897,2026-01-14 01:05:00,-10.0,102.17,23.18,51.993467,13.589256,telemetry,OUT_OF_RANGE,Out-of-range value in: battery_level,OUT_OF_RANGE,2026-09-18T06:14:29.923892+00:00
EVT0033408,BMW00630,WBA00000000000630,2026-04-26 23:55:00,-10.0,76.78,27.16,54.911227,-22.782248,telemetry,OUT_OF_RANGE,Out-of-range value in: battery_level,OUT_OF_RANGE,2026-09-18T06:14:29.923892+00:00
BAD00039,UNKNOWN,BADVIN,not-a-date,999.0,-50.0,999.0,999.0,999.0,telemetry,INVALID_VIN|INVALID_DATE|OUT_OF_RANGE|REFERENTIAL_INTEGRITY,"Invalid or missing VIN | Invalid date in: timestamp | Out-of-range value in: battery_level, temperature, speed | Referential integrity violation",INVALID_VIN|INVALID_DATE|OUT_OF_RANGE|REFERENTIAL_INTEGRITY,2026-09-18T06:14:29.923892+00:00
EVT0089518,BMW00346,WBA00000000000346,2026-11-07 19:45:00,42.29,27.45,,13.517526,-99.870955,telemetry,NULL_VALUE|OUT_OF_RANGE,Null values in: temperature | Out-of-range value in: temperature,NULL_VALUE|OUT_OF_RANGE,2026-09-18T06:14:29.923892+00:00
EVT0080729,BMW00638,,2026-10-08 07:20:00,36.94,159.55,25.77,24.15261,42.536341,telemetry,NULL_VALUE|INVALID_VIN,Null values in: vin | Invalid or missing VIN,NULL_VALUE|INVALID_VIN,2026-09-18T06:14:29.923892+00:00
EVT0092344,BMW00818,WBA00000000000818,2026-11-17 15:15:00,-10.0,23.04,54.41,47.65289,148.898873,telemetry,OUT_OF_RANGE,Out-of-range value in: battery_level,OUT_OF_RANGE,2026-09-18T06:14:29.923892+00:00
EVT0043974,BMW00844,,2026-06-02 16:25:00,23.99,84.81,-9.43,49.033772,-79.55215,telemetry,NULL_VALUE|INVALID_VIN,Null values in: vin | Invalid or missing VIN,NULL_VALUE|INVALID_VIN,2026-09-18T06:14:29.923892+00:00
EVT0059269,BMW00538,WBA00000000000538,2026-07-25 19:00:00,75.24,58.83,47.68,50.581012,105.173782,telemetry,DUPLICATE_RECORD,Duplicate record detected,DUPLICATE_RECORD,2026-09-18T06:14:29.923892+00:00
EVT0078820,BMW00029,INVALIDVIN,2026-10-01 16:15:00,12.46,11.63,35.13,45.756195,-107.323598,telemetry,INVALID_VIN,Invalid or missing VIN,INVALID_VIN,2026-09-18T06:14:29.923892+00:00
EVT0096751,BMW00994,WBA00000000000994,2026-12-02 22:30:00,,147.04,40.06,43.680807,-29.132834,telemetry,NULL_VALUE|OUT_OF_RANGE,Null values in: battery_level | Out-of-range value in: battery_level,NULL_VALUE|OUT_OF_RANGE,2026-09-18T06:14:29.923892+00:00
EVT0044069,BMW00287,WBA00000000000287,2026-06-03 00:20:00,67.64,105.55,18.98,51.308297,126.779036,telemetry,DUPLICATE_RECORD,Duplicate record detected,DUPLICATE_RECORD,2026-09-18T06:14:29.923892+00:00
EVT0027444,,WBA00000000000519,2026-04-06 06:55:00,88.19,32.3,47.48,19.627229,1.40347,telemetry,NULL_VALUE|REFERENTIAL_INTEGRITY,Null values in: vehicle_id | Referential integrity violation,NULL_VALUE|REFERENTIAL_INTEGRITY,2026-09-18T06:14:29.923892+00:00
EVT0093511,BMW00478,,2026-11-21 16:30:00,69.02,81.9,49.84,44.326479,-19.891204,telemetry,NULL_VALUE|INVALID_VIN,Null values in: vin | Invalid or missing VIN,NULL_VALUE|INVALID_VIN,2026-09-18T06:14:29.923892+00:00
EVT0080609,BMW00121,,2026-10-07 21:20:00,18.9,10.31,8.92,22.07107,103.935554,telemetry,NULL_VALUE|INVALID_VIN,Null values in: vin | Invalid or missing VIN,NULL_VALUE|INVALID_VIN,2026-09-18T06:14:29.923892+00:00
EVT0080398,BMW00770,WBA00000000000770,2026-10-07 03:45:00,87.22,99.81,,31.371763,86.261057,telemetry,NULL_VALUE|OUT_OF_RANGE,Null values in: temperature | Out-of-range value in: temperature,NULL_VALUE|OUT_OF_RANGE,2026-09-18T06:14:29.923892+00:00
EVT0030823,,WBA00000000000144,2026-04-18 00:30:00,12.23,158.95,47.44,11.860286,49.133255,telemetry,NULL_VALUE|REFERENTIAL_INTEGRITY,Null values in: vehicle_id | Referential integrity violation,NULL_VALUE|REFERENTIAL_INTEGRITY,2026-09-18T06:14:29.923892+00:00
EVT0031044,BMW00833,WBA00000000000833,2026-04-18 18:55:00,72.54,125.48,-100.0,19.878622,83.685536,telemetry,OUT_OF_RANGE,Out-of-range value in: temperature,OUT_OF_RANGE,2026-09-18T06:14:29.923892+00:00
EVT0001124,BMW00442,INVALIDVIN,2026-01-04 21:35:00,27.86,156.24,32.21,28.194725,115.485741,telemetry,INVALID_VIN,Invalid or missing VIN,INVALID_VIN,2026-09-18T06:14:29.923892+00:00
EVT0020469,BMW00040,WBA00000000000040,2026-03-13 01:40:00,97.84,146.12,,46.966924,101.365212,telemetry,NULL_VALUE|OUT_OF_RANGE,Null values in: temperature | Out-of-range value in: temperature,NULL_VALUE|OUT_OF_RANGE,2026-09-18T06:14:29.923892+00:00
EVT0056305,BMW00811,WBA00000000000811,2026-15-40 99:99:99,12.08,5.84,20.82,29.29546,-44.343514,telemetry,INVALID_DATE,Invalid date in: timestamp,INVALID_DATE,2026-09-18T06:14:29.923892+00:00
EVT0015968,BMW00646,,2026-02-25 10:35:00,62.47,82.96,27.03,12.331613,59.835418,telemetry,NULL_VALUE|INVALID_VIN,Null values in: vin | Invalid or missing VIN,NULL_VALUE|INVALID_VIN,2026-09-18T06:14:29.923892+00:00
EVT0018260,BMW00672,WBA00000000000672,2026-15-40 99:99:99,21.28,32.62,41.82,38.905468,-40.464998,telemetry,INVALID_DATE,Invalid date in: timestamp,INVALID_DATE,2026-09-18T06:14:29.923892+00:00
BAD00021,UNKNOWN,BADVIN,not-a-date,999.0,-50.0,999.0,999.0,999.0,telemetry,INVALID_VIN|INVALID_DATE|OUT_OF_RANGE|REFERENTIAL_INTEGRITY,"Invalid or missing VIN | Invalid date in: timestamp | Out-of-range value in: battery_level, temperature, speed | Referential integrity violation",INVALID_VIN|INVALID_DATE|OUT_OF_RANGE|REFERENTIAL_INTEGRITY,2026-09-18T06:14:29.923892+00:00
EVT0083675,BMW00617,WBA00000000000617,2026-10-18 12:50:00,86.36,10.78,-80.0,25.167054,-100.999916,telemetry,OUT_OF_RANGE,Out-of-range value in: temperature,OUT_OF_RANGE,2026-09-18T06:14:29.923892+00:00
EVT0019112,BMW00558,WBA00000000000558,2026-03-08 08:35:00,-10.0,102.03,-7.63,47.550864,-62.890746,telemetry,OUT_OF_RANGE,Out-of-range value in: battery_level,OUT_OF_RANGE,2026-09-18T06:14:29.923892+00:00
EVT0088783,BMW00026,WBA00000000000026,2026-15-40 99:99:99,92.42,146.18,4.67,21.498149,80.058845,telemetry,INVALID_DATE,Invalid date in: timestamp,INVALID_DATE,2026-09-18T06:14:29.923892+00:00
EVT0098991,BMW00652,WBA00000000000652,2026-12-10 17:10:00,,23.63,45.1,53.211741,21.444931,telemetry,NULL_VALUE|OUT_OF_RANGE,Null values in: battery_level | Out-of-range value in: battery_level,NULL_VALUE|OUT_OF_RANGE,2026-09-18T06:14:29.923892+00:00
EVT0088764,BMW00412,,2026-11-05 04:55:00,15.37,19.6,52.87,43.245491,105.744169,telemetry,NULL_VALUE|INVALID_VIN,Null values in: vin | Invalid or missing VIN,NULL_VALUE|INVALID_VIN,2026-09-18T06:14:29.923892+00:00
EVT0088225,,WBA00000000000434,2026-11-03 08:00:00,38.09,121.4,-1.03,34.260109,-81.494255,telemetry,NULL_VALUE|REFERENTIAL_INTEGRITY,Null values in: vehicle_id | Referential integrity violation,NULL_VALUE|REFERENTIAL_INTEGRITY,2026-09-18T06:14:29.923892+00:00
EVT0074140,BMW00190,WBA00000000000190,2026-09-15 10:15:00,56.36,152.84,150.0,12.119271,133.66926,telemetry,OUT_OF_RANGE,Out-of-range value in: temperature,OUT_OF_RANGE,2026-09-18T06:14:29.923892+00:00
EVT0028690,BMWX00104,WBA00000000000815,2026-04-10 14:45:00,28.51,103.61,15.58,39.705815,86.493134,telemetry,REFERENTIAL_INTEGRITY,Referential integrity violation,REFERENTIAL_INTEGRITY,2026-09-18T06:14:29.923892+00:00
EVT0040515,BMW00711,WBA00000000000711,2026-05-21 16:10:00,180.0,77.98,54.01,32.192585,128.704299,telemetry,OUT_OF_RANGE,Out-of-range value in: battery_level,OUT_OF_RANGE,2026-09-18T06:14:29.923892+00:00
EVT0003887,BMW00676,WBA00000000000676,2026-01-14 11:50:00,180.0,42.23,26.76,34.17985,-20.584266,telemetry,OUT_OF_RANGE,Out-of-range value in: battery_level,OUT_OF_RANGE,2026-09-18T06:14:29.923892+00:00
EVT0005873,BMW00507,WBA00000000000507,2026-01-21 09:20:00,,74.86,32.05,31.900325,-89.999154,telemetry,NULL_VALUE|OUT_OF_RANGE,Null values in: battery_level | Out-of-range value in: battery_level,NULL_VALUE|OUT_OF_RANGE,2026-09-18T06:14:29.923892+00:00
EVT0030346,BMW00394,INVALIDVIN,2026-04-16 08:45:00,29.41,136.09,48.44,26.382559,-51.520879,telemetry,INVALID_VIN,Invalid or missing VIN,INVALID_VIN,2026-09-18T06:14:29.923892+00:00
EVT0039432,BMW00664,WBA00000000000664,2026-05-17 21:55:00,43.75,19.23,39.39,36.467685,52.510734,telemetry,DUPLICATE_RECORD,Duplicate record detected,DUPLICATE_RECORD,2026-09-18T06:14:29.923892+00:00
EVT0082653,BMW00531,WBA00000000000531,2026-10-14 23:40:00,16.59,43.27,,32.769717,77.321362,telemetry,NULL_VALUE|OUT_OF_RANGE,Null values in: temperature | Out-of-range value in: temperature,NULL_VALUE|OUT_OF_RANGE,2026-09-18T06:14:29.923892+00:00
EVT0026639,BMW00800,WBA00000000000800,2026-04-03 11:50:00,,108.76,49.83,26.77882,39.117001,telemetry,NULL_VALUE|OUT_OF_RANGE,Null values in: battery_level | Out-of-range value in: battery_level,NULL_VALUE|OUT_OF_RANGE,2026-09-18T06:14:29.923892+00:00
EVT0046123,BMW00671,WBA00000000000671,2026-06-10 03:30:00,80.99,149.31,29.19,29.509566,-61.217747,telemetry,DUPLICATE_RECORD,Duplicate record detected,DUPLICATE_RECORD,2026-09-18T06:14:29.923892+00:00
EVT0079357,,WBA00000000000618,2026-10-03 13:00:00,85.35,154.79,-3.48,33.184372,-85.844699,telemetry,NULL_VALUE|REFERENTIAL_INTEGRITY,Null values in: vehicle_id | Referential integrity violation,NULL_VALUE|REFERENTIAL_INTEGRITY,2026-09-18T06:14:29.923892+00:00
EVT0037185,BMW00032,WBA00000000000032,2026-05-10 02:40:00,180.0,30.51,41.41,36.798281,-57.003223,telemetry,OUT_OF_RANGE,Out-of-range value in: battery_level,OUT_OF_RANGE,2026-09-18T06:14:29.923892+00:00
EVT0002539,BMW00293,WBA00000000000293,2026-01-09 19:30:00,13.15,113.76,-80.0,35.089128,27.09789,telemetry,OUT_OF_RANGE,Out-of-range value in: temperature,OUT_OF_RANGE,2026-09-18T06:14:29.923892+00:00
EVT0074754,BMW00567,INVALIDVIN,2026-09-17 13:25:00,54.64,104.47,-2.13,14.118695,106.9147,telemetry,INVALID_VIN,Invalid or missing VIN,INVALID_VIN,2026-09-18T06:14:29.923892+00:00
EVT0038304,BMW00494,WBA00000000000494,2026-05-13 23:55:00,150.0,36.46,0.42,43.683051,127.58921,telemetry,OUT_OF_RANGE,Out-of-range value in: battery_level,OUT_OF_RANGE,2026-09-18T06:14:29.923892+00:00
EVT0041213,BMW00568,WBA00000000000568,2026-05-24 02:20:00,-10.0,130.98,15.99,17.274953,-92.540466,telemetry,OUT_OF_RANGE,Out-of-range value in: battery_level,OUT_OF_RANGE,2026-09-18T06:14:29.923892+00:00
EVT0019696,BMW00156,WBA00000000000156,2026-03-10 09:15:00,14.08,153.17,,31.210356,66.035692,telemetry,NULL_VALUE|OUT_OF_RANGE,Null values in: temperature | Out-of-range value in: temperature,NULL_VALUE|OUT_OF_RANGE,2026-09-18T06:14:29.923892+00:00
EVT0038371,BMW00148,WBA00000000000148,2026-05-14 05:30:00,180.0,23.49,53.55,36.672656,-40.439029,telemetry,OUT_OF_RANGE,Out-of-range value in: battery_level,OUT_OF_RANGE,2026-09-18T06:14:29.923892+00:00
EVT0042948,,WBA00000000000561,2026-05-30 02:55:00,76.29,6.23,29.15,54.105006,37.568691,telemetry,NULL_VALUE|REFERENTIAL_INTEGRITY,Null values in: vehicle_id | Referential integrity violation,NULL_VALUE|REFERENTIAL_INTEGRITY,2026-09-18T06:14:29.923892+00:00
EVT0084029,BMW00073,INVALIDVIN,2026-10-19 18:20:00,95.08,27.39,-2.01,41.537814,36.087103,telemetry,INVALID_VIN,Invalid or missing VIN,INVALID_VIN,2026-09-18T06:14:29.923892+00:00
EVT0041063,BMWX00064,WBA00000000000107,2026-05-23 13:50:00,88.81,67.84,44.78,9.969029,29.480467,telemetry,REFERENTIAL_INTEGRITY,Referential integrity violation,REFERENTIAL_INTEGRITY,2026-09-18T06:14:29.923892+00:00
EVT0028519,BMW00902,WBA00000000000902,2026-15-40 99:99:99,50.59,36.42,53.6,44.110936,-105.252863,telemetry,INVALID_DATE,Invalid date in: timestamp,INVALID_DATE,2026-09-18T06:14:29.923892+00:00
EVT0090789,BMW00919,,2026-11-12 05:40:00,76.63,22.01,-9.44,39.701067,80.083394,telemetry,NULL_VALUE|INVALID_VIN,Null values in: vin | Invalid or missing VIN,NULL_VALUE|INVALID_VIN,2026-09-18T06:14:29.923892+00:00
EVT0011248,BMWX00052,WBA00000000000196,2026-02-09 01:15:00,67.61,124.85,-5.55,44.398703,-112.415439,telemetry,REFERENTIAL_INTEGRITY,Referential integrity violation,REFERENTIAL_INTEGRITY,2026-09-18T06:14:29.923892+00:00
EVT0065826,BMW00672,WBA00000000000672,2026-08-17 13:25:00,180.0,13.9,45.86,33.62533,-16.145794,telemetry,OUT_OF_RANGE,Out-of-range value in: battery_level,OUT_OF_RANGE,2026-09-18T06:14:29.923892+00:00
EVT0041721,BMW00442,WBA00000000000442,2026-05-25 20:40:00,79.64,123.02,10.24,51.685962,136.015108,telemetry,DUPLICATE_RECORD,Duplicate record detected,DUPLICATE_RECORD,2026-09-18T06:14:29.923892+00:00
EVT0014911,BMW00620,WBA00000000000620,2026-02-21 18:30:00,-25.0,52.78,28.18,32.548521,-56.319188,telemetry,OUT_OF_RANGE,Out-of-range value in: battery_level,OUT_OF_RANGE,2026-09-18T06:14:29.923892+00:00
EVT0068734,BMW00224,WBA00000000000224,2026-15-40 99:99:99,86.31,144.29,46.31,36.427509,10.902505,telemetry,INVALID_DATE,Invalid date in: timestamp,INVALID_DATE,2026-09-18T06:14:29.923892+00:00
EVT0073218,BMW00623,WBA00000000000623,2026-09-12 05:25:00,42.17,45.36,,33.843477,119.620349,telemetry,NULL_VALUE|OUT_OF_RANGE,Null values in: temperature | Out-of-range value in: temperature,NULL_VALUE|OUT_OF_RANGE,2026-09-18T06:14:29.923892+00:00
EVT0070529,BMW00611,INVALIDVIN,2026-09-02 21:20:00,22.41,60.47,7.17,16.726352,5.772696,telemetry,INVALID_VIN,Invalid or missing VIN,INVALID_VIN,2026-09-18T06:14:29.923892+00:00
EVT0064999,BMW00206,WBA00000000000206,2026-08-14 16:30:00,65.47,141.89,,50.809126,139.765445,telemetry,NULL_VALUE|OUT_OF_RANGE,Null values in: temperature | Out-of-range value in: temperature,NULL_VALUE|OUT_OF_RANGE,2026-09-18T06:14:29.923892+00:00
EVT0048346,BMW00894,WBA00000000000894,2026-06-17 20:45:00,,1.3,37.26,28.28308,-71.033579,telemetry,NULL_VALUE|OUT_OF_RANGE,Null values in: battery_level | Out-of-range value in: battery_level,NULL_VALUE|OUT_OF_RANGE,2026-09-18T06:14:29.923892+00:00
EVT0092623,BMW00858,,2026-11-18 14:30:00,92.05,146.17,-9.93,47.359141,-107.66199,telemetry,NULL_VALUE|INVALID_VIN,Null values in: vin | Invalid or missing VIN,NULL_VALUE|INVALID_VIN,2026-09-18T06:14:29.923892+00:00
EVT0063127,BMW00010,WBA00000000000010,2026-08-08 04:30:00,78.73,74.59,,40.152415,-93.768444,telemetry,NULL_VALUE|OUT_OF_RANGE,Null values in: temperature | Out-of-range value in: temperature,NULL_VALUE|OUT_OF_RANGE,2026-09-18T06:14:29.923892+00:00
EVT0086475,BMW00075,,2026-10-28 06:10:00,11.7,112.21,19.16,52.829099,109.604708,telemetry,NULL_VALUE|INVALID_VIN,Null values in: vin | Invalid or missing VIN,NULL_VALUE|INVALID_VIN,2026-09-18T06:14:29.923892+00:00
EVT0078491,BMW00443,WBA00000000000443,2026-09-30 12:50:00,73.71,41.54,,45.033629,-115.934369,telemetry,NULL_VALUE|OUT_OF_RANGE,Null values in: temperature | Out-of-range value in: temperature,NULL_VALUE|OUT_OF_RANGE,2026-09-18T06:14:29.923892+00:00
BAD00020,UNKNOWN,BADVIN,not-a-date,999.0,-50.0,999.0,999.0,999.0,telemetry,INVALID_VIN|INVALID_DATE|OUT_OF_RANGE|REFERENTIAL_INTEGRITY,"Invalid or missing VIN | Invalid date in: timestamp | Out-of-range value in: battery_level, temperature, speed | Referential integrity violation",INVALID_VIN|INVALID_DATE|OUT_OF_RANGE|REFERENTIAL_INTEGRITY,2026-09-18T06:14:29.923892+00:00
EVT0088516,BMW00571,WBA00000000000571,2026-11-04 08:15:00,180.0,130.5,54.53,21.77529,118.284919,telemetry,OUT_OF_RANGE,Out-of-range value in: battery_level,OUT_OF_RANGE,2026-09-18T06:14:29.923892+00:00
EVT0087868,,WBA00000000000506,2026-11-02 02:15:00,48.2,59.16,44.72,48.364805,-106.493485,telemetry,NULL_VALUE|REFERENTIAL_INTEGRITY,Null values in: vehicle_id | Referential integrity violation,NULL_VALUE|REFERENTIAL_INTEGRITY,2026-09-18T06:14:29.923892+00:00
EVT0029454,BMW00403,,2026-04-13 06:25:00,86.69,15.07,43.58,31.929456,102.084345,telemetry,NULL_VALUE|INVALID_VIN,Null values in: vin | Invalid or missing VIN,NULL_VALUE|INVALID_VIN,2026-09-18T06:14:29.923892+00:00
EVT0006418,BMW00058,,2026-01-23 06:45:00,12.22,99.83,-8.68,48.006024,-85.562405,telemetry,NULL_VALUE|INVALID_VIN,Null values in: vin | Invalid or missing VIN,NULL_VALUE|INVALID_VIN,2026-09-18T06:14:29.923892+00:00
EVT0062938,,WBA00000000000598,2026-08-07 12:45:00,14.18,81.84,38.57,32.663459,-15.862439,telemetry,NULL_VALUE|REFERENTIAL_INTEGRITY,Null values in: vehicle_id | Referential integrity violation,NULL_VALUE|REFERENTIAL_INTEGRITY,2026-09-18T06:14:29.923892+00:00
EVT0019967,BMW00760,WBA00000000000760,2026-03-11 07:50:00,12.0,76.73,11.12,51.568573,145.013144,telemetry,DUPLICATE_RECORD,Duplicate record detected,DUPLICATE_RECORD,2026-09-18T06:14:29.923892+00:00
EVT0043667,BMW00402,WBA00000000000402,2026-15-40 99:99:99,83.67,85.49,20.04,48.860729,121.925603,telemetry,INVALID_DATE,Invalid date in: timestamp,INVALID_DATE,2026-09-18T06:14:29.923892+00:00
EVT0039181,BMW00093,INVALIDVIN,2026-05-17 01:00:00,81.03,133.95,-0.91,32.816527,-37.227631,telemetry,INVALID_VIN,Invalid or missing VIN,INVALID_VIN,2026-09-18T06:14:29.923892+00:00
EVT0053065,BMW00286,WBA00000000000286,2026-07-04 06:00:00,77.14,140.23,40.69,37.195379,129.081292,telemetry,DUPLICATE_RECORD,Duplicate record detected,DUPLICATE_RECORD,2026-09-18T06:14:29.923892+00:00
EVT0096937,BMW00385,WBA00000000000385,2026-12-03 14:00:00,54.1,68.22,49.93,13.280012,-70.004324,telemetry,DUPLICATE_RECORD,Duplicate record detected,DUPLICATE_RECORD,2026-09-18T06:14:29.923892+00:00
EVT0087160,BMW00010,WBA00000000000010,2026-10-30 15:15:00,95.98,145.16,,15.920463,-111.496088,telemetry,NULL_VALUE|OUT_OF_RANGE,Null values in: temperature | Out-of-range value in: temperature,NULL_VALUE|OUT_OF_RANGE,2026-09-18T06:14:29.923892+00:00
EVT0074844,BMW00947,WBA00000000000947,2026-09-17 20:55:00,,97.51,-0.49,37.22565,-78.890892,telemetry,NULL_VALUE|OUT_OF_RANGE,Null values in: battery_level | Out-of-range value in: battery_level,NULL_VALUE|OUT_OF_RANGE,2026-09-18T06:14:29.923892+00:00
EVT0049183,BMW00797,WBA00000000000797,2026-06-20 18:30:00,31.09,125.71,15.45,25.378779,110.543681,telemetry,DUPLICATE_RECORD,Duplicate record detected,DUPLICATE_RECORD,2026-09-18T06:14:29.923892+00:00
EVT0050049,BMW00660,INVALIDVIN,2026-06-23 18:40:00,35.14,88.81,21.2,45.948389,51.914345,telemetry,INVALID_VIN,Invalid or missing VIN,INVALID_VIN,2026-09-18T06:14:29.923892+00:00
EVT0098983,BMW00182,WBA00000000000182,2026-12-10 16:30:00,10.01,134.43,-100.0,37.198195,124.164023,telemetry,OUT_OF_RANGE,Out-of-range value in: temperature,OUT_OF_RANGE,2026-09-18T06:14:29.923892+00:00
EVT0005925,BMW00042,WBA00000000000042,2026-01-21 13:40:00,180.0,46.93,37.53,48.197293,-8.128231,telemetry,OUT_OF_RANGE,Out-of-range value in: battery_level,OUT_OF_RANGE,2026-09-18T06:14:29.923892+00:00
EVT0093110,BMWX00103,WBA00000000000486,2026-11-20 07:05:00,21.71,37.81,-9.96,38.6725,63.018319,telemetry,REFERENTIAL_INTEGRITY,Referential integrity violation,REFERENTIAL_INTEGRITY,2026-09-18T06:14:29.923892+00:00
EVT0033686,BMWX00197,WBA00000000000396,2026-04-27 23:05:00,39.39,3.62,9.3,11.547212,-67.724428,telemetry,REFERENTIAL_INTEGRITY,Referential integrity violation,REFERENTIAL_INTEGRITY,2026-09-18T06:14:29.923892+00:00
EVT0010318,BMW00143,,2026-02-05 19:45:00,17.41,133.48,-1.75,53.955457,55.477045,telemetry,NULL_VALUE|INVALID_VIN,Null values in: vin | Invalid or missing VIN,NULL_VALUE|INVALID_VIN,2026-09-18T06:14:29.923892+00:00
EVT0018279,BMW00284,WBA00000000000284,2026-03-05 11:10:00,150.0,137.89,27.16,16.937879,26.820674,telemetry,OUT_OF_RANGE,Out-of-range value in: battery_level,OUT_OF_RANGE,2026-09-18T06:14:29.923892+00:00
EVT0034904,BMW00575,WBA00000000000575,2026-05-02 04:35:00,55.7,155.15,,27.592653,-24.026523,telemetry,NULL_VALUE|OUT_OF_RANGE,Null values in: temperature | Out-of-range value in: temperature,NULL_VALUE|OUT_OF_RANGE,2026-09-18T06:14:29.923892+00:00
EVT0048879,BMW00791,WBA00000000000791,2026-06-19 17:10:00,14.57,45.98,,33.357983,127.853893,telemetry,NULL_VALUE|OUT_OF_RANGE,Null values in: temperature | Out-of-range value in: temperature,NULL_VALUE|OUT_OF_RANGE,2026-09-18T06:14:29.923892+00:00
EVT0083007,BMW00043,WBA00000000000043,2026-10-16 05:10:00,23.16,27.57,13.13,34.357865,50.500369,telemetry,DUPLICATE_RECORD,Duplicate record detected,DUPLICATE_RECORD,2026-09-18T06:14:29.923892+00:00
EVT0062006,BMW00486,WBA00000000000486,2026-08-04 07:05:00,35.87,38.11,2.54,28.810503,70.854845,telemetry,DUPLICATE_RECORD,Duplicate record detected,DUPLICATE_RECORD,2026-09-18T06:14:29.923892+00:00
EVT0060025,BMW00164,,2026-07-28 10:00:00,92.87,36.61,24.97,36.43064,40.076907,telemetry,NULL_VALUE|INVALID_VIN,Null values in: vin | Invalid or missing VIN,NULL_VALUE|INVALID_VIN,2026-09-18T06:14:29.923892+00:00
EVT0059563,BMW00947,INVALIDVIN,2026-07-26 19:30:00,42.01,141.39,21.24,9.055767,125.372555,telemetry,INVALID_VIN,Invalid or missing VIN,INVALID_VIN,2026-09-18T06:14:29.923892+00:00
EVT0040666,BMW00051,,2026-05-22 04:45:00,17.52,23.41,25.09,30.644391,-13.597408,telemetry,NULL_VALUE|INVALID_VIN,Null values in: vin | Invalid or missing VIN,NULL_VALUE|INVALID_VIN,2026-09-18T06:14:29.923892+00:00
EVT0091050,BMW00693,WBA00000000000693,2026-11-13 03:25:00,-10.0,72.42,26.62,40.303815,-39.639914,telemetry,OUT_OF_RANGE,Out-of-range value in: battery_level,OUT_OF_RANGE,2026-09-18T06:14:29.923892+00:00
EVT0059521,BMW00615,,2026-07-26 16:00:00,54.29,26.48,-8.93,15.479539,-107.891306,telemetry,NULL_VALUE|INVALID_VIN,Null values in: vin | Invalid or missing VIN,NULL_VALUE|INVALID_VIN,2026-09-18T06:14:29.923892+00:00
EVT0043537,BMW00535,WBA00000000000535,2026-06-01 04:00:00,78.47,61.05,-100.0,35.781841,-112.2435,telemetry,OUT_OF_RANGE,Out-of-range value in: temperature,OUT_OF_RANGE,2026-09-18T06:14:29.923892+00:00
EVT0052586,BMW00491,WBA00000000000491,2026-07-02 14:05:00,,72.3,-6.11,44.85076,108.548644,telemetry,NULL_VALUE|OUT_OF_RANGE,Null values in: battery_level | Out-of-range value in: battery_level,NULL_VALUE|OUT_OF_RANGE,2026-09-18T06:14:29.923892+00:00
EVT0043066,BMW00755,,2026-05-30 12:45:00,84.67,69.43,30.07,33.5729,22.433781,telemetry,NULL_VALUE|INVALID_VIN,Null values in: vin | Invalid or missing VIN,NULL_VALUE|INVALID_VIN,2026-09-18T06:14:29.923892+00:00
EVT0025690,BMW00518,WBA00000000000518,2026-03-31 04:45:00,58.56,71.5,150.0,16.713408,63.955983,telemetry,OUT_OF_RANGE,Out-of-range value in: temperature,OUT_OF_RANGE,2026-09-18T06:14:29.923892+00:00
EVT0061815,BMW00526,WBA00000000000526,2026-08-03 15:10:00,13.31,128.86,40.2,11.641951,-85.889118,telemetry,DUPLICATE_RECORD,Duplicate record detected,DUPLICATE_RECORD,2026-09-18T06:14:29.923892+00:00
EVT0035888,BMW00547,WBA00000000000547,2026-05-05 14:35:00,74.05,37.89,49.83,45.134228,-42.182686,telemetry,DUPLICATE_RECORD,Duplicate record detected,DUPLICATE_RECORD,2026-09-18T06:14:29.923892+00:00
EVT0042222,BMW00929,WBA00000000000929,2026-05-27 14:25:00,55.28,115.96,24.87,40.599789,3.237024,telemetry,DUPLICATE_RECORD,Duplicate record detected,DUPLICATE_RECORD,2026-09-18T06:14:29.923892+00:00
EVT0001040,BMWX00011,WBA00000000000235,2026-01-04 14:35:00,30.23,121.78,-6.02,39.448582,-62.395501,telemetry,REFERENTIAL_INTEGRITY,Referential integrity violation,REFERENTIAL_INTEGRITY,2026-09-18T06:14:29.923892+00:00
BAD00031,UNKNOWN,BADVIN,not-a-date,999.0,-50.0,999.0,999.0,999.0,telemetry,INVALID_VIN|INVALID_DATE|OUT_OF_RANGE|REFERENTIAL_INTEGRITY,"Invalid or missing VIN | Invalid date in: timestamp | Out-of-range value in: battery_level, temperature, speed | Referential integrity violation",INVALID_VIN|INVALID_DATE|OUT_OF_RANGE|REFERENTIAL_INTEGRITY,2026-09-18T06:14:29.923892+00:00
EVT0073284,BMW00447,WBA00000000000447,2026-09-12 10:55:00,,134.88,-1.52,28.66748,-111.40976,telemetry,NULL_VALUE|OUT_OF_RANGE,Null values in: battery_level | Out-of-range value in: battery_level,NULL_VALUE|OUT_OF_RANGE,2026-09-18T06:14:29.923892+00:00
EVT0085902,,WBA00000000000253,2026-10-26 06:25:00,87.41,95.92,43.52,38.80248,-1.014547,telemetry,NULL_VALUE|REFERENTIAL_INTEGRITY,Null values in: vehicle_id | Referential integrity violation,NULL_VALUE|REFERENTIAL_INTEGRITY,2026-09-18T06:14:29.923892+00:00
EVT0093871,BMW00189,WBA00000000000189,2026-11-22 22:30:00,41.16,129.21,,14.435594,101.363969,telemetry,NULL_VALUE|OUT_OF_RANGE,Null values in: temperature | Out-of-range value in: temperature,NULL_VALUE|OUT_OF_RANGE,2026-09-18T06:14:29.923892+00:00
EVT0096988,BMW00866,WBA00000000000866,2026-12-03 18:15:00,-10.0,53.24,-8.27,41.979138,0.393695,telemetry,OUT_OF_RANGE,Out-of-range value in: battery_level,OUT_OF_RANGE,2026-09-18T06:14:29.923892+00:00
EVT0051464,BMWX00198,WBA00000000000976,2026-06-28 16:35:00,33.3,119.94,19.04,41.649449,149.294623,telemetry,REFERENTIAL_INTEGRITY,Referential integrity violation,REFERENTIAL_INTEGRITY,2026-09-18T06:14:29.923892+00:00
EVT0098243,BMW00801,WBA00000000000801,2026-12-08 02:50:00,59.23,5.4,-100.0,52.235835,-11.438676,telemetry,OUT_OF_RANGE,Out-of-range value in: temperature,OUT_OF_RANGE,2026-09-18T06:14:29.923892+00:00
EVT0041193,BMW00943,INVALIDVIN,2026-05-24 00:40:00,26.22,45.95,5.66,47.209759,98.117188,telemetry,INVALID_VIN,Invalid or missing VIN,INVALID_VIN,2026-09-18T06:14:29.923892+00:00
EVT0038953,BMW00453,WBA00000000000453,2026-15-40 99:99:99,67.53,27.28,-1.71,26.798454,-69.904996,telemetry,INVALID_DATE,Invalid date in: timestamp,INVALID_DATE,2026-09-18T06:14:29.923892+00:00
BAD00001,UNKNOWN,BADVIN,not-a-date,999.0,-50.0,999.0,999.0,999.0,telemetry,INVALID_VIN|INVALID_DATE|OUT_OF_RANGE|REFERENTIAL_INTEGRITY,"Invalid or missing VIN | Invalid date in: timestamp | Out-of-range value in: battery_level, temperature, speed | Referential integrity violation",INVALID_VIN|INVALID_DATE|OUT_OF_RANGE|REFERENTIAL_INTEGRITY,2026-09-18T06:14:29.923892+00:00
EVT0052354,BMW00968,WBA00000000000968,2026-07-01 18:45:00,150.0,43.95,49.51,54.782308,-93.477625,telemetry,OUT_OF_RANGE,Out-of-range value in: battery_level,OUT_OF_RANGE,2026-09-18T06:14:29.923892+00:00
EVT0007953,BMW00905,INVALIDVIN,2026-01-28 14:40:00,61.87,5.83,13.3,31.283985,-72.42715,telemetry,INVALID_VIN,Invalid or missing VIN,INVALID_VIN,2026-09-18T06:14:29.923892+00:00
EVT0001994,,WBA00000000000718,2026-01-07 22:05:00,36.29,81.24,47.9,41.023694,-33.955089,telemetry,NULL_VALUE|REFERENTIAL_INTEGRITY,Null values in: vehicle_id | Referential integrity violation,NULL_VALUE|REFERENTIAL_INTEGRITY,2026-09-18T06:14:29.923892+00:00
EVT0010513,BMW00584,WBA00000000000584,2026-02-06 12:00:00,63.67,139.81,,24.321103,48.533155,telemetry,NULL_VALUE|OUT_OF_RANGE,Null values in: temperature | Out-of-range value in: temperature,NULL_VALUE|OUT_OF_RANGE,2026-09-18T06:14:29.923892+00:00
EVT0064291,BMW00315,WBA00000000000315,2026-08-12 05:30:00,34.25,108.66,,20.559841,-34.655889,telemetry,NULL_VALUE|DUPLICATE_RECORD|OUT_OF_RANGE,Null values in: temperature | Duplicate record detected | Out-of-range value in: temperature,NULL_VALUE|DUPLICATE_RECORD|OUT_OF_RANGE,2026-09-18T06:14:29.923892+00:00
EVT0030884,BMW00130,WBA00000000000130,2026-04-18 05:35:00,54.32,5.39,13.07,16.720433,113.258918,telemetry,DUPLICATE_RECORD,Duplicate record detected,DUPLICATE_RECORD,2026-09-18T06:14:29.923892+00:00
EVT0083307,,WBA00000000000729,2026-10-17 06:10:00,98.43,10.34,13.9,10.986636,-71.42444,telemetry,NULL_VALUE|REFERENTIAL_INTEGRITY,Null values in: vehicle_id | Referential integrity violation,NULL_VALUE|REFERENTIAL_INTEGRITY,2026-09-18T06:14:29.923892+00:00
EVT0037948,BMW00240,,2026-05-12 18:15:00,23.18,139.6,28.06,23.898116,0.229161,telemetry,NULL_VALUE|INVALID_VIN,Null values in: vin | Invalid or missing VIN,NULL_VALUE|INVALID_VIN,2026-09-18T06:14:29.923892+00:00
EVT0029345,BMW00505,WBA00000000000505,2026-04-12 21:20:00,-25.0,141.61,-4.51,54.950691,67.374637,telemetry,OUT_OF_RANGE,Out-of-range value in: battery_level,OUT_OF_RANGE,2026-09-18T06:14:29.923892+00:00
EVT0000191,BMW00734,,2026-01-01 15:50:00,57.91,52.94,23.11,11.287591,-21.838564,telemetry,NULL_VALUE|INVALID_VIN,Null values in: vin | Invalid or missing VIN,NULL_VALUE|INVALID_VIN,2026-09-18T06:14:29.923892+00:00
EVT0076700,BMW00711,WBA00000000000711,2026-09-24 07:35:00,46.57,67.27,43.97,29.219156,-73.721396,telemetry,DUPLICATE_RECORD,Duplicate record detected,DUPLICATE_RECORD,2026-09-18T06:14:29.923892+00:00
EVT0014304,BMW00801,WBA00000000000801,2026-15-40 99:99:99,79.13,136.86,33.68,22.478667,-87.763194,telemetry,INVALID_DATE,Invalid date in: timestamp,INVALID_DATE,2026-09-18T06:14:29.923892+00:00
EVT0012751,BMW00812,WBA00000000000812,2026-02-14 06:30:00,37.96,67.05,52.07,15.756953,-106.095341,telemetry,DUPLICATE_RECORD,Duplicate record detected,DUPLICATE_RECORD,2026-09-18T06:14:29.923892+00:00
EVT0013710,BMWX00057,WBA00000000000687,2026-02-17 14:25:00,94.15,133.43,43.69,23.746148,-74.533425,telemetry,REFERENTIAL_INTEGRITY,Referential integrity violation,REFERENTIAL_INTEGRITY,2026-09-18T06:14:29.923892+00:00
EVT0084648,BMW00106,WBA00000000000106,2026-15-40 99:99:99,43.49,93.99,37.48,32.77752,34.740184,telemetry,INVALID_DATE,Invalid date in: timestamp,INVALID_DATE,2026-09-18T06:14:29.923892+00:00
EVT0031382,BMW00933,WBA00000000000933,2026-04-19 23:05:00,57.4,104.13,,44.055409,64.052403,telemetry,NULL_VALUE|OUT_OF_RANGE,Null values in: temperature | Out-of-range value in: temperature,NULL_VALUE|OUT_OF_RANGE,2026-09-18T06:14:29.923892+00:00
EVT0041929,,WBA00000000000463,2026-05-26 14:00:00,92.55,116.83,9.97,11.993836,-58.238823,telemetry,NULL_VALUE|REFERENTIAL_INTEGRITY,Null values in: vehicle_id | Referential integrity violation,NULL_VALUE|REFERENTIAL_INTEGRITY,2026-09-18T06:14:29.923892+00:00
EVT0027062,BMW00918,WBA00000000000918,2026-04-04 23:05:00,,19.38,17.32,36.676364,73.012063,telemetry,NULL_VALUE|OUT_OF_RANGE,Null values in: battery_level | Out-of-range value in: battery_level,NULL_VALUE|OUT_OF_RANGE,2026-09-18T06:14:29.923892+00:00
EVT0078030,,WBA00000000000433,2026-09-28 22:25:00,47.48,79.72,29.43,28.791598,99.968776,telemetry,NULL_VALUE|REFERENTIAL_INTEGRITY,Null values in: vehicle_id | Referential integrity violation,NULL_VALUE|REFERENTIAL_INTEGRITY,2026-09-18T06:14:29.923892+00:00
EVT0034549,BMW00145,WBA00000000000145,2026-04-30 23:00:00,23.5,92.44,-100.0,11.734901,-39.597103,telemetry,OUT_OF_RANGE,Out-of-range value in: temperature,OUT_OF_RANGE,2026-09-18T06:14:29.923892+00:00
EVT0035074,BMW00404,WBA00000000000404,2026-05-02 18:45:00,66.13,141.04,27.49,23.114305,72.621124,telemetry,DUPLICATE_RECORD,Duplicate record detected,DUPLICATE_RECORD,2026-09-18T06:14:29.923892+00:00
EVT0008754,BMW00027,,2026-01-31 09:25:00,81.7,78.17,38.17,42.49669,144.786069,telemetry,NULL_VALUE|INVALID_VIN,Null values in: vin | Invalid or missing VIN,NULL_VALUE|INVALID_VIN,2026-09-18T06:14:29.923892+00:00
EVT0058488,BMWX00121,WBA00000000000686,2026-07-23 01:55:00,11.22,36.59,51.94,12.047649,149.658141,telemetry,REFERENTIAL_INTEGRITY,Referential integrity violation,REFERENTIAL_INTEGRITY,2026-09-18T06:14:29.923892+00:00
EVT0096628,BMW00952,WBA00000000000952,2026-12-02 12:15:00,-10.0,151.19,11.73,40.451532,37.751601,telemetry,OUT_OF_RANGE,Out-of-range value in: battery_level,OUT_OF_RANGE,2026-09-18T06:14:29.923892+00:00
EVT0086053,BMWX00061,WBA00000000000427,2026-10-26 19:00:00,34.33,66.74,-2.26,10.412253,17.643186,telemetry,REFERENTIAL_INTEGRITY,Referential integrity violation,REFERENTIAL_INTEGRITY,2026-09-18T06:14:29.923892+00:00
EVT0070558,BMW00956,WBA00000000000956,2026-09-02 23:45:00,58.08,11.31,44.82,33.338938,49.438275,telemetry,DUPLICATE_RECORD,Duplicate record detected,DUPLICATE_RECORD,2026-09-18T06:14:29.923892+00:00
EVT0031139,BMW00460,WBA00000000000460,2026-04-19 02:50:00,,41.97,43.39,36.975879,-88.441784,telemetry,NULL_VALUE|OUT_OF_RANGE,Null values in: battery_level | Out-of-range value in: battery_level,NULL_VALUE|OUT_OF_RANGE,2026-09-18T06:14:29.923892+00:00
EVT0038607,BMW00381,WBA00000000000381,2026-05-15 01:10:00,61.17,52.51,5.11,21.197885,-39.443981,telemetry,DUPLICATE_RECORD,Duplicate record detected,DUPLICATE_RECORD,2026-09-18T06:14:29.923892+00:00
EVT0083515,,WBA00000000000799,2026-10-17 23:30:00,16.3,76.19,20.75,22.433994,18.022394,telemetry,NULL_VALUE|REFERENTIAL_INTEGRITY,Null values in: vehicle_id | Referential integrity violation,NULL_VALUE|REFERENTIAL_INTEGRITY,2026-09-18T06:14:29.923892+00:00
EVT0001168,BMW00781,,2026-01-05 01:15:00,60.62,22.52,21.21,49.807087,-12.121623,telemetry,NULL_VALUE|INVALID_VIN,Null values in: vin | Invalid or missing VIN,NULL_VALUE|INVALID_VIN,2026-09-18T06:14:29.923892+00:00
EVT0018146,BMW00323,WBA00000000000323,2026-03-05 00:05:00,16.36,81.4,33.89,35.72715,97.727336,telemetry,DUPLICATE_RECORD,Duplicate record detected,DUPLICATE_RECORD,2026-09-18T06:14:29.923892+00:00
EVT0039409,BMW00784,WBA00000000000784,2026-05-17 20:00:00,,99.4,39.61,35.637767,124.333311,telemetry,NULL_VALUE|OUT_OF_RANGE,Null values in: battery_level | Out-of-range value in: battery_level,NULL_VALUE|OUT_OF_RANGE,2026-09-18T06:14:29.923892+00:00
EVT0056459,,WBA00000000000936,2026-07-16 00:50:00,57.87,132.68,21.57,28.716944,95.638274,telemetry,NULL_VALUE|REFERENTIAL_INTEGRITY,Null values in: vehicle_id | Referential integrity violation,NULL_VALUE|REFERENTIAL_INTEGRITY,2026-09-18T06:14:29.923892+00:00
EVT0083305,BMW00033,WBA00000000000033,2026-10-17 06:00:00,31.17,87.77,29.24,16.205945,-35.297841,telemetry,DUPLICATE_RECORD,Duplicate record detected,DUPLICATE_RECORD,2026-09-18T06:14:29.923892+00:00
EVT0079034,BMW00871,INVALIDVIN,2026-10-02 10:05:00,45.02,138.88,14.66,35.93963,19.396239,telemetry,INVALID_VIN,Invalid or missing VIN,INVALID_VIN,2026-09-18T06:14:29.923892+00:00
EVT0089424,BMW00365,INVALIDVIN,2026-11-07 11:55:00,40.26,130.41,-4.78,24.412386,-64.25907,telemetry,INVALID_VIN,Invalid or missing VIN,INVALID_VIN,2026-09-18T06:14:29.923892+00:00
EVT0021615,BMW00892,WBA00000000000892,2026-03-17 01:10:00,49.76,116.95,48.38,32.216517,-82.780403,telemetry,DUPLICATE_RECORD,Duplicate record detected,DUPLICATE_RECORD,2026-09-18T06:14:29.923892+00:00
EVT0066840,BMW00406,WBA00000000000406,2026-08-21 01:55:00,12.44,25.18,-80.0,17.098514,-34.622359,telemetry,OUT_OF_RANGE,Out-of-range value in: temperature,OUT_OF_RANGE,2026-09-18T06:14:29.923892+00:00
EVT0047256,BMW00311,WBA00000000000311,2026-06-14 01:55:00,,156.76,24.47,45.094172,-1.887874,telemetry,NULL_VALUE|OUT_OF_RANGE,Null values in: battery_level | Out-of-range value in: battery_level,NULL_VALUE|OUT_OF_RANGE,2026-09-18T06:14:29.923892+00:00
EVT0054008,,WBA00000000000436,2026-07-07 12:35:00,18.4,89.71,42.83,17.931538,107.461741,telemetry,NULL_VALUE|REFERENTIAL_INTEGRITY,Null values in: vehicle_id | Referential integrity violation,NULL_VALUE|REFERENTIAL_INTEGRITY,2026-09-18T06:14:29.923892+00:00
EVT0001333,BMW00232,WBA00000000000232,2026-01-05 15:00:00,45.13,28.72,39.3,54.266763,-60.859181,telemetry,DUPLICATE_RECORD,Duplicate record detected,DUPLICATE_RECORD,2026-09-18T06:14:29.923892+00:00
EVT0044644,BMW00256,INVALIDVIN,2026-06-05 00:15:00,41.7,89.64,-3.73,33.455013,107.476575,telemetry,INVALID_VIN,Invalid or missing VIN,INVALID_VIN,2026-09-18T06:14:29.923892+00:00
EVT0033685,BMW00226,WBA00000000000226,2026-04-27 23:00:00,90.96,40.66,-8.82,33.274946,57.280028,telemetry,DUPLICATE_RECORD,Duplicate record detected,DUPLICATE_RECORD,2026-09-18T06:14:29.923892+00:00
EVT0069396,BMW00963,,2026-08-29 22:55:00,64.98,0.98,-9.6,22.980994,-49.051986,telemetry,NULL_VALUE|INVALID_VIN,Null values in: vin | Invalid or missing VIN,NULL_VALUE|INVALID_VIN,2026-09-18T06:14:29.923892+00:00
EVT0036421,BMW00562,,2026-05-07 11:00:00,93.65,30.25,37.22,25.231575,140.081639,telemetry,NULL_VALUE|INVALID_VIN,Null values in: vin | Invalid or missing VIN,NULL_VALUE|INVALID_VIN,2026-09-18T06:14:29.923892+00:00
EVT0032048,BMW00129,WBA00000000000129,2026-15-40 99:99:99,67.36,26.97,8.02,18.652585,137.511571,telemetry,INVALID_DATE,Invalid date in: timestamp,INVALID_DATE,2026-09-18T06:14:29.923892+00:00
EVT0065744,BMW00497,WBA00000000000497,2026-08-17 06:35:00,49.75,92.65,32.22,46.809099,60.271537,telemetry,DUPLICATE_RECORD,Duplicate record detected,DUPLICATE_RECORD,2026-09-18T06:14:29.923892+00:00
EVT0004606,BMW00047,WBA00000000000047,2026-15-40 99:99:99,23.95,48.37,3.93,10.693159,-68.481598,telemetry,INVALID_DATE,Invalid date in: timestamp,INVALID_DATE,2026-09-18T06:14:29.923892+00:00
EVT0036054,BMW00845,WBA00000000000845,2026-05-06 04:25:00,180.0,113.69,19.38,30.613839,-75.691719,telemetry,OUT_OF_RANGE,Out-of-range value in: battery_level,OUT_OF_RANGE,2026-09-18T06:14:29.923892+00:00
EVT0007736,,WBA00000000000206,2026-01-27 20:35:00,64.61,63.51,28.67,41.612924,-98.587671,telemetry,NULL_VALUE|REFERENTIAL_INTEGRITY,Null values in: vehicle_id | Referential integrity violation,NULL_VALUE|REFERENTIAL_INTEGRITY,2026-09-18T06:14:29.923892+00:00
EVT0062740,BMW00365,WBA00000000000365,2026-08-06 20:15:00,-25.0,73.95,36.6,38.1852,57.378919,telemetry,OUT_OF_RANGE,Out-of-range value in: battery_level,OUT_OF_RANGE,2026-09-18T06:14:29.923892+00:00
BAD00007,UNKNOWN,BADVIN,not-a-date,999.0,-50.0,999.0,999.0,999.0,telemetry,INVALID_VIN|INVALID_DATE|OUT_OF_RANGE|REFERENTIAL_INTEGRITY,"Invalid or missing VIN | Invalid date in: timestamp | Out-of-range value in: battery_level, temperature, speed | Referential integrity violation",INVALID_VIN|INVALID_DATE|OUT_OF_RANGE|REFERENTIAL_INTEGRITY,2026-09-18T06:14:29.923892+00:00
EVT0056475,BMW00931,WBA00000000000931,2026-07-16 02:10:00,180.0,132.59,6.1,31.794864,-20.316685,telemetry,OUT_OF_RANGE,Out-of-range value in: battery_level,OUT_OF_RANGE,2026-09-18T06:14:29.923892+00:00
EVT0077338,BMW00681,WBA00000000000681,2026-15-40 99:99:99,48.04,88.17,38.44,42.417962,-101.506606,telemetry,INVALID_DATE,Invalid date in: timestamp,INVALID_DATE,2026-09-18T06:14:29.923892+00:00
EVT0094282,BMW00805,WBA00000000000805,2026-11-24 08:45:00,180.0,141.84,36.24,34.722897,116.841073,telemetry,OUT_OF_RANGE,Out-of-range value in: battery_level,OUT_OF_RANGE,2026-09-18T06:14:29.923892+00:00
EVT0045931,BMW00230,WBA00000000000230,2026-06-09 11:30:00,41.38,132.56,-80.0,10.437391,-66.438486,telemetry,OUT_OF_RANGE,Out-of-range value in: temperature,OUT_OF_RANGE,2026-09-18T06:14:29.923892+00:00
EVT0016362,BMW00499,WBA00000000000499,2026-02-26 19:25:00,47.55,141.95,-4.48,16.367301,139.106373,telemetry,DUPLICATE_RECORD,Duplicate record detected,DUPLICATE_RECORD,2026-09-18T06:14:29.923892+00:00
EVT0041691,BMW00677,WBA00000000000677,2026-05-25 18:10:00,79.59,105.62,,50.82715,-39.829605,telemetry,NULL_VALUE|OUT_OF_RANGE,Null values in: temperature | Out-of-range value in: temperature,NULL_VALUE|OUT_OF_RANGE,2026-09-18T06:14:29.923892+00:00
EVT0040360,BMW00683,WBA00000000000683,2026-05-21 03:15:00,27.98,4.95,-7.95,37.149894,-41.215473,telemetry,DUPLICATE_RECORD,Duplicate record detected,DUPLICATE_RECORD,2026-09-18T06:14:29.923892+00:00
EVT0057375,BMW00200,,2026-07-19 05:10:00,24.49,120.62,35.27,31.253172,5.061286,telemetry,NULL_VALUE|INVALID_VIN,Null values in: vin | Invalid or missing VIN,NULL_VALUE|INVALID_VIN,2026-09-18T06:14:29.923892+00:00
EVT0046839,BMW00990,WBA00000000000990,2026-06-12 15:10:00,,159.34,-8.55,39.132704,87.901095,telemetry,NULL_VALUE|OUT_OF_RANGE,Null values in: battery_level | Out-of-range value in: battery_level,NULL_VALUE|OUT_OF_RANGE,2026-09-18T06:14:29.923892+00:00
EVT0034705,,WBA00000000000172,2026-05-01 12:00:00,49.95,7.17,11.17,44.452673,-41.259301,telemetry,NULL_VALUE|REFERENTIAL_INTEGRITY,Null values in: vehicle_id | Referential integrity violation,NULL_VALUE|REFERENTIAL_INTEGRITY,2026-09-18T06:14:29.923892+00:00
EVT0008655,BMW00647,WBA00000000000647,2026-01-31 01:10:00,,92.02,54.41,15.852672,-5.48312,telemetry,NULL_VALUE|OUT_OF_RANGE,Null values in: battery_level | Out-of-range value in: battery_level,NULL_VALUE|OUT_OF_RANGE,2026-09-18T06:14:29.923892+00:00
EVT0025214,BMW00461,WBA00000000000461,2026-03-29 13:05:00,49.48,71.49,-80.0,48.155064,-2.544212,telemetry,OUT_OF_RANGE,Out-of-range value in: temperature,OUT_OF_RANGE,2026-09-18T06:14:29.923892+00:00
BAD00044,UNKNOWN,BADVIN,not-a-date,999.0,-50.0,999.0,999.0,999.0,telemetry,INVALID_VIN|INVALID_DATE|OUT_OF_RANGE|REFERENTIAL_INTEGRITY,"Invalid or missing VIN | Invalid date in: timestamp | Out-of-range value in: battery_level, temperature, speed | Referential integrity violation",INVALID_VIN|INVALID_DATE|OUT_OF_RANGE|REFERENTIAL_INTEGRITY,2026-09-18T06:14:29.923892+00:00
EVT0070552,BMW00209,WBA00000000000209,2026-09-02 23:15:00,87.69,156.87,1.12,15.888242,10.764923,telemetry,DUPLICATE_RECORD,Duplicate record detected,DUPLICATE_RECORD,2026-09-18T06:14:29.923892+00:00
EVT0088895,BMW00413,WBA00000000000413,2026-11-05 15:50:00,73.67,44.01,3.88,28.432133,131.013653,telemetry,DUPLICATE_RECORD,Duplicate record detected,DUPLICATE_RECORD,2026-09-18T06:14:29.923892+00:00
EVT0081347,BMW00384,WBA00000000000384,2026-10-10 10:50:00,54.0,115.55,15.79,9.28559,45.488663,telemetry,DUPLICATE_RECORD,Duplicate record detected,DUPLICATE_RECORD,2026-09-18T06:14:29.923892+00:00
EVT0046121,BMW00716,WBA00000000000716,2026-06-10 03:20:00,54.2,88.21,-8.76,54.730818,-54.597211,telemetry,DUPLICATE_RECORD,Duplicate record detected,DUPLICATE_RECORD,2026-09-18T06:14:29.923892+00:00
EVT0082498,BMW00516,WBA00000000000516,2026-15-40 99:99:99,11.49,45.51,44.2,30.253776,64.437513,telemetry,INVALID_DATE,Invalid date in: timestamp,INVALID_DATE,2026-09-18T06:14:29.923892+00:00
EVT0067731,BMW00328,WBA00000000000328,2026-08-24 04:10:00,,43.74,45.05,30.250825,-45.908651,telemetry,NULL_VALUE|OUT_OF_RANGE,Null values in: battery_level | Out-of-range value in: battery_level,NULL_VALUE|OUT_OF_RANGE,2026-09-18T06:14:29.923892+00:00
EVT0015813,,WBA00000000000096,2026-02-24 21:40:00,81.78,54.24,-4.21,10.446943,115.070433,telemetry,NULL_VALUE|REFERENTIAL_INTEGRITY,Null values in: vehicle_id | Referential integrity violation,NULL_VALUE|REFERENTIAL_INTEGRITY,2026-09-18T06:14:29.923892+00:00
EVT0061431,BMW00550,WBA00000000000550,2026-08-02 07:10:00,76.48,102.12,,11.696035,-71.322304,telemetry,NULL_VALUE|OUT_OF_RANGE,Null values in: temperature | Out-of-range value in: temperature,NULL_VALUE|OUT_OF_RANGE,2026-09-18T06:14:29.923892+00:00
EVT0029420,BMW00729,WBA00000000000729,2026-04-13 03:35:00,-10.0,137.31,2.68,50.69371,135.788593,telemetry,OUT_OF_RANGE,Out-of-range value in: battery_level,OUT_OF_RANGE,2026-09-18T06:14:29.923892+00:00
EVT0078450,BMW00337,WBA00000000000337,2026-09-30 09:25:00,15.55,154.5,6.73,50.578176,114.74078,telemetry,DUPLICATE_RECORD,Duplicate record detected,DUPLICATE_RECORD,2026-09-18T06:14:29.923892+00:00
EVT0006732,BMW00333,WBA00000000000333,2026-01-24 08:55:00,-25.0,96.88,36.63,32.390535,-95.143267,telemetry,OUT_OF_RANGE,Out-of-range value in: battery_level,OUT_OF_RANGE,2026-09-18T06:14:29.923892+00:00
EVT0086689,BMW00808,WBA00000000000808,2026-10-29 00:00:00,94.38,80.89,35.61,52.361073,-63.278724,telemetry,DUPLICATE_RECORD,Duplicate record detected,DUPLICATE_RECORD,2026-09-18T06:14:29.923892+00:00
EVT0007331,,WBA00000000000849,2026-01-26 10:50:00,41.34,126.38,44.37,47.725547,-48.978705,telemetry,NULL_VALUE|REFERENTIAL_INTEGRITY,Null values in: vehicle_id | Referential integrity violation,NULL_VALUE|REFERENTIAL_INTEGRITY,2026-09-18T06:14:29.923892+00:00
EVT0064712,BMW00977,INVALIDVIN,2026-08-13 16:35:00,21.46,83.55,36.26,11.558513,56.206472,telemetry,INVALID_VIN,Invalid or missing VIN,INVALID_VIN,2026-09-18T06:14:29.923892+00:00
EVT0050733,BMW00941,WBA00000000000941,2026-06-26 03:40:00,,28.98,52.0,24.703186,-54.897609,telemetry,NULL_VALUE|OUT_OF_RANGE,Null values in: battery_level | Out-of-range value in: battery_level,NULL_VALUE|OUT_OF_RANGE,2026-09-18T06:14:29.923892+00:00
EVT0050743,BMW00552,WBA00000000000552,2026-06-26 04:30:00,81.27,36.59,150.0,21.911143,-45.223637,telemetry,OUT_OF_RANGE,Out-of-range value in: temperature,OUT_OF_RANGE,2026-09-18T06:14:29.923892+00:00
EVT0067327,BMW00034,WBA00000000000034,2026-08-22 18:30:00,76.15,155.52,,34.434409,-79.963267,telemetry,NULL_VALUE|OUT_OF_RANGE,Null values in: temperature | Out-of-range value in: temperature,NULL_VALUE|OUT_OF_RANGE,2026-09-18T06:14:29.923892+00:00
EVT0058911,BMWX00132,WBA00000000000399,2026-07-24 13:10:00,94.43,152.88,-9.21,19.498062,114.416023,telemetry,REFERENTIAL_INTEGRITY,Referential integrity violation,REFERENTIAL_INTEGRITY,2026-09-18T06:14:29.923892+00:00
EVT0061462,BMW00178,WBA00000000000178,2026-08-02 09:45:00,60.66,46.04,,42.370491,123.332437,telemetry,NULL_VALUE|DUPLICATE_RECORD|OUT_OF_RANGE,Null values in: temperature | Duplicate record detected | Out-of-range value in: temperature,NULL_VALUE|DUPLICATE_RECORD|OUT_OF_RANGE,2026-09-18T06:14:29.923892+00:00
EVT0078469,BMW00548,WBA00000000000548,2026-09-30 11:00:00,94.19,43.06,-2.95,26.227276,35.917946,telemetry,DUPLICATE_RECORD,Duplicate record detected,DUPLICATE_RECORD,2026-09-18T06:14:29.923892+00:00
EVT0091860,BMW00146,,2026-11-15 22:55:00,84.19,115.91,48.85,37.684276,9.35422,telemetry,NULL_VALUE|INVALID_VIN,Null values in: vin | Invalid or missing VIN,NULL_VALUE|INVALID_VIN,2026-09-18T06:14:29.923892+00:00
EVT0004331,BMWX00178,WBA00000000000105,2026-01-16 00:50:00,26.05,59.34,4.43,26.198706,-49.524043,telemetry,REFERENTIAL_INTEGRITY,Referential integrity violation,REFERENTIAL_INTEGRITY,2026-09-18T06:14:29.923892+00:00
EVT0050690,BMWX00026,WBA00000000000387,2026-06-26 00:05:00,75.97,5.17,8.88,10.200234,36.610355,telemetry,REFERENTIAL_INTEGRITY,Referential integrity violation,REFERENTIAL_INTEGRITY,2026-09-18T06:14:29.923892+00:00
EVT0094979,BMWX00195,WBA00000000000426,2026-11-26 18:50:00,30.05,17.14,11.42,46.939926,-0.472135,telemetry,REFERENTIAL_INTEGRITY,Referential integrity violation,REFERENTIAL_INTEGRITY,2026-09-18T06:14:29.923892+00:00
EVT0088346,BMW00767,WBA00000000000767,2026-11-03 18:05:00,54.44,126.36,33.68,29.593594,128.619926,telemetry,DUPLICATE_RECORD,Duplicate record detected,DUPLICATE_RECORD,2026-09-18T06:14:29.923892+00:00
EVT0058180,BMW00295,WBA00000000000295,2026-15-40 99:99:99,72.27,30.59,43.12,10.15188,111.654324,telemetry,INVALID_DATE,Invalid date in: timestamp,INVALID_DATE,2026-09-18T06:14:29.923892+00:00
EVT0018085,BMW00335,WBA00000000000335,2026-03-04 19:00:00,150.0,80.07,-7.64,21.943158,69.970583,telemetry,OUT_OF_RANGE,Out-of-range value in: battery_level,OUT_OF_RANGE,2026-09-18T06:14:29.923892+00:00
EVT0004806,BMW00180,WBA00000000000180,2026-15-40 99:99:99,12.29,32.53,24.5,27.804347,37.531634,telemetry,INVALID_DATE,Invalid date in: timestamp,INVALID_DATE,2026-09-18T06:14:29.923892+00:00
EVT0064804,BMW00478,WBA00000000000478,2026-08-14 00:15:00,55.6,18.41,150.0,25.013271,-16.002459,telemetry,OUT_OF_RANGE,Out-of-range value in: temperature,OUT_OF_RANGE,2026-09-18T06:14:29.923892+00:00
EVT0028957,BMW00054,WBA00000000000054,2026-04-11 13:00:00,86.65,106.74,150.0,20.325961,-38.822825,telemetry,OUT_OF_RANGE,Out-of-range value in: temperature,OUT_OF_RANGE,2026-09-18T06:14:29.923892+00:00
EVT0079620,BMWX00023,WBA00000000000239,2026-10-04 10:55:00,13.96,77.15,33.95,22.768975,39.445813,telemetry,REFERENTIAL_INTEGRITY,Referential integrity violation,REFERENTIAL_INTEGRITY,2026-09-18T06:14:29.923892+00:00
EVT0062512,BMW00753,,2026-08-06 01:15:00,19.75,141.64,7.75,45.001672,26.268817,telemetry,NULL_VALUE|INVALID_VIN,Null values in: vin | Invalid or missing VIN,NULL_VALUE|INVALID_VIN,2026-09-18T06:14:29.923892+00:00
EVT0089324,BMW00574,WBA00000000000574,2026-11-07 03:35:00,,36.66,18.74,44.129622,143.34933,telemetry,NULL_VALUE|OUT_OF_RANGE,Null values in: battery_level | Out-of-range value in: battery_level,NULL_VALUE|OUT_OF_RANGE,2026-09-18T06:14:29.923892+00:00
EVT0008623,BMW00633,WBA00000000000633,2026-01-30 22:30:00,,61.59,16.85,29.437801,-55.817787,telemetry,NULL_VALUE|OUT_OF_RANGE,Null values in: battery_level | Out-of-range value in: battery_level,NULL_VALUE|OUT_OF_RANGE,2026-09-18T06:14:29.923892+00:00
EVT0077936,BMW00758,WBA00000000000758,2026-09-28 14:35:00,180.0,57.13,8.8,52.10539,-85.469239,telemetry,OUT_OF_RANGE,Out-of-range value in: battery_level,OUT_OF_RANGE,2026-09-18T06:14:29.923892+00:00
EVT0065470,BMW00231,WBA00000000000231,2026-08-16 07:45:00,59.58,135.13,,54.465743,-33.299711,telemetry,NULL_VALUE|OUT_OF_RANGE,Null values in: temperature | Out-of-range value in: temperature,NULL_VALUE|OUT_OF_RANGE,2026-09-18T06:14:29.923892+00:00
EVT0060443,BMW00840,,2026-07-29 20:50:00,29.37,66.55,34.36,19.382129,-104.512341,telemetry,NULL_VALUE|INVALID_VIN,Null values in: vin | Invalid or missing VIN,NULL_VALUE|INVALID_VIN,2026-09-18T06:14:29.923892+00:00
EVT0075439,BMW00401,WBA00000000000401,2026-09-19 22:30:00,11.97,74.32,49.69,47.054889,41.062602,telemetry,DUPLICATE_RECORD,Duplicate record detected,DUPLICATE_RECORD,2026-09-18T06:14:29.923892+00:00
EVT0056744,BMW00422,INVALIDVIN,2026-07-17 00:35:00,60.3,5.07,8.41,13.735385,-85.401175,telemetry,INVALID_VIN,Invalid or missing VIN,INVALID_VIN,2026-09-18T06:14:29.923892+00:00
EVT0056515,,WBA00000000000251,2026-07-16 05:30:00,71.36,102.99,4.87,47.440125,-86.681115,telemetry,NULL_VALUE|REFERENTIAL_INTEGRITY,Null values in: vehicle_id | Referential integrity violation,NULL_VALUE|REFERENTIAL_INTEGRITY,2026-09-18T06:14:29.923892+00:00
EVT0038224,BMWX00179,WBA00000000000198,2026-05-13 17:15:00,17.32,91.12,-3.97,45.049228,145.491768,telemetry,REFERENTIAL_INTEGRITY,Referential integrity violation,REFERENTIAL_INTEGRITY,2026-09-18T06:14:29.923892+00:00
EVT0034578,BMW00744,WBA00000000000744,2026-05-01 01:25:00,83.89,92.01,-100.0,34.121358,-101.971002,telemetry,OUT_OF_RANGE,Out-of-range value in: temperature,OUT_OF_RANGE,2026-09-18T06:14:29.923892+00:00
EVT0091069,BMW00016,INVALIDVIN,2026-11-13 05:00:00,74.29,156.1,-3.35,31.115068,-117.546267,telemetry,INVALID_VIN,Invalid or missing VIN,INVALID_VIN,2026-09-18T06:14:29.923892+00:00
EVT0098400,BMW00063,WBA00000000000063,2026-12-08 15:55:00,82.6,42.95,52.02,34.32648,30.359593,telemetry,DUPLICATE_RECORD,Duplicate record detected,DUPLICATE_RECORD,2026-09-18T06:14:29.923892+00:00
EVT0069201,BMW00333,WBA00000000000333,2026-08-29 06:40:00,150.0,7.07,-1.17,13.939983,112.165886,telemetry,OUT_OF_RANGE,Out-of-range value in: battery_level,OUT_OF_RANGE,2026-09-18T06:14:29.923892+00:00
EVT0008258,BMW00202,WBA00000000000202,2026-01-29 16:05:00,33.37,153.26,31.19,18.44257,63.79403,telemetry,DUPLICATE_RECORD,Duplicate record detected,DUPLICATE_RECORD,2026-09-18T06:14:29.923892+00:00
EVT0009785,BMW00134,WBA00000000000134,2026-02-03 23:20:00,-25.0,24.77,36.97,53.87704,28.582577,telemetry,OUT_OF_RANGE,Out-of-range value in: battery_level,OUT_OF_RANGE,2026-09-18T06:14:29.923892+00:00
BAD00048,UNKNOWN,BADVIN,not-a-date,999.0,-50.0,999.0,999.0,999.0,telemetry,INVALID_VIN|INVALID_DATE|OUT_OF_RANGE|REFERENTIAL_INTEGRITY,"Invalid or missing VIN | Invalid date in: timestamp | Out-of-range value in: battery_level, temperature, speed | Referential integrity violation",INVALID_VIN|INVALID_DATE|OUT_OF_RANGE|REFERENTIAL_INTEGRITY,2026-09-18T06:14:29.923892+00:00
EVT0052506,BMW00380,WBA00000000000380,2026-07-02 07:25:00,52.22,9.36,150.0,38.754773,-41.722206,telemetry,OUT_OF_RANGE,Out-of-range value in: temperature,OUT_OF_RANGE,2026-09-18T06:14:29.923892+00:00
EVT0062985,BMWX00130,WBA00000000000610,2026-08-07 16:40:00,66.8,122.5,16.7,53.863949,16.114976,telemetry,REFERENTIAL_INTEGRITY,Referential integrity violation,REFERENTIAL_INTEGRITY,2026-09-18T06:14:29.923892+00:00
EVT0062726,BMWX00024,INVALIDVIN,2026-08-06 19:05:00,92.02,40.16,9.27,10.86122,89.093759,telemetry,INVALID_VIN|REFERENTIAL_INTEGRITY,Invalid or missing VIN | Referential integrity violation,INVALID_VIN|REFERENTIAL_INTEGRITY,2026-09-18T06:14:29.923892+00:00
EVT0050984,BMW00773,,2026-06-27 00:35:00,20.5,143.16,12.82,10.168389,74.196504,telemetry,NULL_VALUE|INVALID_VIN,Null values in: vin | Invalid or missing VIN,NULL_VALUE|INVALID_VIN,2026-09-18T06:14:29.923892+00:00
EVT0022984,BMW00001,WBA00000000000001,2026-03-21 19:15:00,-10.0,36.06,2.56,31.382995,115.483232,telemetry,OUT_OF_RANGE,Out-of-range value in: battery_level,OUT_OF_RANGE,2026-09-18T06:14:29.923892+00:00
EVT0031137,BMW00852,INVALIDVIN,2026-04-19 02:40:00,91.43,147.1,40.8,47.972109,130.459512,telemetry,INVALID_VIN,Invalid or missing VIN,INVALID_VIN,2026-09-18T06:14:29.923892+00:00
EVT0071347,BMW00113,WBA00000000000113,2026-15-40 99:99:99,36.16,90.92,2.95,31.348419,28.414404,telemetry,INVALID_DATE,Invalid date in: timestamp,INVALID_DATE,2026-09-18T06:14:29.923892+00:00
EVT0041885,BMW00234,,2026-05-26 10:20:00,14.6,86.72,19.55,29.862583,-36.107705,telemetry,NULL_VALUE|INVALID_VIN,Null values in: vin | Invalid or missing VIN,NULL_VALUE|INVALID_VIN,2026-09-18T06:14:29.923892+00:00
EVT0066457,BMW00201,WBA00000000000201,2026-08-19 18:00:00,24.24,159.46,,12.404572,1.783841,telemetry,NULL_VALUE|OUT_OF_RANGE,Null values in: temperature | Out-of-range value in: temperature,NULL_VALUE|OUT_OF_RANGE,2026-09-18T06:14:29.923892+00:00
EVT0060831,,WBA00000000000501,2026-07-31 05:10:00,91.79,53.45,17.52,54.471445,105.019873,telemetry,NULL_VALUE|REFERENTIAL_INTEGRITY,Null values in: vehicle_id | Referential integrity violation,NULL_VALUE|REFERENTIAL_INTEGRITY,2026-09-18T06:14:29.923892+00:00
EVT0052177,BMW00927,WBA00000000000927,2026-07-01 04:00:00,50.42,41.79,39.77,30.086988,53.290007,telemetry,DUPLICATE_RECORD,Duplicate record detected,DUPLICATE_RECORD,2026-09-18T06:14:29.923892+00:00
EVT0001729,BMW00126,WBA00000000000126,2026-01-07 00:00:00,66.67,97.23,46.02,21.78976,-70.285718,telemetry,DUPLICATE_RECORD,Duplicate record detected,DUPLICATE_RECORD,2026-09-18T06:14:29.923892+00:00
EVT0066800,BMW00244,WBA00000000000244,2026-08-20 22:35:00,79.23,57.67,,44.585734,95.300495,telemetry,NULL_VALUE|OUT_OF_RANGE,Null values in: temperature | Out-of-range value in: temperature,NULL_VALUE|OUT_OF_RANGE,2026-09-18T06:14:29.923892+00:00
EVT0050875,BMW00858,WBA00000000000858,2026-06-26 15:30:00,150.0,85.6,-0.5,9.494286,18.107296,telemetry,OUT_OF_RANGE,Out-of-range value in: battery_level,OUT_OF_RANGE,2026-09-18T06:14:29.923892+00:00
EVT0033027,BMW00435,WBA00000000000435,2026-04-25 16:10:00,,23.49,25.8,43.067754,34.838815,telemetry,NULL_VALUE|OUT_OF_RANGE,Null values in: battery_level | Out-of-range value in: battery_level,NULL_VALUE|OUT_OF_RANGE,2026-09-18T06:14:29.923892+00:00
EVT0056565,BMW00703,,2026-07-16 09:40:00,31.76,88.53,9.37,46.687306,-96.959367,telemetry,NULL_VALUE|INVALID_VIN,Null values in: vin | Invalid or missing VIN,NULL_VALUE|INVALID_VIN,2026-09-18T06:14:29.923892+00:00
EVT0029232,BMW00825,WBA00000000000825,2026-04-12 11:55:00,34.44,7.61,46.02,24.545653,135.178095,telemetry,DUPLICATE_RECORD,Duplicate record detected,DUPLICATE_RECORD,2026-09-18T06:14:29.923892+00:00
EVT0066816,BMWX00002,WBA00000000000817,2026-08-20 23:55:00,86.3,33.82,35.11,14.216255,51.713526,telemetry,REFERENTIAL_INTEGRITY,Referential integrity violation,REFERENTIAL_INTEGRITY,2026-09-18T06:14:29.923892+00:00
EVT0006861,BMW00115,,2026-01-24 19:40:00,29.17,126.62,,51.364042,-14.762463,telemetry,NULL_VALUE|INVALID_VIN|OUT_OF_RANGE,"Null values in: vin, temperature | Invalid or missing VIN | Out-of-range value in: temperature",NULL_VALUE|INVALID_VIN|OUT_OF_RANGE,2026-09-18T06:14:29.923892+00:00
EVT0044168,,WBA00000000000724,2026-06-03 08:35:00,81.46,113.35,51.73,47.941407,104.510449,telemetry,NULL_VALUE|REFERENTIAL_INTEGRITY,Null values in: vehicle_id | Referential integrity violation,NULL_VALUE|REFERENTIAL_INTEGRITY,2026-09-18T06:14:29.923892+00:00
EVT0038826,BMW00456,INVALIDVIN,2026-05-15 19:25:00,93.64,4.28,49.6,40.562073,-54.59985,telemetry,INVALID_VIN,Invalid or missing VIN,INVALID_VIN,2026-09-18T06:14:29.923892+00:00
EVT0095338,BMW00539,WBA00000000000539,2026-11-28 00:45:00,150.0,60.17,36.69,36.130574,84.167749,telemetry,OUT_OF_RANGE,Out-of-range value in: battery_level,OUT_OF_RANGE,2026-09-18T06:14:29.923892+00:00
EVT0034968,,WBA00000000000518,2026-05-02 09:55:00,65.22,19.11,21.27,50.384405,-31.333203,telemetry,NULL_VALUE|REFERENTIAL_INTEGRITY,Null values in: vehicle_id | Referential integrity violation,NULL_VALUE|REFERENTIAL_INTEGRITY,2026-09-18T06:14:29.923892+00:00
EVT0070521,BMW00876,WBA00000000000876,2026-09-02 20:40:00,54.57,84.35,200.0,20.890923,27.669866,telemetry,OUT_OF_RANGE,Out-of-range value in: temperature,OUT_OF_RANGE,2026-09-18T06:14:29.923892+00:00
EVT0002906,BMW00945,WBA00000000000945,2026-01-11 02:05:00,64.28,85.08,,16.926507,-91.861303,telemetry,NULL_VALUE|OUT_OF_RANGE,Null values in: temperature | Out-of-range value in: temperature,NULL_VALUE|OUT_OF_RANGE,2026-09-18T06:14:29.923892+00:00
EVT0056781,BMW00722,INVALIDVIN,2026-07-17 03:40:00,44.32,107.28,42.75,43.560321,116.419869,telemetry,INVALID_VIN,Invalid or missing VIN,INVALID_VIN,2026-09-18T06:14:29.923892+00:00
EVT0069770,BMW00453,WBA00000000000453,2026-08-31 06:05:00,60.55,70.75,0.93,52.870411,143.799947,telemetry,DUPLICATE_RECORD,Duplicate record detected,DUPLICATE_RECORD,2026-09-18T06:14:29.923892+00:00
EVT0040922,,WBA00000000000523,2026-05-23 02:05:00,35.96,126.45,31.84,40.641762,109.515088,telemetry,NULL_VALUE|REFERENTIAL_INTEGRITY,Null values in: vehicle_id | Referential integrity violation,NULL_VALUE|REFERENTIAL_INTEGRITY,2026-09-18T06:14:29.923892+00:00
EVT0012934,BMW00506,WBA00000000000506,2026-15-40 99:99:99,63.48,18.7,51.91,23.62508,46.137717,telemetry,INVALID_DATE,Invalid date in: timestamp,INVALID_DATE,2026-09-18T06:14:29.923892+00:00
EVT0043987,BMW00815,WBA00000000000815,2026-06-02 17:30:00,150.0,55.95,46.13,13.519601,-20.921775,telemetry,OUT_OF_RANGE,Out-of-range value in: battery_level,OUT_OF_RANGE,2026-09-18T06:14:29.923892+00:00
EVT0097072,BMW00171,INVALIDVIN,2026-12-04 01:15:00,47.22,157.41,16.07,37.323244,77.308361,telemetry,INVALID_VIN,Invalid or missing VIN,INVALID_VIN,2026-09-18T06:14:29.923892+00:00
EVT0031589,BMW00481,WBA00000000000481,2026-04-20 16:20:00,57.69,129.93,-100.0,43.2549,87.357199,telemetry,OUT_OF_RANGE,Out-of-range value in: temperature,OUT_OF_RANGE,2026-09-18T06:14:29.923892+00:00
EVT0093365,BMW00454,WBA00000000000454,2026-11-21 04:20:00,35.3,142.02,12.37,23.701992,56.831769,telemetry,DUPLICATE_RECORD,Duplicate record detected,DUPLICATE_RECORD,2026-09-18T06:14:29.923892+00:00
EVT0056455,BMW00579,INVALIDVIN,2026-07-16 00:30:00,86.64,73.77,11.52,44.102845,-53.836787,telemetry,INVALID_VIN,Invalid or missing VIN,INVALID_VIN,2026-09-18T06:14:29.923892+00:00
EVT0082205,BMW00827,WBA00000000000827,2026-10-13 10:20:00,180.0,144.08,19.89,14.104288,32.588379,telemetry,OUT_OF_RANGE,Out-of-range value in: battery_level,OUT_OF_RANGE,2026-09-18T06:14:29.923892+00:00
EVT0040978,,WBA00000000000396,2026-05-23 06:45:00,44.86,32.52,52.09,16.953818,92.740077,telemetry,NULL_VALUE|REFERENTIAL_INTEGRITY,Null values in: vehicle_id | Referential integrity violation,NULL_VALUE|REFERENTIAL_INTEGRITY,2026-09-18T06:14:29.923892+00:00
EVT0098052,BMW00080,WBA00000000000080,2026-15-40 99:99:99,32.61,34.89,32.23,51.36514,99.670068,telemetry,INVALID_DATE,Invalid date in: timestamp,INVALID_DATE,2026-09-18T06:14:29.923892+00:00
EVT0029824,BMW00956,WBA00000000000956,2026-04-14 13:15:00,78.14,13.51,3.67,51.482483,-39.295513,telemetry,DUPLICATE_RECORD,Duplicate record detected,DUPLICATE_RECORD,2026-09-18T06:14:29.923892+00:00
EVT0055645,BMW00822,WBA00000000000822,2026-07-13 05:00:00,46.65,37.89,150.0,39.721247,139.630501,telemetry,OUT_OF_RANGE,Out-of-range value in: temperature,OUT_OF_RANGE,2026-09-18T06:14:29.923892+00:00
BAD00046,UNKNOWN,BADVIN,not-a-date,999.0,-50.0,999.0,999.0,999.0,telemetry,INVALID_VIN|INVALID_DATE|OUT_OF_RANGE|REFERENTIAL_INTEGRITY,"Invalid or missing VIN | Invalid date in: timestamp | Out-of-range value in: battery_level, temperature, speed | Referential integrity violation",INVALID_VIN|INVALID_DATE|OUT_OF_RANGE|REFERENTIAL_INTEGRITY,2026-09-18T06:14:29.923892+00:00
EVT0048528,,WBA00000000000614,2026-06-18 11:55:00,74.35,110.56,5.66,47.595901,40.718494,telemetry,NULL_VALUE|REFERENTIAL_INTEGRITY,Null values in: vehicle_id | Referential integrity violation,NULL_VALUE|REFERENTIAL_INTEGRITY,2026-09-18T06:14:29.923892+00:00
EVT0034214,BMW00953,WBA00000000000953,2026-04-29 19:05:00,150.0,122.4,4.21,52.980778,18.375743,telemetry,OUT_OF_RANGE,Out-of-range value in: battery_level,OUT_OF_RANGE,2026-09-18T06:14:29.923892+00:00
EVT0099478,BMW00791,WBA00000000000791,2026-15-40 99:99:99,37.6,115.58,-1.16,42.784736,37.769512,telemetry,INVALID_DATE,Invalid date in: timestamp,INVALID_DATE,2026-09-18T06:14:29.923892+00:00
EVT0053433,BMW00682,WBA00000000000682,2026-07-05 12:40:00,-10.0,159.21,43.24,26.81164,0.204679,telemetry,OUT_OF_RANGE,Out-of-range value in: battery_level,OUT_OF_RANGE,2026-09-18T06:14:29.923892+00:00
EVT0044578,BMW00356,WBA00000000000356,2026-06-04 18:45:00,,45.92,43.55,42.991031,-90.890833,telemetry,NULL_VALUE|OUT_OF_RANGE,Null values in: battery_level | Out-of-range value in: battery_level,NULL_VALUE|OUT_OF_RANGE,2026-09-18T06:14:29.923892+00:00
EVT0019286,BMW00858,WBA00000000000858,2026-03-08 23:05:00,,147.69,21.38,50.506051,50.780967,telemetry,NULL_VALUE|OUT_OF_RANGE,Null values in: battery_level | Out-of-range value in: battery_level,NULL_VALUE|OUT_OF_RANGE,2026-09-18T06:14:29.923892+00:00
EVT0029997,BMW00258,WBA00000000000258,2026-04-15 03:40:00,,6.82,-0.16,47.429487,-12.4176,telemetry,NULL_VALUE|OUT_OF_RANGE,Null values in: battery_level | Out-of-range value in: battery_level,NULL_VALUE|OUT_OF_RANGE,2026-09-18T06:14:29.923892+00:00
EVT0097547,,WBA00000000000978,2026-12-05 16:50:00,33.16,153.49,48.63,39.148188,-79.283507,telemetry,NULL_VALUE|REFERENTIAL_INTEGRITY,Null values in: vehicle_id | Referential integrity violation,NULL_VALUE|REFERENTIAL_INTEGRITY,2026-09-18T06:14:29.923892+00:00
EVT0082362,,WBA00000000000328,2026-10-13 23:25:00,44.69,123.25,34.66,35.503523,-21.637502,telemetry,NULL_VALUE|REFERENTIAL_INTEGRITY,Null values in: vehicle_id | Referential integrity violation,NULL_VALUE|REFERENTIAL_INTEGRITY,2026-09-18T06:14:29.923892+00:00
EVT0072004,BMW00999,WBA00000000000999,2026-09-08 00:15:00,150.0,128.11,26.24,45.825657,-99.556231,telemetry,OUT_OF_RANGE,Out-of-range value in: battery_level,OUT_OF_RANGE,2026-09-18T06:14:29.923892+00:00
EVT0011819,BMW00684,WBA00000000000684,2026-02-11 00:50:00,,41.79,49.06,17.241714,68.498726,telemetry,NULL_VALUE|OUT_OF_RANGE,Null values in: battery_level | Out-of-range value in: battery_level,NULL_VALUE|OUT_OF_RANGE,2026-09-18T06:14:29.923892+00:00
EVT0087993,BMW00959,WBA00000000000959,2026-11-02 12:40:00,180.0,1.73,14.27,37.795657,25.762853,telemetry,OUT_OF_RANGE,Out-of-range value in: battery_level,OUT_OF_RANGE,2026-09-18T06:14:29.923892+00:00
EVT0094236,BMW00401,WBA00000000000401,2026-11-24 04:55:00,48.51,42.91,38.54,54.035155,119.861679,telemetry,DUPLICATE_RECORD,Duplicate record detected,DUPLICATE_RECORD,2026-09-18T06:14:29.923892+00:00
EVT0012086,BMW00315,WBA00000000000315,2026-02-11 23:05:00,39.46,9.7,-9.86,30.980417,-57.25973,telemetry,DUPLICATE_RECORD,Duplicate record detected,DUPLICATE_RECORD,2026-09-18T06:14:29.923892+00:00
BAD00025,UNKNOWN,BADVIN,not-a-date,999.0,-50.0,999.0,999.0,999.0,telemetry,INVALID_VIN|INVALID_DATE|OUT_OF_RANGE|REFERENTIAL_INTEGRITY,"Invalid or missing VIN | Invalid date in: timestamp | Out-of-range value in: battery_level, temperature, speed | Referential integrity violation",INVALID_VIN|INVALID_DATE|OUT_OF_RANGE|REFERENTIAL_INTEGRITY,2026-09-18T06:14:29.923892+00:00
EVT0028969,BMWX00006,WBA00000000000429,2026-04-11 14:00:00,28.28,74.26,9.0,25.432441,59.336946,telemetry,REFERENTIAL_INTEGRITY,Referential integrity violation,REFERENTIAL_INTEGRITY,2026-09-18T06:14:29.923892+00:00
EVT0009163,BMW00254,WBA00000000000254,2026-02-01 19:30:00,14.91,107.7,14.18,38.217394,-31.355626,telemetry,DUPLICATE_RECORD,Duplicate record detected,DUPLICATE_RECORD,2026-09-18T06:14:29.923892+00:00
EVT0073642,BMW00253,WBA00000000000253,2026-09-13 16:45:00,-10.0,19.3,16.13,16.950928,-82.59005,telemetry,OUT_OF_RANGE,Out-of-range value in: battery_level,OUT_OF_RANGE,2026-09-18T06:14:29.923892+00:00
EVT0069376,,WBA00000000000695,2026-08-29 21:15:00,49.6,33.24,17.64,41.114114,-111.7282,telemetry,NULL_VALUE|REFERENTIAL_INTEGRITY,Null values in: vehicle_id | Referential integrity violation,NULL_VALUE|REFERENTIAL_INTEGRITY,2026-09-18T06:14:29.923892+00:00
EVT0063121,BMW00925,WBA00000000000925,2026-08-08 04:00:00,23.47,118.24,40.57,23.416049,-106.514819,telemetry,DUPLICATE_RECORD,Duplicate record detected,DUPLICATE_RECORD,2026-09-18T06:14:29.923892+00:00
EVT0066734,BMW00502,WBA00000000000502,2026-08-20 17:05:00,80.22,50.25,52.56,52.659396,124.706912,telemetry,DUPLICATE_RECORD,Duplicate record detected,DUPLICATE_RECORD,2026-09-18T06:14:29.923892+00:00
EVT0071672,BMW00643,,2026-09-06 20:35:00,59.79,40.62,53.49,21.599178,23.57876,telemetry,NULL_VALUE|INVALID_VIN,Null values in: vin | Invalid or missing VIN,NULL_VALUE|INVALID_VIN,2026-09-18T06:14:29.923892+00:00
EVT0039764,BMW00257,WBA00000000000257,2026-05-19 01:35:00,150.0,54.66,16.13,54.773255,-62.603806,telemetry,OUT_OF_RANGE,Out-of-range value in: battery_level,OUT_OF_RANGE,2026-09-18T06:14:29.923892+00:00
EVT0052926,BMW00673,WBA00000000000673,2026-07-03 18:25:00,71.98,48.69,18.0,53.176438,55.949519,telemetry,DUPLICATE_RECORD,Duplicate record detected,DUPLICATE_RECORD,2026-09-18T06:14:29.923892+00:00
EVT0028631,BMW00741,WBA00000000000741,2026-15-40 99:99:99,94.94,9.54,-8.0,12.049811,-66.534831,telemetry,INVALID_DATE,Invalid date in: timestamp,INVALID_DATE,2026-09-18T06:14:29.923892+00:00
EVT0071147,,WBA00000000000496,2026-09-05 00:50:00,45.61,109.57,27.78,25.312576,134.97239,telemetry,NULL_VALUE|REFERENTIAL_INTEGRITY,Null values in: vehicle_id | Referential integrity violation,NULL_VALUE|REFERENTIAL_INTEGRITY,2026-09-18T06:14:29.923892+00:00
EVT0041510,BMW00113,WBA00000000000113,2026-05-25 03:05:00,,145.9,29.27,15.804268,111.763995,telemetry,NULL_VALUE|OUT_OF_RANGE,Null values in: battery_level | Out-of-range value in: battery_level,NULL_VALUE|OUT_OF_RANGE,2026-09-18T06:14:29.923892+00:00
EVT0039591,BMW00062,WBA00000000000062,2026-05-18 11:10:00,19.56,33.32,50.93,18.193534,80.011553,telemetry,DUPLICATE_RECORD,Duplicate record detected,DUPLICATE_RECORD,2026-09-18T06:14:29.923892+00:00
EVT0051527,BMW00344,WBA00000000000344,2026-06-28 21:50:00,99.66,68.38,-100.0,37.457956,-12.308818,telemetry,OUT_OF_RANGE,Out-of-range value in: temperature,OUT_OF_RANGE,2026-09-18T06:14:29.923892+00:00
EVT0039778,,WBA00000000000086,2026-05-19 02:45:00,30.07,123.72,36.15,9.638552,-70.53359,telemetry,NULL_VALUE|REFERENTIAL_INTEGRITY,Null values in: vehicle_id | Referential integrity violation,NULL_VALUE|REFERENTIAL_INTEGRITY,2026-09-18T06:14:29.923892+00:00
EVT0049703,BMW00260,WBA00000000000260,2026-06-22 13:50:00,-25.0,37.88,-5.52,11.994526,-15.423425,telemetry,OUT_OF_RANGE,Out-of-range value in: battery_level,OUT_OF_RANGE,2026-09-18T06:14:29.923892+00:00
EVT0003759,BMW00227,WBA00000000000227,2026-01-14 01:10:00,,60.96,46.24,27.987772,-94.041182,telemetry,NULL_VALUE|OUT_OF_RANGE,Null values in: battery_level | Out-of-range value in: battery_level,NULL_VALUE|OUT_OF_RANGE,2026-09-18T06:14:29.923892+00:00
EVT0001324,BMW00965,WBA00000000000965,2026-01-05 14:15:00,,86.29,4.47,39.833705,-62.868918,telemetry,NULL_VALUE|OUT_OF_RANGE,Null values in: battery_level | Out-of-range value in: battery_level,NULL_VALUE|OUT_OF_RANGE,2026-09-18T06:14:29.923892+00:00
EVT0053889,BMW00045,WBA00000000000045,2026-07-07 02:40:00,,136.39,3.84,35.089253,-3.682461,telemetry,NULL_VALUE|OUT_OF_RANGE,Null values in: battery_level | Out-of-range value in: battery_level,NULL_VALUE|OUT_OF_RANGE,2026-09-18T06:14:29.923892+00:00
EVT0055239,BMW00341,WBA00000000000341,2026-07-11 19:10:00,65.07,93.49,-7.64,28.741355,-76.345279,telemetry,DUPLICATE_RECORD,Duplicate record detected,DUPLICATE_RECORD,2026-09-18T06:14:29.923892+00:00
EVT0005325,BMW00502,WBA00000000000502,2026-01-19 11:40:00,83.45,107.61,19.12,32.617772,8.873034,telemetry,DUPLICATE_RECORD,Duplicate record detected,DUPLICATE_RECORD,2026-09-18T06:14:29.923892+00:00
EVT0050199,BMW00670,WBA00000000000670,2026-06-24 07:10:00,73.93,40.79,9.69,27.595013,-33.604215,telemetry,DUPLICATE_RECORD,Duplicate record detected,DUPLICATE_RECORD,2026-09-18T06:14:29.923892+00:00
EVT0039332,BMW00309,WBA00000000000309,2026-05-17 13:35:00,21.4,69.49,9.95,23.260283,75.545996,telemetry,DUPLICATE_RECORD,Duplicate record detected,DUPLICATE_RECORD,2026-09-18T06:14:29.923892+00:00
EVT0064884,BMW00157,WBA00000000000157,2026-08-14 06:55:00,40.56,73.76,45.85,15.016312,109.327653,telemetry,DUPLICATE_RECORD,Duplicate record detected,DUPLICATE_RECORD,2026-09-18T06:14:29.923892+00:00
EVT0013561,,WBA00000000000559,2026-02-17 02:00:00,63.8,62.21,35.8,50.403085,135.582214,telemetry,NULL_VALUE|REFERENTIAL_INTEGRITY,Null values in: vehicle_id | Referential integrity violation,NULL_VALUE|REFERENTIAL_INTEGRITY,2026-09-18T06:14:29.923892+00:00
EVT0046174,,WBA00000000000004,2026-06-10 07:45:00,42.33,1.31,53.25,46.154154,55.861628,telemetry,NULL_VALUE|REFERENTIAL_INTEGRITY,Null values in: vehicle_id | Referential integrity violation,NULL_VALUE|REFERENTIAL_INTEGRITY,2026-09-18T06:14:29.923892+00:00
EVT0028178,BMW00798,WBA00000000000798,2026-04-08 20:05:00,57.82,144.88,-0.08,46.767749,148.697703,telemetry,DUPLICATE_RECORD,Duplicate record detected,DUPLICATE_RECORD,2026-09-18T06:14:29.923892+00:00
EVT0059650,BMW00184,WBA00000000000184,2026-07-27 02:45:00,89.86,94.85,52.08,22.079835,113.063118,telemetry,DUPLICATE_RECORD,Duplicate record detected,DUPLICATE_RECORD,2026-09-18T06:14:29.923892+00:00
EVT0032704,BMW00463,WBA00000000000463,2026-15-40 99:99:99,73.0,125.63,9.85,51.218168,-30.8117,telemetry,INVALID_DATE,Invalid date in: timestamp,INVALID_DATE,2026-09-18T06:14:29.923892+00:00
EVT0001175,BMW00465,WBA00000000000465,2026-01-05 01:50:00,-25.0,34.73,-1.09,23.875261,-53.659742,telemetry,OUT_OF_RANGE,Out-of-range value in: battery_level,OUT_OF_RANGE,2026-09-18T06:14:29.923892+00:00
EVT0017571,BMW00767,WBA00000000000767,2026-03-03 00:10:00,96.52,130.89,33.04,10.029976,-64.871019,telemetry,DUPLICATE_RECORD,Duplicate record detected,DUPLICATE_RECORD,2026-09-18T06:14:29.923892+00:00
EVT0019428,BMW00865,WBA00000000000865,2026-03-09 10:55:00,-10.0,41.41,4.57,23.171848,70.700563,telemetry,OUT_OF_RANGE,Out-of-range value in: battery_level,OUT_OF_RANGE,2026-09-18T06:14:29.923892+00:00
EVT0079691,BMWX00150,WBA00000000000106,2026-10-04 16:50:00,74.4,145.84,52.35,48.345642,-93.427021,telemetry,REFERENTIAL_INTEGRITY,Referential integrity violation,REFERENTIAL_INTEGRITY,2026-09-18T06:14:29.923892+00:00
EVT0021145,BMW00739,WBA00000000000739,2026-03-15 10:00:00,88.49,60.92,-80.0,49.442352,-9.009054,telemetry,OUT_OF_RANGE,Out-of-range value in: temperature,OUT_OF_RANGE,2026-09-18T06:14:29.923892+00:00
EVT0090563,BMWX00134,WBA00000000000757,2026-11-11 10:50:00,10.9,105.09,-6.05,30.790957,-50.024423,telemetry,REFERENTIAL_INTEGRITY,Referential integrity violation,REFERENTIAL_INTEGRITY,2026-09-18T06:14:29.923892+00:00
EVT0028458,BMW00877,,2026-04-09 19:25:00,40.14,23.89,29.4,52.07088,46.68559,telemetry,NULL_VALUE|INVALID_VIN,Null values in: vin | Invalid or missing VIN,NULL_VALUE|INVALID_VIN,2026-09-18T06:14:29.923892+00:00
EVT0007244,,WBA00000000000365,2026-01-26 03:35:00,19.67,123.69,35.3,40.984769,-103.273635,telemetry,NULL_VALUE|REFERENTIAL_INTEGRITY,Null values in: vehicle_id | Referential integrity violation,NULL_VALUE|REFERENTIAL_INTEGRITY,2026-09-18T06:14:29.923892+00:00
EVT0071392,BMW00611,WBA00000000000611,2026-15-40 99:99:99,81.8,19.03,21.51,34.812133,31.649054,telemetry,INVALID_DATE,Invalid date in: timestamp,INVALID_DATE,2026-09-18T06:14:29.923892+00:00
EVT0027397,BMW00973,WBA00000000000973,2026-04-06 03:00:00,180.0,9.38,26.01,44.984217,60.764519,telemetry,OUT_OF_RANGE,Out-of-range value in: battery_level,OUT_OF_RANGE,2026-09-18T06:14:29.923892+00:00
BAD00041,UNKNOWN,BADVIN,not-a-date,999.0,-50.0,999.0,999.0,999.0,telemetry,INVALID_VIN|INVALID_DATE|OUT_OF_RANGE|REFERENTIAL_INTEGRITY,"Invalid or missing VIN | Invalid date in: timestamp | Out-of-range value in: battery_level, temperature, speed | Referential integrity violation",INVALID_VIN|INVALID_DATE|OUT_OF_RANGE|REFERENTIAL_INTEGRITY,2026-09-18T06:14:29.923892+00:00
EVT0066822,BMW00419,WBA00000000000419,2026-08-21 00:25:00,-10.0,142.22,4.19,33.597016,-33.795517,telemetry,OUT_OF_RANGE,Out-of-range value in: battery_level,OUT_OF_RANGE,2026-09-18T06:14:29.923892+00:00
EVT0059277,BMW00244,,2026-07-25 19:40:00,62.03,134.24,-1.51,50.933979,-49.762166,telemetry,NULL_VALUE|INVALID_VIN,Null values in: vin | Invalid or missing VIN,NULL_VALUE|INVALID_VIN,2026-09-18T06:14:29.923892+00:00
EVT0014149,BMW00745,WBA00000000000745,2026-02-19 03:00:00,85.75,82.47,,46.635704,-116.111185,telemetry,NULL_VALUE|OUT_OF_RANGE,Null values in: temperature | Out-of-range value in: temperature,NULL_VALUE|OUT_OF_RANGE,2026-09-18T06:14:29.923892+00:00
EVT0045189,BMW00727,WBA00000000000727,2026-06-06 21:40:00,41.57,0.17,,47.773379,-94.125376,telemetry,NULL_VALUE|OUT_OF_RANGE,Null values in: temperature | Out-of-range value in: temperature,NULL_VALUE|OUT_OF_RANGE,2026-09-18T06:14:29.923892+00:00
EVT0045557,BMW00686,WBA00000000000686,2026-06-08 04:20:00,65.37,23.68,27.49,41.256989,113.312179,telemetry,DUPLICATE_RECORD,Duplicate record detected,DUPLICATE_RECORD,2026-09-18T06:14:29.923892+00:00
EVT0072847,BMW00178,WBA00000000000178,2026-09-10 22:30:00,180.0,61.42,4.16,17.034664,15.134767,telemetry,OUT_OF_RANGE,Out-of-range value in: battery_level,OUT_OF_RANGE,2026-09-18T06:14:29.923892+00:00
EVT0000576,BMW00540,WBA00000000000540,2026-01-02 23:55:00,19.74,91.29,12.69,28.491402,126.912232,telemetry,DUPLICATE_RECORD,Duplicate record detected,DUPLICATE_RECORD,2026-09-18T06:14:29.923892+00:00
EVT0061393,BMW00442,WBA00000000000442,2026-08-02 04:00:00,47.09,148.83,51.82,30.308025,36.431131,telemetry,DUPLICATE_RECORD,Duplicate record detected,DUPLICATE_RECORD,2026-09-18T06:14:29.923892+00:00
EVT0007145,BMW00424,WBA00000000000424,2026-01-25 19:20:00,88.03,12.96,3.08,51.277389,-66.74046,telemetry,DUPLICATE_RECORD,Duplicate record detected,DUPLICATE_RECORD,2026-09-18T06:14:29.923892+00:00
EVT0076792,BMW00011,INVALIDVIN,2026-09-24 15:15:00,57.37,9.19,1.25,53.705732,-43.734256,telemetry,INVALID_VIN,Invalid or missing VIN,INVALID_VIN,2026-09-18T06:14:29.923892+00:00
EVT0074305,BMW00155,WBA00000000000155,2026-09-16 00:00:00,88.28,8.84,,32.843823,11.865294,telemetry,NULL_VALUE|OUT_OF_RANGE,Null values in: temperature | Out-of-range value in: temperature,NULL_VALUE|OUT_OF_RANGE,2026-09-18T06:14:29.923892+00:00
EVT0012336,BMW00689,WBA00000000000689,2026-15-40 99:99:99,61.36,118.9,33.63,32.896594,141.922052,telemetry,INVALID_DATE,Invalid date in: timestamp,INVALID_DATE,2026-09-18T06:14:29.923892+00:00
EVT0034452,BMW00573,WBA00000000000573,2026-04-30 14:55:00,62.96,47.91,17.43,14.313122,-46.89232,telemetry,DUPLICATE_RECORD,Duplicate record detected,DUPLICATE_RECORD,2026-09-18T06:14:29.923892+00:00
EVT0090816,BMW00578,INVALIDVIN,2026-11-12 07:55:00,90.02,99.51,18.36,11.746063,-68.303303,telemetry,INVALID_VIN,Invalid or missing VIN,INVALID_VIN,2026-09-18T06:14:29.923892+00:00
EVT0066535,BMW00082,,2026-08-20 00:30:00,60.68,32.61,23.66,36.38007,-60.951618,telemetry,NULL_VALUE|INVALID_VIN,Null values in: vin | Invalid or missing VIN,NULL_VALUE|INVALID_VIN,2026-09-18T06:14:29.923892+00:00
EVT0071596,,WBA00000000000846,2026-09-06 14:15:00,43.76,145.06,22.26,43.171169,94.509243,telemetry,NULL_VALUE|REFERENTIAL_INTEGRITY,Null values in: vehicle_id | Referential integrity violation,NULL_VALUE|REFERENTIAL_INTEGRITY,2026-09-18T06:14:29.923892+00:00
EVT0017441,BMW00525,WBA00000000000525,2026-15-40 99:99:99,23.95,15.09,-3.02,19.308032,133.75612,telemetry,INVALID_DATE,Invalid date in: timestamp,INVALID_DATE,2026-09-18T06:14:29.923892+00:00
EVT0061549,BMW00889,WBA00000000000889,2026-08-02 17:00:00,74.39,85.18,30.78,41.220033,31.422986,telemetry,DUPLICATE_RECORD,Duplicate record detected,DUPLICATE_RECORD,2026-09-18T06:14:29.923892+00:00
EVT0069948,,WBA00000000000305,2026-08-31 20:55:00,94.31,28.82,10.88,19.091012,-75.925511,telemetry,NULL_VALUE|REFERENTIAL_INTEGRITY,Null values in: vehicle_id | Referential integrity violation,NULL_VALUE|REFERENTIAL_INTEGRITY,2026-09-18T06:14:29.923892+00:00
EVT0044172,BMW00996,WBA00000000000996,2026-06-03 08:55:00,,87.63,21.51,16.344897,-34.05461,telemetry,NULL_VALUE|OUT_OF_RANGE,Null values in: battery_level | Out-of-range value in: battery_level,NULL_VALUE|OUT_OF_RANGE,2026-09-18T06:14:29.923892+00:00
EVT0059465,BMW00889,WBA00000000000889,2026-07-26 11:20:00,79.18,137.67,32.92,11.15278,-101.9326,telemetry,DUPLICATE_RECORD,Duplicate record detected,DUPLICATE_RECORD,2026-09-18T06:14:29.923892+00:00
EVT0088386,BMW00748,WBA00000000000748,2026-11-03 21:25:00,180.0,10.84,41.81,52.30176,-49.410088,telemetry,OUT_OF_RANGE,Out-of-range value in: battery_level,OUT_OF_RANGE,2026-09-18T06:14:29.923892+00:00
EVT0029144,BMW00249,,2026-04-12 04:35:00,88.04,131.11,30.77,32.464372,-87.226373,telemetry,NULL_VALUE|INVALID_VIN,Null values in: vin | Invalid or missing VIN,NULL_VALUE|INVALID_VIN,2026-09-18T06:14:29.923892+00:00
BAD00068,UNKNOWN,BADVIN,not-a-date,999.0,-50.0,999.0,999.0,999.0,telemetry,INVALID_VIN|INVALID_DATE|OUT_OF_RANGE|REFERENTIAL_INTEGRITY,"Invalid or missing VIN | Invalid date in: timestamp | Out-of-range value in: battery_level, temperature, speed | Referential integrity violation",INVALID_VIN|INVALID_DATE|OUT_OF_RANGE|REFERENTIAL_INTEGRITY,2026-09-18T06:14:29.923892+00:00
EVT0094812,BMW00856,,2026-11-26 04:55:00,79.1,98.41,38.52,45.529416,105.968787,telemetry,NULL_VALUE|INVALID_VIN,Null values in: vin | Invalid or missing VIN,NULL_VALUE|INVALID_VIN,2026-09-18T06:14:29.923892+00:00
EVT0037176,BMW00260,WBA00000000000260,2026-05-10 01:55:00,-25.0,44.09,7.59,23.818317,57.274336,telemetry,OUT_OF_RANGE,Out-of-range value in: battery_level,OUT_OF_RANGE,2026-09-18T06:14:29.923892+00:00
EVT0020291,BMW00715,WBA00000000000715,2026-03-12 10:50:00,81.46,137.51,,18.182832,-32.432257,telemetry,NULL_VALUE|OUT_OF_RANGE,Null values in: temperature | Out-of-range value in: temperature,NULL_VALUE|OUT_OF_RANGE,2026-09-18T06:14:29.923892+00:00
EVT0095074,BMW00053,WBA00000000000053,2026-11-27 02:45:00,,130.72,-4.39,17.735432,-47.839516,telemetry,NULL_VALUE|OUT_OF_RANGE,Null values in: battery_level | Out-of-range value in: battery_level,NULL_VALUE|OUT_OF_RANGE,2026-09-18T06:14:29.923892+00:00
EVT0056580,BMW00627,WBA00000000000627,2026-07-16 10:55:00,42.03,124.5,32.28,24.883209,-57.643241,telemetry,DUPLICATE_RECORD,Duplicate record detected,DUPLICATE_RECORD,2026-09-18T06:14:29.923892+00:00
EVT0059000,BMWX00062,WBA00000000000537,2026-07-24 20:35:00,15.58,129.9,-1.96,14.79305,87.65806,telemetry,REFERENTIAL_INTEGRITY,Referential integrity violation,REFERENTIAL_INTEGRITY,2026-09-18T06:14:29.923892+00:00
EVT0070288,BMW00086,WBA00000000000086,2026-09-02 01:15:00,14.79,44.16,,35.401597,38.647657,telemetry,NULL_VALUE|OUT_OF_RANGE,Null values in: temperature | Out-of-range value in: temperature,NULL_VALUE|OUT_OF_RANGE,2026-09-18T06:14:29.923892+00:00
EVT0018003,BMW00714,WBA00000000000714,2026-03-04 12:10:00,33.32,63.87,200.0,45.139278,-1.898015,telemetry,OUT_OF_RANGE,Out-of-range value in: temperature,OUT_OF_RANGE,2026-09-18T06:14:29.923892+00:00
EVT0002536,BMW00337,WBA00000000000337,2026-01-09 19:15:00,150.0,136.69,42.74,19.765727,-98.393824,telemetry,OUT_OF_RANGE,Out-of-range value in: battery_level,OUT_OF_RANGE,2026-09-18T06:14:29.923892+00:00
EVT0094893,BMW00036,WBA00000000000036,2026-11-26 11:40:00,53.2,105.26,11.96,24.314024,-91.152018,telemetry,DUPLICATE_RECORD,Duplicate record detected,DUPLICATE_RECORD,2026-09-18T06:14:29.923892+00:00
EVT0086970,,WBA00000000000716,2026-10-29 23:25:00,75.0,58.93,22.26,38.949964,77.908974,telemetry,NULL_VALUE|REFERENTIAL_INTEGRITY,Null values in: vehicle_id | Referential integrity violation,NULL_VALUE|REFERENTIAL_INTEGRITY,2026-09-18T06:14:29.923892+00:00
EVT0058627,BMW00988,WBA00000000000988,2026-07-23 13:30:00,44.17,17.28,,29.589505,141.805876,telemetry,NULL_VALUE|OUT_OF_RANGE,Null values in: temperature | Out-of-range value in: temperature,NULL_VALUE|OUT_OF_RANGE,2026-09-18T06:14:29.923892+00:00
EVT0060354,,WBA00000000000502,2026-07-29 13:25:00,73.8,33.5,25.24,38.934265,104.503033,telemetry,NULL_VALUE|REFERENTIAL_INTEGRITY,Null values in: vehicle_id | Referential integrity violation,NULL_VALUE|REFERENTIAL_INTEGRITY,2026-09-18T06:14:29.923892+00:00
EVT0015797,BMW00609,WBA00000000000609,2026-02-24 20:20:00,39.09,12.36,200.0,9.33413,58.605617,telemetry,OUT_OF_RANGE,Out-of-range value in: temperature,OUT_OF_RANGE,2026-09-18T06:14:29.923892+00:00
EVT0066494,BMWX00196,WBA00000000000527,2026-08-19 21:05:00,22.7,24.87,1.26,52.660388,8.360342,telemetry,REFERENTIAL_INTEGRITY,Referential integrity violation,REFERENTIAL_INTEGRITY,2026-09-18T06:14:29.923892+00:00
EVT0009479,BMWX00126,WBA00000000000375,2026-02-02 21:50:00,97.73,50.52,7.58,26.37889,146.849239,telemetry,REFERENTIAL_INTEGRITY,Referential integrity violation,REFERENTIAL_INTEGRITY,2026-09-18T06:14:29.923892+00:00
EVT0020118,BMW00606,WBA00000000000606,2026-03-11 20:25:00,180.0,92.56,36.29,26.790235,97.924207,telemetry,OUT_OF_RANGE,Out-of-range value in: battery_level,OUT_OF_RANGE,2026-09-18T06:14:29.923892+00:00
EVT0012543,BMW00269,INVALIDVIN,2026-02-13 13:10:00,59.18,57.32,-4.14,13.659715,-107.372488,telemetry,INVALID_VIN,Invalid or missing VIN,INVALID_VIN,2026-09-18T06:14:29.923892+00:00
EVT0095182,BMW00557,WBA00000000000557,2026-11-27 11:45:00,93.14,1.58,41.92,15.201698,69.637844,telemetry,DUPLICATE_RECORD,Duplicate record detected,DUPLICATE_RECORD,2026-09-18T06:14:29.923892+00:00
EVT0021426,BMW00494,INVALIDVIN,2026-03-16 09:25:00,81.05,12.87,-0.2,45.72722,104.646417,telemetry,INVALID_VIN,Invalid or missing VIN,INVALID_VIN,2026-09-18T06:14:29.923892+00:00
EVT0096715,BMWX00100,WBA00000000000825,2026-12-02 19:30:00,74.15,63.11,9.86,48.814596,-58.422335,telemetry,REFERENTIAL_INTEGRITY,Referential integrity violation,REFERENTIAL_INTEGRITY,2026-09-18T06:14:29.923892+00:00
EVT0076321,BMW00335,WBA00000000000335,2026-09-23 00:00:00,91.77,110.09,,21.074809,88.932565,telemetry,NULL_VALUE|OUT_OF_RANGE,Null values in: temperature | Out-of-range value in: temperature,NULL_VALUE|OUT_OF_RANGE,2026-09-18T06:14:29.923892+00:00
EVT0026754,BMW00900,WBA00000000000900,2026-04-03 21:25:00,24.56,131.21,10.27,51.983928,-59.302583,telemetry,DUPLICATE_RECORD,Duplicate record detected,DUPLICATE_RECORD,2026-09-18T06:14:29.923892+00:00
EVT0095158,BMW00382,WBA00000000000382,2026-11-27 09:45:00,89.5,22.79,,51.173382,-35.41048,telemetry,NULL_VALUE|OUT_OF_RANGE,Null values in: temperature | Out-of-range value in: temperature,NULL_VALUE|OUT_OF_RANGE,2026-09-18T06:14:29.923892+00:00
EVT0053393,BMW00296,,2026-07-05 09:20:00,54.91,138.62,19.22,49.905989,-97.31969,telemetry,NULL_VALUE|INVALID_VIN,Null values in: vin | Invalid or missing VIN,NULL_VALUE|INVALID_VIN,2026-09-18T06:14:29.923892+00:00
EVT0028357,BMW00044,WBA00000000000044,2026-04-09 11:00:00,,52.18,38.7,41.140408,24.311649,telemetry,NULL_VALUE|OUT_OF_RANGE,Null values in: battery_level | Out-of-range value in: battery_level,NULL_VALUE|OUT_OF_RANGE,2026-09-18T06:14:29.923892+00:00
EVT0005875,BMWX00049,WBA00000000000478,2026-01-21 09:30:00,97.74,3.18,8.45,21.592049,-39.652676,telemetry,REFERENTIAL_INTEGRITY,Referential integrity violation,REFERENTIAL_INTEGRITY,2026-09-18T06:14:29.923892+00:00
EVT0052248,BMWX00107,WBA00000000000045,2026-07-01 09:55:00,77.45,134.48,49.24,39.098941,-39.411901,telemetry,REFERENTIAL_INTEGRITY,Referential integrity violation,REFERENTIAL_INTEGRITY,2026-09-18T06:14:29.923892+00:00
EVT0086360,BMW00708,WBA00000000000708,2026-10-27 20:35:00,,92.25,16.98,19.952901,86.907198,telemetry,NULL_VALUE|OUT_OF_RANGE,Null values in: battery_level | Out-of-range value in: battery_level,NULL_VALUE|OUT_OF_RANGE,2026-09-18T06:14:29.923892+00:00
EVT0016953,BMWX00129,WBA00000000000708,2026-02-28 20:40:00,25.1,119.98,13.39,33.113545,85.481691,telemetry,REFERENTIAL_INTEGRITY,Referential integrity violation,REFERENTIAL_INTEGRITY,2026-09-18T06:14:29.923892+00:00
EVT0087071,BMW00490,WBA00000000000490,2026-10-30 07:50:00,58.05,17.81,44.36,23.347139,-84.227473,telemetry,DUPLICATE_RECORD,Duplicate record detected,DUPLICATE_RECORD,2026-09-18T06:14:29.923892+00:00
EVT0039875,BMW00865,WBA00000000000865,2026-05-19 10:50:00,26.76,67.77,21.99,13.398967,54.260501,telemetry,DUPLICATE_RECORD,Duplicate record detected,DUPLICATE_RECORD,2026-09-18T06:14:29.923892+00:00
EVT0079809,BMW00513,WBA00000000000513,2026-10-05 02:40:00,10.44,123.3,26.28,32.232994,-19.292148,telemetry,DUPLICATE_RECORD,Duplicate record detected,DUPLICATE_RECORD,2026-09-18T06:14:29.923892+00:00
EVT0004480,BMW00639,WBA00000000000639,2026-01-16 13:15:00,35.02,14.87,,45.035368,109.770359,telemetry,NULL_VALUE|OUT_OF_RANGE,Null values in: temperature | Out-of-range value in: temperature,NULL_VALUE|OUT_OF_RANGE,2026-09-18T06:14:29.923892+00:00
EVT0091583,,WBA00000000000274,2026-11-14 23:50:00,29.51,20.02,37.19,12.871962,81.015567,telemetry,NULL_VALUE|REFERENTIAL_INTEGRITY,Null values in: vehicle_id | Referential integrity violation,NULL_VALUE|REFERENTIAL_INTEGRITY,2026-09-18T06:14:29.923892+00:00
EVT0073646,BMW00114,WBA00000000000114,2026-09-13 17:05:00,65.19,30.26,10.03,47.749185,-21.485294,telemetry,DUPLICATE_RECORD,Duplicate record detected,DUPLICATE_RECORD,2026-09-18T06:14:29.923892+00:00
EVT0004689,BMW00273,WBA00000000000273,2026-01-17 06:40:00,45.02,156.88,32.42,40.744699,-51.371958,telemetry,DUPLICATE_RECORD,Duplicate record detected,DUPLICATE_RECORD,2026-09-18T06:14:29.923892+00:00
EVT0070631,BMW00704,INVALIDVIN,2026-09-03 05:50:00,40.08,15.58,-2.42,46.51697,112.499338,telemetry,INVALID_VIN,Invalid or missing VIN,INVALID_VIN,2026-09-18T06:14:29.923892+00:00
EVT0094465,BMW00092,WBA00000000000092,2026-11-25 00:00:00,35.89,117.16,,16.859492,117.99449,telemetry,NULL_VALUE|OUT_OF_RANGE,Null values in: temperature | Out-of-range value in: temperature,NULL_VALUE|OUT_OF_RANGE,2026-09-18T06:14:29.923892+00:00
EVT0067578,BMW00569,,2026-08-23 15:25:00,61.35,151.6,48.59,22.698166,6.542527,telemetry,NULL_VALUE|INVALID_VIN,Null values in: vin | Invalid or missing VIN,NULL_VALUE|INVALID_VIN,2026-09-18T06:14:29.923892+00:00
EVT0043734,BMW00153,WBA00000000000153,2026-06-01 20:25:00,62.59,125.39,40.05,43.963325,-72.12381,telemetry,DUPLICATE_RECORD,Duplicate record detected,DUPLICATE_RECORD,2026-09-18T06:14:29.923892+00:00
EVT0065759,BMW00392,WBA00000000000392,2026-08-17 07:50:00,21.28,105.82,,20.261897,-117.852079,telemetry,NULL_VALUE|OUT_OF_RANGE,Null values in: temperature | Out-of-range value in: temperature,NULL_VALUE|OUT_OF_RANGE,2026-09-18T06:14:29.923892+00:00
EVT0030828,BMW00993,,2026-04-18 00:55:00,32.65,120.81,27.71,23.842496,52.72538,telemetry,NULL_VALUE|INVALID_VIN,Null values in: vin | Invalid or missing VIN,NULL_VALUE|INVALID_VIN,2026-09-18T06:14:29.923892+00:00
EVT0099397,BMW00668,WBA00000000000668,2026-12-12 03:00:00,,108.4,-2.73,13.309223,-43.808849,telemetry,NULL_VALUE|OUT_OF_RANGE,Null values in: battery_level | Out-of-range value in: battery_level,NULL_VALUE|OUT_OF_RANGE,2026-09-18T06:14:29.923892+00:00
EVT0059314,BMW00085,WBA00000000000085,2026-07-25 22:45:00,150.0,145.23,50.73,21.563918,-0.474426,telemetry,OUT_OF_RANGE,Out-of-range value in: battery_level,OUT_OF_RANGE,2026-09-18T06:14:29.923892+00:00
EVT0062787,BMW00792,WBA00000000000792,2026-08-07 00:10:00,93.46,5.16,5.89,34.670077,145.983177,telemetry,DUPLICATE_RECORD,Duplicate record detected,DUPLICATE_RECORD,2026-09-18T06:14:29.923892+00:00
EVT0062604,BMW00227,WBA00000000000227,2026-08-06 08:55:00,34.83,118.66,150.0,52.959486,-28.270876,telemetry,OUT_OF_RANGE,Out-of-range value in: temperature,OUT_OF_RANGE,2026-09-18T06:14:29.923892+00:00
EVT0007418,,WBA00000000000032,2026-01-26 18:05:00,23.75,39.93,16.12,24.78956,52.765151,telemetry,NULL_VALUE|REFERENTIAL_INTEGRITY,Null values in: vehicle_id | Referential integrity violation,NULL_VALUE|REFERENTIAL_INTEGRITY,2026-09-18T06:14:29.923892+00:00
EVT0040947,BMW00419,,2026-05-23 04:10:00,47.8,143.72,15.44,50.718225,144.695966,telemetry,NULL_VALUE|INVALID_VIN,Null values in: vin | Invalid or missing VIN,NULL_VALUE|INVALID_VIN,2026-09-18T06:14:29.923892+00:00
EVT0052640,BMWX00189,WBA00000000000981,2026-07-02 18:35:00,,14.8,41.98,29.252899,51.776992,telemetry,NULL_VALUE|OUT_OF_RANGE|REFERENTIAL_INTEGRITY,Null values in: battery_level | Out-of-range value in: battery_level | Referential integrity violation,NULL_VALUE|OUT_OF_RANGE|REFERENTIAL_INTEGRITY,2026-09-18T06:14:29.923892+00:00
EVT0011043,BMW00580,INVALIDVIN,2026-02-08 08:10:00,43.2,55.95,17.87,20.730764,57.1117,telemetry,INVALID_VIN,Invalid or missing VIN,INVALID_VIN,2026-09-18T06:14:29.923892+00:00
EVT0062976,BMW00232,WBA00000000000232,2026-15-40 99:99:99,19.72,77.54,7.0,47.836753,-109.645352,telemetry,INVALID_DATE,Invalid date in: timestamp,INVALID_DATE,2026-09-18T06:14:29.923892+00:00
EVT0070617,BMW00087,INVALIDVIN,2026-09-03 04:40:00,20.61,44.24,14.7,37.757196,20.222074,telemetry,INVALID_VIN,Invalid or missing VIN,INVALID_VIN,2026-09-18T06:14:29.923892+00:00
EVT0043009,BMW00437,WBA00000000000437,2026-05-30 08:00:00,14.07,23.95,9.08,46.201404,74.594525,telemetry,DUPLICATE_RECORD,Duplicate record detected,DUPLICATE_RECORD,2026-09-18T06:14:29.923892+00:00
EVT0060756,BMW00763,WBA00000000000763,2026-07-30 22:55:00,150.0,13.24,10.9,32.307358,13.064439,telemetry,OUT_OF_RANGE,Out-of-range value in: battery_level,OUT_OF_RANGE,2026-09-18T06:14:29.923892+00:00
EVT0008323,BMW00717,WBA00000000000717,2026-01-29 21:30:00,,88.17,39.64,41.110355,-101.043472,telemetry,NULL_VALUE|OUT_OF_RANGE,Null values in: battery_level | Out-of-range value in: battery_level,NULL_VALUE|OUT_OF_RANGE,2026-09-18T06:14:29.923892+00:00
BAD00092,UNKNOWN,BADVIN,not-a-date,999.0,-50.0,999.0,999.0,999.0,telemetry,INVALID_VIN|INVALID_DATE|OUT_OF_RANGE|REFERENTIAL_INTEGRITY,"Invalid or missing VIN | Invalid date in: timestamp | Out-of-range value in: battery_level, temperature, speed | Referential integrity violation",INVALID_VIN|INVALID_DATE|OUT_OF_RANGE|REFERENTIAL_INTEGRITY,2026-09-18T06:14:29.923892+00:00
EVT0041527,BMW00577,WBA00000000000577,2026-05-25 04:30:00,75.6,119.64,,33.876347,-8.417013,telemetry,NULL_VALUE|OUT_OF_RANGE,Null values in: temperature | Out-of-range value in: temperature,NULL_VALUE|OUT_OF_RANGE,2026-09-18T06:14:29.923892+00:00
EVT0038869,BMW00109,WBA00000000000109,2026-05-15 23:00:00,81.97,134.03,21.09,36.892703,127.433249,telemetry,DUPLICATE_RECORD,Duplicate record detected,DUPLICATE_RECORD,2026-09-18T06:14:29.923892+00:00
EVT0049398,BMW00959,WBA00000000000959,2026-06-21 12:25:00,-25.0,67.5,54.42,25.123279,-45.061902,telemetry,OUT_OF_RANGE,Out-of-range value in: battery_level,OUT_OF_RANGE,2026-09-18T06:14:29.923892+00:00
EVT0066637,BMW00868,INVALIDVIN,2026-08-20 09:00:00,77.08,4.44,3.43,53.822975,-0.59576,telemetry,INVALID_VIN,Invalid or missing VIN,INVALID_VIN,2026-09-18T06:14:29.923892+00:00
EVT0003542,BMW00999,WBA00000000000999,2026-01-13 07:05:00,30.39,67.87,-80.0,30.893228,48.887469,telemetry,OUT_OF_RANGE,Out-of-range value in: temperature,OUT_OF_RANGE,2026-09-18T06:14:29.923892+00:00
BAD00071,UNKNOWN,BADVIN,not-a-date,999.0,-50.0,999.0,999.0,999.0,telemetry,INVALID_VIN|INVALID_DATE|OUT_OF_RANGE|REFERENTIAL_INTEGRITY,"Invalid or missing VIN | Invalid date in: timestamp | Out-of-range value in: battery_level, temperature, speed | Referential integrity violation",INVALID_VIN|INVALID_DATE|OUT_OF_RANGE|REFERENTIAL_INTEGRITY,2026-09-18T06:14:29.923892+00:00
EVT0061005,BMW00622,WBA00000000000622,2026-07-31 19:40:00,65.83,129.99,15.65,38.346662,-95.425822,telemetry,DUPLICATE_RECORD,Duplicate record detected,DUPLICATE_RECORD,2026-09-18T06:14:29.923892+00:00
EVT0089727,BMWX00016,WBA00000000000020,2026-11-08 13:10:00,40.03,106.4,-2.28,52.017259,93.643611,telemetry,REFERENTIAL_INTEGRITY,Referential integrity violation,REFERENTIAL_INTEGRITY,2026-09-18T06:14:29.923892+00:00
EVT0025349,BMW00873,WBA00000000000873,2026-03-30 00:20:00,,69.81,8.49,10.058806,-18.111714,telemetry,NULL_VALUE|OUT_OF_RANGE,Null values in: battery_level | Out-of-range value in: battery_level,NULL_VALUE|OUT_OF_RANGE,2026-09-18T06:14:29.923892+00:00
EVT0070812,BMW00318,WBA00000000000318,2026-09-03 20:55:00,73.95,68.64,-7.55,47.551652,-0.670758,telemetry,DUPLICATE_RECORD,Duplicate record detected,DUPLICATE_RECORD,2026-09-18T06:14:29.923892+00:00
EVT0046908,BMW00318,WBA00000000000318,2026-15-40 99:99:99,90.77,73.47,53.06,40.950624,62.299343,telemetry,INVALID_DATE,Invalid date in: timestamp,INVALID_DATE,2026-09-18T06:14:29.923892+00:00
EVT0007633,BMW00066,WBA00000000000066,2026-01-27 12:00:00,62.02,118.16,-80.0,17.347582,44.616456,telemetry,OUT_OF_RANGE,Out-of-range value in: temperature,OUT_OF_RANGE,2026-09-18T06:14:29.923892+00:00
EVT0007896,BMW00469,WBA00000000000469,2026-01-28 09:55:00,21.1,33.19,32.59,16.75812,34.718724,telemetry,DUPLICATE_RECORD,Duplicate record detected,DUPLICATE_RECORD,2026-09-18T06:14:29.923892+00:00
EVT0069067,BMW00957,WBA00000000000957,2026-08-28 19:30:00,43.18,145.76,27.92,26.56366,43.808048,telemetry,DUPLICATE_RECORD,Duplicate record detected,DUPLICATE_RECORD,2026-09-18T06:14:29.923892+00:00
EVT0011651,BMW00757,WBA00000000000757,2026-02-10 10:50:00,15.15,18.23,37.19,48.246875,54.710952,telemetry,DUPLICATE_RECORD,Duplicate record detected,DUPLICATE_RECORD,2026-09-18T06:14:29.923892+00:00
EVT0011867,BMW00447,WBA00000000000447,2026-15-40 99:99:99,27.66,101.55,24.62,47.143481,51.869733,telemetry,INVALID_DATE,Invalid date in: timestamp,INVALID_DATE,2026-09-18T06:14:29.923892+00:00
EVT0056430,BMW00075,,2026-07-15 22:25:00,34.95,29.83,9.52,41.15786,-53.111427,telemetry,NULL_VALUE|DUPLICATE_RECORD|INVALID_VIN,Null values in: vin | Duplicate record detected | Invalid or missing VIN,NULL_VALUE|DUPLICATE_RECORD|INVALID_VIN,2026-09-18T06:14:29.923892+00:00
EVT0049964,BMW00687,WBA00000000000687,2026-06-23 11:35:00,23.3,41.86,28.49,37.189253,135.353013,telemetry,DUPLICATE_RECORD,Duplicate record detected,DUPLICATE_RECORD,2026-09-18T06:14:29.923892+00:00
EVT0072859,BMW00830,WBA00000000000830,2026-09-10 23:30:00,58.03,5.01,36.48,51.529201,-71.323685,telemetry,DUPLICATE_RECORD,Duplicate record detected,DUPLICATE_RECORD,2026-09-18T06:14:29.923892+00:00
EVT0049960,BMW00348,WBA00000000000348,2026-06-23 11:15:00,37.73,21.51,14.34,50.565951,107.867047,telemetry,DUPLICATE_RECORD,Duplicate record detected,DUPLICATE_RECORD,2026-09-18T06:14:29.923892+00:00
EVT0056819,BMW00765,WBA00000000000765,2026-07-17 06:50:00,81.57,128.58,12.51,42.074356,-46.518766,telemetry,DUPLICATE_RECORD,Duplicate record detected,DUPLICATE_RECORD,2026-09-18T06:14:29.923892+00:00
EVT0085586,BMW00751,,2026-10-25 04:05:00,92.89,105.38,36.95,51.698053,-81.40562,telemetry,NULL_VALUE|INVALID_VIN,Null values in: vin | Invalid or missing VIN,NULL_VALUE|INVALID_VIN,2026-09-18T06:14:29.923892+00:00
EVT0029083,BMW01000,INVALIDVIN,2026-04-11 23:30:00,24.15,85.72,40.53,17.752828,-78.110243,telemetry,INVALID_VIN,Invalid or missing VIN,INVALID_VIN,2026-09-18T06:14:29.923892+00:00
EVT0003479,BMW00627,,2026-01-13 01:50:00,68.96,96.89,8.11,27.711319,-14.569104,telemetry,NULL_VALUE|INVALID_VIN,Null values in: vin | Invalid or missing VIN,NULL_VALUE|INVALID_VIN,2026-09-18T06:14:29.923892+00:00
EVT0085214,BMWX00193,WBA00000000000451,2026-10-23 21:05:00,49.22,138.04,-9.02,23.320023,75.682257,telemetry,REFERENTIAL_INTEGRITY,Referential integrity violation,REFERENTIAL_INTEGRITY,2026-09-18T06:14:29.923892+00:00
EVT0078600,BMW00538,WBA00000000000538,2026-09-30 21:55:00,-25.0,75.5,41.6,31.375785,137.368308,telemetry,OUT_OF_RANGE,Out-of-range value in: battery_level,OUT_OF_RANGE,2026-09-18T06:14:29.923892+00:00
EVT0077778,BMW00479,WBA00000000000479,2026-09-28 01:25:00,,15.13,37.11,54.428589,92.721584,telemetry,NULL_VALUE|OUT_OF_RANGE,Null values in: battery_level | Out-of-range value in: battery_level,NULL_VALUE|OUT_OF_RANGE,2026-09-18T06:14:29.923892+00:00
EVT0041377,BMW00548,WBA00000000000548,2026-05-24 16:00:00,85.99,138.07,,15.32965,-82.008748,telemetry,NULL_VALUE|OUT_OF_RANGE,Null values in: temperature | Out-of-range value in: temperature,NULL_VALUE|OUT_OF_RANGE,2026-09-18T06:14:29.923892+00:00
EVT0044300,BMW00979,WBA00000000000979,2026-06-03 19:35:00,55.16,29.65,-4.5,10.234742,-23.869494,telemetry,DUPLICATE_RECORD,Duplicate record detected,DUPLICATE_RECORD,2026-09-18T06:14:29.923892+00:00
EVT0009126,BMW00274,INVALIDVIN,2026-02-01 16:25:00,25.61,11.8,23.39,49.959079,-97.989436,telemetry,INVALID_VIN,Invalid or missing VIN,INVALID_VIN,2026-09-18T06:14:29.923892+00:00
EVT0058932,BMW00230,WBA00000000000230,2026-07-24 14:55:00,180.0,76.23,6.57,32.480481,44.80342,telemetry,OUT_OF_RANGE,Out-of-range value in: battery_level,OUT_OF_RANGE,2026-09-18T06:14:29.923892+00:00
EVT0058139,BMWX00151,WBA00000000000534,2026-07-21 20:50:00,45.57,13.98,-4.2,20.222657,95.705178,telemetry,REFERENTIAL_INTEGRITY,Referential integrity violation,REFERENTIAL_INTEGRITY,2026-09-18T06:14:29.923892+00:00
EVT0004233,BMW00583,WBA00000000000583,2026-01-15 16:40:00,13.17,140.1,6.7,49.295729,54.064273,telemetry,DUPLICATE_RECORD,Duplicate record detected,DUPLICATE_RECORD,2026-09-18T06:14:29.923892+00:00
EVT0061318,,WBA00000000000181,2026-08-01 21:45:00,55.19,22.6,30.0,43.938112,-49.386788,telemetry,NULL_VALUE|REFERENTIAL_INTEGRITY,Null values in: vehicle_id | Referential integrity violation,NULL_VALUE|REFERENTIAL_INTEGRITY,2026-09-18T06:14:29.923892+00:00
EVT0094604,,WBA00000000000240,2026-11-25 11:35:00,41.26,143.94,26.21,24.307188,7.502757,telemetry,NULL_VALUE|REFERENTIAL_INTEGRITY,Null values in: vehicle_id | Referential integrity violation,NULL_VALUE|REFERENTIAL_INTEGRITY,2026-09-18T06:14:29.923892+00:00
EVT0053528,BMW00649,WBA00000000000649,2026-07-05 20:35:00,56.79,151.51,36.34,11.237156,85.185465,telemetry,DUPLICATE_RECORD,Duplicate record detected,DUPLICATE_RECORD,2026-09-18T06:14:29.923892+00:00
EVT0091683,BMWX00140,WBA00000000000327,2026-11-15 08:10:00,68.75,71.1,25.41,12.593454,50.286142,telemetry,REFERENTIAL_INTEGRITY,Referential integrity violation,REFERENTIAL_INTEGRITY,2026-09-18T06:14:29.923892+00:00
EVT0044747,,WBA00000000000508,2026-06-05 08:50:00,10.65,65.41,54.52,31.164071,149.850737,telemetry,NULL_VALUE|REFERENTIAL_INTEGRITY,Null values in: vehicle_id | Referential integrity violation,NULL_VALUE|REFERENTIAL_INTEGRITY,2026-09-18T06:14:29.923892+00:00
EVT0026974,BMW00724,WBA00000000000724,2026-04-04 15:45:00,53.18,82.37,45.99,36.353477,16.842557,telemetry,DUPLICATE_RECORD,Duplicate record detected,DUPLICATE_RECORD,2026-09-18T06:14:29.923892+00:00
EVT0023872,BMW00774,WBA00000000000774,2026-03-24 21:15:00,180.0,13.86,22.28,9.38375,119.369647,telemetry,OUT_OF_RANGE,Out-of-range value in: battery_level,OUT_OF_RANGE,2026-09-18T06:14:29.923892+00:00
EVT0017557,,WBA00000000000232,2026-03-02 23:00:00,80.27,21.04,48.39,14.564379,-100.383227,telemetry,NULL_VALUE|REFERENTIAL_INTEGRITY,Null values in: vehicle_id | Referential integrity violation,NULL_VALUE|REFERENTIAL_INTEGRITY,2026-09-18T06:14:29.923892+00:00
EVT0079130,BMW00284,WBA00000000000284,2026-10-02 18:05:00,41.63,38.22,150.0,41.29342,-72.667641,telemetry,OUT_OF_RANGE,Out-of-range value in: temperature,OUT_OF_RANGE,2026-09-18T06:14:29.923892+00:00
EVT0064690,BMW00747,WBA00000000000747,2026-08-13 14:45:00,,47.27,2.98,35.148339,130.607346,telemetry,NULL_VALUE|OUT_OF_RANGE,Null values in: battery_level | Out-of-range value in: battery_level,NULL_VALUE|OUT_OF_RANGE,2026-09-18T06:14:29.923892+00:00
EVT0033955,BMW00265,WBA00000000000265,2026-15-40 99:99:99,19.35,55.05,36.95,30.487054,-92.348092,telemetry,INVALID_DATE,Invalid date in: timestamp,INVALID_DATE,2026-09-18T06:14:29.923892+00:00
EVT0032899,BMW00405,WBA00000000000405,2026-04-25 05:30:00,91.73,41.17,-80.0,42.312775,-7.968051,telemetry,OUT_OF_RANGE,Out-of-range value in: temperature,OUT_OF_RANGE,2026-09-18T06:14:29.923892+00:00
EVT0007831,BMW00931,WBA00000000000931,2026-15-40 99:99:99,78.56,48.25,-0.68,17.00111,-44.454834,telemetry,INVALID_DATE,Invalid date in: timestamp,INVALID_DATE,2026-09-18T06:14:29.923892+00:00
EVT0036297,BMW00495,WBA00000000000495,2026-05-07 00:40:00,93.86,88.38,0.05,30.141342,29.258206,telemetry,DUPLICATE_RECORD,Duplicate record detected,DUPLICATE_RECORD,2026-09-18T06:14:29.923892+00:00
EVT0017329,BMW00556,WBA00000000000556,2026-03-02 04:00:00,86.52,70.19,,36.06796,52.350359,telemetry,NULL_VALUE|OUT_OF_RANGE,Null values in: temperature | Out-of-range value in: temperature,NULL_VALUE|OUT_OF_RANGE,2026-09-18T06:14:29.923892+00:00
EVT0045362,,WBA00000000000495,2026-06-07 12:05:00,72.27,139.86,2.74,54.269677,60.273856,telemetry,NULL_VALUE|REFERENTIAL_INTEGRITY,Null values in: vehicle_id | Referential integrity violation,NULL_VALUE|REFERENTIAL_INTEGRITY,2026-09-18T06:14:29.923892+00:00
EVT0093816,BMW00648,WBA00000000000648,2026-15-40 99:99:99,44.54,24.8,-6.8,9.524899,133.687129,telemetry,INVALID_DATE,Invalid date in: timestamp,INVALID_DATE,2026-09-18T06:14:29.923892+00:00
EVT0013399,BMW00740,WBA00000000000740,2026-02-16 12:30:00,,67.42,35.63,10.136026,-8.606038,telemetry,NULL_VALUE|OUT_OF_RANGE,Null values in: battery_level | Out-of-range value in: battery_level,NULL_VALUE|OUT_OF_RANGE,2026-09-18T06:14:29.923892+00:00
EVT0069756,BMW00217,WBA00000000000217,2026-08-31 04:55:00,55.76,104.24,42.11,41.293566,-47.135346,telemetry,DUPLICATE_RECORD,Duplicate record detected,DUPLICATE_RECORD,2026-09-18T06:14:29.923892+00:00
EVT0082714,BMW00926,,2026-10-15 04:45:00,60.07,88.2,22.75,46.676699,143.791928,telemetry,NULL_VALUE|INVALID_VIN,Null values in: vin | Invalid or missing VIN,NULL_VALUE|INVALID_VIN,2026-09-18T06:14:29.923892+00:00
EVT0066030,BMWX00055,WBA00000000000839,2026-08-18 06:25:00,72.3,46.53,-9.22,22.096533,-4.368835,telemetry,REFERENTIAL_INTEGRITY,Referential integrity violation,REFERENTIAL_INTEGRITY,2026-09-18T06:14:29.923892+00:00
EVT0003232,BMW00268,WBA00000000000268,2026-01-12 05:15:00,17.46,158.37,24.33,42.322322,25.243686,telemetry,DUPLICATE_RECORD,Duplicate record detected,DUPLICATE_RECORD,2026-09-18T06:14:29.923892+00:00
EVT0020293,BMW00634,WBA00000000000634,2026-03-12 11:00:00,57.07,22.49,48.3,13.882867,70.366641,telemetry,DUPLICATE_RECORD,Duplicate record detected,DUPLICATE_RECORD,2026-09-18T06:14:29.923892+00:00
EVT0076066,,WBA00000000000885,2026-09-22 02:45:00,83.18,120.51,45.74,45.384635,-86.132652,telemetry,NULL_VALUE|REFERENTIAL_INTEGRITY,Null values in: vehicle_id | Referential integrity violation,NULL_VALUE|REFERENTIAL_INTEGRITY,2026-09-18T06:14:29.923892+00:00
EVT0054375,BMW00579,WBA00000000000579,2026-07-08 19:10:00,58.2,13.7,8.93,45.51971,145.292226,telemetry,DUPLICATE_RECORD,Duplicate record detected,DUPLICATE_RECORD,2026-09-18T06:14:29.923892+00:00
EVT0066566,,WBA00000000000792,2026-08-20 03:05:00,63.69,79.08,-9.73,48.121383,144.177474,telemetry,NULL_VALUE|REFERENTIAL_INTEGRITY,Null values in: vehicle_id | Referential integrity violation,NULL_VALUE|REFERENTIAL_INTEGRITY,2026-09-18T06:14:29.923892+00:00
EVT0070571,BMW00739,INVALIDVIN,2026-09-03 00:50:00,10.48,57.96,-8.28,48.368609,-100.737814,telemetry,INVALID_VIN,Invalid or missing VIN,INVALID_VIN,2026-09-18T06:14:29.923892+00:00
EVT0064293,,WBA00000000000755,2026-08-12 05:40:00,14.19,146.64,48.82,47.202607,114.270994,telemetry,NULL_VALUE|REFERENTIAL_INTEGRITY,Null values in: vehicle_id | Referential integrity violation,NULL_VALUE|REFERENTIAL_INTEGRITY,2026-09-18T06:14:29.923892+00:00
EVT0063010,BMWX00143,WBA00000000000428,2026-08-07 18:45:00,10.22,72.62,19.17,46.480272,-80.081896,telemetry,REFERENTIAL_INTEGRITY,Referential integrity violation,REFERENTIAL_INTEGRITY,2026-09-18T06:14:29.923892+00:00
EVT0077403,BMW00520,WBA00000000000520,2026-09-26 18:10:00,20.64,120.93,-5.12,54.991925,55.000396,telemetry,DUPLICATE_RECORD,Duplicate record detected,DUPLICATE_RECORD,2026-09-18T06:14:29.923892+00:00
EVT0040351,BMW00601,WBA00000000000601,2026-05-21 02:30:00,28.57,108.87,27.35,32.302085,-8.566906,telemetry,DUPLICATE_RECORD,Duplicate record detected,DUPLICATE_RECORD,2026-09-18T06:14:29.923892+00:00
EVT0042268,BMW00203,INVALIDVIN,2026-05-27 18:15:00,68.51,32.12,0.4,54.453188,134.142076,telemetry,INVALID_VIN,Invalid or missing VIN,INVALID_VIN,2026-09-18T06:14:29.923892+00:00
EVT0040357,BMW00268,INVALIDVIN,2026-05-21 03:00:00,65.58,41.89,8.63,45.062792,-57.034253,telemetry,INVALID_VIN,Invalid or missing VIN,INVALID_VIN,2026-09-18T06:14:29.923892+00:00
EVT0052885,BMW00151,WBA00000000000151,2026-07-03 15:00:00,26.68,121.31,-5.66,29.737263,128.546357,telemetry,DUPLICATE_RECORD,Duplicate record detected,DUPLICATE_RECORD,2026-09-18T06:14:29.923892+00:00
EVT0045738,BMW00383,WBA00000000000383,2026-06-08 19:25:00,-25.0,157.88,51.62,49.385143,-31.035359,telemetry,OUT_OF_RANGE,Out-of-range value in: battery_level,OUT_OF_RANGE,2026-09-18T06:14:29.923892+00:00
EVT0052392,BMW00677,WBA00000000000677,2026-07-01 21:55:00,-25.0,13.09,45.59,51.254933,-19.334752,telemetry,OUT_OF_RANGE,Out-of-range value in: battery_level,OUT_OF_RANGE,2026-09-18T06:14:29.923892+00:00
EVT0040521,BMW00271,INVALIDVIN,2026-05-21 16:40:00,37.63,57.28,200.0,46.554051,-40.446895,telemetry,INVALID_VIN|OUT_OF_RANGE,Invalid or missing VIN | Out-of-range value in: temperature,INVALID_VIN|OUT_OF_RANGE,2026-09-18T06:14:29.923892+00:00
EVT0053557,BMW00658,WBA00000000000658,2026-15-40 99:99:99,26.56,28.94,53.75,47.678291,-11.410981,telemetry,INVALID_DATE,Invalid date in: timestamp,INVALID_DATE,2026-09-18T06:14:29.923892+00:00
EVT0093241,BMWX00192,WBA00000000000478,2026-11-20 18:00:00,80.76,68.12,45.01,49.948527,134.669201,telemetry,REFERENTIAL_INTEGRITY,Referential integrity violation,REFERENTIAL_INTEGRITY,2026-09-18T06:14:29.923892+00:00
EVT0053734,BMWX00048,WBA00000000000596,2026-07-06 13:45:00,72.27,46.04,-9.36,18.554496,59.055714,telemetry,REFERENTIAL_INTEGRITY,Referential integrity violation,REFERENTIAL_INTEGRITY,2026-09-18T06:14:29.923892+00:00
EVT0041719,BMW00007,WBA00000000000007,2026-05-25 20:30:00,86.74,76.14,,40.602359,109.495511,telemetry,NULL_VALUE|OUT_OF_RANGE,Null values in: temperature | Out-of-range value in: temperature,NULL_VALUE|OUT_OF_RANGE,2026-09-18T06:14:29.923892+00:00
EVT0023826,BMW00094,INVALIDVIN,2026-03-24 17:25:00,94.25,60.66,54.11,53.481861,-60.155219,telemetry,INVALID_VIN,Invalid or missing VIN,INVALID_VIN,2026-09-18T06:14:29.923892+00:00
EVT0075722,BMW00417,WBA00000000000417,2026-09-20 22:05:00,74.42,150.03,30.81,49.911494,94.621433,telemetry,DUPLICATE_RECORD,Duplicate record detected,DUPLICATE_RECORD,2026-09-18T06:14:29.923892+00:00
EVT0033069,BMW00038,WBA00000000000038,2026-04-25 19:40:00,,147.92,24.5,38.403446,-3.987314,telemetry,NULL_VALUE|OUT_OF_RANGE,Null values in: battery_level | Out-of-range value in: battery_level,NULL_VALUE|OUT_OF_RANGE,2026-09-18T06:14:29.923892+00:00
EVT0088314,BMW00383,INVALIDVIN,2026-11-03 15:25:00,69.97,142.33,20.61,50.13878,149.160551,telemetry,INVALID_VIN,Invalid or missing VIN,INVALID_VIN,2026-09-18T06:14:29.923892+00:00
EVT0095983,BMW00718,WBA00000000000718,2026-11-30 06:30:00,30.0,108.51,-100.0,47.560831,-69.219512,telemetry,OUT_OF_RANGE,Out-of-range value in: temperature,OUT_OF_RANGE,2026-09-18T06:14:29.923892+00:00
EVT0057876,BMW00318,WBA00000000000318,2026-07-20 22:55:00,,16.16,50.88,46.657635,-71.27522,telemetry,NULL_VALUE|OUT_OF_RANGE,Null values in: battery_level | Out-of-range value in: battery_level,NULL_VALUE|OUT_OF_RANGE,2026-09-18T06:14:29.923892+00:00
EVT0066270,BMW00946,WBA00000000000946,2026-08-19 02:25:00,95.41,146.17,17.56,17.162349,136.096271,telemetry,DUPLICATE_RECORD,Duplicate record detected,DUPLICATE_RECORD,2026-09-18T06:14:29.923892+00:00
EVT0090282,BMW00025,WBA00000000000025,2026-11-10 11:25:00,83.87,94.9,200.0,54.960677,-109.885906,telemetry,OUT_OF_RANGE,Out-of-range value in: temperature,OUT_OF_RANGE,2026-09-18T06:14:29.923892+00:00
EVT0040247,BMW00785,WBA00000000000785,2026-05-20 17:50:00,43.79,64.12,29.32,36.101396,-67.197254,telemetry,DUPLICATE_RECORD,Duplicate record detected,DUPLICATE_RECORD,2026-09-18T06:14:29.923892+00:00
EVT0010160,BMW00367,WBA00000000000367,2026-02-05 06:35:00,,119.89,9.36,9.754244,-70.791843,telemetry,NULL_VALUE|OUT_OF_RANGE,Null values in: battery_level | Out-of-range value in: battery_level,NULL_VALUE|OUT_OF_RANGE,2026-09-18T06:14:29.923892+00:00
EVT0049639,BMW00611,WBA00000000000611,2026-06-22 08:30:00,28.72,115.04,-100.0,22.818042,98.095963,telemetry,OUT_OF_RANGE,Out-of-range value in: temperature,OUT_OF_RANGE,2026-09-18T06:14:29.923892+00:00
EVT0081279,BMW00885,WBA00000000000885,2026-10-10 05:10:00,78.87,123.97,-80.0,53.281984,143.469551,telemetry,OUT_OF_RANGE,Out-of-range value in: temperature,OUT_OF_RANGE,2026-09-18T06:14:29.923892+00:00
EVT0081923,BMW00277,WBA00000000000277,2026-10-12 10:50:00,34.39,35.62,,48.406452,84.992562,telemetry,NULL_VALUE|OUT_OF_RANGE,Null values in: temperature | Out-of-range value in: temperature,NULL_VALUE|OUT_OF_RANGE,2026-09-18T06:14:29.923892+00:00
EVT0008277,BMW00327,WBA00000000000327,2026-01-29 17:40:00,,21.44,14.62,11.892689,35.304375,telemetry,NULL_VALUE|OUT_OF_RANGE,Null values in: battery_level | Out-of-range value in: battery_level,NULL_VALUE|OUT_OF_RANGE,2026-09-18T06:14:29.923892+00:00
EVT0055870,BMW00240,,2026-07-13 23:45:00,63.74,139.72,25.34,41.549084,16.971813,telemetry,NULL_VALUE|INVALID_VIN,Null values in: vin | Invalid or missing VIN,NULL_VALUE|INVALID_VIN,2026-09-18T06:14:29.923892+00:00
EVT0001149,BMW00097,WBA00000000000097,2026-15-40 99:99:99,14.33,111.55,0.96,32.46863,70.011997,telemetry,INVALID_DATE,Invalid date in: timestamp,INVALID_DATE,2026-09-18T06:14:29.923892+00:00
EVT0031508,BMW00206,INVALIDVIN,2026-04-20 09:35:00,91.37,28.29,18.28,38.178533,-59.577783,telemetry,INVALID_VIN,Invalid or missing VIN,INVALID_VIN,2026-09-18T06:14:29.923892+00:00
EVT0047022,BMW00764,INVALIDVIN,2026-06-13 06:25:00,12.25,156.21,-9.11,27.728843,31.98949,telemetry,INVALID_VIN,Invalid or missing VIN,INVALID_VIN,2026-09-18T06:14:29.923892+00:00
EVT0037054,BMW00750,,2026-05-09 15:45:00,83.73,76.35,34.84,30.570651,90.972008,telemetry,NULL_VALUE|INVALID_VIN,Null values in: vin | Invalid or missing VIN,NULL_VALUE|INVALID_VIN,2026-09-18T06:14:29.923892+00:00
EVT0036605,BMW00952,WBA00000000000952,2026-15-40 99:99:99,32.56,112.85,6.3,25.134569,31.142968,telemetry,INVALID_DATE,Invalid date in: timestamp,INVALID_DATE,2026-09-18T06:14:29.923892+00:00
EVT0032916,BMW00011,WBA00000000000011,2026-04-25 06:55:00,36.58,151.43,,16.57912,-109.081827,telemetry,NULL_VALUE|OUT_OF_RANGE,Null values in: temperature | Out-of-range value in: temperature,NULL_VALUE|OUT_OF_RANGE,2026-09-18T06:14:29.923892+00:00
EVT0053961,BMW00604,INVALIDVIN,2026-07-07 08:40:00,74.44,70.64,31.39,52.977741,28.309654,telemetry,INVALID_VIN,Invalid or missing VIN,INVALID_VIN,2026-09-18T06:14:29.923892+00:00
EVT0024627,BMW00588,WBA00000000000588,2026-03-27 12:10:00,27.93,134.11,28.43,26.395393,123.435673,telemetry,DUPLICATE_RECORD,Duplicate record detected,DUPLICATE_RECORD,2026-09-18T06:14:29.923892+00:00
EVT0093383,BMW00824,WBA00000000000824,2026-15-40 99:99:99,87.4,115.62,6.25,42.095959,-117.990506,telemetry,INVALID_DATE,Invalid date in: timestamp,INVALID_DATE,2026-09-18T06:14:29.923892+00:00
EVT0050867,BMW00849,WBA00000000000849,2026-06-26 14:50:00,,76.61,-5.13,50.621178,20.466041,telemetry,NULL_VALUE|OUT_OF_RANGE,Null values in: battery_level | Out-of-range value in: battery_level,NULL_VALUE|OUT_OF_RANGE,2026-09-18T06:14:29.923892+00:00
EVT0034603,BMW00418,WBA00000000000418,2026-15-40 99:99:99,74.31,93.35,-9.85,54.543024,108.339082,telemetry,INVALID_DATE,Invalid date in: timestamp,INVALID_DATE,2026-09-18T06:14:29.923892+00:00
EVT0021596,BMW00229,WBA00000000000229,2026-03-16 23:35:00,81.61,70.74,,31.113238,102.156223,telemetry,NULL_VALUE|OUT_OF_RANGE,Null values in: temperature | Out-of-range value in: temperature,NULL_VALUE|OUT_OF_RANGE,2026-09-18T06:14:29.923892+00:00
EVT0001020,BMW00751,,2026-01-04 12:55:00,30.25,125.44,7.16,31.108555,16.925446,telemetry,NULL_VALUE|INVALID_VIN,Null values in: vin | Invalid or missing VIN,NULL_VALUE|INVALID_VIN,2026-09-18T06:14:29.923892+00:00
EVT0088167,BMW00633,WBA00000000000633,2026-11-03 03:10:00,-10.0,94.38,27.3,51.424607,41.563753,telemetry,OUT_OF_RANGE,Out-of-range value in: battery_level,OUT_OF_RANGE,2026-09-18T06:14:29.923892+00:00
EVT0000153,BMWX00008,WBA00000000000262,2026-01-01 12:40:00,92.96,6.61,15.5,10.420088,90.814533,telemetry,REFERENTIAL_INTEGRITY,Referential integrity violation,REFERENTIAL_INTEGRITY,2026-09-18T06:14:29.923892+00:00
EVT0065540,BMW00198,WBA00000000000198,2026-15-40 99:99:99,50.72,49.34,34.69,14.646828,-5.105791,telemetry,DUPLICATE_RECORD|INVALID_DATE,Duplicate record detected | Invalid date in: timestamp,DUPLICATE_RECORD|INVALID_DATE,2026-09-18T06:14:29.923892+00:00
EVT0026248,,WBA00000000000742,2026-04-02 03:15:00,77.0,53.72,17.79,19.993664,-102.177876,telemetry,NULL_VALUE|REFERENTIAL_INTEGRITY,Null values in: vehicle_id | Referential integrity violation,NULL_VALUE|REFERENTIAL_INTEGRITY,2026-09-18T06:14:29.923892+00:00
EVT0013915,BMW00037,,2026-02-18 07:30:00,22.0,77.12,54.33,25.55396,-6.228732,telemetry,NULL_VALUE|DUPLICATE_RECORD|INVALID_VIN,Null values in: vin | Duplicate record detected | Invalid or missing VIN,NULL_VALUE|DUPLICATE_RECORD|INVALID_VIN,2026-09-18T06:14:29.923892+00:00
EVT0078481,BMW00041,WBA00000000000041,2026-09-30 12:00:00,-25.0,21.15,-8.34,14.486402,6.838764,telemetry,OUT_OF_RANGE,Out-of-range value in: battery_level,OUT_OF_RANGE,2026-09-18T06:14:29.923892+00:00
EVT0079890,BMW00958,,2026-10-05 09:25:00,49.67,36.62,31.14,35.450328,-46.259787,telemetry,NULL_VALUE|INVALID_VIN,Null values in: vin | Invalid or missing VIN,NULL_VALUE|INVALID_VIN,2026-09-18T06:14:29.923892+00:00
EVT0095856,BMW00545,,2026-11-29 19:55:00,93.74,116.05,12.04,48.100602,120.318259,telemetry,NULL_VALUE|INVALID_VIN,Null values in: vin | Invalid or missing VIN,NULL_VALUE|INVALID_VIN,2026-09-18T06:14:29.923892+00:00
EVT0039592,BMW00491,WBA00000000000491,2026-05-18 11:15:00,48.42,60.83,-80.0,33.263155,71.081605,telemetry,OUT_OF_RANGE,Out-of-range value in: temperature,OUT_OF_RANGE,2026-09-18T06:14:29.923892+00:00
EVT0053423,BMW00680,WBA00000000000680,2026-07-05 11:50:00,45.67,85.17,200.0,45.221498,31.341419,telemetry,OUT_OF_RANGE,Out-of-range value in: temperature,OUT_OF_RANGE,2026-09-18T06:14:29.923892+00:00
EVT0031562,BMW00102,,2026-04-20 14:05:00,49.07,13.13,50.67,9.018866,-34.180011,telemetry,NULL_VALUE|INVALID_VIN,Null values in: vin | Invalid or missing VIN,NULL_VALUE|INVALID_VIN,2026-09-18T06:14:29.923892+00:00
EVT0049143,BMW00511,WBA00000000000511,2026-15-40 99:99:99,65.19,5.87,38.21,47.133105,-89.335754,telemetry,INVALID_DATE,Invalid date in: timestamp,INVALID_DATE,2026-09-18T06:14:29.923892+00:00
EVT0091674,BMW00730,WBA00000000000730,2026-11-15 07:25:00,-10.0,134.35,11.68,48.881207,-88.173294,telemetry,OUT_OF_RANGE,Out-of-range value in: battery_level,OUT_OF_RANGE,2026-09-18T06:14:29.923892+00:00
EVT0057541,BMW00444,WBA00000000000444,2026-07-19 19:00:00,-25.0,88.34,22.14,29.680507,82.666966,telemetry,OUT_OF_RANGE,Out-of-range value in: battery_level,OUT_OF_RANGE,2026-09-18T06:14:29.923892+00:00
EVT0047628,BMW00008,WBA00000000000008,2026-15-40 99:99:99,84.96,33.9,36.81,9.73416,109.54714,telemetry,INVALID_DATE,Invalid date in: timestamp,INVALID_DATE,2026-09-18T06:14:29.923892+00:00
EVT0069696,BMW00779,WBA00000000000779,2026-08-30 23:55:00,67.84,131.78,43.54,41.362555,138.864155,telemetry,DUPLICATE_RECORD,Duplicate record detected,DUPLICATE_RECORD,2026-09-18T06:14:29.923892+00:00
EVT0091469,BMW00539,,2026-11-14 14:20:00,76.37,38.79,31.96,18.657813,56.473003,telemetry,NULL_VALUE|INVALID_VIN,Null values in: vin | Invalid or missing VIN,NULL_VALUE|INVALID_VIN,2026-09-18T06:14:29.923892+00:00
EVT0066101,BMW00652,WBA00000000000652,2026-08-18 12:20:00,26.61,119.25,31.36,24.205217,-106.995814,telemetry,DUPLICATE_RECORD,Duplicate record detected,DUPLICATE_RECORD,2026-09-18T06:14:29.923892+00:00
EVT0010439,BMW00458,,2026-02-06 05:50:00,49.07,122.81,46.65,41.824796,-7.380874,telemetry,NULL_VALUE|INVALID_VIN,Null values in: vin | Invalid or missing VIN,NULL_VALUE|INVALID_VIN,2026-09-18T06:14:29.923892+00:00
EVT0036097,BMW00606,WBA00000000000606,2026-05-06 08:00:00,81.59,87.12,34.72,53.156635,-60.644549,telemetry,DUPLICATE_RECORD,Duplicate record detected,DUPLICATE_RECORD,2026-09-18T06:14:29.923892+00:00
EVT0098892,BMW00493,INVALIDVIN,2026-12-10 08:55:00,58.38,67.87,38.95,12.426074,134.692606,telemetry,INVALID_VIN,Invalid or missing VIN,INVALID_VIN,2026-09-18T06:14:29.923892+00:00
EVT0091549,BMWX00109,WBA00000000000476,2026-11-14 21:00:00,49.2,50.28,1.18,24.340206,139.381855,telemetry,REFERENTIAL_INTEGRITY,Referential integrity violation,REFERENTIAL_INTEGRITY,2026-09-18T06:14:29.923892+00:00
EVT0066168,BMWX00045,WBA00000000000700,2026-08-18 17:55:00,52.18,60.3,40.56,13.876084,137.598448,telemetry,REFERENTIAL_INTEGRITY,Referential integrity violation,REFERENTIAL_INTEGRITY,2026-09-18T06:14:29.923892+00:00
EVT0077127,BMWX00090,WBA00000000000305,2026-09-25 19:10:00,38.55,132.61,2.62,11.834053,-2.247582,telemetry,REFERENTIAL_INTEGRITY,Referential integrity violation,REFERENTIAL_INTEGRITY,2026-09-18T06:14:29.923892+00:00
EVT0095879,BMWX00073,WBA00000000000935,2026-11-29 21:50:00,52.34,105.03,51.53,50.420342,19.020566,telemetry,REFERENTIAL_INTEGRITY,Referential integrity violation,REFERENTIAL_INTEGRITY,2026-09-18T06:14:29.923892+00:00
EVT0079760,BMWX00081,WBA00000000000475,2026-10-04 22:35:00,36.34,149.73,1.3,15.544513,29.572898,telemetry,REFERENTIAL_INTEGRITY,Referential integrity violation,REFERENTIAL_INTEGRITY,2026-09-18T06:14:29.923892+00:00
EVT0031727,BMW00425,WBA00000000000425,2026-04-21 03:50:00,,147.92,-6.39,30.774993,50.657851,telemetry,NULL_VALUE|OUT_OF_RANGE,Null values in: battery_level | Out-of-range value in: battery_level,NULL_VALUE|OUT_OF_RANGE,2026-09-18T06:14:29.923892+00:00
EVT0087578,BMW00443,WBA00000000000443,2026-15-40 99:99:99,51.41,28.02,40.52,30.912213,33.369636,telemetry,INVALID_DATE,Invalid date in: timestamp,INVALID_DATE,2026-09-18T06:14:29.923892+00:00
EVT0040877,,WBA00000000000901,2026-05-22 22:20:00,62.48,35.36,41.04,35.329186,32.245382,telemetry,NULL_VALUE|REFERENTIAL_INTEGRITY,Null values in: vehicle_id | Referential integrity violation,NULL_VALUE|REFERENTIAL_INTEGRITY,2026-09-18T06:14:29.923892+00:00
EVT0034654,BMW00979,WBA00000000000979,2026-05-01 07:45:00,91.09,114.05,13.29,39.655297,-100.372559,telemetry,DUPLICATE_RECORD,Duplicate record detected,DUPLICATE_RECORD,2026-09-18T06:14:29.923892+00:00
EVT0067925,BMW00499,WBA00000000000499,2026-08-24 20:20:00,20.48,31.12,-1.32,10.734915,-100.053043,telemetry,DUPLICATE_RECORD,Duplicate record detected,DUPLICATE_RECORD,2026-09-18T06:14:29.923892+00:00
EVT0091473,BMW00683,,2026-11-14 14:40:00,40.33,29.22,37.89,41.531415,100.365262,telemetry,NULL_VALUE|INVALID_VIN,Null values in: vin | Invalid or missing VIN,NULL_VALUE|INVALID_VIN,2026-09-18T06:14:29.923892+00:00
EVT0095534,BMW00862,WBA00000000000862,2026-11-28 17:05:00,,134.76,28.44,38.864099,117.591185,telemetry,NULL_VALUE|OUT_OF_RANGE,Null values in: battery_level | Out-of-range value in: battery_level,NULL_VALUE|OUT_OF_RANGE,2026-09-18T06:14:29.923892+00:00
EVT0020031,BMW00484,INVALIDVIN,2026-03-11 13:10:00,88.35,158.28,3.81,31.249219,-38.308922,telemetry,INVALID_VIN,Invalid or missing VIN,INVALID_VIN,2026-09-18T06:14:29.923892+00:00
EVT0043498,BMW00568,INVALIDVIN,2026-06-01 00:45:00,32.3,31.92,15.9,17.959242,91.859377,telemetry,INVALID_VIN,Invalid or missing VIN,INVALID_VIN,2026-09-18T06:14:29.923892+00:00
EVT0099888,BMW00299,,2026-12-13 19:55:00,26.75,53.41,-1.56,12.063411,130.668791,telemetry,NULL_VALUE|INVALID_VIN,Null values in: vin | Invalid or missing VIN,NULL_VALUE|INVALID_VIN,2026-09-18T06:14:29.923892+00:00
EVT0016822,BMW00711,WBA00000000000711,2026-02-28 09:45:00,44.68,127.74,-0.86,53.698364,86.155166,telemetry,DUPLICATE_RECORD,Duplicate record detected,DUPLICATE_RECORD,2026-09-18T06:14:29.923892+00:00
EVT0086820,BMW00971,WBA00000000000971,2026-10-29 10:55:00,,67.19,23.58,8.42127,-104.020198,telemetry,NULL_VALUE|OUT_OF_RANGE,Null values in: battery_level | Out-of-range value in: battery_level,NULL_VALUE|OUT_OF_RANGE,2026-09-18T06:14:29.923892+00:00
EVT0053589,BMW00171,WBA00000000000171,2026-07-06 01:40:00,13.74,148.93,-80.0,31.289853,-12.43832,telemetry,OUT_OF_RANGE,Out-of-range value in: temperature,OUT_OF_RANGE,2026-09-18T06:14:29.923892+00:00
EVT0010733,,WBA00000000000311,2026-02-07 06:20:00,56.51,19.82,38.69,33.057565,128.470222,telemetry,NULL_VALUE|REFERENTIAL_INTEGRITY,Null values in: vehicle_id | Referential integrity violation,NULL_VALUE|REFERENTIAL_INTEGRITY,2026-09-18T06:14:29.923892+00:00
EVT0083856,BMW00035,INVALIDVIN,2026-10-19 03:55:00,95.13,51.32,26.19,20.291134,67.181602,telemetry,INVALID_VIN,Invalid or missing VIN,INVALID_VIN,2026-09-18T06:14:29.923892+00:00
EVT0057979,,WBA00000000000486,2026-07-21 07:30:00,38.24,34.69,-6.18,33.767914,-111.593512,telemetry,NULL_VALUE|REFERENTIAL_INTEGRITY,Null values in: vehicle_id | Referential integrity violation,NULL_VALUE|REFERENTIAL_INTEGRITY,2026-09-18T06:14:29.923892+00:00
EVT0042844,BMW00810,INVALIDVIN,2026-05-29 18:15:00,28.52,152.62,8.06,33.432578,128.021576,telemetry,INVALID_VIN,Invalid or missing VIN,INVALID_VIN,2026-09-18T06:14:29.923892+00:00
EVT0009442,BMW00214,WBA00000000000214,2026-02-02 18:45:00,72.36,68.78,150.0,20.860856,-87.818759,telemetry,OUT_OF_RANGE,Out-of-range value in: temperature,OUT_OF_RANGE,2026-09-18T06:14:29.923892+00:00
EVT0079148,BMW00176,WBA00000000000176,2026-10-02 19:35:00,180.0,152.55,14.83,13.437752,134.054808,telemetry,OUT_OF_RANGE,Out-of-range value in: battery_level,OUT_OF_RANGE,2026-09-18T06:14:29.923892+00:00
EVT0069103,BMW00259,WBA00000000000259,2026-08-28 22:30:00,47.91,54.19,20.0,19.462037,100.250927,telemetry,DUPLICATE_RECORD,Duplicate record detected,DUPLICATE_RECORD,2026-09-18T06:14:29.923892+00:00
EVT0061770,BMW00590,WBA00000000000590,2026-08-03 11:25:00,12.1,31.12,-9.36,29.342741,-106.758789,telemetry,DUPLICATE_RECORD,Duplicate record detected,DUPLICATE_RECORD,2026-09-18T06:14:29.923892+00:00
EVT0065084,BMW00596,WBA00000000000596,2026-08-14 23:35:00,91.48,43.26,20.54,36.496383,96.271431,telemetry,DUPLICATE_RECORD,Duplicate record detected,DUPLICATE_RECORD,2026-09-18T06:14:29.923892+00:00
EVT0098929,BMW00378,,2026-12-10 12:00:00,95.64,50.5,21.88,22.846409,81.414571,telemetry,NULL_VALUE|INVALID_VIN,Null values in: vin | Invalid or missing VIN,NULL_VALUE|INVALID_VIN,2026-09-18T06:14:29.923892+00:00
EVT0034364,BMW00887,WBA00000000000887,2026-04-30 07:35:00,20.62,57.17,13.63,17.392828,-22.648417,telemetry,DUPLICATE_RECORD,Duplicate record detected,DUPLICATE_RECORD,2026-09-18T06:14:29.923892+00:00
EVT0082766,BMW00546,,2026-10-15 09:05:00,78.71,116.97,-9.39,23.37537,-18.410102,telemetry,NULL_VALUE|INVALID_VIN,Null values in: vin | Invalid or missing VIN,NULL_VALUE|INVALID_VIN,2026-09-18T06:14:29.923892+00:00
EVT0077877,BMW00056,WBA00000000000056,2026-09-28 09:40:00,,98.26,14.86,27.412851,64.496496,telemetry,NULL_VALUE|OUT_OF_RANGE,Null values in: battery_level | Out-of-range value in: battery_level,NULL_VALUE|OUT_OF_RANGE,2026-09-18T06:14:29.923892+00:00
EVT0040684,BMW00880,WBA00000000000880,2026-05-22 06:15:00,150.0,20.59,20.94,28.429141,-69.285561,telemetry,OUT_OF_RANGE,Out-of-range value in: battery_level,OUT_OF_RANGE,2026-09-18T06:14:29.923892+00:00
EVT0092255,BMW00686,WBA00000000000686,2026-15-40 99:99:99,52.56,11.97,22.44,10.468497,27.012181,telemetry,INVALID_DATE,Invalid date in: timestamp,INVALID_DATE,2026-09-18T06:14:29.923892+00:00
EVT0049429,BMW00508,INVALIDVIN,2026-06-21 15:00:00,57.02,119.1,17.21,50.953761,-22.654277,telemetry,INVALID_VIN,Invalid or missing VIN,INVALID_VIN,2026-09-18T06:14:29.923892+00:00
EVT0094696,BMWX00034,WBA00000000000843,2026-11-25 19:15:00,65.01,102.32,-3.19,15.148729,-79.218131,telemetry,REFERENTIAL_INTEGRITY,Referential integrity violation,REFERENTIAL_INTEGRITY,2026-09-18T06:14:29.923892+00:00
EVT0073110,BMW00723,WBA00000000000723,2026-15-40 99:99:99,63.4,13.33,10.72,15.946869,79.918982,telemetry,INVALID_DATE,Invalid date in: timestamp,INVALID_DATE,2026-09-18T06:14:29.923892+00:00
EVT0069288,BMW00475,WBA00000000000475,2026-08-29 13:55:00,-10.0,35.21,-6.35,17.034386,47.092346,telemetry,OUT_OF_RANGE,Out-of-range value in: battery_level,OUT_OF_RANGE,2026-09-18T06:14:29.923892+00:00
EVT0069749,,WBA00000000000115,2026-08-31 04:20:00,59.53,55.2,10.34,44.583199,-80.561447,telemetry,NULL_VALUE|REFERENTIAL_INTEGRITY,Null values in: vehicle_id | Referential integrity violation,NULL_VALUE|REFERENTIAL_INTEGRITY,2026-09-18T06:14:29.923892+00:00
EVT0014953,BMW00516,WBA00000000000516,2026-02-21 22:00:00,73.72,19.68,-1.64,23.162322,-115.993967,telemetry,DUPLICATE_RECORD,Duplicate record detected,DUPLICATE_RECORD,2026-09-18T06:14:29.923892+00:00
EVT0047634,,WBA00000000000785,2026-06-15 09:25:00,23.18,74.44,44.87,49.745303,41.130585,telemetry,NULL_VALUE|REFERENTIAL_INTEGRITY,Null values in: vehicle_id | Referential integrity violation,NULL_VALUE|REFERENTIAL_INTEGRITY,2026-09-18T06:14:29.923892+00:00
EVT0017736,BMW00801,INVALIDVIN,2026-03-03 13:55:00,80.16,92.32,11.34,20.286667,-107.414931,telemetry,INVALID_VIN,Invalid or missing VIN,INVALID_VIN,2026-09-18T06:14:29.923892+00:00
EVT0034363,BMW00914,WBA00000000000914,2026-04-30 07:30:00,86.47,0.53,,11.539706,-37.181243,telemetry,NULL_VALUE|OUT_OF_RANGE,Null values in: temperature | Out-of-range value in: temperature,NULL_VALUE|OUT_OF_RANGE,2026-09-18T06:14:29.923892+00:00
EVT0053930,BMW00551,WBA00000000000551,2026-07-07 06:05:00,46.86,132.37,-1.78,28.514932,136.559026,telemetry,DUPLICATE_RECORD,Duplicate record detected,DUPLICATE_RECORD,2026-09-18T06:14:29.923892+00:00
EVT0063285,BMW00527,WBA00000000000527,2026-15-40 99:99:99,44.69,117.94,43.11,39.044008,132.673653,telemetry,INVALID_DATE,Invalid date in: timestamp,INVALID_DATE,2026-09-18T06:14:29.923892+00:00
EVT0007406,BMW00559,WBA00000000000559,2026-01-26 17:05:00,-25.0,52.57,-6.14,20.298028,119.790971,telemetry,OUT_OF_RANGE,Out-of-range value in: battery_level,OUT_OF_RANGE,2026-09-18T06:14:29.923892+00:00
BAD00009,UNKNOWN,BADVIN,not-a-date,999.0,-50.0,999.0,999.0,999.0,telemetry,INVALID_VIN|INVALID_DATE|OUT_OF_RANGE|REFERENTIAL_INTEGRITY,"Invalid or missing VIN | Invalid date in: timestamp | Out-of-range value in: battery_level, temperature, speed | Referential integrity violation",INVALID_VIN|INVALID_DATE|OUT_OF_RANGE|REFERENTIAL_INTEGRITY,2026-09-18T06:14:29.923892+00:00
EVT0090112,BMW00047,INVALIDVIN,2026-11-09 21:15:00,21.86,155.17,15.52,37.233894,-23.399706,telemetry,INVALID_VIN,Invalid or missing VIN,INVALID_VIN,2026-09-18T06:14:29.923892+00:00
EVT0064484,BMW00439,WBA00000000000439,2026-08-12 21:35:00,99.1,128.08,31.61,16.371357,126.694038,telemetry,DUPLICATE_RECORD,Duplicate record detected,DUPLICATE_RECORD,2026-09-18T06:14:29.923892+00:00
EVT0031615,BMW00211,WBA00000000000211,2026-04-20 18:30:00,,36.62,7.95,51.411058,43.424722,telemetry,NULL_VALUE|OUT_OF_RANGE,Null values in: battery_level | Out-of-range value in: battery_level,NULL_VALUE|OUT_OF_RANGE,2026-09-18T06:14:29.923892+00:00
EVT0075220,BMW00601,WBA00000000000601,2026-15-40 99:99:99,85.5,7.61,23.35,16.283731,-14.852497,telemetry,INVALID_DATE,Invalid date in: timestamp,INVALID_DATE,2026-09-18T06:14:29.923892+00:00
EVT0093781,BMW00888,WBA00000000000888,2026-11-22 15:00:00,82.79,81.97,45.75,52.283678,95.456217,telemetry,DUPLICATE_RECORD,Duplicate record detected,DUPLICATE_RECORD,2026-09-18T06:14:29.923892+00:00
EVT0013409,BMW00027,WBA00000000000027,2026-02-16 13:20:00,,38.02,32.74,47.704932,23.042106,telemetry,NULL_VALUE|OUT_OF_RANGE,Null values in: battery_level | Out-of-range value in: battery_level,NULL_VALUE|OUT_OF_RANGE,2026-09-18T06:14:29.923892+00:00
EVT0073008,BMW00232,,2026-09-11 11:55:00,49.04,96.41,1.03,22.959668,8.882822,telemetry,NULL_VALUE|INVALID_VIN,Null values in: vin | Invalid or missing VIN,NULL_VALUE|INVALID_VIN,2026-09-18T06:14:29.923892+00:00
EVT0067977,BMW00225,WBA00000000000225,2026-08-25 00:40:00,-25.0,86.61,35.74,26.427931,61.745263,telemetry,OUT_OF_RANGE,Out-of-range value in: battery_level,OUT_OF_RANGE,2026-09-18T06:14:29.923892+00:00
BAD00059,UNKNOWN,BADVIN,not-a-date,999.0,-50.0,999.0,999.0,999.0,telemetry,INVALID_VIN|INVALID_DATE|OUT_OF_RANGE|REFERENTIAL_INTEGRITY,"Invalid or missing VIN | Invalid date in: timestamp | Out-of-range value in: battery_level, temperature, speed | Referential integrity violation",INVALID_VIN|INVALID_DATE|OUT_OF_RANGE|REFERENTIAL_INTEGRITY,2026-09-18T06:14:29.923892+00:00
EVT0036942,BMW00948,WBA00000000000948,2026-05-09 06:25:00,,81.68,30.62,28.13783,1.493329,telemetry,NULL_VALUE|OUT_OF_RANGE,Null values in: battery_level | Out-of-range value in: battery_level,NULL_VALUE|OUT_OF_RANGE,2026-09-18T06:14:29.923892+00:00
EVT0088235,BMW00957,INVALIDVIN,2026-11-03 08:50:00,86.59,117.97,12.12,24.08142,-41.895792,telemetry,INVALID_VIN,Invalid or missing VIN,INVALID_VIN,2026-09-18T06:14:29.923892+00:00
EVT0034993,,WBA00000000000129,2026-05-02 12:00:00,52.32,42.51,50.6,47.163895,40.625691,telemetry,NULL_VALUE|REFERENTIAL_INTEGRITY,Null values in: vehicle_id | Referential integrity violation,NULL_VALUE|REFERENTIAL_INTEGRITY,2026-09-18T06:14:29.923892+00:00
EVT0045949,BMW00182,WBA00000000000182,2026-06-09 13:00:00,96.27,104.26,9.45,37.527968,30.502276,telemetry,DUPLICATE_RECORD,Duplicate record detected,DUPLICATE_RECORD,2026-09-18T06:14:29.923892+00:00
EVT0028137,BMW00837,WBA00000000000837,2026-15-40 99:99:99,10.58,130.99,34.2,17.197471,-42.392045,telemetry,INVALID_DATE,Invalid date in: timestamp,INVALID_DATE,2026-09-18T06:14:29.923892+00:00
EVT0086218,BMW00660,INVALIDVIN,2026-10-27 08:45:00,12.42,113.17,10.45,53.293966,77.156886,telemetry,INVALID_VIN,Invalid or missing VIN,INVALID_VIN,2026-09-18T06:14:29.923892+00:00
EVT0067189,BMWX00199,WBA00000000000232,2026-08-22 07:00:00,84.62,99.53,24.16,30.978089,31.566531,telemetry,REFERENTIAL_INTEGRITY,Referential integrity violation,REFERENTIAL_INTEGRITY,2026-09-18T06:14:29.923892+00:00
EVT0054483,BMW00226,WBA00000000000226,2026-15-40 99:99:99,68.64,49.94,42.06,40.425438,130.693322,telemetry,INVALID_DATE,Invalid date in: timestamp,INVALID_DATE,2026-09-18T06:14:29.923892+00:00
EVT0040586,BMW00109,WBA00000000000109,2026-15-40 99:99:99,96.01,81.81,41.34,16.11433,61.480314,telemetry,INVALID_DATE,Invalid date in: timestamp,INVALID_DATE,2026-09-18T06:14:29.923892+00:00
EVT0022298,BMW00098,WBA00000000000098,2026-03-19 10:05:00,150.0,145.41,48.54,18.228664,-115.71296,telemetry,OUT_OF_RANGE,Out-of-range value in: battery_level,OUT_OF_RANGE,2026-09-18T06:14:29.923892+00:00
EVT0027808,BMW00559,WBA00000000000559,2026-04-07 13:15:00,32.68,9.04,-100.0,48.414034,41.024439,telemetry,OUT_OF_RANGE,Out-of-range value in: temperature,OUT_OF_RANGE,2026-09-18T06:14:29.923892+00:00
EVT0073909,BMW00517,WBA00000000000517,2026-09-14 15:00:00,68.99,145.16,42.04,49.357849,121.16589,telemetry,DUPLICATE_RECORD,Duplicate record detected,DUPLICATE_RECORD,2026-09-18T06:14:29.923892+00:00
EVT0058540,BMW00433,WBA00000000000433,2026-07-23 06:15:00,-25.0,87.24,51.01,39.494629,-106.24077,telemetry,OUT_OF_RANGE,Out-of-range value in: battery_level,OUT_OF_RANGE,2026-09-18T06:14:29.923892+00:00
EVT0038026,BMW00881,,2026-05-13 00:45:00,16.52,67.84,34.56,49.807016,110.567214,telemetry,NULL_VALUE|INVALID_VIN,Null values in: vin | Invalid or missing VIN,NULL_VALUE|INVALID_VIN,2026-09-18T06:14:29.923892+00:00
EVT0057216,BMW00050,WBA00000000000050,2026-15-40 99:99:99,21.87,152.2,8.74,13.141709,96.966259,telemetry,INVALID_DATE,Invalid date in: timestamp,INVALID_DATE,2026-09-18T06:14:29.923892+00:00
EVT0001128,BMW00883,WBA00000000000883,2026-01-04 21:55:00,82.76,32.07,,42.815591,-42.887232,telemetry,NULL_VALUE|OUT_OF_RANGE,Null values in: temperature | Out-of-range value in: temperature,NULL_VALUE|OUT_OF_RANGE,2026-09-18T06:14:29.923892+00:00
EVT0013522,,WBA00000000000985,2026-02-16 22:45:00,69.23,118.9,25.45,50.581469,105.785545,telemetry,NULL_VALUE|REFERENTIAL_INTEGRITY,Null values in: vehicle_id | Referential integrity violation,NULL_VALUE|REFERENTIAL_INTEGRITY,2026-09-18T06:14:29.923892+00:00
EVT0047559,,WBA00000000000876,2026-06-15 03:10:00,16.64,96.66,17.79,54.117167,86.318216,telemetry,NULL_VALUE|REFERENTIAL_INTEGRITY,Null values in: vehicle_id | Referential integrity violation,NULL_VALUE|REFERENTIAL_INTEGRITY,2026-09-18T06:14:29.923892+00:00
EVT0052590,BMW00482,,2026-07-02 14:25:00,77.71,48.84,11.72,54.574183,-85.433363,telemetry,NULL_VALUE|INVALID_VIN,Null values in: vin | Invalid or missing VIN,NULL_VALUE|INVALID_VIN,2026-09-18T06:14:29.923892+00:00
EVT0002570,BMW00525,WBA00000000000525,2026-01-09 22:05:00,-25.0,77.95,17.27,48.308451,-65.346905,telemetry,OUT_OF_RANGE,Out-of-range value in: battery_level,OUT_OF_RANGE,2026-09-18T06:14:29.923892+00:00
EVT0096771,BMW00199,WBA00000000000199,2026-15-40 99:99:99,18.03,15.1,44.04,31.164187,119.626098,telemetry,INVALID_DATE,Invalid date in: timestamp,INVALID_DATE,2026-09-18T06:14:29.923892+00:00
EVT0040408,BMWX00153,WBA00000000000633,2026-05-21 07:15:00,65.73,129.5,7.99,31.872631,-54.728545,telemetry,REFERENTIAL_INTEGRITY,Referential integrity violation,REFERENTIAL_INTEGRITY,2026-09-18T06:14:29.923892+00:00
EVT0088644,BMW00234,,2026-11-04 18:55:00,81.49,28.44,36.79,51.884464,21.075235,telemetry,NULL_VALUE|INVALID_VIN,Null values in: vin | Invalid or missing VIN,NULL_VALUE|INVALID_VIN,2026-09-18T06:14:29.923892+00:00
EVT0029131,BMW00449,WBA00000000000449,2026-04-12 03:30:00,52.49,134.45,-5.62,30.527798,-57.904659,telemetry,DUPLICATE_RECORD,Duplicate record detected,DUPLICATE_RECORD,2026-09-18T06:14:29.923892+00:00
EVT0035497,BMW00880,WBA00000000000880,2026-05-04 06:00:00,12.96,72.15,-6.24,49.718015,-7.740801,telemetry,DUPLICATE_RECORD,Duplicate record detected,DUPLICATE_RECORD,2026-09-18T06:14:29.923892+00:00
EVT0082381,BMWX00029,WBA00000000000708,2026-10-14 01:00:00,64.75,107.48,31.85,18.049666,-110.662399,telemetry,REFERENTIAL_INTEGRITY,Referential integrity violation,REFERENTIAL_INTEGRITY,2026-09-18T06:14:29.923892+00:00
EVT0001828,BMW00055,WBA00000000000055,2026-01-07 08:15:00,92.71,130.13,-100.0,32.093944,57.245454,telemetry,OUT_OF_RANGE,Out-of-range value in: temperature,OUT_OF_RANGE,2026-09-18T06:14:29.923892+00:00
EVT0016656,BMWX00102,WBA00000000000527,2026-02-27 19:55:00,51.01,11.35,23.47,15.289269,-18.980106,telemetry,REFERENTIAL_INTEGRITY,Referential integrity violation,REFERENTIAL_INTEGRITY,2026-09-18T06:14:29.923892+00:00
EVT0008656,BMWX00152,WBA00000000000862,2026-01-31 01:15:00,56.62,135.36,9.74,53.744165,117.732193,telemetry,REFERENTIAL_INTEGRITY,Referential integrity violation,REFERENTIAL_INTEGRITY,2026-09-18T06:14:29.923892+00:00
EVT0067591,BMW00010,WBA00000000000010,2026-08-23 16:30:00,150.0,98.74,0.89,49.148911,60.328164,telemetry,OUT_OF_RANGE,Out-of-range value in: battery_level,OUT_OF_RANGE,2026-09-18T06:14:29.923892+00:00
EVT0047158,BMWX00031,WBA00000000000424,2026-06-13 17:45:00,62.05,130.59,42.65,40.931516,125.712668,telemetry,REFERENTIAL_INTEGRITY,Referential integrity violation,REFERENTIAL_INTEGRITY,2026-09-18T06:14:29.923892+00:00
BAD00061,UNKNOWN,BADVIN,not-a-date,999.0,-50.0,999.0,999.0,999.0,telemetry,INVALID_VIN|INVALID_DATE|OUT_OF_RANGE|REFERENTIAL_INTEGRITY,"Invalid or missing VIN | Invalid date in: timestamp | Out-of-range value in: battery_level, temperature, speed | Referential integrity violation",INVALID_VIN|INVALID_DATE|OUT_OF_RANGE|REFERENTIAL_INTEGRITY,2026-09-18T06:14:29.923892+00:00
EVT0049369,BMW00126,WBA00000000000126,2026-06-21 10:00:00,29.13,158.17,24.9,22.995198,-105.165173,telemetry,DUPLICATE_RECORD,Duplicate record detected,DUPLICATE_RECORD,2026-09-18T06:14:29.923892+00:00
EVT0088637,BMW00723,WBA00000000000723,2026-11-04 18:20:00,31.43,2.46,41.71,18.289334,-31.890153,telemetry,DUPLICATE_RECORD,Duplicate record detected,DUPLICATE_RECORD,2026-09-18T06:14:29.923892+00:00
EVT0082829,BMW00379,WBA00000000000379,2026-10-15 14:20:00,98.55,29.13,,9.645746,-2.914793,telemetry,NULL_VALUE|OUT_OF_RANGE,Null values in: temperature | Out-of-range value in: temperature,NULL_VALUE|OUT_OF_RANGE,2026-09-18T06:14:29.923892+00:00
EVT0007213,BMW00237,WBA00000000000237,2026-01-26 01:00:00,82.2,41.37,200.0,45.792979,14.531639,telemetry,OUT_OF_RANGE,Out-of-range value in: temperature,OUT_OF_RANGE,2026-09-18T06:14:29.923892+00:00
EVT0086574,BMW00263,WBA00000000000263,2026-10-28 14:25:00,31.32,100.16,-80.0,44.645054,42.767946,telemetry,OUT_OF_RANGE,Out-of-range value in: temperature,OUT_OF_RANGE,2026-09-18T06:14:29.923892+00:00
EVT0067701,BMWX00115,WBA00000000000733,2026-08-24 01:40:00,94.75,128.53,8.17,41.333158,70.189405,telemetry,REFERENTIAL_INTEGRITY,Referential integrity violation,REFERENTIAL_INTEGRITY,2026-09-18T06:14:29.923892+00:00
EVT0019865,BMW00101,WBA00000000000101,2026-03-10 23:20:00,63.73,127.98,41.89,11.814774,73.099982,telemetry,DUPLICATE_RECORD,Duplicate record detected,DUPLICATE_RECORD,2026-09-18T06:14:29.923892+00:00
EVT0094103,BMW00303,,2026-11-23 17:50:00,86.11,117.3,-1.91,17.703369,-79.631593,telemetry,NULL_VALUE|INVALID_VIN,Null values in: vin | Invalid or missing VIN,NULL_VALUE|INVALID_VIN,2026-09-18T06:14:29.923892+00:00
EVT0088112,BMW00573,WBA00000000000573,2026-11-02 22:35:00,,151.68,6.4,22.14156,52.761778,telemetry,NULL_VALUE|OUT_OF_RANGE,Null values in: battery_level | Out-of-range value in: battery_level,NULL_VALUE|OUT_OF_RANGE,2026-09-18T06:14:29.923892+00:00
EVT0018928,BMW00246,WBA00000000000246,2026-03-07 17:15:00,180.0,122.62,26.92,11.382175,-100.650772,telemetry,OUT_OF_RANGE,Out-of-range value in: battery_level,OUT_OF_RANGE,2026-09-18T06:14:29.923892+00:00
EVT0004219,BMW00106,INVALIDVIN,2026-01-15 15:30:00,22.98,135.09,13.14,36.959238,-6.493736,telemetry,INVALID_VIN,Invalid or missing VIN,INVALID_VIN,2026-09-18T06:14:29.923892+00:00
EVT0095414,BMW00716,WBA00000000000716,2026-11-28 07:05:00,29.7,31.38,28.22,51.348786,89.599707,telemetry,DUPLICATE_RECORD,Duplicate record detected,DUPLICATE_RECORD,2026-09-18T06:14:29.923892+00:00
EVT0050480,,WBA00000000000748,2026-06-25 06:35:00,46.65,117.14,-8.99,38.966782,3.002477,telemetry,NULL_VALUE|REFERENTIAL_INTEGRITY,Null values in: vehicle_id | Referential integrity violation,NULL_VALUE|REFERENTIAL_INTEGRITY,2026-09-18T06:14:29.923892+00:00
EVT0046575,BMW00778,WBA00000000000778,2026-06-11 17:10:00,180.0,41.1,47.31,33.054532,101.852388,telemetry,OUT_OF_RANGE,Out-of-range value in: battery_level,OUT_OF_RANGE,2026-09-18T06:14:29.923892+00:00
EVT0087861,BMWX00181,WBA00000000000466,2026-11-02 01:40:00,56.9,81.87,-9.76,38.991912,-90.605508,telemetry,REFERENTIAL_INTEGRITY,Referential integrity violation,REFERENTIAL_INTEGRITY,2026-09-18T06:14:29.923892+00:00
EVT0084341,BMW00668,WBA00000000000668,2026-10-20 20:20:00,96.28,142.89,-6.22,15.052556,141.150513,telemetry,DUPLICATE_RECORD,Duplicate record detected,DUPLICATE_RECORD,2026-09-18T06:14:29.923892+00:00
EVT0083910,BMW00226,WBA00000000000226,2026-10-19 08:25:00,52.48,81.02,32.88,9.259231,-47.967277,telemetry,DUPLICATE_RECORD,Duplicate record detected,DUPLICATE_RECORD,2026-09-18T06:14:29.923892+00:00
EVT0048461,BMW00726,WBA00000000000726,2026-06-18 06:20:00,,119.0,14.67,9.896855,77.093653,telemetry,NULL_VALUE|OUT_OF_RANGE,Null values in: battery_level | Out-of-range value in: battery_level,NULL_VALUE|OUT_OF_RANGE,2026-09-18T06:14:29.923892+00:00
EVT0084956,BMW00677,,2026-10-22 23:35:00,11.28,61.06,53.73,51.392395,-38.982696,telemetry,NULL_VALUE|INVALID_VIN,Null values in: vin | Invalid or missing VIN,NULL_VALUE|INVALID_VIN,2026-09-18T06:14:29.923892+00:00
EVT0085339,BMW00269,,2026-10-24 07:30:00,22.11,46.57,-7.52,17.036144,136.431019,telemetry,NULL_VALUE|INVALID_VIN,Null values in: vin | Invalid or missing VIN,NULL_VALUE|INVALID_VIN,2026-09-18T06:14:29.923892+00:00
EVT0039526,BMW00760,WBA00000000000760,2026-05-18 05:45:00,84.94,132.35,54.82,54.933353,141.515718,telemetry,DUPLICATE_RECORD,Duplicate record detected,DUPLICATE_RECORD,2026-09-18T06:14:29.923892+00:00
EVT0031676,BMW00694,WBA00000000000694,2026-04-20 23:35:00,71.58,132.93,,36.608001,8.533685,telemetry,NULL_VALUE|OUT_OF_RANGE,Null values in: temperature | Out-of-range value in: temperature,NULL_VALUE|OUT_OF_RANGE,2026-09-18T06:14:29.923892+00:00
EVT0043502,BMW00537,WBA00000000000537,2026-15-40 99:99:99,34.24,122.73,46.99,33.485921,139.569037,telemetry,INVALID_DATE,Invalid date in: timestamp,INVALID_DATE,2026-09-18T06:14:29.923892+00:00
EVT0080319,BMW00723,,2026-10-06 21:10:00,91.49,81.76,54.76,48.672642,115.600035,telemetry,NULL_VALUE|INVALID_VIN,Null values in: vin | Invalid or missing VIN,NULL_VALUE|INVALID_VIN,2026-09-18T06:14:29.923892+00:00
EVT0030669,BMW00068,WBA00000000000068,2026-04-17 11:40:00,14.79,151.67,,20.65049,-9.733029,telemetry,NULL_VALUE|OUT_OF_RANGE,Null values in: temperature | Out-of-range value in: temperature,NULL_VALUE|OUT_OF_RANGE,2026-09-18T06:14:29.923892+00:00
EVT0050453,BMW00329,WBA00000000000329,2026-06-25 04:20:00,49.8,88.18,-8.47,18.307562,-114.325511,telemetry,DUPLICATE_RECORD,Duplicate record detected,DUPLICATE_RECORD,2026-09-18T06:14:29.923892+00:00
EVT0078854,BMWX00125,WBA00000000000773,2026-10-01 19:05:00,34.17,129.29,43.76,38.402495,-25.856199,telemetry,REFERENTIAL_INTEGRITY,Referential integrity violation,REFERENTIAL_INTEGRITY,2026-09-18T06:14:29.923892+00:00
EVT0034419,BMW00523,,2026-04-30 12:10:00,60.66,139.83,29.32,16.316851,-75.646295,telemetry,NULL_VALUE|INVALID_VIN,Null values in: vin | Invalid or missing VIN,NULL_VALUE|INVALID_VIN,2026-09-18T06:14:29.923892+00:00
EVT0092043,,WBA00000000000134,2026-11-16 14:10:00,66.99,132.94,39.84,12.824293,-110.638787,telemetry,NULL_VALUE|REFERENTIAL_INTEGRITY,Null values in: vehicle_id | Referential integrity violation,NULL_VALUE|REFERENTIAL_INTEGRITY,2026-09-18T06:14:29.923892+00:00
EVT0076669,,WBA00000000000177,2026-09-24 05:00:00,54.34,116.0,24.89,25.979514,-14.213164,telemetry,NULL_VALUE|REFERENTIAL_INTEGRITY,Null values in: vehicle_id | Referential integrity violation,NULL_VALUE|REFERENTIAL_INTEGRITY,2026-09-18T06:14:29.923892+00:00
EVT0081255,BMW00192,WBA00000000000192,2026-10-10 03:10:00,86.36,107.88,,12.784575,125.241972,telemetry,NULL_VALUE|OUT_OF_RANGE,Null values in: temperature | Out-of-range value in: temperature,NULL_VALUE|OUT_OF_RANGE,2026-09-18T06:14:29.923892+00:00
EVT0030979,,WBA00000000000704,2026-04-18 13:30:00,84.73,8.33,17.69,37.621984,-37.090076,telemetry,NULL_VALUE|REFERENTIAL_INTEGRITY,Null values in: vehicle_id | Referential integrity violation,NULL_VALUE|REFERENTIAL_INTEGRITY,2026-09-18T06:14:29.923892+00:00
EVT0059559,BMW00461,WBA00000000000461,2026-07-26 19:10:00,31.99,144.68,-80.0,41.523757,73.417933,telemetry,OUT_OF_RANGE,Out-of-range value in: temperature,OUT_OF_RANGE,2026-09-18T06:14:29.923892+00:00
BAD00081,UNKNOWN,BADVIN,not-a-date,999.0,-50.0,999.0,999.0,999.0,telemetry,INVALID_VIN|INVALID_DATE|OUT_OF_RANGE|REFERENTIAL_INTEGRITY,"Invalid or missing VIN | Invalid date in: timestamp | Out-of-range value in: battery_level, temperature, speed | Referential integrity violation",INVALID_VIN|INVALID_DATE|OUT_OF_RANGE|REFERENTIAL_INTEGRITY,2026-09-18T06:14:29.923892+00:00
EVT0084993,BMW00981,WBA00000000000981,2026-10-23 02:40:00,35.94,129.33,43.23,45.813067,22.893615,telemetry,DUPLICATE_RECORD,Duplicate record detected,DUPLICATE_RECORD,2026-09-18T06:14:29.923892+00:00
EVT0037987,,WBA00000000000526,2026-05-12 21:30:00,45.25,79.36,-4.49,52.04805,143.972244,telemetry,NULL_VALUE|REFERENTIAL_INTEGRITY,Null values in: vehicle_id | Referential integrity violation,NULL_VALUE|REFERENTIAL_INTEGRITY,2026-09-18T06:14:29.923892+00:00
EVT0082560,,WBA00000000000541,2026-10-14 15:55:00,15.31,0.85,15.77,40.713614,-96.807518,telemetry,NULL_VALUE|REFERENTIAL_INTEGRITY,Null values in: vehicle_id | Referential integrity violation,NULL_VALUE|REFERENTIAL_INTEGRITY,2026-09-18T06:14:29.923892+00:00
EVT0017578,BMW00435,WBA00000000000435,2026-03-03 00:45:00,65.34,115.68,-100.0,27.953529,144.892402,telemetry,OUT_OF_RANGE,Out-of-range value in: temperature,OUT_OF_RANGE,2026-09-18T06:14:29.923892+00:00
EVT0003317,BMW00680,WBA00000000000680,2026-01-12 12:20:00,,30.94,25.88,52.210541,-87.904645,telemetry,NULL_VALUE|OUT_OF_RANGE,Null values in: battery_level | Out-of-range value in: battery_level,NULL_VALUE|OUT_OF_RANGE,2026-09-18T06:14:29.923892+00:00
EVT0087244,BMW00850,WBA00000000000850,2026-10-30 22:15:00,-25.0,60.0,42.96,30.946735,-54.991551,telemetry,OUT_OF_RANGE,Out-of-range value in: battery_level,OUT_OF_RANGE,2026-09-18T06:14:29.923892+00:00
EVT0048418,BMW00976,,2026-06-18 02:45:00,30.61,131.91,4.88,53.919593,67.16866,telemetry,NULL_VALUE|INVALID_VIN,Null values in: vin | Invalid or missing VIN,NULL_VALUE|INVALID_VIN,2026-09-18T06:14:29.923892+00:00
EVT0058051,BMW00356,WBA00000000000356,2026-07-21 13:30:00,,132.52,51.23,14.052282,96.51915,telemetry,NULL_VALUE|OUT_OF_RANGE,Null values in: battery_level | Out-of-range value in: battery_level,NULL_VALUE|OUT_OF_RANGE,2026-09-18T06:14:29.923892+00:00
EVT0083353,BMW00567,INVALIDVIN,2026-10-17 10:00:00,35.92,140.35,-0.89,47.998831,74.300161,telemetry,INVALID_VIN,Invalid or missing VIN,INVALID_VIN,2026-09-18T06:14:29.923892+00:00
EVT0035505,,WBA00000000000137,2026-05-04 06:40:00,35.21,78.8,-5.89,13.161198,16.141372,telemetry,NULL_VALUE|REFERENTIAL_INTEGRITY,Null values in: vehicle_id | Referential integrity violation,NULL_VALUE|REFERENTIAL_INTEGRITY,2026-09-18T06:14:29.923892+00:00
EVT0046316,BMW00428,,2026-06-10 19:35:00,35.01,22.88,-0.73,48.692058,105.207201,telemetry,NULL_VALUE|INVALID_VIN,Null values in: vin | Invalid or missing VIN,NULL_VALUE|INVALID_VIN,2026-09-18T06:14:29.923892+00:00
EVT0007668,BMW00470,WBA00000000000470,2026-01-27 14:55:00,,78.55,25.47,43.314679,-118.526835,telemetry,NULL_VALUE|OUT_OF_RANGE,Null values in: battery_level | Out-of-range value in: battery_level,NULL_VALUE|OUT_OF_RANGE,2026-09-18T06:14:29.923892+00:00
EVT0098823,,WBA00000000000588,2026-12-10 03:10:00,90.99,87.12,-8.4,31.019737,58.096155,telemetry,NULL_VALUE|REFERENTIAL_INTEGRITY,Null values in: vehicle_id | Referential integrity violation,NULL_VALUE|REFERENTIAL_INTEGRITY,2026-09-18T06:14:29.923892+00:00
EVT0028908,BMWX00025,WBA00000000000849,2026-04-11 08:55:00,12.14,19.3,38.65,34.980902,-79.214516,telemetry,REFERENTIAL_INTEGRITY,Referential integrity violation,REFERENTIAL_INTEGRITY,2026-09-18T06:14:29.923892+00:00
EVT0037675,,WBA00000000000533,2026-05-11 19:30:00,50.1,61.43,51.66,19.764452,1.76302,telemetry,NULL_VALUE|REFERENTIAL_INTEGRITY,Null values in: vehicle_id | Referential integrity violation,NULL_VALUE|REFERENTIAL_INTEGRITY,2026-09-18T06:14:29.923892+00:00
EVT0059392,BMW00020,,2026-07-26 05:15:00,56.06,52.29,36.25,25.367837,-26.275343,telemetry,NULL_VALUE|INVALID_VIN,Null values in: vin | Invalid or missing VIN,NULL_VALUE|INVALID_VIN,2026-09-18T06:14:29.923892+00:00
EVT0075177,BMW00009,WBA00000000000009,2026-09-19 00:40:00,35.5,148.64,-80.0,14.738111,0.704878,telemetry,OUT_OF_RANGE,Out-of-range value in: temperature,OUT_OF_RANGE,2026-09-18T06:14:29.923892+00:00
EVT0073662,BMW00501,WBA00000000000501,2026-09-13 18:25:00,39.47,27.14,8.09,35.860386,-118.333272,telemetry,DUPLICATE_RECORD,Duplicate record detected,DUPLICATE_RECORD,2026-09-18T06:14:29.923892+00:00
EVT0038559,BMW00176,WBA00000000000176,2026-05-14 21:10:00,72.83,147.82,,38.337307,-12.043572,telemetry,NULL_VALUE|OUT_OF_RANGE,Null values in: temperature | Out-of-range value in: temperature,NULL_VALUE|OUT_OF_RANGE,2026-09-18T06:14:29.923892+00:00
EVT0078995,BMWX00106,WBA00000000000522,2026-10-02 06:50:00,65.36,117.39,39.21,41.973905,20.177428,telemetry,REFERENTIAL_INTEGRITY,Referential integrity violation,REFERENTIAL_INTEGRITY,2026-09-18T06:14:29.923892+00:00
EVT0099837,BMW00798,WBA00000000000798,2026-12-13 15:40:00,68.41,54.32,19.3,25.398187,135.288353,telemetry,DUPLICATE_RECORD,Duplicate record detected,DUPLICATE_RECORD,2026-09-18T06:14:29.923892+00:00
EVT0035796,BMW00973,WBA00000000000973,2026-05-05 06:55:00,77.63,121.32,22.03,25.105826,-105.960883,telemetry,DUPLICATE_RECORD,Duplicate record detected,DUPLICATE_RECORD,2026-09-18T06:14:29.923892+00:00
EVT0072742,BMW00924,,2026-09-10 13:45:00,44.55,35.58,24.25,25.092158,-100.485707,telemetry,NULL_VALUE|INVALID_VIN,Null values in: vin | Invalid or missing VIN,NULL_VALUE|INVALID_VIN,2026-09-18T06:14:29.923892+00:00
EVT0090984,BMW00330,,2026-11-12 21:55:00,16.46,88.21,-6.86,27.10949,-49.898939,telemetry,NULL_VALUE|INVALID_VIN,Null values in: vin | Invalid or missing VIN,NULL_VALUE|INVALID_VIN,2026-09-18T06:14:29.923892+00:00
EVT0089410,BMW00805,INVALIDVIN,2026-11-07 10:45:00,56.85,98.91,13.11,33.260953,-39.155236,telemetry,INVALID_VIN,Invalid or missing VIN,INVALID_VIN,2026-09-18T06:14:29.923892+00:00
EVT0076059,,WBA00000000000191,2026-09-22 02:10:00,26.81,117.99,49.67,50.873379,124.319854,telemetry,NULL_VALUE|REFERENTIAL_INTEGRITY,Null values in: vehicle_id | Referential integrity violation,NULL_VALUE|REFERENTIAL_INTEGRITY,2026-09-18T06:14:29.923892+00:00
EVT0094405,BMW00717,WBA00000000000717,2026-11-24 19:00:00,55.5,130.89,12.32,53.77222,23.096945,telemetry,DUPLICATE_RECORD,Duplicate record detected,DUPLICATE_RECORD,2026-09-18T06:14:29.923892+00:00
EVT0088063,BMW00523,WBA00000000000523,2026-11-02 18:30:00,180.0,91.54,35.7,21.534995,77.504028,telemetry,OUT_OF_RANGE,Out-of-range value in: battery_level,OUT_OF_RANGE,2026-09-18T06:14:29.923892+00:00
EVT0030525,BMW00400,WBA00000000000400,2026-04-16 23:40:00,54.57,75.79,-100.0,36.356842,92.505321,telemetry,OUT_OF_RANGE,Out-of-range value in: temperature,OUT_OF_RANGE,2026-09-18T06:14:29.923892+00:00
EVT0011045,BMW00277,INVALIDVIN,2026-02-08 08:20:00,95.62,21.77,48.12,37.781378,26.286278,telemetry,INVALID_VIN,Invalid or missing VIN,INVALID_VIN,2026-09-18T06:14:29.923892+00:00
EVT0043500,BMW00233,WBA00000000000233,2026-15-40 99:99:99,67.21,135.67,18.16,20.516195,29.102031,telemetry,INVALID_DATE,Invalid date in: timestamp,INVALID_DATE,2026-09-18T06:14:29.923892+00:00
EVT0099282,BMW00020,WBA00000000000020,2026-15-40 99:99:99,43.32,19.82,10.33,13.007646,-90.239124,telemetry,INVALID_DATE,Invalid date in: timestamp,INVALID_DATE,2026-09-18T06:14:29.923892+00:00
EVT0047519,BMW00321,WBA00000000000321,2026-06-14 23:50:00,70.54,54.41,-80.0,50.096899,9.259963,telemetry,OUT_OF_RANGE,Out-of-range value in: temperature,OUT_OF_RANGE,2026-09-18T06:14:29.923892+00:00
EVT0052818,,WBA00000000000244,2026-07-03 09:25:00,29.95,63.19,15.9,12.361583,-5.275147,telemetry,NULL_VALUE|REFERENTIAL_INTEGRITY,Null values in: vehicle_id | Referential integrity violation,NULL_VALUE|REFERENTIAL_INTEGRITY,2026-09-18T06:14:29.923892+00:00
EVT0013062,BMW00337,WBA00000000000337,2026-15-40 99:99:99,45.01,61.06,22.11,20.658485,-84.258562,telemetry,INVALID_DATE,Invalid date in: timestamp,INVALID_DATE,2026-09-18T06:14:29.923892+00:00
EVT0095298,BMW00157,WBA00000000000157,2026-11-27 21:25:00,,60.51,-0.2,29.880662,58.8941,telemetry,NULL_VALUE|OUT_OF_RANGE,Null values in: battery_level | Out-of-range value in: battery_level,NULL_VALUE|OUT_OF_RANGE,2026-09-18T06:14:29.923892+00:00
EVT0005224,BMW00613,WBA00000000000613,2026-01-19 03:15:00,75.11,24.38,44.34,17.194874,103.575905,telemetry,DUPLICATE_RECORD,Duplicate record detected,DUPLICATE_RECORD,2026-09-18T06:14:29.923892+00:00
BAD00018,UNKNOWN,BADVIN,not-a-date,999.0,-50.0,999.0,999.0,999.0,telemetry,INVALID_VIN|INVALID_DATE|OUT_OF_RANGE|REFERENTIAL_INTEGRITY,"Invalid or missing VIN | Invalid date in: timestamp | Out-of-range value in: battery_level, temperature, speed | Referential integrity violation",INVALID_VIN|INVALID_DATE|OUT_OF_RANGE|REFERENTIAL_INTEGRITY,2026-09-18T06:14:29.923892+00:00
EVT0050075,BMW00100,WBA00000000000100,2026-06-23 20:50:00,72.47,75.29,28.35,21.668389,-98.581919,telemetry,DUPLICATE_RECORD,Duplicate record detected,DUPLICATE_RECORD,2026-09-18T06:14:29.923892+00:00
EVT0097866,BMW00055,WBA00000000000055,2026-12-06 19:25:00,88.2,101.29,26.42,9.379374,139.985524,telemetry,DUPLICATE_RECORD,Duplicate record detected,DUPLICATE_RECORD,2026-09-18T06:14:29.923892+00:00
EVT0079023,BMW00444,WBA00000000000444,2026-10-02 09:10:00,22.61,21.03,23.29,41.291302,-19.503156,telemetry,DUPLICATE_RECORD,Duplicate record detected,DUPLICATE_RECORD,2026-09-18T06:14:29.923892+00:00
EVT0056338,BMW00088,WBA00000000000088,2026-07-15 14:45:00,68.69,25.14,6.67,50.77378,95.700678,telemetry,DUPLICATE_RECORD,Duplicate record detected,DUPLICATE_RECORD,2026-09-18T06:14:29.923892+00:00
EVT0034591,BMW00200,WBA00000000000200,2026-05-01 02:30:00,44.13,12.49,36.34,20.102607,-81.419314,telemetry,DUPLICATE_RECORD,Duplicate record detected,DUPLICATE_RECORD,2026-09-18T06:14:29.923892+00:00
EVT0056375,BMW00223,,2026-07-15 17:50:00,89.7,153.34,44.49,21.635831,-76.212206,telemetry,NULL_VALUE|INVALID_VIN,Null values in: vin | Invalid or missing VIN,NULL_VALUE|INVALID_VIN,2026-09-18T06:14:29.923892+00:00
EVT0051082,BMW00148,WBA00000000000148,2026-06-27 08:45:00,84.02,71.16,,23.656823,-56.017544,telemetry,NULL_VALUE|OUT_OF_RANGE,Null values in: temperature | Out-of-range value in: temperature,NULL_VALUE|OUT_OF_RANGE,2026-09-18T06:14:29.923892+00:00
EVT0079841,BMW00808,INVALIDVIN,2026-10-05 05:20:00,84.94,152.29,-8.4,10.007466,3.363013,telemetry,INVALID_VIN,Invalid or missing VIN,INVALID_VIN,2026-09-18T06:14:29.923892+00:00
EVT0037427,BMWX00056,WBA00000000000033,2026-05-10 22:50:00,91.2,45.61,15.81,20.541105,79.327745,telemetry,REFERENTIAL_INTEGRITY,Referential integrity violation,REFERENTIAL_INTEGRITY,2026-09-18T06:14:29.923892+00:00
EVT0039901,BMW00866,WBA00000000000866,2026-05-19 13:00:00,69.11,69.57,-100.0,54.610412,94.690706,telemetry,OUT_OF_RANGE,Out-of-range value in: temperature,OUT_OF_RANGE,2026-09-18T06:14:29.923892+00:00
EVT0029254,,WBA00000000000331,2026-04-12 13:45:00,84.88,21.37,-4.55,31.133129,-99.038399,telemetry,NULL_VALUE|REFERENTIAL_INTEGRITY,Null values in: vehicle_id | Referential integrity violation,NULL_VALUE|REFERENTIAL_INTEGRITY,2026-09-18T06:14:29.923892+00:00
EVT0087895,BMW00342,WBA00000000000342,2026-11-02 04:30:00,74.22,76.19,14.34,44.205247,54.824852,telemetry,DUPLICATE_RECORD,Duplicate record detected,DUPLICATE_RECORD,2026-09-18T06:14:29.923892+00:00
EVT0073692,BMW00029,WBA00000000000029,2026-09-13 20:55:00,59.35,155.51,50.04,28.015062,-82.906197,telemetry,DUPLICATE_RECORD,Duplicate record detected,DUPLICATE_RECORD,2026-09-18T06:14:29.923892+00:00
EVT0039489,BMW00598,,2026-05-18 02:40:00,66.71,74.68,9.87,46.900299,100.828198,telemetry,NULL_VALUE|INVALID_VIN,Null values in: vin | Invalid or missing VIN,NULL_VALUE|INVALID_VIN,2026-09-18T06:14:29.923892+00:00
EVT0019781,BMW00593,,2026-03-10 16:20:00,74.49,17.01,8.66,38.899849,-56.869413,telemetry,NULL_VALUE|INVALID_VIN,Null values in: vin | Invalid or missing VIN,NULL_VALUE|INVALID_VIN,2026-09-18T06:14:29.923892+00:00
EVT0002833,BMWX00108,WBA00000000000405,2026-01-10 20:00:00,15.13,149.67,21.32,18.349374,-112.333581,telemetry,REFERENTIAL_INTEGRITY,Referential integrity violation,REFERENTIAL_INTEGRITY,2026-09-18T06:14:29.923892+00:00
EVT0021935,BMW00121,WBA00000000000121,2026-03-18 03:50:00,11.57,84.41,-4.8,18.166172,75.953349,telemetry,DUPLICATE_RECORD,Duplicate record detected,DUPLICATE_RECORD,2026-09-18T06:14:29.923892+00:00
EVT0058999,BMW00531,WBA00000000000531,2026-07-24 20:30:00,42.76,60.35,53.61,45.757117,60.225826,telemetry,DUPLICATE_RECORD,Duplicate record detected,DUPLICATE_RECORD,2026-09-18T06:14:29.923892+00:00
EVT0046964,BMW00609,WBA00000000000609,2026-06-13 01:35:00,,126.42,-8.03,46.641469,98.166983,telemetry,NULL_VALUE|OUT_OF_RANGE,Null values in: battery_level | Out-of-range value in: battery_level,NULL_VALUE|OUT_OF_RANGE,2026-09-18T06:14:29.923892+00:00
EVT0008846,BMW00421,,2026-01-31 17:05:00,50.82,4.34,9.76,47.072243,-14.81683,telemetry,NULL_VALUE|INVALID_VIN,Null values in: vin | Invalid or missing VIN,NULL_VALUE|INVALID_VIN,2026-09-18T06:14:29.923892+00:00
EVT0095682,BMW00944,,2026-11-29 05:25:00,20.89,53.32,44.66,21.699526,58.726809,telemetry,NULL_VALUE|INVALID_VIN,Null values in: vin | Invalid or missing VIN,NULL_VALUE|INVALID_VIN,2026-09-18T06:14:29.923892+00:00
EVT0022993,BMW00608,WBA00000000000608,2026-03-21 20:00:00,38.83,69.92,31.92,20.948987,92.214323,telemetry,DUPLICATE_RECORD,Duplicate record detected,DUPLICATE_RECORD,2026-09-18T06:14:29.923892+00:00
EVT0033267,BMW00400,WBA00000000000400,2026-04-26 12:10:00,,51.21,8.88,9.469429,87.05643,telemetry,NULL_VALUE|OUT_OF_RANGE,Null values in: battery_level | Out-of-range value in: battery_level,NULL_VALUE|OUT_OF_RANGE,2026-09-18T06:14:29.923892+00:00
EVT0010147,BMW00215,WBA00000000000215,2026-15-40 99:99:99,32.89,112.07,49.39,10.677312,-4.585211,telemetry,INVALID_DATE,Invalid date in: timestamp,INVALID_DATE,2026-09-18T06:14:29.923892+00:00
EVT0067092,BMWX00159,WBA00000000000967,2026-08-21 22:55:00,93.53,54.03,54.08,45.700412,-17.23237,telemetry,REFERENTIAL_INTEGRITY,Referential integrity violation,REFERENTIAL_INTEGRITY,2026-09-18T06:14:29.923892+00:00
EVT0005332,BMW00734,,2026-01-19 12:15:00,22.87,134.96,14.28,23.688492,147.798169,telemetry,NULL_VALUE|INVALID_VIN,Null values in: vin | Invalid or missing VIN,NULL_VALUE|INVALID_VIN,2026-09-18T06:14:29.923892+00:00
EVT0037630,BMW00850,WBA00000000000850,2026-05-11 15:45:00,36.32,116.27,17.01,44.986072,-39.299145,telemetry,DUPLICATE_RECORD,Duplicate record detected,DUPLICATE_RECORD,2026-09-18T06:14:29.923892+00:00
EVT0025716,BMW00308,,2026-03-31 06:55:00,82.58,149.89,46.4,12.138949,-103.173148,telemetry,NULL_VALUE|INVALID_VIN,Null values in: vin | Invalid or missing VIN,NULL_VALUE|INVALID_VIN,2026-09-18T06:14:29.923892+00:00
EVT0009424,BMW00788,WBA00000000000788,2026-02-02 17:15:00,60.59,8.92,39.7,34.742753,41.148618,telemetry,DUPLICATE_RECORD,Duplicate record detected,DUPLICATE_RECORD,2026-09-18T06:14:29.923892+00:00
EVT0064663,BMW00344,,2026-08-13 12:30:00,16.9,135.86,23.99,43.667771,24.42142,telemetry,NULL_VALUE|INVALID_VIN,Null values in: vin | Invalid or missing VIN,NULL_VALUE|INVALID_VIN,2026-09-18T06:14:29.923892+00:00
EVT0054806,BMW00156,,2026-07-10 07:05:00,59.53,114.95,47.07,47.628825,80.363496,telemetry,NULL_VALUE|INVALID_VIN,Null values in: vin | Invalid or missing VIN,NULL_VALUE|INVALID_VIN,2026-09-18T06:14:29.923892+00:00
EVT0028143,BMW00598,,2026-04-08 17:10:00,22.31,73.4,43.18,17.244906,84.011342,telemetry,NULL_VALUE|INVALID_VIN,Null values in: vin | Invalid or missing VIN,NULL_VALUE|INVALID_VIN,2026-09-18T06:14:29.923892+00:00
EVT0068264,BMW00579,WBA00000000000579,2026-08-26 00:35:00,-10.0,26.12,51.48,23.911462,-45.217168,telemetry,OUT_OF_RANGE,Out-of-range value in: battery_level,OUT_OF_RANGE,2026-09-18T06:14:29.923892+00:00
EVT0070278,BMWX00098,WBA00000000000710,2026-09-02 00:25:00,19.53,100.37,51.11,46.373824,94.496717,telemetry,REFERENTIAL_INTEGRITY,Referential integrity violation,REFERENTIAL_INTEGRITY,2026-09-18T06:14:29.923892+00:00
EVT0076352,,WBA00000000000869,2026-09-23 02:35:00,98.97,118.17,6.78,14.860912,70.55567,telemetry,NULL_VALUE|REFERENTIAL_INTEGRITY,Null values in: vehicle_id | Referential integrity violation,NULL_VALUE|REFERENTIAL_INTEGRITY,2026-09-18T06:14:29.923892+00:00
EVT0009419,,WBA00000000000355,2026-02-02 16:50:00,47.56,156.63,1.36,37.832479,-110.577381,telemetry,NULL_VALUE|REFERENTIAL_INTEGRITY,Null values in: vehicle_id | Referential integrity violation,NULL_VALUE|REFERENTIAL_INTEGRITY,2026-09-18T06:14:29.923892+00:00
EVT0044935,BMW00367,WBA00000000000367,2026-06-06 00:30:00,73.25,156.04,,41.516535,57.962771,telemetry,NULL_VALUE|OUT_OF_RANGE,Null values in: temperature | Out-of-range value in: temperature,NULL_VALUE|OUT_OF_RANGE,2026-09-18T06:14:29.923892+00:00
EVT0071936,BMW00868,WBA00000000000868,2026-09-07 18:35:00,,74.27,53.77,27.162396,40.83107,telemetry,NULL_VALUE|OUT_OF_RANGE,Null values in: battery_level | Out-of-range value in: battery_level,NULL_VALUE|OUT_OF_RANGE,2026-09-18T06:14:29.923892+00:00
EVT0000227,BMW00312,WBA00000000000312,2026-01-01 18:50:00,59.53,152.44,47.13,39.829948,-111.108672,telemetry,DUPLICATE_RECORD,Duplicate record detected,DUPLICATE_RECORD,2026-09-18T06:14:29.923892+00:00
EVT0068425,BMW00803,WBA00000000000803,2026-08-26 14:00:00,33.72,105.46,36.3,16.451709,37.103155,telemetry,DUPLICATE_RECORD,Duplicate record detected,DUPLICATE_RECORD,2026-09-18T06:14:29.923892+00:00
EVT0041929,,WBA00000000000463,2026-05-26 14:00:00,92.55,116.83,9.97,11.993836,-58.238823,telemetry,NULL_VALUE|DUPLICATE_RECORD|REFERENTIAL_INTEGRITY,Null values in: vehicle_id | Duplicate record detected | Referential integrity violation,NULL_VALUE|DUPLICATE_RECORD|REFERENTIAL_INTEGRITY,2026-09-18T06:14:29.923892+00:00
EVT0089799,BMW00227,WBA00000000000227,2026-11-08 19:10:00,33.63,58.16,6.92,10.372245,-64.774272,telemetry,DUPLICATE_RECORD,Duplicate record detected,DUPLICATE_RECORD,2026-09-18T06:14:29.923892+00:00
EVT0091799,BMW00951,INVALIDVIN,2026-11-15 17:50:00,86.92,100.01,13.99,29.279934,112.425434,telemetry,INVALID_VIN,Invalid or missing VIN,INVALID_VIN,2026-09-18T06:14:29.923892+00:00
EVT0013579,BMW00183,WBA00000000000183,2026-02-17 03:30:00,150.0,58.17,46.23,43.368558,109.536099,telemetry,OUT_OF_RANGE,Out-of-range value in: battery_level,OUT_OF_RANGE,2026-09-18T06:14:29.923892+00:00
EVT0038783,BMW00814,,2026-05-15 15:50:00,73.54,86.59,47.66,19.83559,-92.47328,telemetry,NULL_VALUE|INVALID_VIN,Null values in: vin | Invalid or missing VIN,NULL_VALUE|INVALID_VIN,2026-09-18T06:14:29.923892+00:00
EVT0047551,,WBA00000000000152,2026-06-15 02:30:00,63.6,4.84,51.9,20.631935,-21.188176,telemetry,NULL_VALUE|REFERENTIAL_INTEGRITY,Null values in: vehicle_id | Referential integrity violation,NULL_VALUE|REFERENTIAL_INTEGRITY,2026-09-18T06:14:29.923892+00:00
EVT0065483,BMW00970,,2026-08-16 08:50:00,97.53,108.84,23.32,42.140423,115.502587,telemetry,NULL_VALUE|INVALID_VIN,Null values in: vin | Invalid or missing VIN,NULL_VALUE|INVALID_VIN,2026-09-18T06:14:29.923892+00:00
EVT0025919,BMW00877,WBA00000000000877,2026-03-31 23:50:00,,20.21,32.36,34.990754,126.464865,telemetry,NULL_VALUE|OUT_OF_RANGE,Null values in: battery_level | Out-of-range value in: battery_level,NULL_VALUE|OUT_OF_RANGE,2026-09-18T06:14:29.923892+00:00
EVT0086412,BMW00775,WBA00000000000775,2026-10-28 00:55:00,82.64,158.58,20.43,32.425756,-16.781434,telemetry,DUPLICATE_RECORD,Duplicate record detected,DUPLICATE_RECORD,2026-09-18T06:14:29.923892+00:00
EVT0058245,BMW00331,WBA00000000000331,2026-07-22 05:40:00,90.64,126.09,33.36,11.973924,6.610368,telemetry,DUPLICATE_RECORD,Duplicate record detected,DUPLICATE_RECORD,2026-09-18T06:14:29.923892+00:00
EVT0015587,BMW00864,WBA00000000000864,2026-15-40 99:99:99,70.99,72.2,40.91,9.715128,70.642589,telemetry,INVALID_DATE,Invalid date in: timestamp,INVALID_DATE,2026-09-18T06:14:29.923892+00:00
EVT0053842,BMW00183,WBA00000000000183,2026-07-06 22:45:00,56.8,48.46,50.12,14.534838,30.784991,telemetry,DUPLICATE_RECORD,Duplicate record detected,DUPLICATE_RECORD,2026-09-18T06:14:29.923892+00:00
EVT0076812,BMW00912,WBA00000000000912,2026-09-24 16:55:00,180.0,90.7,-1.59,42.766326,-72.575142,telemetry,OUT_OF_RANGE,Out-of-range value in: battery_level,OUT_OF_RANGE,2026-09-18T06:14:29.923892+00:00
EVT0060272,BMW00378,WBA00000000000378,2026-07-29 06:35:00,,117.55,36.3,22.756066,119.775073,telemetry,NULL_VALUE|OUT_OF_RANGE,Null values in: battery_level | Out-of-range value in: battery_level,NULL_VALUE|OUT_OF_RANGE,2026-09-18T06:14:29.923892+00:00
EVT0081996,BMW00162,WBA00000000000162,2026-10-12 16:55:00,65.09,125.73,16.72,21.910122,-10.580639,telemetry,DUPLICATE_RECORD,Duplicate record detected,DUPLICATE_RECORD,2026-09-18T06:14:29.923892+00:00
EVT0037065,BMW00336,WBA00000000000336,2026-05-09 16:40:00,180.0,29.71,42.91,35.169745,-32.420601,telemetry,OUT_OF_RANGE,Out-of-range value in: battery_level,OUT_OF_RANGE,2026-09-18T06:14:29.923892+00:00
EVT0044324,BMW00696,WBA00000000000696,2026-06-03 21:35:00,35.18,82.75,-3.44,36.875731,-111.218855,telemetry,DUPLICATE_RECORD,Duplicate record detected,DUPLICATE_RECORD,2026-09-18T06:14:29.923892+00:00
EVT0041488,BMW00726,WBA00000000000726,2026-05-25 01:15:00,77.85,81.64,14.94,12.440312,-68.904175,telemetry,DUPLICATE_RECORD,Duplicate record detected,DUPLICATE_RECORD,2026-09-18T06:14:29.923892+00:00
EVT0032015,BMW00278,WBA00000000000278,2026-04-22 03:50:00,,71.69,-1.04,27.075974,91.036359,telemetry,NULL_VALUE|OUT_OF_RANGE,Null values in: battery_level | Out-of-range value in: battery_level,NULL_VALUE|OUT_OF_RANGE,2026-09-18T06:14:29.923892+00:00
EVT0000559,BMW00528,WBA00000000000528,2026-01-02 22:30:00,-10.0,62.24,-9.87,38.965448,67.728803,telemetry,OUT_OF_RANGE,Out-of-range value in: battery_level,OUT_OF_RANGE,2026-09-18T06:14:29.923892+00:00
EVT0058171,BMW00687,WBA00000000000687,2026-07-21 23:30:00,17.6,7.85,40.26,29.621472,126.640445,telemetry,DUPLICATE_RECORD,Duplicate record detected,DUPLICATE_RECORD,2026-09-18T06:14:29.923892+00:00
EVT0085724,BMW00570,,2026-10-25 15:35:00,11.59,0.31,38.8,23.875936,94.502653,telemetry,NULL_VALUE|INVALID_VIN,Null values in: vin | Invalid or missing VIN,NULL_VALUE|INVALID_VIN,2026-09-18T06:14:29.923892+00:00
EVT0008969,BMW00997,,2026-02-01 03:20:00,67.91,42.49,37.11,9.846882,-102.987352,telemetry,NULL_VALUE|INVALID_VIN,Null values in: vin | Invalid or missing VIN,NULL_VALUE|INVALID_VIN,2026-09-18T06:14:29.923892+00:00
EVT0052405,BMWX00148,WBA00000000000646,2026-07-01 23:00:00,40.63,83.19,41.65,52.458063,39.341139,telemetry,REFERENTIAL_INTEGRITY,Referential integrity violation,REFERENTIAL_INTEGRITY,2026-09-18T06:14:29.923892+00:00
EVT0079114,BMW00948,WBA00000000000948,2026-15-40 99:99:99,19.95,6.18,29.95,9.116549,-103.771788,telemetry,INVALID_DATE,Invalid date in: timestamp,INVALID_DATE,2026-09-18T06:14:29.923892+00:00
EVT0035524,BMW00115,INVALIDVIN,2026-05-04 08:15:00,82.29,69.89,2.48,19.230634,128.146755,telemetry,INVALID_VIN,Invalid or missing VIN,INVALID_VIN,2026-09-18T06:14:29.923892+00:00
EVT0095453,BMW00912,INVALIDVIN,2026-11-28 10:20:00,40.79,14.81,53.37,23.615341,-94.280048,telemetry,INVALID_VIN,Invalid or missing VIN,INVALID_VIN,2026-09-18T06:14:29.923892+00:00
EVT0080294,BMW00942,WBA00000000000942,2026-10-06 19:05:00,54.83,20.1,150.0,39.048139,59.732238,telemetry,OUT_OF_RANGE,Out-of-range value in: temperature,OUT_OF_RANGE,2026-09-18T06:14:29.923892+00:00
EVT0034808,BMW00209,WBA00000000000209,2026-05-01 20:35:00,88.11,158.52,27.12,22.478743,-36.554478,telemetry,DUPLICATE_RECORD,Duplicate record detected,DUPLICATE_RECORD,2026-09-18T06:14:29.923892+00:00
EVT0094584,BMW00206,,2026-11-25 09:55:00,90.43,111.27,-4.29,49.25886,-78.584642,telemetry,NULL_VALUE|INVALID_VIN,Null values in: vin | Invalid or missing VIN,NULL_VALUE|INVALID_VIN,2026-09-18T06:14:29.923892+00:00
EVT0063588,BMW00026,WBA00000000000026,2026-08-09 18:55:00,63.82,109.34,10.23,54.963039,-103.665146,telemetry,DUPLICATE_RECORD,Duplicate record detected,DUPLICATE_RECORD,2026-09-18T06:14:29.923892+00:00
EVT0058988,BMW00528,,2026-07-24 19:35:00,55.03,26.17,33.7,12.526914,-15.689126,telemetry,NULL_VALUE|INVALID_VIN,Null values in: vin | Invalid or missing VIN,NULL_VALUE|INVALID_VIN,2026-09-18T06:14:29.923892+00:00
EVT0019786,,WBA00000000000764,2026-03-10 16:45:00,38.32,95.51,41.79,23.608677,15.534337,telemetry,NULL_VALUE|REFERENTIAL_INTEGRITY,Null values in: vehicle_id | Referential integrity violation,NULL_VALUE|REFERENTIAL_INTEGRITY,2026-09-18T06:14:29.923892+00:00
EVT0029776,BMW00686,WBA00000000000686,2026-04-14 09:15:00,51.32,93.07,-0.76,20.074227,55.370811,telemetry,DUPLICATE_RECORD,Duplicate record detected,DUPLICATE_RECORD,2026-09-18T06:14:29.923892+00:00
EVT0034571,BMW00505,WBA00000000000505,2026-05-01 00:50:00,77.89,157.81,51.07,27.941359,124.525953,telemetry,DUPLICATE_RECORD,Duplicate record detected,DUPLICATE_RECORD,2026-09-18T06:14:29.923892+00:00
EVT0055273,BMW00495,WBA00000000000495,2026-15-40 99:99:99,81.98,6.38,15.04,15.020039,-82.493702,telemetry,INVALID_DATE,Invalid date in: timestamp,INVALID_DATE,2026-09-18T06:14:29.923892+00:00
EVT0033846,BMW00914,WBA00000000000914,2026-04-28 12:25:00,,109.37,41.15,19.832834,13.78986,telemetry,NULL_VALUE|OUT_OF_RANGE,Null values in: battery_level | Out-of-range value in: battery_level,NULL_VALUE|OUT_OF_RANGE,2026-09-18T06:14:29.923892+00:00
EVT0062221,BMWX00167,WBA00000000000810,2026-08-05 01:00:00,60.97,11.02,48.3,17.269496,23.520221,telemetry,REFERENTIAL_INTEGRITY,Referential integrity violation,REFERENTIAL_INTEGRITY,2026-09-18T06:14:29.923892+00:00
EVT0051570,BMW00301,WBA00000000000301,2026-06-29 01:25:00,,34.04,45.82,19.519749,-82.877409,telemetry,NULL_VALUE|OUT_OF_RANGE,Null values in: battery_level | Out-of-range value in: battery_level,NULL_VALUE|OUT_OF_RANGE,2026-09-18T06:14:29.923892+00:00
EVT0070957,BMW00207,,2026-09-04 09:00:00,34.28,26.92,30.04,14.504118,-6.332693,telemetry,NULL_VALUE|INVALID_VIN,Null values in: vin | Invalid or missing VIN,NULL_VALUE|INVALID_VIN,2026-09-18T06:14:29.923892+00:00
EVT0061271,BMW00464,WBA00000000000464,2026-08-01 17:50:00,37.36,84.28,-100.0,27.294765,25.253731,telemetry,OUT_OF_RANGE,Out-of-range value in: temperature,OUT_OF_RANGE,2026-09-18T06:14:29.923892+00:00
EVT0012470,BMW00764,WBA00000000000764,2026-02-13 07:05:00,23.63,67.33,12.84,12.043996,-64.272472,telemetry,DUPLICATE_RECORD,Duplicate record detected,DUPLICATE_RECORD,2026-09-18T06:14:29.923892+00:00
EVT0056323,BMW00071,WBA00000000000071,2026-07-15 13:30:00,83.82,101.24,,17.364034,23.999195,telemetry,NULL_VALUE|OUT_OF_RANGE,Null values in: temperature | Out-of-range value in: temperature,NULL_VALUE|OUT_OF_RANGE,2026-09-18T06:14:29.923892+00:00
EVT0019114,BMW00359,WBA00000000000359,2026-03-08 08:45:00,39.6,51.47,53.73,36.633137,-51.381919,telemetry,DUPLICATE_RECORD,Duplicate record detected,DUPLICATE_RECORD,2026-09-18T06:14:29.923892+00:00
EVT0052939,BMW00156,WBA00000000000156,2026-07-03 19:30:00,63.46,40.38,200.0,45.646501,-14.368665,telemetry,OUT_OF_RANGE,Out-of-range value in: temperature,OUT_OF_RANGE,2026-09-18T06:14:29.923892+00:00
EVT0035445,BMWX00005,WBA00000000000788,2026-05-04 01:40:00,65.16,117.93,23.15,38.943939,136.516624,telemetry,REFERENTIAL_INTEGRITY,Referential integrity violation,REFERENTIAL_INTEGRITY,2026-09-18T06:14:29.923892+00:00
EVT0035068,BMW00270,WBA00000000000270,2026-05-02 18:15:00,54.48,122.76,46.48,45.939016,-52.530502,telemetry,DUPLICATE_RECORD,Duplicate record detected,DUPLICATE_RECORD,2026-09-18T06:14:29.923892+00:00
EVT0080829,BMW00327,WBA00000000000327,2026-10-08 15:40:00,32.84,134.52,-2.83,23.358251,123.29498,telemetry,DUPLICATE_RECORD,Duplicate record detected,DUPLICATE_RECORD,2026-09-18T06:14:29.923892+00:00
EVT0000150,BMW00546,WBA00000000000546,2026-01-01 12:25:00,29.9,143.3,2.42,52.642742,-38.067306,telemetry,DUPLICATE_RECORD,Duplicate record detected,DUPLICATE_RECORD,2026-09-18T06:14:29.923892+00:00
EVT0001522,BMW00080,WBA00000000000080,2026-15-40 99:99:99,57.49,91.19,39.66,24.587968,101.870041,telemetry,INVALID_DATE,Invalid date in: timestamp,INVALID_DATE,2026-09-18T06:14:29.923892+00:00
EVT0025891,,WBA00000000000925,2026-03-31 21:30:00,48.78,52.7,8.53,29.899727,116.624089,telemetry,NULL_VALUE|REFERENTIAL_INTEGRITY,Null values in: vehicle_id | Referential integrity violation,NULL_VALUE|REFERENTIAL_INTEGRITY,2026-09-18T06:14:29.923892+00:00
EVT0028675,BMW00136,WBA00000000000136,2026-04-10 13:30:00,68.3,26.09,46.75,18.858492,-20.863092,telemetry,DUPLICATE_RECORD,Duplicate record detected,DUPLICATE_RECORD,2026-09-18T06:14:29.923892+00:00
EVT0099652,BMW00574,WBA00000000000574,2026-15-40 99:99:99,67.57,43.24,2.87,41.073329,-76.269102,telemetry,INVALID_DATE,Invalid date in: timestamp,INVALID_DATE,2026-09-18T06:14:29.923892+00:00
BAD00089,UNKNOWN,BADVIN,not-a-date,999.0,-50.0,999.0,999.0,999.0,telemetry,INVALID_VIN|INVALID_DATE|OUT_OF_RANGE|REFERENTIAL_INTEGRITY,"Invalid or missing VIN | Invalid date in: timestamp | Out-of-range value in: battery_level, temperature, speed | Referential integrity violation",INVALID_VIN|INVALID_DATE|OUT_OF_RANGE|REFERENTIAL_INTEGRITY,2026-09-18T06:14:29.923892+00:00
EVT0089859,BMW00135,WBA00000000000135,2026-11-09 00:10:00,97.48,129.59,-80.0,18.681689,-96.845779,telemetry,OUT_OF_RANGE,Out-of-range value in: temperature,OUT_OF_RANGE,2026-09-18T06:14:29.923892+00:00
EVT0031243,BMW00804,INVALIDVIN,2026-04-19 11:30:00,95.14,150.54,36.41,23.527072,-119.825625,telemetry,INVALID_VIN,Invalid or missing VIN,INVALID_VIN,2026-09-18T06:14:29.923892+00:00
EVT0098636,BMW00735,,2026-12-09 11:35:00,23.42,127.72,3.09,9.996345,46.993779,telemetry,NULL_VALUE|INVALID_VIN,Null values in: vin | Invalid or missing VIN,NULL_VALUE|INVALID_VIN,2026-09-18T06:14:29.923892+00:00
EVT0062615,BMW00796,WBA00000000000796,2026-08-06 09:50:00,69.18,63.14,17.58,17.697806,-65.391163,telemetry,DUPLICATE_RECORD,Duplicate record detected,DUPLICATE_RECORD,2026-09-18T06:14:29.923892+00:00
EVT0052096,BMW00558,INVALIDVIN,2026-06-30 21:15:00,52.29,87.78,-0.07,31.871317,113.229467,telemetry,INVALID_VIN,Invalid or missing VIN,INVALID_VIN,2026-09-18T06:14:29.923892+00:00
EVT0051924,BMW00168,WBA00000000000168,2026-06-30 06:55:00,74.67,58.77,200.0,47.800175,89.759806,telemetry,OUT_OF_RANGE,Out-of-range value in: temperature,OUT_OF_RANGE,2026-09-18T06:14:29.923892+00:00
EVT0030866,,WBA00000000000084,2026-04-18 04:05:00,50.61,45.97,10.54,13.351599,46.14934,telemetry,NULL_VALUE|REFERENTIAL_INTEGRITY,Null values in: vehicle_id | Referential integrity violation,NULL_VALUE|REFERENTIAL_INTEGRITY,2026-09-18T06:14:29.923892+00:00
EVT0057688,BMW00243,WBA00000000000243,2026-07-20 07:15:00,25.19,22.4,54.69,23.825784,-68.059854,telemetry,DUPLICATE_RECORD,Duplicate record detected,DUPLICATE_RECORD,2026-09-18T06:14:29.923892+00:00
EVT0045241,BMW00228,WBA00000000000228,2026-06-07 02:00:00,50.21,137.31,,46.254838,-6.906673,telemetry,NULL_VALUE|OUT_OF_RANGE,Null values in: temperature | Out-of-range value in: temperature,NULL_VALUE|OUT_OF_RANGE,2026-09-18T06:14:29.923892+00:00
EVT0073653,BMW00262,WBA00000000000262,2026-09-13 17:40:00,-25.0,72.0,44.39,46.496341,97.238179,telemetry,OUT_OF_RANGE,Out-of-range value in: battery_level,OUT_OF_RANGE,2026-09-18T06:14:29.923892+00:00
EVT0024415,,WBA00000000000452,2026-03-26 18:30:00,80.16,28.5,22.46,46.73913,25.090448,telemetry,NULL_VALUE|REFERENTIAL_INTEGRITY,Null values in: vehicle_id | Referential integrity violation,NULL_VALUE|REFERENTIAL_INTEGRITY,2026-09-18T06:14:29.923892+00:00
BAD00027,UNKNOWN,BADVIN,not-a-date,999.0,-50.0,999.0,999.0,999.0,telemetry,INVALID_VIN|INVALID_DATE|OUT_OF_RANGE|REFERENTIAL_INTEGRITY,"Invalid or missing VIN | Invalid date in: timestamp | Out-of-range value in: battery_level, temperature, speed | Referential integrity violation",INVALID_VIN|INVALID_DATE|OUT_OF_RANGE|REFERENTIAL_INTEGRITY,2026-09-18T06:14:29.923892+00:00
EVT0056146,BMW00125,WBA00000000000125,2026-07-14 22:45:00,18.97,55.63,24.14,53.326329,-79.53065,telemetry,DUPLICATE_RECORD,Duplicate record detected,DUPLICATE_RECORD,2026-09-18T06:14:29.923892+00:00
EVT0091127,BMW00645,WBA00000000000645,2026-15-40 99:99:99,49.18,70.9,33.59,54.086959,62.612934,telemetry,INVALID_DATE,Invalid date in: timestamp,INVALID_DATE,2026-09-18T06:14:29.923892+00:00
EVT0087836,BMW00638,WBA00000000000638,2026-11-01 23:35:00,80.05,100.45,-100.0,29.325476,-90.308886,telemetry,OUT_OF_RANGE,Out-of-range value in: temperature,OUT_OF_RANGE,2026-09-18T06:14:29.923892+00:00
EVT0006046,BMW00430,WBA00000000000430,2026-15-40 99:99:99,35.85,74.21,9.39,40.656699,-111.544366,telemetry,INVALID_DATE,Invalid date in: timestamp,INVALID_DATE,2026-09-18T06:14:29.923892+00:00
BAD00017,UNKNOWN,BADVIN,not-a-date,999.0,-50.0,999.0,999.0,999.0,telemetry,INVALID_VIN|INVALID_DATE|OUT_OF_RANGE|REFERENTIAL_INTEGRITY,"Invalid or missing VIN | Invalid date in: timestamp | Out-of-range value in: battery_level, temperature, speed | Referential integrity violation",INVALID_VIN|INVALID_DATE|OUT_OF_RANGE|REFERENTIAL_INTEGRITY,2026-09-18T06:14:29.923892+00:00
EVT0014667,,WBA00000000000955,2026-02-20 22:10:00,46.22,4.12,50.82,16.080041,60.623606,telemetry,NULL_VALUE|REFERENTIAL_INTEGRITY,Null values in: vehicle_id | Referential integrity violation,NULL_VALUE|REFERENTIAL_INTEGRITY,2026-09-18T06:14:29.923892+00:00
EVT0092272,BMW00396,WBA00000000000396,2026-11-17 09:15:00,99.55,131.97,30.55,30.370687,-72.320788,telemetry,DUPLICATE_RECORD,Duplicate record detected,DUPLICATE_RECORD,2026-09-18T06:14:29.923892+00:00
EVT0082646,BMWX00119,WBA00000000000544,2026-10-14 23:05:00,64.71,38.21,34.99,33.734791,132.169372,telemetry,REFERENTIAL_INTEGRITY,Referential integrity violation,REFERENTIAL_INTEGRITY,2026-09-18T06:14:29.923892+00:00
EVT0041891,BMW00772,WBA00000000000772,2026-05-26 10:50:00,96.73,110.64,,26.756373,-34.164852,telemetry,NULL_VALUE|OUT_OF_RANGE,Null values in: temperature | Out-of-range value in: temperature,NULL_VALUE|OUT_OF_RANGE,2026-09-18T06:14:29.923892+00:00
EVT0011133,,WBA00000000000037,2026-02-08 15:40:00,19.82,149.78,19.74,18.335997,95.744215,telemetry,NULL_VALUE|REFERENTIAL_INTEGRITY,Null values in: vehicle_id | Referential integrity violation,NULL_VALUE|REFERENTIAL_INTEGRITY,2026-09-18T06:14:29.923892+00:00
EVT0009814,BMW00960,WBA00000000000960,2026-02-04 01:45:00,99.24,113.38,-100.0,11.653041,46.339935,telemetry,OUT_OF_RANGE,Out-of-range value in: temperature,OUT_OF_RANGE,2026-09-18T06:14:29.923892+00:00
EVT0035173,BMWX00013,WBA00000000000791,2026-05-03 03:00:00,95.12,144.85,30.9,49.22192,117.555291,telemetry,REFERENTIAL_INTEGRITY,Referential integrity violation,REFERENTIAL_INTEGRITY,2026-09-18T06:14:29.923892+00:00
EVT0061232,BMW00554,INVALIDVIN,2026-08-01 14:35:00,67.2,122.2,9.26,31.958567,41.479763,telemetry,INVALID_VIN,Invalid or missing VIN,INVALID_VIN,2026-09-18T06:14:29.923892+00:00
EVT0052616,BMW00753,WBA00000000000753,2026-07-02 16:35:00,13.24,0.74,-100.0,40.262288,-51.966857,telemetry,OUT_OF_RANGE,Out-of-range value in: temperature,OUT_OF_RANGE,2026-09-18T06:14:29.923892+00:00
BAD00019,UNKNOWN,BADVIN,not-a-date,999.0,-50.0,999.0,999.0,999.0,telemetry,INVALID_VIN|INVALID_DATE|OUT_OF_RANGE|REFERENTIAL_INTEGRITY,"Invalid or missing VIN | Invalid date in: timestamp | Out-of-range value in: battery_level, temperature, speed | Referential integrity violation",INVALID_VIN|INVALID_DATE|OUT_OF_RANGE|REFERENTIAL_INTEGRITY,2026-09-18T06:14:29.923892+00:00
EVT0029631,BMW00383,WBA00000000000383,2026-04-13 21:10:00,61.32,105.18,,54.053368,-59.846801,telemetry,NULL_VALUE|OUT_OF_RANGE,Null values in: temperature | Out-of-range value in: temperature,NULL_VALUE|OUT_OF_RANGE,2026-09-18T06:14:29.923892+00:00
EVT0029764,BMW00487,WBA00000000000487,2026-04-14 08:15:00,94.55,104.22,200.0,30.953459,-51.723524,telemetry,OUT_OF_RANGE,Out-of-range value in: temperature,OUT_OF_RANGE,2026-09-18T06:14:29.923892+00:00
EVT0088145,,WBA00000000000607,2026-11-03 01:20:00,27.26,63.06,2.68,29.476797,18.895115,telemetry,NULL_VALUE|REFERENTIAL_INTEGRITY,Null values in: vehicle_id | Referential integrity violation,NULL_VALUE|REFERENTIAL_INTEGRITY,2026-09-18T06:14:29.923892+00:00
EVT0011439,BMWX00033,WBA00000000000791,2026-02-09 17:10:00,25.42,73.07,42.12,53.222275,-32.057111,telemetry,REFERENTIAL_INTEGRITY,Referential integrity violation,REFERENTIAL_INTEGRITY,2026-09-18T06:14:29.923892+00:00
EVT0029446,BMW00241,WBA00000000000241,2026-04-13 05:45:00,27.91,112.59,,26.924689,-94.163397,telemetry,NULL_VALUE|OUT_OF_RANGE,Null values in: temperature | Out-of-range value in: temperature,NULL_VALUE|OUT_OF_RANGE,2026-09-18T06:14:29.923892+00:00
EVT0090756,BMW00001,WBA00000000000001,2026-11-12 02:55:00,69.97,85.9,150.0,21.738603,-0.497872,telemetry,OUT_OF_RANGE,Out-of-range value in: temperature,OUT_OF_RANGE,2026-09-18T06:14:29.923892+00:00
EVT0028408,BMW00655,,2026-04-09 15:15:00,32.85,79.77,30.22,30.92515,-115.275614,telemetry,NULL_VALUE|INVALID_VIN,Null values in: vin | Invalid or missing VIN,NULL_VALUE|INVALID_VIN,2026-09-18T06:14:29.923892+00:00
EVT0062865,BMW00753,WBA00000000000753,2026-08-07 06:40:00,65.16,71.15,25.0,23.860125,36.126136,telemetry,DUPLICATE_RECORD,Duplicate record detected,DUPLICATE_RECORD,2026-09-18T06:14:29.923892+00:00
BAD00010,UNKNOWN,BADVIN,not-a-date,999.0,-50.0,999.0,999.0,999.0,telemetry,INVALID_VIN|INVALID_DATE|OUT_OF_RANGE|REFERENTIAL_INTEGRITY,"Invalid or missing VIN | Invalid date in: timestamp | Out-of-range value in: battery_level, temperature, speed | Referential integrity violation",INVALID_VIN|INVALID_DATE|OUT_OF_RANGE|REFERENTIAL_INTEGRITY,2026-09-18T06:14:29.923892+00:00
EVT0099090,BMW00219,WBA00000000000219,2026-12-11 01:25:00,90.11,52.25,15.49,44.379528,-70.272271,telemetry,DUPLICATE_RECORD,Duplicate record detected,DUPLICATE_RECORD,2026-09-18T06:14:29.923892+00:00
EVT0049158,BMW00745,WBA00000000000745,2026-06-20 16:25:00,25.8,109.21,,29.75672,58.896922,telemetry,NULL_VALUE|OUT_OF_RANGE,Null values in: temperature | Out-of-range value in: temperature,NULL_VALUE|OUT_OF_RANGE,2026-09-18T06:14:29.923892+00:00
EVT0081784,BMW00037,WBA00000000000037,2026-10-11 23:15:00,,119.3,-1.79,43.574691,-101.047159,telemetry,NULL_VALUE|OUT_OF_RANGE,Null values in: battery_level | Out-of-range value in: battery_level,NULL_VALUE|OUT_OF_RANGE,2026-09-18T06:14:29.923892+00:00
EVT0065178,BMW00679,,2026-08-15 07:25:00,26.73,14.05,51.48,54.431705,41.083537,telemetry,NULL_VALUE|INVALID_VIN,Null values in: vin | Invalid or missing VIN,NULL_VALUE|INVALID_VIN,2026-09-18T06:14:29.923892+00:00
EVT0030061,BMW00734,WBA00000000000734,2026-04-15 09:00:00,-25.0,115.09,45.88,9.861195,-18.478749,telemetry,OUT_OF_RANGE,Out-of-range value in: battery_level,OUT_OF_RANGE,2026-09-18T06:14:29.923892+00:00
EVT0086200,BMW00914,WBA00000000000914,2026-15-40 99:99:99,13.33,116.9,5.99,33.287679,63.366692,telemetry,INVALID_DATE,Invalid date in: timestamp,INVALID_DATE,2026-09-18T06:14:29.923892+00:00
EVT0000410,BMW00710,WBA00000000000710,2026-15-40 99:99:99,90.99,113.03,51.19,31.556275,-69.711358,telemetry,INVALID_DATE,Invalid date in: timestamp,INVALID_DATE,2026-09-18T06:14:29.923892+00:00
EVT0079426,BMW00736,INVALIDVIN,2026-10-03 18:45:00,67.47,90.51,22.73,33.798687,-25.814161,telemetry,INVALID_VIN,Invalid or missing VIN,INVALID_VIN,2026-09-18T06:14:29.923892+00:00
EVT0012765,,WBA00000000000802,2026-02-14 07:40:00,84.42,7.48,49.34,20.047943,107.424175,telemetry,NULL_VALUE|REFERENTIAL_INTEGRITY,Null values in: vehicle_id | Referential integrity violation,NULL_VALUE|REFERENTIAL_INTEGRITY,2026-09-18T06:14:29.923892+00:00
EVT0091321,BMW00374,,2026-11-14 02:00:00,41.99,38.1,53.31,28.496365,21.542627,telemetry,NULL_VALUE|INVALID_VIN,Null values in: vin | Invalid or missing VIN,NULL_VALUE|INVALID_VIN,2026-09-18T06:14:29.923892+00:00
EVT0041201,,WBA00000000000994,2026-05-24 01:20:00,79.42,117.3,4.37,46.209493,0.557246,telemetry,NULL_VALUE|REFERENTIAL_INTEGRITY,Null values in: vehicle_id | Referential integrity violation,NULL_VALUE|REFERENTIAL_INTEGRITY,2026-09-18T06:14:29.923892+00:00
EVT0008476,BMW00597,WBA00000000000597,2026-15-40 99:99:99,19.04,101.67,24.04,30.172811,-30.125652,telemetry,INVALID_DATE,Invalid date in: timestamp,INVALID_DATE,2026-09-18T06:14:29.923892+00:00
EVT0036275,BMW00231,WBA00000000000231,2026-05-06 22:50:00,-10.0,135.75,31.91,43.700029,-101.766724,telemetry,OUT_OF_RANGE,Out-of-range value in: battery_level,OUT_OF_RANGE,2026-09-18T06:14:29.923892+00:00
EVT0087026,BMW00542,WBA00000000000542,2026-10-30 04:05:00,46.46,60.99,200.0,49.27822,118.952815,telemetry,OUT_OF_RANGE,Out-of-range value in: temperature,OUT_OF_RANGE,2026-09-18T06:14:29.923892+00:00
EVT0013456,,WBA00000000000776,2026-02-16 17:15:00,50.04,74.06,30.52,51.8932,-63.716414,telemetry,NULL_VALUE|REFERENTIAL_INTEGRITY,Null values in: vehicle_id | Referential integrity violation,NULL_VALUE|REFERENTIAL_INTEGRITY,2026-09-18T06:14:29.923892+00:00
EVT0021723,BMW00856,INVALIDVIN,2026-03-17 10:10:00,91.93,53.09,29.61,13.973861,41.806829,telemetry,INVALID_VIN,Invalid or missing VIN,INVALID_VIN,2026-09-18T06:14:29.923892+00:00
BAD00037,UNKNOWN,BADVIN,not-a-date,999.0,-50.0,999.0,999.0,999.0,telemetry,INVALID_VIN|INVALID_DATE|OUT_OF_RANGE|REFERENTIAL_INTEGRITY,"Invalid or missing VIN | Invalid date in: timestamp | Out-of-range value in: battery_level, temperature, speed | Referential integrity violation",INVALID_VIN|INVALID_DATE|OUT_OF_RANGE|REFERENTIAL_INTEGRITY,2026-09-18T06:14:29.923892+00:00
EVT0035038,BMW00715,WBA00000000000715,2026-05-02 15:45:00,95.7,76.89,,51.212196,-114.436439,telemetry,NULL_VALUE|OUT_OF_RANGE,Null values in: temperature | Out-of-range value in: temperature,NULL_VALUE|OUT_OF_RANGE,2026-09-18T06:14:29.923892+00:00
EVT0032142,BMW00763,WBA00000000000763,2026-04-22 14:25:00,96.38,21.92,38.12,27.912999,-88.888388,telemetry,DUPLICATE_RECORD,Duplicate record detected,DUPLICATE_RECORD,2026-09-18T06:14:29.923892+00:00
EVT0071587,BMW00139,,2026-09-06 13:30:00,17.6,58.25,3.77,49.171323,-70.704624,telemetry,NULL_VALUE|INVALID_VIN,Null values in: vin | Invalid or missing VIN,NULL_VALUE|INVALID_VIN,2026-09-18T06:14:29.923892+00:00
EVT0075407,BMW00381,,2026-09-19 19:50:00,53.72,60.88,0.67,36.375128,-109.84631,telemetry,NULL_VALUE|INVALID_VIN,Null values in: vin | Invalid or missing VIN,NULL_VALUE|INVALID_VIN,2026-09-18T06:14:29.923892+00:00
EVT0041943,BMW00653,WBA00000000000653,2026-05-26 15:10:00,24.3,22.22,,29.975064,-37.322207,telemetry,NULL_VALUE|OUT_OF_RANGE,Null values in: temperature | Out-of-range value in: temperature,NULL_VALUE|OUT_OF_RANGE,2026-09-18T06:14:29.923892+00:00
EVT0066294,BMW00497,WBA00000000000497,2026-08-19 04:25:00,82.74,46.0,47.53,25.190741,-45.04081,telemetry,DUPLICATE_RECORD,Duplicate record detected,DUPLICATE_RECORD,2026-09-18T06:14:29.923892+00:00
EVT0019135,BMW00667,,2026-03-08 10:30:00,98.24,151.89,26.27,33.76772,-13.786969,telemetry,NULL_VALUE|INVALID_VIN,Null values in: vin | Invalid or missing VIN,NULL_VALUE|INVALID_VIN,2026-09-18T06:14:29.923892+00:00
EVT0011373,BMW00971,WBA00000000000971,2026-02-09 11:40:00,16.72,75.65,53.19,21.193026,108.637777,telemetry,DUPLICATE_RECORD,Duplicate record detected,DUPLICATE_RECORD,2026-09-18T06:14:29.923892+00:00
EVT0029492,BMWX00117,WBA00000000000319,2026-04-13 09:35:00,56.51,53.99,-6.05,44.057287,-30.908974,telemetry,REFERENTIAL_INTEGRITY,Referential integrity violation,REFERENTIAL_INTEGRITY,2026-09-18T06:14:29.923892+00:00
EVT0044539,BMWX00018,WBA00000000000557,2026-06-04 15:30:00,23.85,80.44,4.44,39.716875,-80.440284,telemetry,REFERENTIAL_INTEGRITY,Referential integrity violation,REFERENTIAL_INTEGRITY,2026-09-18T06:14:29.923892+00:00
EVT0095663,BMW00690,,2026-11-29 03:50:00,49.47,105.91,14.01,46.757284,16.37748,telemetry,NULL_VALUE|INVALID_VIN,Null values in: vin | Invalid or missing VIN,NULL_VALUE|INVALID_VIN,2026-09-18T06:14:29.923892+00:00
EVT0010491,BMW00697,,2026-02-06 10:10:00,33.89,89.33,37.25,49.495639,79.904136,telemetry,NULL_VALUE|INVALID_VIN,Null values in: vin | Invalid or missing VIN,NULL_VALUE|INVALID_VIN,2026-09-18T06:14:29.923892+00:00
EVT0010874,,WBA00000000000215,2026-02-07 18:05:00,71.84,100.09,47.33,25.423714,63.894698,telemetry,NULL_VALUE|REFERENTIAL_INTEGRITY,Null values in: vehicle_id | Referential integrity violation,NULL_VALUE|REFERENTIAL_INTEGRITY,2026-09-18T06:14:29.923892+00:00
EVT0055586,BMW00715,INVALIDVIN,2026-07-13 00:05:00,61.18,143.41,-4.29,44.173085,114.023566,telemetry,INVALID_VIN,Invalid or missing VIN,INVALID_VIN,2026-09-18T06:14:29.923892+00:00
EVT0004294,BMW00919,WBA00000000000919,2026-01-15 21:45:00,18.46,62.14,48.68,53.138906,78.102264,telemetry,DUPLICATE_RECORD,Duplicate record detected,DUPLICATE_RECORD,2026-09-18T06:14:29.923892+00:00
EVT0086024,BMW00038,WBA00000000000038,2026-10-26 16:35:00,28.2,156.6,,54.294852,-40.481748,telemetry,NULL_VALUE|OUT_OF_RANGE,Null values in: temperature | Out-of-range value in: temperature,NULL_VALUE|OUT_OF_RANGE,2026-09-18T06:14:29.923892+00:00
EVT0076922,BMW00196,WBA00000000000196,2026-09-25 02:05:00,,157.02,-1.01,22.792979,129.846001,telemetry,NULL_VALUE|OUT_OF_RANGE,Null values in: battery_level | Out-of-range value in: battery_level,NULL_VALUE|OUT_OF_RANGE,2026-09-18T06:14:29.923892+00:00
EVT0067011,BMW00306,WBA00000000000306,2026-08-21 16:10:00,-25.0,54.91,53.57,47.637156,120.131578,telemetry,OUT_OF_RANGE,Out-of-range value in: battery_level,OUT_OF_RANGE,2026-09-18T06:14:29.923892+00:00
EVT0084415,,WBA00000000000181,2026-10-21 02:30:00,31.79,55.47,8.88,39.254518,22.443247,telemetry,NULL_VALUE|REFERENTIAL_INTEGRITY,Null values in: vehicle_id | Referential integrity violation,NULL_VALUE|REFERENTIAL_INTEGRITY,2026-09-18T06:14:29.923892+00:00
BAD00085,UNKNOWN,BADVIN,not-a-date,999.0,-50.0,999.0,999.0,999.0,telemetry,INVALID_VIN|INVALID_DATE|OUT_OF_RANGE|REFERENTIAL_INTEGRITY,"Invalid or missing VIN | Invalid date in: timestamp | Out-of-range value in: battery_level, temperature, speed | Referential integrity violation",INVALID_VIN|INVALID_DATE|OUT_OF_RANGE|REFERENTIAL_INTEGRITY,2026-09-18T06:14:29.923892+00:00
BAD00035,UNKNOWN,BADVIN,not-a-date,999.0,-50.0,999.0,999.0,999.0,telemetry,INVALID_VIN|INVALID_DATE|OUT_OF_RANGE|REFERENTIAL_INTEGRITY,"Invalid or missing VIN | Invalid date in: timestamp | Out-of-range value in: battery_level, temperature, speed | Referential integrity violation",INVALID_VIN|INVALID_DATE|OUT_OF_RANGE|REFERENTIAL_INTEGRITY,2026-09-18T06:14:29.923892+00:00
BAD00057,UNKNOWN,BADVIN,not-a-date,999.0,-50.0,999.0,999.0,999.0,telemetry,INVALID_VIN|INVALID_DATE|OUT_OF_RANGE|REFERENTIAL_INTEGRITY,"Invalid or missing VIN | Invalid date in: timestamp | Out-of-range value in: battery_level, temperature, speed | Referential integrity violation",INVALID_VIN|INVALID_DATE|OUT_OF_RANGE|REFERENTIAL_INTEGRITY,2026-09-18T06:14:29.923892+00:00
EVT0085718,,WBA00000000000836,2026-10-25 15:05:00,15.59,59.21,7.54,21.684053,2.044693,telemetry,NULL_VALUE|REFERENTIAL_INTEGRITY,Null values in: vehicle_id | Referential integrity violation,NULL_VALUE|REFERENTIAL_INTEGRITY,2026-09-18T06:14:29.923892+00:00
EVT0065352,BMW00540,WBA00000000000540,2026-08-15 21:55:00,63.19,98.55,28.83,30.79751,87.098297,telemetry,DUPLICATE_RECORD,Duplicate record detected,DUPLICATE_RECORD,2026-09-18T06:14:29.923892+00:00
EVT0018588,BMW00176,WBA00000000000176,2026-03-06 12:55:00,-10.0,148.68,38.65,18.73622,-43.783206,telemetry,OUT_OF_RANGE,Out-of-range value in: battery_level,OUT_OF_RANGE,2026-09-18T06:14:29.923892+00:00
EVT0014904,BMW00995,INVALIDVIN,2026-02-21 17:55:00,71.06,12.91,-1.89,19.499584,20.349108,telemetry,INVALID_VIN,Invalid or missing VIN,INVALID_VIN,2026-09-18T06:14:29.923892+00:00
EVT0060744,BMW00487,WBA00000000000487,2026-07-30 21:55:00,13.66,24.34,45.45,17.785725,19.536471,telemetry,DUPLICATE_RECORD,Duplicate record detected,DUPLICATE_RECORD,2026-09-18T06:14:29.923892+00:00
EVT0011545,,WBA00000000000322,2026-02-10 02:00:00,96.97,42.26,-5.86,22.144632,122.327129,telemetry,NULL_VALUE|REFERENTIAL_INTEGRITY,Null values in: vehicle_id | Referential integrity violation,NULL_VALUE|REFERENTIAL_INTEGRITY,2026-09-18T06:14:29.923892+00:00
EVT0064563,BMW00919,WBA00000000000919,2026-08-13 04:10:00,77.83,39.54,,46.441075,60.976219,telemetry,NULL_VALUE|OUT_OF_RANGE,Null values in: temperature | Out-of-range value in: temperature,NULL_VALUE|OUT_OF_RANGE,2026-09-18T06:14:29.923892+00:00
EVT0021937,BMW00532,INVALIDVIN,2026-03-18 04:00:00,31.28,81.19,7.57,20.494684,67.245425,telemetry,INVALID_VIN,Invalid or missing VIN,INVALID_VIN,2026-09-18T06:14:29.923892+00:00
EVT0092732,BMW00493,WBA00000000000493,2026-11-18 23:35:00,83.06,35.01,27.1,39.129807,-26.714597,telemetry,DUPLICATE_RECORD,Duplicate record detected,DUPLICATE_RECORD,2026-09-18T06:14:29.923892+00:00
EVT0062263,BMW00982,,2026-08-05 04:30:00,98.59,52.4,52.58,39.055683,-73.247462,telemetry,NULL_VALUE|INVALID_VIN,Null values in: vin | Invalid or missing VIN,NULL_VALUE|INVALID_VIN,2026-09-18T06:14:29.923892+00:00
EVT0039692,BMW00854,WBA00000000000854,2026-05-18 19:35:00,35.01,67.89,49.16,49.033752,103.420645,telemetry,DUPLICATE_RECORD,Duplicate record detected,DUPLICATE_RECORD,2026-09-18T06:14:29.923892+00:00
EVT0090379,BMWX00000,WBA00000000000029,2026-11-10 19:30:00,78.92,86.7,-9.9,44.504736,118.297125,telemetry,REFERENTIAL_INTEGRITY,Referential integrity violation,REFERENTIAL_INTEGRITY,2026-09-18T06:14:29.923892+00:00
EVT0031927,BMWX00157,WBA00000000000077,2026-04-21 20:30:00,30.3,51.29,45.92,29.432353,114.701339,telemetry,REFERENTIAL_INTEGRITY,Referential integrity violation,REFERENTIAL_INTEGRITY,2026-09-18T06:14:29.923892+00:00
EVT0042278,BMW00584,WBA00000000000584,2026-05-27 19:05:00,150.0,129.2,43.84,51.137594,52.934212,telemetry,OUT_OF_RANGE,Out-of-range value in: battery_level,OUT_OF_RANGE,2026-09-18T06:14:29.923892+00:00
BAD00038,UNKNOWN,BADVIN,not-a-date,999.0,-50.0,999.0,999.0,999.0,telemetry,INVALID_VIN|INVALID_DATE|OUT_OF_RANGE|REFERENTIAL_INTEGRITY,"Invalid or missing VIN | Invalid date in: timestamp | Out-of-range value in: battery_level, temperature, speed | Referential integrity violation",INVALID_VIN|INVALID_DATE|OUT_OF_RANGE|REFERENTIAL_INTEGRITY,2026-09-18T06:14:29.923892+00:00
EVT0059193,BMW00644,WBA00000000000644,2026-07-25 12:40:00,150.0,119.5,18.63,10.408971,-39.198989,telemetry,OUT_OF_RANGE,Out-of-range value in: battery_level,OUT_OF_RANGE,2026-09-18T06:14:29.923892+00:00
EVT0017162,BMW00658,WBA00000000000658,2026-03-01 14:05:00,54.95,16.16,150.0,35.509211,-90.473008,telemetry,OUT_OF_RANGE,Out-of-range value in: temperature,OUT_OF_RANGE,2026-09-18T06:14:29.923892+00:00
EVT0041230,,WBA00000000000141,2026-05-24 03:45:00,65.14,88.2,0.88,18.19401,26.613455,telemetry,NULL_VALUE|REFERENTIAL_INTEGRITY,Null values in: vehicle_id | Referential integrity violation,NULL_VALUE|REFERENTIAL_INTEGRITY,2026-09-18T06:14:29.923892+00:00
EVT0035881,BMW00138,WBA00000000000138,2026-05-05 14:00:00,,15.35,1.25,30.014156,11.500071,telemetry,NULL_VALUE|OUT_OF_RANGE,Null values in: battery_level | Out-of-range value in: battery_level,NULL_VALUE|OUT_OF_RANGE,2026-09-18T06:14:29.923892+00:00
EVT0052522,BMWX00078,WBA00000000000608,2026-07-02 08:45:00,70.3,145.85,8.47,15.55855,57.233651,telemetry,REFERENTIAL_INTEGRITY,Referential integrity violation,REFERENTIAL_INTEGRITY,2026-09-18T06:14:29.923892+00:00
EVT0081733,BMWX00084,WBA00000000000727,2026-10-11 19:00:00,66.11,89.04,36.82,44.845096,14.592849,telemetry,REFERENTIAL_INTEGRITY,Referential integrity violation,REFERENTIAL_INTEGRITY,2026-09-18T06:14:29.923892+00:00
BAD00084,UNKNOWN,BADVIN,not-a-date,999.0,-50.0,999.0,999.0,999.0,telemetry,INVALID_VIN|INVALID_DATE|OUT_OF_RANGE|REFERENTIAL_INTEGRITY,"Invalid or missing VIN | Invalid date in: timestamp | Out-of-range value in: battery_level, temperature, speed | Referential integrity violation",INVALID_VIN|INVALID_DATE|OUT_OF_RANGE|REFERENTIAL_INTEGRITY,2026-09-18T06:14:29.923892+00:00
EVT0062050,BMW00098,,2026-08-04 10:45:00,77.22,61.46,20.38,25.113936,-113.883869,telemetry,NULL_VALUE|INVALID_VIN,Null values in: vin | Invalid or missing VIN,NULL_VALUE|INVALID_VIN,2026-09-18T06:14:29.923892+00:00
BAD00006,UNKNOWN,BADVIN,not-a-date,999.0,-50.0,999.0,999.0,999.0,telemetry,INVALID_VIN|INVALID_DATE|OUT_OF_RANGE|REFERENTIAL_INTEGRITY,"Invalid or missing VIN | Invalid date in: timestamp | Out-of-range value in: battery_level, temperature, speed | Referential integrity violation",INVALID_VIN|INVALID_DATE|OUT_OF_RANGE|REFERENTIAL_INTEGRITY,2026-09-18T06:14:29.923892+00:00
EVT0082331,BMW00088,,2026-10-13 20:50:00,20.46,15.78,9.06,12.891158,47.081361,telemetry,NULL_VALUE|INVALID_VIN,Null values in: vin | Invalid or missing VIN,NULL_VALUE|INVALID_VIN,2026-09-18T06:14:29.923892+00:00
EVT0091340,BMWX00054,WBA00000000000309,2026-11-14 03:35:00,54.26,115.85,31.95,51.01234,140.881446,telemetry,REFERENTIAL_INTEGRITY,Referential integrity violation,REFERENTIAL_INTEGRITY,2026-09-18T06:14:29.923892+00:00
BAD00065,UNKNOWN,BADVIN,not-a-date,999.0,-50.0,999.0,999.0,999.0,telemetry,INVALID_VIN|INVALID_DATE|OUT_OF_RANGE|REFERENTIAL_INTEGRITY,"Invalid or missing VIN | Invalid date in: timestamp | Out-of-range value in: battery_level, temperature, speed | Referential integrity violation",INVALID_VIN|INVALID_DATE|OUT_OF_RANGE|REFERENTIAL_INTEGRITY,2026-09-18T06:14:29.923892+00:00
EVT0055326,BMW00011,WBA00000000000011,2026-07-12 02:25:00,28.61,52.94,31.97,13.929093,49.025534,telemetry,DUPLICATE_RECORD,Duplicate record detected,DUPLICATE_RECORD,2026-09-18T06:14:29.923892+00:00
EVT0001046,BMW00475,WBA00000000000475,2026-01-04 15:05:00,50.99,8.42,33.84,22.990046,44.276021,telemetry,DUPLICATE_RECORD,Duplicate record detected,DUPLICATE_RECORD,2026-09-18T06:14:29.923892+00:00
EVT0098466,BMW00905,WBA00000000000905,2026-12-08 21:25:00,47.75,61.92,27.54,42.421366,-54.309991,telemetry,DUPLICATE_RECORD,Duplicate record detected,DUPLICATE_RECORD,2026-09-18T06:14:29.923892+00:00
EVT0000353,BMW00122,,2026-01-02 05:20:00,25.01,37.5,7.81,51.861388,-103.450234,telemetry,NULL_VALUE|INVALID_VIN,Null values in: vin | Invalid or missing VIN,NULL_VALUE|INVALID_VIN,2026-09-18T06:14:29.923892+00:00
EVT0073315,BMW00770,WBA00000000000770,2026-09-12 13:30:00,70.24,32.74,26.85,10.330472,93.738273,telemetry,DUPLICATE_RECORD,Duplicate record detected,DUPLICATE_RECORD,2026-09-18T06:14:29.923892+00:00
EVT0081388,BMW00454,WBA00000000000454,2026-10-10 14:15:00,-25.0,28.27,23.96,9.157444,118.458779,telemetry,OUT_OF_RANGE,Out-of-range value in: battery_level,OUT_OF_RANGE,2026-09-18T06:14:29.923892+00:00
EVT0089018,BMW00653,WBA00000000000653,2026-11-06 02:05:00,49.56,127.67,-100.0,15.028201,119.144489,telemetry,OUT_OF_RANGE,Out-of-range value in: temperature,OUT_OF_RANGE,2026-09-18T06:14:29.923892+00:00
EVT0060959,BMW00372,INVALIDVIN,2026-07-31 15:50:00,55.45,4.24,7.48,18.519643,110.908573,telemetry,INVALID_VIN,Invalid or missing VIN,INVALID_VIN,2026-09-18T06:14:29.923892+00:00
EVT0001636,BMW00102,WBA00000000000102,2026-01-06 16:15:00,,65.88,-6.02,27.872089,10.86692,telemetry,NULL_VALUE|OUT_OF_RANGE,Null values in: battery_level | Out-of-range value in: battery_level,NULL_VALUE|OUT_OF_RANGE,2026-09-18T06:14:29.923892+00:00
EVT0000304,BMW00421,WBA00000000000421,2026-01-02 01:15:00,98.62,69.21,-100.0,52.115024,-41.725773,telemetry,OUT_OF_RANGE,Out-of-range value in: temperature,OUT_OF_RANGE,2026-09-18T06:14:29.923892+00:00
EVT0013706,BMW00348,WBA00000000000348,2026-02-17 14:05:00,46.62,95.81,12.72,22.614256,-3.81775,telemetry,DUPLICATE_RECORD,Duplicate record detected,DUPLICATE_RECORD,2026-09-18T06:14:29.923892+00:00
EVT0037944,,WBA00000000000647,2026-05-12 17:55:00,86.26,99.6,18.26,53.877523,51.442386,telemetry,NULL_VALUE|REFERENTIAL_INTEGRITY,Null values in: vehicle_id | Referential integrity violation,NULL_VALUE|REFERENTIAL_INTEGRITY,2026-09-18T06:14:29.923892+00:00
EVT0008675,BMW00235,WBA00000000000235,2026-01-31 02:50:00,-10.0,84.49,-3.44,13.186769,-30.537259,telemetry,OUT_OF_RANGE,Out-of-range value in: battery_level,OUT_OF_RANGE,2026-09-18T06:14:29.923892+00:00
EVT0080297,BMW00251,WBA00000000000251,2026-10-06 19:20:00,90.67,65.54,27.0,17.463026,17.512266,telemetry,DUPLICATE_RECORD,Duplicate record detected,DUPLICATE_RECORD,2026-09-18T06:14:29.923892+00:00
EVT0007850,BMW00081,INVALIDVIN,2026-01-28 06:05:00,55.97,65.45,11.76,23.762616,74.563765,telemetry,INVALID_VIN,Invalid or missing VIN,INVALID_VIN,2026-09-18T06:14:29.923892+00:00
EVT0016564,BMWX00149,WBA00000000000622,2026-02-27 12:15:00,21.52,46.44,-2.52,9.936794,16.767373,telemetry,REFERENTIAL_INTEGRITY,Referential integrity violation,REFERENTIAL_INTEGRITY,2026-09-18T06:14:29.923892+00:00
EVT0074956,BMW00269,WBA00000000000269,2026-09-18 06:15:00,73.69,84.92,21.81,52.296697,118.896792,telemetry,DUPLICATE_RECORD,Duplicate record detected,DUPLICATE_RECORD,2026-09-18T06:14:29.923892+00:00
EVT0024064,BMW00097,WBA00000000000097,2026-03-25 13:15:00,-10.0,133.84,29.29,42.248847,44.774119,telemetry,OUT_OF_RANGE,Out-of-range value in: battery_level,OUT_OF_RANGE,2026-09-18T06:14:29.923892+00:00
EVT0059763,,WBA00000000000663,2026-07-27 12:10:00,92.14,89.84,8.17,18.762743,-107.095516,telemetry,NULL_VALUE|REFERENTIAL_INTEGRITY,Null values in: vehicle_id | Referential integrity violation,NULL_VALUE|REFERENTIAL_INTEGRITY,2026-09-18T06:14:29.923892+00:00
EVT0090870,BMW00162,,2026-11-12 12:25:00,26.71,12.03,45.98,18.943648,91.579324,telemetry,NULL_VALUE|INVALID_VIN,Null values in: vin | Invalid or missing VIN,NULL_VALUE|INVALID_VIN,2026-09-18T06:14:29.923892+00:00
EVT0079157,BMW00473,WBA00000000000473,2026-10-02 20:20:00,33.42,116.07,20.12,46.541222,119.400537,telemetry,DUPLICATE_RECORD,Duplicate record detected,DUPLICATE_RECORD,2026-09-18T06:14:29.923892+00:00
EVT0079371,BMW00349,WBA00000000000349,2026-10-03 14:10:00,78.3,49.55,-1.82,36.253972,28.56411,telemetry,DUPLICATE_RECORD,Duplicate record detected,DUPLICATE_RECORD,2026-09-18T06:14:29.923892+00:00
EVT0027575,BMW00304,WBA00000000000304,2026-04-06 17:50:00,84.68,144.41,-100.0,37.504266,-28.743882,telemetry,OUT_OF_RANGE,Out-of-range value in: temperature,OUT_OF_RANGE,2026-09-18T06:14:29.923892+00:00
EVT0086001,BMW00085,WBA00000000000085,2026-10-26 14:40:00,17.42,46.84,-9.38,44.128559,-104.748352,telemetry,DUPLICATE_RECORD,Duplicate record detected,DUPLICATE_RECORD,2026-09-18T06:14:29.923892+00:00
EVT0078154,BMW00274,WBA00000000000274,2026-09-29 08:45:00,,101.21,13.31,8.547779,102.474866,telemetry,NULL_VALUE|OUT_OF_RANGE,Null values in: battery_level | Out-of-range value in: battery_level,NULL_VALUE|OUT_OF_RANGE,2026-09-18T06:14:29.923892+00:00
EVT0042462,BMW00331,WBA00000000000331,2026-05-28 10:25:00,150.0,143.33,19.56,31.042004,-25.776422,telemetry,OUT_OF_RANGE,Out-of-range value in: battery_level,OUT_OF_RANGE,2026-09-18T06:14:29.923892+00:00
EVT0044405,BMW00976,WBA00000000000976,2026-06-04 04:20:00,150.0,130.72,15.21,37.327423,125.520113,telemetry,OUT_OF_RANGE,Out-of-range value in: battery_level,OUT_OF_RANGE,2026-09-18T06:14:29.923892+00:00
EVT0019793,BMW00005,WBA00000000000005,2026-03-10 17:20:00,16.2,136.44,39.41,22.526368,-39.437133,telemetry,DUPLICATE_RECORD,Duplicate record detected,DUPLICATE_RECORD,2026-09-18T06:14:29.923892+00:00
EVT0030964,BMW00549,WBA00000000000549,2026-04-18 12:15:00,67.54,144.04,5.88,54.081003,125.742159,telemetry,DUPLICATE_RECORD,Duplicate record detected,DUPLICATE_RECORD,2026-09-18T06:14:29.923892+00:00
EVT0095692,BMW00670,WBA00000000000670,2026-15-40 99:99:99,44.24,113.44,17.88,23.372074,-93.144975,telemetry,INVALID_DATE,Invalid date in: timestamp,INVALID_DATE,2026-09-18T06:14:29.923892+00:00
EVT0013936,BMW00621,WBA00000000000621,2026-02-18 09:15:00,19.67,19.12,-3.04,39.516528,-50.313709,telemetry,DUPLICATE_RECORD,Duplicate record detected,DUPLICATE_RECORD,2026-09-18T06:14:29.923892+00:00
EVT0068402,BMW00946,WBA00000000000946,2026-08-26 12:05:00,72.97,130.8,150.0,32.006297,-109.876579,telemetry,OUT_OF_RANGE,Out-of-range value in: temperature,OUT_OF_RANGE,2026-09-18T06:14:29.923892+00:00
EVT0039904,BMW00354,WBA00000000000354,2026-05-19 13:15:00,79.54,158.39,,24.41746,99.320372,telemetry,NULL_VALUE|OUT_OF_RANGE,Null values in: temperature | Out-of-range value in: temperature,NULL_VALUE|OUT_OF_RANGE,2026-09-18T06:14:29.923892+00:00
EVT0036695,BMW00788,WBA00000000000788,2026-05-08 09:50:00,37.54,131.41,0.21,43.522431,-95.300911,telemetry,DUPLICATE_RECORD,Duplicate record detected,DUPLICATE_RECORD,2026-09-18T06:14:29.923892+00:00
EVT0065294,BMWX00037,WBA00000000000002,2026-08-15 17:05:00,91.11,85.87,3.13,50.990841,86.494403,telemetry,REFERENTIAL_INTEGRITY,Referential integrity violation,REFERENTIAL_INTEGRITY,2026-09-18T06:14:29.923892+00:00
EVT0070670,BMW00032,WBA00000000000032,2026-09-03 09:05:00,61.27,109.67,8.9,46.846817,-91.27586,telemetry,DUPLICATE_RECORD,Duplicate record detected,DUPLICATE_RECORD,2026-09-18T06:14:29.923892+00:00
EVT0042384,BMW00734,WBA00000000000734,2026-05-28 03:55:00,46.27,141.68,200.0,41.014829,105.973693,telemetry,OUT_OF_RANGE,Out-of-range value in: temperature,OUT_OF_RANGE,2026-09-18T06:14:29.923892+00:00
EVT0091042,BMW00545,WBA00000000000545,2026-11-13 02:45:00,23.98,157.97,,33.393144,48.905122,telemetry,NULL_VALUE|OUT_OF_RANGE,Null values in: temperature | Out-of-range value in: temperature,NULL_VALUE|OUT_OF_RANGE,2026-09-18T06:14:29.923892+00:00
BAD00088,UNKNOWN,BADVIN,not-a-date,999.0,-50.0,999.0,999.0,999.0,telemetry,INVALID_VIN|INVALID_DATE|OUT_OF_RANGE|REFERENTIAL_INTEGRITY,"Invalid or missing VIN | Invalid date in: timestamp | Out-of-range value in: battery_level, temperature, speed | Referential integrity violation",INVALID_VIN|INVALID_DATE|OUT_OF_RANGE|REFERENTIAL_INTEGRITY,2026-09-18T06:14:29.923892+00:00
EVT0041307,BMW00050,WBA00000000000050,2026-05-24 10:10:00,,60.73,46.9,12.754882,77.212319,telemetry,NULL_VALUE|OUT_OF_RANGE,Null values in: battery_level | Out-of-range value in: battery_level,NULL_VALUE|OUT_OF_RANGE,2026-09-18T06:14:29.923892+00:00
EVT0077741,BMW00735,WBA00000000000735,2026-09-27 22:20:00,-10.0,146.33,-5.37,35.098419,112.372765,telemetry,OUT_OF_RANGE,Out-of-range value in: battery_level,OUT_OF_RANGE,2026-09-18T06:14:29.923892+00:00
EVT0016283,BMW00581,WBA00000000000581,2026-02-26 12:50:00,180.0,10.44,22.91,42.765407,9.093826,telemetry,OUT_OF_RANGE,Out-of-range value in: battery_level,OUT_OF_RANGE,2026-09-18T06:14:29.923892+00:00
EVT0006691,BMW00106,WBA00000000000106,2026-15-40 99:99:99,84.25,107.4,8.4,8.895756,71.384641,telemetry,INVALID_DATE,Invalid date in: timestamp,INVALID_DATE,2026-09-18T06:14:29.923892+00:00
EVT0091059,BMW00926,INVALIDVIN,2026-11-13 04:10:00,21.96,4.45,23.25,15.046598,-37.171087,telemetry,INVALID_VIN,Invalid or missing VIN,INVALID_VIN,2026-09-18T06:14:29.923892+00:00
EVT0012007,BMW00882,WBA00000000000882,2026-02-11 16:30:00,,156.35,28.18,45.368032,25.315166,telemetry,NULL_VALUE|OUT_OF_RANGE,Null values in: battery_level | Out-of-range value in: battery_level,NULL_VALUE|OUT_OF_RANGE,2026-09-18T06:14:29.923892+00:00
EVT0070156,BMW00725,WBA00000000000725,2026-09-01 14:15:00,44.68,69.81,32.39,32.084019,106.561095,telemetry,DUPLICATE_RECORD,Duplicate record detected,DUPLICATE_RECORD,2026-09-18T06:14:29.923892+00:00
EVT0091032,BMW00965,,2026-11-13 01:55:00,86.11,147.8,8.38,45.501784,-107.21969,telemetry,NULL_VALUE|INVALID_VIN,Null values in: vin | Invalid or missing VIN,NULL_VALUE|INVALID_VIN,2026-09-18T06:14:29.923892+00:00
EVT0022158,BMW00858,WBA00000000000858,2026-15-40 99:99:99,67.68,140.88,13.85,29.007308,-51.870188,telemetry,INVALID_DATE,Invalid date in: timestamp,INVALID_DATE,2026-09-18T06:14:29.923892+00:00
EVT0034305,BMW00748,WBA00000000000748,2026-04-30 02:40:00,56.71,127.21,-4.76,42.719035,60.120044,telemetry,DUPLICATE_RECORD,Duplicate record detected,DUPLICATE_RECORD,2026-09-18T06:14:29.923892+00:00
EVT0099171,,WBA00000000000585,2026-12-11 08:10:00,27.24,79.61,36.66,23.680752,-103.031323,telemetry,NULL_VALUE|REFERENTIAL_INTEGRITY,Null values in: vehicle_id | Referential integrity violation,NULL_VALUE|REFERENTIAL_INTEGRITY,2026-09-18T06:14:29.923892+00:00
EVT0068679,BMW00380,INVALIDVIN,2026-08-27 11:10:00,15.14,62.09,40.91,18.004845,58.370487,telemetry,INVALID_VIN,Invalid or missing VIN,INVALID_VIN,2026-09-18T06:14:29.923892+00:00
EVT0029858,BMW00581,WBA00000000000581,2026-04-14 16:05:00,95.82,81.63,-9.41,39.253205,-102.618848,telemetry,DUPLICATE_RECORD,Duplicate record detected,DUPLICATE_RECORD,2026-09-18T06:14:29.923892+00:00
EVT0058688,BMW00701,WBA00000000000701,2026-07-23 18:35:00,180.0,91.12,7.61,13.179075,49.650081,telemetry,OUT_OF_RANGE,Out-of-range value in: battery_level,OUT_OF_RANGE,2026-09-18T06:14:29.923892+00:00
EVT0080807,BMW00134,WBA00000000000134,2026-10-08 13:50:00,,118.85,43.02,33.732731,83.011194,telemetry,NULL_VALUE|OUT_OF_RANGE,Null values in: battery_level | Out-of-range value in: battery_level,NULL_VALUE|OUT_OF_RANGE,2026-09-18T06:14:29.923892+00:00
EVT0007812,BMW00725,,2026-01-28 02:55:00,99.68,79.46,15.24,14.702849,-103.62817,telemetry,NULL_VALUE|INVALID_VIN,Null values in: vin | Invalid or missing VIN,NULL_VALUE|INVALID_VIN,2026-09-18T06:14:29.923892+00:00
EVT0052491,BMW00510,WBA00000000000510,2026-07-02 06:10:00,32.35,140.42,34.22,14.919635,-72.421594,telemetry,DUPLICATE_RECORD,Duplicate record detected,DUPLICATE_RECORD,2026-09-18T06:14:29.923892+00:00
EVT0062084,BMW00235,WBA00000000000235,2026-08-04 13:35:00,34.59,93.05,,32.298701,-94.440442,telemetry,NULL_VALUE|OUT_OF_RANGE,Null values in: temperature | Out-of-range value in: temperature,NULL_VALUE|OUT_OF_RANGE,2026-09-18T06:14:29.923892+00:00
EVT0060046,BMWX00185,WBA00000000000869,2026-07-28 11:45:00,87.12,124.43,21.88,11.342114,118.091093,telemetry,REFERENTIAL_INTEGRITY,Referential integrity violation,REFERENTIAL_INTEGRITY,2026-09-18T06:14:29.923892+00:00
EVT0093995,,WBA00000000000274,2026-11-23 08:50:00,96.98,90.98,49.12,33.254998,37.862884,telemetry,NULL_VALUE|REFERENTIAL_INTEGRITY,Null values in: vehicle_id | Referential integrity violation,NULL_VALUE|REFERENTIAL_INTEGRITY,2026-09-18T06:14:29.923892+00:00
EVT0039002,BMW00487,WBA00000000000487,2026-05-16 10:05:00,-25.0,130.18,28.75,22.8112,98.721119,telemetry,OUT_OF_RANGE,Out-of-range value in: battery_level,OUT_OF_RANGE,2026-09-18T06:14:29.923892+00:00
EVT0049188,BMW00229,WBA00000000000229,2026-06-20 18:55:00,21.77,127.87,11.68,38.957158,102.801109,telemetry,DUPLICATE_RECORD,Duplicate record detected,DUPLICATE_RECORD,2026-09-18T06:14:29.923892+00:00
EVT0013378,BMWX00118,WBA00000000000755,2026-02-16 10:45:00,23.86,36.35,15.91,15.766894,108.794992,telemetry,REFERENTIAL_INTEGRITY,Referential integrity violation,REFERENTIAL_INTEGRITY,2026-09-18T06:14:29.923892+00:00
EVT0060211,BMW00947,WBA00000000000947,2026-07-29 01:30:00,-25.0,149.78,-9.04,45.346697,63.892245,telemetry,OUT_OF_RANGE,Out-of-range value in: battery_level,OUT_OF_RANGE,2026-09-18T06:14:29.923892+00:00
EVT0075497,BMW00527,,2026-09-20 03:20:00,81.7,8.74,51.77,42.19202,-47.402963,telemetry,NULL_VALUE|INVALID_VIN,Null values in: vin | Invalid or missing VIN,NULL_VALUE|INVALID_VIN,2026-09-18T06:14:29.923892+00:00
EVT0041464,BMW00692,WBA00000000000692,2026-05-24 23:15:00,33.51,144.2,,51.949577,-27.522077,telemetry,NULL_VALUE|OUT_OF_RANGE,Null values in: temperature | Out-of-range value in: temperature,NULL_VALUE|OUT_OF_RANGE,2026-09-18T06:14:29.923892+00:00
EVT0078565,BMW00397,WBA00000000000397,2026-09-30 19:00:00,66.95,103.1,150.0,18.596017,-67.897155,telemetry,OUT_OF_RANGE,Out-of-range value in: temperature,OUT_OF_RANGE,2026-09-18T06:14:29.923892+00:00
EVT0058149,BMW00581,WBA00000000000581,2026-15-40 99:99:99,95.29,156.7,-3.5,21.995603,60.060536,telemetry,INVALID_DATE,Invalid date in: timestamp,INVALID_DATE,2026-09-18T06:14:29.923892+00:00
EVT0019835,BMW00881,WBA00000000000881,2026-03-10 20:50:00,150.0,113.3,22.95,33.743823,19.903149,telemetry,OUT_OF_RANGE,Out-of-range value in: battery_level,OUT_OF_RANGE,2026-09-18T06:14:29.923892+00:00
EVT0035993,BMW00837,WBA00000000000837,2026-15-40 99:99:99,90.9,88.6,32.44,26.251679,14.293684,telemetry,INVALID_DATE,Invalid date in: timestamp,INVALID_DATE,2026-09-18T06:14:29.923892+00:00
EVT0034497,BMW00016,WBA00000000000016,2026-04-30 18:40:00,74.79,58.04,7.09,37.333162,115.123054,telemetry,DUPLICATE_RECORD,Duplicate record detected,DUPLICATE_RECORD,2026-09-18T06:14:29.923892+00:00
EVT0071220,BMW00326,WBA00000000000326,2026-09-05 06:55:00,-10.0,147.21,27.87,47.430853,-40.079827,telemetry,OUT_OF_RANGE,Out-of-range value in: battery_level,OUT_OF_RANGE,2026-09-18T06:14:29.923892+00:00
EVT0039070,BMW00418,,2026-05-16 15:45:00,42.3,143.7,-2.65,18.874558,148.269048,telemetry,NULL_VALUE|INVALID_VIN,Null values in: vin | Invalid or missing VIN,NULL_VALUE|INVALID_VIN,2026-09-18T06:14:29.923892+00:00
EVT0043850,BMW00291,WBA00000000000291,2026-06-02 06:05:00,35.82,125.57,36.76,14.55303,-108.805624,telemetry,DUPLICATE_RECORD,Duplicate record detected,DUPLICATE_RECORD,2026-09-18T06:14:29.923892+00:00
EVT0030410,BMW00822,WBA00000000000822,2026-04-16 14:05:00,66.34,1.23,52.89,35.987102,100.321419,telemetry,DUPLICATE_RECORD,Duplicate record detected,DUPLICATE_RECORD,2026-09-18T06:14:29.923892+00:00
EVT0014889,BMW00401,WBA00000000000401,2026-02-21 16:40:00,93.3,9.96,53.89,19.459243,-16.269122,telemetry,DUPLICATE_RECORD,Duplicate record detected,DUPLICATE_RECORD,2026-09-18T06:14:29.923892+00:00
EVT0009301,BMWX00136,WBA00000000000210,2026-02-02 07:00:00,68.04,20.62,-6.49,17.109776,106.875832,telemetry,REFERENTIAL_INTEGRITY,Referential integrity violation,REFERENTIAL_INTEGRITY,2026-09-18T06:14:29.923892+00:00
EVT0072758,BMW00440,WBA00000000000440,2026-15-40 99:99:99,83.86,128.55,38.74,28.356627,12.024421,telemetry,INVALID_DATE,Invalid date in: timestamp,INVALID_DATE,2026-09-18T06:14:29.923892+00:00
EVT0090408,,WBA00000000000879,2026-11-10 21:55:00,29.35,88.6,20.15,40.355639,-49.244762,telemetry,NULL_VALUE|REFERENTIAL_INTEGRITY,Null values in: vehicle_id | Referential integrity violation,NULL_VALUE|REFERENTIAL_INTEGRITY,2026-09-18T06:14:29.923892+00:00
EVT0009730,BMW00185,WBA00000000000185,2026-02-03 18:45:00,60.07,143.5,,11.931187,138.726481,telemetry,NULL_VALUE|OUT_OF_RANGE,Null values in: temperature | Out-of-range value in: temperature,NULL_VALUE|OUT_OF_RANGE,2026-09-18T06:14:29.923892+00:00
EVT0036507,BMW00239,WBA00000000000239,2026-05-07 18:10:00,34.78,89.89,12.08,19.265002,83.854421,telemetry,DUPLICATE_RECORD,Duplicate record detected,DUPLICATE_RECORD,2026-09-18T06:14:29.923892+00:00
EVT0060627,BMW00521,WBA00000000000521,2026-07-30 12:10:00,-10.0,26.86,3.83,13.821505,27.479323,telemetry,OUT_OF_RANGE,Out-of-range value in: battery_level,OUT_OF_RANGE,2026-09-18T06:14:29.923892+00:00
EVT0037162,BMW00411,WBA00000000000411,2026-05-10 00:45:00,-10.0,2.29,-9.21,40.840707,-106.121962,telemetry,OUT_OF_RANGE,Out-of-range value in: battery_level,OUT_OF_RANGE,2026-09-18T06:14:29.923892+00:00
EVT0018185,BMWX00186,WBA00000000000320,2026-03-05 03:20:00,81.48,135.84,0.8,28.203611,-22.987752,telemetry,REFERENTIAL_INTEGRITY,Referential integrity violation,REFERENTIAL_INTEGRITY,2026-09-18T06:14:29.923892+00:00
EVT0022860,BMW00588,INVALIDVIN,2026-03-21 08:55:00,62.53,119.8,35.49,51.406875,-97.960338,telemetry,INVALID_VIN,Invalid or missing VIN,INVALID_VIN,2026-09-18T06:14:29.923892+00:00
EVT0097560,BMW00795,WBA00000000000795,2026-12-05 17:55:00,20.43,54.72,4.13,50.084931,90.824572,telemetry,DUPLICATE_RECORD,Duplicate record detected,DUPLICATE_RECORD,2026-09-18T06:14:29.923892+00:00
EVT0099477,BMW00383,WBA00000000000383,2026-12-12 09:40:00,11.03,63.38,41.54,48.41642,94.922039,telemetry,DUPLICATE_RECORD,Duplicate record detected,DUPLICATE_RECORD,2026-09-18T06:14:29.923892+00:00
EVT0037818,BMWX00074,WBA00000000000408,2026-05-12 07:25:00,52.71,91.3,5.02,28.482193,32.558065,telemetry,REFERENTIAL_INTEGRITY,Referential integrity violation,REFERENTIAL_INTEGRITY,2026-09-18T06:14:29.923892+00:00
EVT0086234,BMW00988,WBA00000000000988,2026-10-27 10:05:00,18.39,156.18,-5.63,33.786096,142.139647,telemetry,DUPLICATE_RECORD,Duplicate record detected,DUPLICATE_RECORD,2026-09-18T06:14:29.923892+00:00
EVT0068051,BMW00513,WBA00000000000513,2026-08-25 06:50:00,,0.09,34.47,24.627593,4.871294,telemetry,NULL_VALUE|OUT_OF_RANGE,Null values in: battery_level | Out-of-range value in: battery_level,NULL_VALUE|OUT_OF_RANGE,2026-09-18T06:14:29.923892+00:00
EVT0027702,BMW00021,WBA00000000000021,2026-04-07 04:25:00,67.26,146.5,-4.95,8.800432,91.017233,telemetry,DUPLICATE_RECORD,Duplicate record detected,DUPLICATE_RECORD,2026-09-18T06:14:29.923892+00:00
EVT0020745,BMW00738,,2026-03-14 00:40:00,78.96,92.38,20.29,12.331718,-86.162979,telemetry,NULL_VALUE|INVALID_VIN,Null values in: vin | Invalid or missing VIN,NULL_VALUE|INVALID_VIN,2026-09-18T06:14:29.923892+00:00
EVT0019935,BMW00266,WBA00000000000266,2026-03-11 05:10:00,92.55,110.85,-80.0,49.761928,-25.754681,telemetry,OUT_OF_RANGE,Out-of-range value in: temperature,OUT_OF_RANGE,2026-09-18T06:14:29.923892+00:00
BAD00090,UNKNOWN,BADVIN,not-a-date,999.0,-50.0,999.0,999.0,999.0,telemetry,INVALID_VIN|INVALID_DATE|OUT_OF_RANGE|REFERENTIAL_INTEGRITY,"Invalid or missing VIN | Invalid date in: timestamp | Out-of-range value in: battery_level, temperature, speed | Referential integrity violation",INVALID_VIN|INVALID_DATE|OUT_OF_RANGE|REFERENTIAL_INTEGRITY,2026-09-18T06:14:29.923892+00:00
EVT0093703,BMW00568,WBA00000000000568,2026-11-22 08:30:00,31.38,104.21,1.2,51.917541,131.672952,telemetry,DUPLICATE_RECORD,Duplicate record detected,DUPLICATE_RECORD,2026-09-18T06:14:29.923892+00:00
EVT0001231,BMW00476,WBA00000000000476,2026-01-05 06:30:00,32.26,32.07,45.3,9.5608,-25.240974,telemetry,DUPLICATE_RECORD,Duplicate record detected,DUPLICATE_RECORD,2026-09-18T06:14:29.923892+00:00
EVT0074361,BMW00245,WBA00000000000245,2026-09-16 04:40:00,54.4,35.54,-5.06,37.058373,-95.222583,telemetry,DUPLICATE_RECORD,Duplicate record detected,DUPLICATE_RECORD,2026-09-18T06:14:29.923892+00:00
BAD00066,UNKNOWN,BADVIN,not-a-date,999.0,-50.0,999.0,999.0,999.0,telemetry,INVALID_VIN|INVALID_DATE|OUT_OF_RANGE|REFERENTIAL_INTEGRITY,"Invalid or missing VIN | Invalid date in: timestamp | Out-of-range value in: battery_level, temperature, speed | Referential integrity violation",INVALID_VIN|INVALID_DATE|OUT_OF_RANGE|REFERENTIAL_INTEGRITY,2026-09-18T06:14:29.923892+00:00
EVT0012251,BMW00821,WBA00000000000821,2026-02-12 12:50:00,19.25,7.45,45.9,51.195218,3.083363,telemetry,DUPLICATE_RECORD,Duplicate record detected,DUPLICATE_RECORD,2026-09-18T06:14:29.923892+00:00
EVT0066342,BMW00344,WBA00000000000344,2026-15-40 99:99:99,60.26,2.13,18.12,39.615566,-21.235053,telemetry,INVALID_DATE,Invalid date in: timestamp,INVALID_DATE,2026-09-18T06:14:29.923892+00:00
EVT0090003,BMW00022,INVALIDVIN,2026-11-09 12:10:00,29.72,105.72,18.81,36.93696,-22.523993,telemetry,INVALID_VIN,Invalid or missing VIN,INVALID_VIN,2026-09-18T06:14:29.923892+00:00
EVT0027023,BMW00427,WBA00000000000427,2026-04-04 19:50:00,58.75,78.96,32.43,9.117525,54.038659,telemetry,DUPLICATE_RECORD,Duplicate record detected,DUPLICATE_RECORD,2026-09-18T06:14:29.923892+00:00
EVT0046087,BMW00728,,2026-06-10 00:30:00,91.14,101.61,16.79,51.381618,-84.731544,telemetry,NULL_VALUE|INVALID_VIN,Null values in: vin | Invalid or missing VIN,NULL_VALUE|INVALID_VIN,2026-09-18T06:14:29.923892+00:00
EVT0089152,BMW00069,WBA00000000000069,2026-11-06 13:15:00,35.8,41.38,37.86,19.781831,111.151436,telemetry,DUPLICATE_RECORD,Duplicate record detected,DUPLICATE_RECORD,2026-09-18T06:14:29.923892+00:00
EVT0066717,BMWX00039,WBA00000000000026,2026-08-20 15:40:00,95.68,131.71,43.5,32.888057,-48.368402,telemetry,REFERENTIAL_INTEGRITY,Referential integrity violation,REFERENTIAL_INTEGRITY,2026-09-18T06:14:29.923892+00:00
EVT0011287,BMW00681,WBA00000000000681,2026-02-09 04:30:00,,41.54,50.37,9.289397,106.959261,telemetry,NULL_VALUE|OUT_OF_RANGE,Null values in: battery_level | Out-of-range value in: battery_level,NULL_VALUE|OUT_OF_RANGE,2026-09-18T06:14:29.923892+00:00
EVT0022391,BMWX00139,WBA00000000000131,2026-03-19 17:50:00,60.67,60.39,20.18,38.868392,-52.850605,telemetry,REFERENTIAL_INTEGRITY,Referential integrity violation,REFERENTIAL_INTEGRITY,2026-09-18T06:14:29.923892+00:00
EVT0043204,BMW00329,WBA00000000000329,2026-05-31 00:15:00,32.24,156.1,2.94,51.699111,25.755845,telemetry,DUPLICATE_RECORD,Duplicate record detected,DUPLICATE_RECORD,2026-09-18T06:14:29.923892+00:00
EVT0072111,BMW00668,,2026-09-08 09:10:00,66.85,13.14,48.15,28.063028,27.059996,telemetry,NULL_VALUE|INVALID_VIN,Null values in: vin | Invalid or missing VIN,NULL_VALUE|INVALID_VIN,2026-09-18T06:14:29.923892+00:00
EVT0083775,,WBA00000000000508,2026-10-18 21:10:00,18.98,4.42,12.18,54.40347,10.83999,telemetry,NULL_VALUE|REFERENTIAL_INTEGRITY,Null values in: vehicle_id | Referential integrity violation,NULL_VALUE|REFERENTIAL_INTEGRITY,2026-09-18T06:14:29.923892+00:00
EVT0037412,BMW00538,INVALIDVIN,2026-05-10 21:35:00,50.82,62.41,23.78,46.903453,-99.03285,telemetry,INVALID_VIN,Invalid or missing VIN,INVALID_VIN,2026-09-18T06:14:29.923892+00:00
EVT0099971,BMWX00160,WBA00000000000772,2026-12-14 02:50:00,81.27,48.51,38.72,31.790274,-58.375508,telemetry,REFERENTIAL_INTEGRITY,Referential integrity violation,REFERENTIAL_INTEGRITY,2026-09-18T06:14:29.923892+00:00
EVT0032208,BMW00665,WBA00000000000665,2026-04-22 19:55:00,,56.45,35.95,19.712335,12.155314,telemetry,NULL_VALUE|OUT_OF_RANGE,Null values in: battery_level | Out-of-range value in: battery_level,NULL_VALUE|OUT_OF_RANGE,2026-09-18T06:14:29.923892+00:00
EVT0036482,BMW00485,,2026-05-07 16:05:00,36.27,14.24,18.09,22.947688,135.588962,telemetry,NULL_VALUE|INVALID_VIN,Null values in: vin | Invalid or missing VIN,NULL_VALUE|INVALID_VIN,2026-09-18T06:14:29.923892+00:00
EVT0055574,BMW00119,,2026-07-12 23:05:00,19.35,52.44,53.57,50.175588,116.417391,telemetry,NULL_VALUE|INVALID_VIN,Null values in: vin | Invalid or missing VIN,NULL_VALUE|INVALID_VIN,2026-09-18T06:14:29.923892+00:00
EVT0021423,BMW00803,WBA00000000000803,2026-03-16 09:10:00,58.58,113.62,,47.45927,131.266032,telemetry,NULL_VALUE|OUT_OF_RANGE,Null values in: temperature | Out-of-range value in: temperature,NULL_VALUE|OUT_OF_RANGE,2026-09-18T06:14:29.923892+00:00
BAD00014,UNKNOWN,BADVIN,not-a-date,999.0,-50.0,999.0,999.0,999.0,telemetry,INVALID_VIN|INVALID_DATE|OUT_OF_RANGE|REFERENTIAL_INTEGRITY,"Invalid or missing VIN | Invalid date in: timestamp | Out-of-range value in: battery_level, temperature, speed | Referential integrity violation",INVALID_VIN|INVALID_DATE|OUT_OF_RANGE|REFERENTIAL_INTEGRITY,2026-09-18T06:14:29.923892+00:00
EVT0026529,BMW00553,WBA00000000000553,2026-04-03 02:40:00,80.83,60.92,,10.4415,-81.778246,telemetry,NULL_VALUE|OUT_OF_RANGE,Null values in: temperature | Out-of-range value in: temperature,NULL_VALUE|OUT_OF_RANGE,2026-09-18T06:14:29.923892+00:00
EVT0046928,,WBA00000000000192,2026-06-12 22:35:00,41.65,115.22,0.56,36.125583,-85.547095,telemetry,NULL_VALUE|REFERENTIAL_INTEGRITY,Null values in: vehicle_id | Referential integrity violation,NULL_VALUE|REFERENTIAL_INTEGRITY,2026-09-18T06:14:29.923892+00:00
EVT0022969,BMW00268,,2026-03-21 18:00:00,39.12,156.89,43.69,27.125856,139.091855,telemetry,NULL_VALUE|INVALID_VIN,Null values in: vin | Invalid or missing VIN,NULL_VALUE|INVALID_VIN,2026-09-18T06:14:29.923892+00:00
EVT0020001,BMW00912,WBA00000000000912,2026-03-11 10:40:00,60.4,24.34,2.34,41.90391,78.205092,telemetry,DUPLICATE_RECORD,Duplicate record detected,DUPLICATE_RECORD,2026-09-18T06:14:29.923892+00:00
EVT0068266,,WBA00000000000982,2026-08-26 00:45:00,75.88,120.71,9.62,51.989834,-78.019485,telemetry,NULL_VALUE|REFERENTIAL_INTEGRITY,Null values in: vehicle_id | Referential integrity violation,NULL_VALUE|REFERENTIAL_INTEGRITY,2026-09-18T06:14:29.923892+00:00
EVT0027781,BMW00941,WBA00000000000941,2026-04-07 11:00:00,-25.0,73.97,-1.18,19.825745,77.668188,telemetry,OUT_OF_RANGE,Out-of-range value in: battery_level,OUT_OF_RANGE,2026-09-18T06:14:29.923892+00:00
EVT0073218,BMW00623,WBA00000000000623,2026-09-12 05:25:00,42.17,45.36,,33.843477,119.620349,telemetry,NULL_VALUE|DUPLICATE_RECORD|OUT_OF_RANGE,Null values in: temperature | Duplicate record detected | Out-of-range value in: temperature,NULL_VALUE|DUPLICATE_RECORD|OUT_OF_RANGE,2026-09-18T06:14:29.923892+00:00
EVT0010008,BMW00444,WBA00000000000444,2026-02-04 17:55:00,70.01,129.82,150.0,19.059814,77.098568,telemetry,OUT_OF_RANGE,Out-of-range value in: temperature,OUT_OF_RANGE,2026-09-18T06:14:29.923892+00:00
EVT0073944,BMW00205,INVALIDVIN,2026-09-14 17:55:00,85.81,133.92,50.42,52.763644,123.189333,telemetry,INVALID_VIN,Invalid or missing VIN,INVALID_VIN,2026-09-18T06:14:29.923892+00:00
EVT0065891,BMW00150,WBA00000000000150,2026-08-17 18:50:00,73.81,67.32,14.15,19.326494,67.097674,telemetry,DUPLICATE_RECORD,Duplicate record detected,DUPLICATE_RECORD,2026-09-18T06:14:29.923892+00:00
BAD00053,UNKNOWN,BADVIN,not-a-date,999.0,-50.0,999.0,999.0,999.0,telemetry,INVALID_VIN|INVALID_DATE|OUT_OF_RANGE|REFERENTIAL_INTEGRITY,"Invalid or missing VIN | Invalid date in: timestamp | Out-of-range value in: battery_level, temperature, speed | Referential integrity violation",INVALID_VIN|INVALID_DATE|OUT_OF_RANGE|REFERENTIAL_INTEGRITY,2026-09-18T06:14:29.923892+00:00
EVT0023250,BMW00641,WBA00000000000641,2026-03-22 17:25:00,88.97,7.12,,15.745249,134.402658,telemetry,NULL_VALUE|OUT_OF_RANGE,Null values in: temperature | Out-of-range value in: temperature,NULL_VALUE|OUT_OF_RANGE,2026-09-18T06:14:29.923892+00:00
EVT0063908,,WBA00000000000249,2026-08-10 21:35:00,13.6,86.35,28.49,22.589472,-29.759574,telemetry,NULL_VALUE|REFERENTIAL_INTEGRITY,Null values in: vehicle_id | Referential integrity violation,NULL_VALUE|REFERENTIAL_INTEGRITY,2026-09-18T06:14:29.923892+00:00
EVT0005685,BMW00615,WBA00000000000615,2026-01-20 17:40:00,19.18,158.48,150.0,26.596863,22.493711,telemetry,OUT_OF_RANGE,Out-of-range value in: temperature,OUT_OF_RANGE,2026-09-18T06:14:29.923892+00:00
EVT0067673,BMWX00177,WBA00000000000002,2026-08-23 23:20:00,64.85,115.37,13.75,53.759818,-31.359135,telemetry,REFERENTIAL_INTEGRITY,Referential integrity violation,REFERENTIAL_INTEGRITY,2026-09-18T06:14:29.923892+00:00
EVT0083126,BMW00430,WBA00000000000430,2026-10-16 15:05:00,150.0,146.12,-6.35,46.982301,-68.457276,telemetry,OUT_OF_RANGE,Out-of-range value in: battery_level,OUT_OF_RANGE,2026-09-18T06:14:29.923892+00:00
EVT0043478,BMW00672,WBA00000000000672,2026-05-31 23:05:00,,117.31,-7.87,31.974586,-50.208641,telemetry,NULL_VALUE|OUT_OF_RANGE,Null values in: battery_level | Out-of-range value in: battery_level,NULL_VALUE|OUT_OF_RANGE,2026-09-18T06:14:29.923892+00:00
EVT0028486,BMW00887,WBA00000000000887,2026-04-09 21:45:00,85.12,55.08,-100.0,52.986707,-84.055548,telemetry,OUT_OF_RANGE,Out-of-range value in: temperature,OUT_OF_RANGE,2026-09-18T06:14:29.923892+00:00
EVT0069634,BMW00737,,2026-08-30 18:45:00,40.85,7.02,45.68,12.675338,125.288709,telemetry,NULL_VALUE|INVALID_VIN,Null values in: vin | Invalid or missing VIN,NULL_VALUE|INVALID_VIN,2026-09-18T06:14:29.923892+00:00
EVT0019790,,WBA00000000000072,2026-03-10 17:05:00,56.98,91.02,-9.56,29.132959,24.183602,telemetry,NULL_VALUE|REFERENTIAL_INTEGRITY,Null values in: vehicle_id | Referential integrity violation,NULL_VALUE|REFERENTIAL_INTEGRITY,2026-09-18T06:14:29.923892+00:00
EVT0093929,BMW00011,WBA00000000000011,2026-11-23 03:20:00,,34.7,6.67,43.22215,1.639054,telemetry,NULL_VALUE|OUT_OF_RANGE,Null values in: battery_level | Out-of-range value in: battery_level,NULL_VALUE|OUT_OF_RANGE,2026-09-18T06:14:29.923892+00:00
EVT0025553,BMW00277,WBA00000000000277,2026-03-30 17:20:00,-25.0,118.14,49.9,41.372743,-6.14197,telemetry,OUT_OF_RANGE,Out-of-range value in: battery_level,OUT_OF_RANGE,2026-09-18T06:14:29.923892+00:00
EVT0080559,BMW00210,,2026-10-07 17:10:00,17.34,72.84,32.29,28.406374,141.774931,telemetry,NULL_VALUE|INVALID_VIN,Null values in: vin | Invalid or missing VIN,NULL_VALUE|INVALID_VIN,2026-09-18T06:14:29.923892+00:00
EVT0016919,BMW00364,WBA00000000000364,2026-02-28 17:50:00,,130.2,-8.47,44.617528,-6.339182,telemetry,NULL_VALUE|OUT_OF_RANGE,Null values in: battery_level | Out-of-range value in: battery_level,NULL_VALUE|OUT_OF_RANGE,2026-09-18T06:14:29.923892+00:00
EVT0015806,BMW00506,WBA00000000000506,2026-15-40 99:99:99,96.4,153.5,-1.69,30.185224,119.232577,telemetry,INVALID_DATE,Invalid date in: timestamp,INVALID_DATE,2026-09-18T06:14:29.923892+00:00
EVT0015336,BMW00827,,2026-02-23 05:55:00,19.81,81.04,45.44,49.020187,43.71271,telemetry,NULL_VALUE|INVALID_VIN,Null values in: vin | Invalid or missing VIN,NULL_VALUE|INVALID_VIN,2026-09-18T06:14:29.923892+00:00
EVT0099040,BMW00574,WBA00000000000574,2026-12-10 21:15:00,-10.0,125.9,51.36,22.086377,37.070239,telemetry,OUT_OF_RANGE,Out-of-range value in: battery_level,OUT_OF_RANGE,2026-09-18T06:14:29.923892+00:00
EVT0073553,BMW00294,INVALIDVIN,2026-09-13 09:20:00,58.67,15.94,16.53,20.03589,29.404128,telemetry,INVALID_VIN,Invalid or missing VIN,INVALID_VIN,2026-09-18T06:14:29.923892+00:00
EVT0092529,BMWX00137,WBA00000000000321,2026-11-18 06:40:00,13.87,42.25,25.42,25.810729,-61.766985,telemetry,REFERENTIAL_INTEGRITY,Referential integrity violation,REFERENTIAL_INTEGRITY,2026-09-18T06:14:29.923892+00:00
EVT0010782,BMW00536,WBA00000000000536,2026-02-07 10:25:00,59.64,100.23,,34.172343,29.279854,telemetry,NULL_VALUE|OUT_OF_RANGE,Null values in: temperature | Out-of-range value in: temperature,NULL_VALUE|OUT_OF_RANGE,2026-09-18T06:14:29.923892+00:00
EVT0015007,BMW00470,WBA00000000000470,2026-02-22 02:30:00,16.51,142.82,37.3,17.049437,137.362979,telemetry,DUPLICATE_RECORD,Duplicate record detected,DUPLICATE_RECORD,2026-09-18T06:14:29.923892+00:00
EVT0073774,BMW00148,WBA00000000000148,2026-09-14 03:45:00,42.33,74.96,,48.132993,75.064376,telemetry,NULL_VALUE|OUT_OF_RANGE,Null values in: temperature | Out-of-range value in: temperature,NULL_VALUE|OUT_OF_RANGE,2026-09-18T06:14:29.923892+00:00
EVT0005403,BMW00694,,2026-01-19 18:10:00,50.24,134.66,18.49,9.912074,141.202896,telemetry,NULL_VALUE|INVALID_VIN,Null values in: vin | Invalid or missing VIN,NULL_VALUE|INVALID_VIN,2026-09-18T06:14:29.923892+00:00
EVT0005279,BMW00341,INVALIDVIN,2026-01-19 07:50:00,97.47,153.53,36.05,41.737151,115.681879,telemetry,INVALID_VIN,Invalid or missing VIN,INVALID_VIN,2026-09-18T06:14:29.923892+00:00
EVT0082053,BMW00320,,2026-10-12 21:40:00,79.36,93.09,25.97,25.275653,129.221994,telemetry,NULL_VALUE|INVALID_VIN,Null values in: vin | Invalid or missing VIN,NULL_VALUE|INVALID_VIN,2026-09-18T06:14:29.923892+00:00
EVT0081415,BMW00666,WBA00000000000666,2026-15-40 99:99:99,26.58,153.56,54.71,12.312607,116.042909,telemetry,INVALID_DATE,Invalid date in: timestamp,INVALID_DATE,2026-09-18T06:14:29.923892+00:00
EVT0043900,BMW00957,WBA00000000000957,2026-06-02 10:15:00,180.0,104.68,7.06,32.011902,-71.017425,telemetry,OUT_OF_RANGE,Out-of-range value in: battery_level,OUT_OF_RANGE,2026-09-18T06:14:29.923892+00:00
EVT0073381,BMW00253,WBA00000000000253,2026-09-12 19:00:00,68.75,122.62,-0.9,10.580625,-113.099767,telemetry,DUPLICATE_RECORD,Duplicate record detected,DUPLICATE_RECORD,2026-09-18T06:14:29.923892+00:00
BAD00026,UNKNOWN,BADVIN,not-a-date,999.0,-50.0,999.0,999.0,999.0,telemetry,INVALID_VIN|INVALID_DATE|OUT_OF_RANGE|REFERENTIAL_INTEGRITY,"Invalid or missing VIN | Invalid date in: timestamp | Out-of-range value in: battery_level, temperature, speed | Referential integrity violation",INVALID_VIN|INVALID_DATE|OUT_OF_RANGE|REFERENTIAL_INTEGRITY,2026-09-18T06:14:29.923892+00:00
EVT0095800,BMW00217,WBA00000000000217,2026-11-29 15:15:00,56.38,86.32,-0.72,24.317433,-105.81662,telemetry,DUPLICATE_RECORD,Duplicate record detected,DUPLICATE_RECORD,2026-09-18T06:14:29.923892+00:00
EVT0070746,BMW00653,WBA00000000000653,2026-09-03 15:25:00,65.03,35.45,2.62,45.314112,20.934309,telemetry,DUPLICATE_RECORD,Duplicate record detected,DUPLICATE_RECORD,2026-09-18T06:14:29.923892+00:00
EVT0097017,BMW00452,WBA00000000000452,2026-15-40 99:99:99,47.83,27.22,-6.38,25.120613,-50.932592,telemetry,INVALID_DATE,Invalid date in: timestamp,INVALID_DATE,2026-09-18T06:14:29.923892+00:00
EVT0041251,BMW00543,WBA00000000000543,2026-05-24 05:30:00,55.77,90.42,-100.0,11.510308,45.322501,telemetry,OUT_OF_RANGE,Out-of-range value in: temperature,OUT_OF_RANGE,2026-09-18T06:14:29.923892+00:00
EVT0069229,BMW00152,WBA00000000000152,2026-08-29 09:00:00,95.93,91.03,44.52,51.664354,-20.081475,telemetry,DUPLICATE_RECORD,Duplicate record detected,DUPLICATE_RECORD,2026-09-18T06:14:29.923892+00:00
EVT0084464,BMW00256,WBA00000000000256,2026-10-21 06:35:00,46.85,157.37,39.09,22.979441,-112.074602,telemetry,DUPLICATE_RECORD,Duplicate record detected,DUPLICATE_RECORD,2026-09-18T06:14:29.923892+00:00
EVT0095602,BMW00092,WBA00000000000092,2026-11-28 22:45:00,67.73,88.44,41.06,26.290173,-104.964614,telemetry,DUPLICATE_RECORD,Duplicate record detected,DUPLICATE_RECORD,2026-09-18T06:14:29.923892+00:00
EVT0072249,BMW00106,WBA00000000000106,2026-09-08 20:40:00,34.23,117.52,-100.0,19.106033,75.822523,telemetry,OUT_OF_RANGE,Out-of-range value in: temperature,OUT_OF_RANGE,2026-09-18T06:14:29.923892+00:00
EVT0096853,BMW00655,WBA00000000000655,2026-12-03 07:00:00,51.66,86.4,38.94,8.942667,19.041974,telemetry,DUPLICATE_RECORD,Duplicate record detected,DUPLICATE_RECORD,2026-09-18T06:14:29.923892+00:00
EVT0062231,BMW00828,WBA00000000000828,2026-08-05 01:50:00,17.62,84.81,-100.0,30.218056,-81.986258,telemetry,OUT_OF_RANGE,Out-of-range value in: temperature,OUT_OF_RANGE,2026-09-18T06:14:29.923892+00:00
EVT0025437,BMW00543,,2026-03-30 07:40:00,60.62,68.76,14.52,16.511465,-12.594941,telemetry,NULL_VALUE|INVALID_VIN,Null values in: vin | Invalid or missing VIN,NULL_VALUE|INVALID_VIN,2026-09-18T06:14:29.923892+00:00
EVT0085199,BMW00899,WBA00000000000899,2026-10-23 19:50:00,19.76,146.44,20.93,51.424349,121.162835,telemetry,DUPLICATE_RECORD,Duplicate record detected,DUPLICATE_RECORD,2026-09-18T06:14:29.923892+00:00
EVT0024835,BMWX00069,WBA00000000000154,2026-03-28 05:30:00,71.3,43.3,3.75,24.7388,139.260589,telemetry,REFERENTIAL_INTEGRITY,Referential integrity violation,REFERENTIAL_INTEGRITY,2026-09-18T06:14:29.923892+00:00
EVT0003918,BMW00045,WBA00000000000045,2026-01-14 14:25:00,-25.0,151.42,29.13,18.222144,24.099696,telemetry,OUT_OF_RANGE,Out-of-range value in: battery_level,OUT_OF_RANGE,2026-09-18T06:14:29.923892+00:00
EVT0007811,BMW00118,INVALIDVIN,2026-01-28 02:50:00,93.41,39.4,14.86,24.668698,-15.34273,telemetry,INVALID_VIN,Invalid or missing VIN,INVALID_VIN,2026-09-18T06:14:29.923892+00:00
EVT0036186,,WBA00000000000545,2026-05-06 15:25:00,58.38,89.45,35.96,43.294881,19.378656,telemetry,NULL_VALUE|REFERENTIAL_INTEGRITY,Null values in: vehicle_id | Referential integrity violation,NULL_VALUE|REFERENTIAL_INTEGRITY,2026-09-18T06:14:29.923892+00:00
EVT0017212,BMW00173,WBA00000000000173,2026-03-01 18:15:00,30.24,48.1,,9.120595,-106.797864,telemetry,NULL_VALUE|OUT_OF_RANGE,Null values in: temperature | Out-of-range value in: temperature,NULL_VALUE|OUT_OF_RANGE,2026-09-18T06:14:29.923892+00:00
EVT0098714,BMW00791,WBA00000000000791,2026-12-09 18:05:00,78.87,29.55,-80.0,49.671132,25.436085,telemetry,OUT_OF_RANGE,Out-of-range value in: temperature,OUT_OF_RANGE,2026-09-18T06:14:29.923892+00:00
EVT0011594,BMW00674,WBA00000000000674,2026-15-40 99:99:99,78.61,98.68,-1.95,48.261771,55.446875,telemetry,INVALID_DATE,Invalid date in: timestamp,INVALID_DATE,2026-09-18T06:14:29.923892+00:00
EVT0083154,BMW00818,WBA00000000000818,2026-15-40 99:99:99,70.29,80.22,33.0,19.908301,67.253884,telemetry,INVALID_DATE,Invalid date in: timestamp,INVALID_DATE,2026-09-18T06:14:29.923892+00:00
EVT0077730,BMW00425,WBA00000000000425,2026-09-27 21:25:00,37.71,111.9,-2.38,37.9513,-110.841718,telemetry,DUPLICATE_RECORD,Duplicate record detected,DUPLICATE_RECORD,2026-09-18T06:14:29.923892+00:00
EVT0068842,BMW00041,WBA00000000000041,2026-08-28 00:45:00,60.9,11.84,38.63,22.615044,123.286268,telemetry,DUPLICATE_RECORD,Duplicate record detected,DUPLICATE_RECORD,2026-09-18T06:14:29.923892+00:00
EVT0018565,BMW00957,WBA00000000000957,2026-15-40 99:99:99,82.64,29.98,21.58,41.596002,145.118163,telemetry,INVALID_DATE,Invalid date in: timestamp,INVALID_DATE,2026-09-18T06:14:29.923892+00:00
EVT0033802,BMW00656,WBA00000000000656,2026-04-28 08:45:00,70.26,98.61,38.89,25.958485,75.911648,telemetry,DUPLICATE_RECORD,Duplicate record detected,DUPLICATE_RECORD,2026-09-18T06:14:29.923892+00:00
EVT0028251,BMW00581,INVALIDVIN,2026-04-09 02:10:00,21.98,47.89,43.82,53.093526,75.850847,telemetry,INVALID_VIN,Invalid or missing VIN,INVALID_VIN,2026-09-18T06:14:29.923892+00:00
EVT0077652,BMW00246,WBA00000000000246,2026-09-27 14:55:00,98.08,138.91,5.43,38.462671,32.476663,telemetry,DUPLICATE_RECORD,Duplicate record detected,DUPLICATE_RECORD,2026-09-18T06:14:29.923892+00:00
EVT0078297,BMW00344,INVALIDVIN,2026-09-29 20:40:00,89.14,90.78,-2.41,49.646276,-115.358932,telemetry,INVALID_VIN,Invalid or missing VIN,INVALID_VIN,2026-09-18T06:14:29.923892+00:00
EVT0081036,BMW00855,WBA00000000000855,2026-10-09 08:55:00,71.87,104.95,40.29,52.523642,-105.065349,telemetry,DUPLICATE_RECORD,Duplicate record detected,DUPLICATE_RECORD,2026-09-18T06:14:29.923892+00:00
EVT0015267,BMW00638,,2026-02-23 00:10:00,15.39,123.32,1.86,48.999643,-63.117642,telemetry,NULL_VALUE|INVALID_VIN,Null values in: vin | Invalid or missing VIN,NULL_VALUE|INVALID_VIN,2026-09-18T06:14:29.923892+00:00
EVT0046535,BMW00062,WBA00000000000062,2026-15-40 99:99:99,68.99,79.28,-3.87,41.088612,140.699454,telemetry,INVALID_DATE,Invalid date in: timestamp,INVALID_DATE,2026-09-18T06:14:29.923892+00:00
EVT0094322,BMW00734,WBA00000000000734,2026-11-24 12:05:00,,54.3,27.14,49.448262,141.65056,telemetry,NULL_VALUE|OUT_OF_RANGE,Null values in: battery_level | Out-of-range value in: battery_level,NULL_VALUE|OUT_OF_RANGE,2026-09-18T06:14:29.923892+00:00
EVT0013983,BMWX00012,WBA00000000000429,2026-02-18 13:10:00,13.18,67.98,30.56,44.594309,67.905078,telemetry,REFERENTIAL_INTEGRITY,Referential integrity violation,REFERENTIAL_INTEGRITY,2026-09-18T06:14:29.923892+00:00
EVT0020521,BMW00444,,2026-03-13 06:00:00,,118.08,46.97,17.321844,72.516198,telemetry,NULL_VALUE|INVALID_VIN|OUT_OF_RANGE,"Null values in: vin, battery_level | Invalid or missing VIN | Out-of-range value in: battery_level",NULL_VALUE|INVALID_VIN|OUT_OF_RANGE,2026-09-18T06:14:29.923892+00:00
EVT0071553,BMW00226,WBA00000000000226,2026-09-06 10:40:00,150.0,85.91,9.87,27.449467,-118.619816,telemetry,OUT_OF_RANGE,Out-of-range value in: battery_level,OUT_OF_RANGE,2026-09-18T06:14:29.923892+00:00
EVT0018607,BMW00922,INVALIDVIN,2026-03-06 14:30:00,83.88,88.53,31.92,13.697753,-95.497227,telemetry,INVALID_VIN,Invalid or missing VIN,INVALID_VIN,2026-09-18T06:14:29.923892+00:00
EVT0087500,,WBA00000000000656,2026-10-31 19:35:00,69.61,146.51,25.02,43.780522,-46.747825,telemetry,NULL_VALUE|REFERENTIAL_INTEGRITY,Null values in: vehicle_id | Referential integrity violation,NULL_VALUE|REFERENTIAL_INTEGRITY,2026-09-18T06:14:29.923892+00:00
EVT0072508,BMW00578,WBA00000000000578,2026-15-40 99:99:99,40.37,89.19,42.12,51.524638,0.431549,telemetry,INVALID_DATE,Invalid date in: timestamp,INVALID_DATE,2026-09-18T06:14:29.923892+00:00
EVT0071085,BMW00309,WBA00000000000309,2026-15-40 99:99:99,32.14,100.05,37.6,39.290544,-92.017639,telemetry,INVALID_DATE,Invalid date in: timestamp,INVALID_DATE,2026-09-18T06:14:29.923892+00:00
EVT0028353,BMW00119,,2026-04-09 10:40:00,48.57,134.32,54.03,20.7575,47.5878,telemetry,NULL_VALUE|INVALID_VIN,Null values in: vin | Invalid or missing VIN,NULL_VALUE|INVALID_VIN,2026-09-18T06:14:29.923892+00:00
EVT0003475,BMWX00154,WBA00000000000807,2026-01-13 01:30:00,32.69,155.15,27.09,9.334144,-19.725706,telemetry,REFERENTIAL_INTEGRITY,Referential integrity violation,REFERENTIAL_INTEGRITY,2026-09-18T06:14:29.923892+00:00
EVT0068916,BMW00742,WBA00000000000742,2026-08-28 06:55:00,-25.0,67.27,30.63,47.366917,-99.393483,telemetry,OUT_OF_RANGE,Out-of-range value in: battery_level,OUT_OF_RANGE,2026-09-18T06:14:29.923892+00:00
EVT0062075,BMW00815,,2026-08-04 12:50:00,66.07,145.12,24.32,9.341009,-79.187761,telemetry,NULL_VALUE|INVALID_VIN,Null values in: vin | Invalid or missing VIN,NULL_VALUE|INVALID_VIN,2026-09-18T06:14:29.923892+00:00
EVT0063413,BMW00169,WBA00000000000169,2026-08-09 04:20:00,,138.18,9.24,36.022013,127.365377,telemetry,NULL_VALUE|OUT_OF_RANGE,Null values in: battery_level | Out-of-range value in: battery_level,NULL_VALUE|OUT_OF_RANGE,2026-09-18T06:14:29.923892+00:00
EVT0074119,BMW00434,WBA00000000000434,2026-09-15 08:30:00,98.21,26.49,,50.439883,38.409012,telemetry,NULL_VALUE|OUT_OF_RANGE,Null values in: temperature | Out-of-range value in: temperature,NULL_VALUE|OUT_OF_RANGE,2026-09-18T06:14:29.923892+00:00
EVT0094922,BMW00478,WBA00000000000478,2026-11-26 14:05:00,57.89,159.7,48.87,16.871395,86.77399,telemetry,DUPLICATE_RECORD,Duplicate record detected,DUPLICATE_RECORD,2026-09-18T06:14:29.923892+00:00
EVT0088502,BMW00017,WBA00000000000017,2026-15-40 99:99:99,85.63,50.45,5.03,28.578657,-0.270991,telemetry,INVALID_DATE,Invalid date in: timestamp,INVALID_DATE,2026-09-18T06:14:29.923892+00:00
EVT0024806,BMW00091,WBA00000000000091,2026-03-28 03:05:00,61.17,128.08,-100.0,16.574903,51.170056,telemetry,OUT_OF_RANGE,Out-of-range value in: temperature,OUT_OF_RANGE,2026-09-18T06:14:29.923892+00:00
EVT0060912,BMW00122,WBA00000000000122,2026-07-31 11:55:00,180.0,87.08,26.29,42.307804,-87.586389,telemetry,OUT_OF_RANGE,Out-of-range value in: battery_level,OUT_OF_RANGE,2026-09-18T06:14:29.923892+00:00
EVT0061897,BMWX00111,WBA00000000000925,2026-08-03 22:00:00,41.78,75.71,-3.63,24.298936,114.917554,telemetry,REFERENTIAL_INTEGRITY,Referential integrity violation,REFERENTIAL_INTEGRITY,2026-09-18T06:14:29.923892+00:00
EVT0040073,BMW00016,WBA00000000000016,2026-15-40 99:99:99,54.5,5.68,40.78,35.813023,-112.810558,telemetry,INVALID_DATE,Invalid date in: timestamp,INVALID_DATE,2026-09-18T06:14:29.923892+00:00
EVT0081411,BMW00734,WBA00000000000734,2026-10-10 16:10:00,71.17,84.85,,47.390075,-21.868043,telemetry,NULL_VALUE|OUT_OF_RANGE,Null values in: temperature | Out-of-range value in: temperature,NULL_VALUE|OUT_OF_RANGE,2026-09-18T06:14:29.923892+00:00
EVT0073052,BMW00738,WBA00000000000738,2026-09-11 15:35:00,56.78,21.84,,47.448464,-84.592772,telemetry,NULL_VALUE|OUT_OF_RANGE,Null values in: temperature | Out-of-range value in: temperature,NULL_VALUE|OUT_OF_RANGE,2026-09-18T06:14:29.923892+00:00
EVT0047772,BMW00865,WBA00000000000865,2026-06-15 20:55:00,85.08,77.14,,32.537712,29.928952,telemetry,NULL_VALUE|OUT_OF_RANGE,Null values in: temperature | Out-of-range value in: temperature,NULL_VALUE|OUT_OF_RANGE,2026-09-18T06:14:29.923892+00:00
EVT0018984,BMW00257,WBA00000000000257,2026-03-07 21:55:00,-10.0,125.89,7.83,52.137896,-45.790324,telemetry,OUT_OF_RANGE,Out-of-range value in: battery_level,OUT_OF_RANGE,2026-09-18T06:14:29.923892+00:00
EVT0040730,BMW00372,WBA00000000000372,2026-05-22 10:05:00,-25.0,106.51,-0.67,22.641344,75.581727,telemetry,OUT_OF_RANGE,Out-of-range value in: battery_level,OUT_OF_RANGE,2026-09-18T06:14:29.923892+00:00
EVT0093322,,WBA00000000000158,2026-11-21 00:45:00,85.77,75.27,32.16,20.510189,41.141062,telemetry,NULL_VALUE|REFERENTIAL_INTEGRITY,Null values in: vehicle_id | Referential integrity violation,NULL_VALUE|REFERENTIAL_INTEGRITY,2026-09-18T06:14:29.923892+00:00
EVT0055814,BMW00057,WBA00000000000057,2026-07-13 19:05:00,,13.82,21.62,8.906944,97.759344,telemetry,NULL_VALUE|OUT_OF_RANGE,Null values in: battery_level | Out-of-range value in: battery_level,NULL_VALUE|OUT_OF_RANGE,2026-09-18T06:14:29.923892+00:00
EVT0095641,,WBA00000000000940,2026-11-29 02:00:00,20.05,7.51,21.27,48.3482,4.109504,telemetry,NULL_VALUE|REFERENTIAL_INTEGRITY,Null values in: vehicle_id | Referential integrity violation,NULL_VALUE|REFERENTIAL_INTEGRITY,2026-09-18T06:14:29.923892+00:00
EVT0071223,BMW00364,WBA00000000000364,2026-09-05 07:10:00,76.79,34.58,41.93,24.714752,-105.725559,telemetry,DUPLICATE_RECORD,Duplicate record detected,DUPLICATE_RECORD,2026-09-18T06:14:29.923892+00:00
EVT0040890,BMW00682,WBA00000000000682,2026-05-22 23:25:00,94.0,71.02,53.59,27.926476,-107.568224,telemetry,DUPLICATE_RECORD,Duplicate record detected,DUPLICATE_RECORD,2026-09-18T06:14:29.923892+00:00
EVT0059486,BMWX00004,WBA00000000000526,2026-07-26 13:05:00,32.96,28.89,54.58,53.877509,144.735666,telemetry,REFERENTIAL_INTEGRITY,Referential integrity violation,REFERENTIAL_INTEGRITY,2026-09-18T06:14:29.923892+00:00
EVT0038326,,WBA00000000000596,2026-05-14 01:45:00,34.36,91.23,20.98,28.767241,-12.338399,telemetry,NULL_VALUE|REFERENTIAL_INTEGRITY,Null values in: vehicle_id | Referential integrity violation,NULL_VALUE|REFERENTIAL_INTEGRITY,2026-09-18T06:14:29.923892+00:00
EVT0092730,BMW00382,WBA00000000000382,2026-15-40 99:99:99,16.58,50.66,49.12,13.724746,-95.07086,telemetry,INVALID_DATE,Invalid date in: timestamp,INVALID_DATE,2026-09-18T06:14:29.923892+00:00
EVT0091128,BMW00224,WBA00000000000224,2026-11-13 09:55:00,72.08,32.51,32.61,30.697736,55.084585,telemetry,DUPLICATE_RECORD,Duplicate record detected,DUPLICATE_RECORD,2026-09-18T06:14:29.923892+00:00
EVT0081938,BMW00555,WBA00000000000555,2026-10-12 12:05:00,-25.0,134.25,-0.69,15.961594,86.030395,telemetry,OUT_OF_RANGE,Out-of-range value in: battery_level,OUT_OF_RANGE,2026-09-18T06:14:29.923892+00:00
EVT0038129,BMW00210,WBA00000000000210,2026-05-13 09:20:00,67.7,87.48,51.97,29.766246,149.255867,telemetry,DUPLICATE_RECORD,Duplicate record detected,DUPLICATE_RECORD,2026-09-18T06:14:29.923892+00:00
EVT0084987,BMW00171,WBA00000000000171,2026-15-40 99:99:99,59.97,137.98,45.15,21.920899,-76.724312,telemetry,INVALID_DATE,Invalid date in: timestamp,INVALID_DATE,2026-09-18T06:14:29.923892+00:00
EVT0019379,BMW00277,WBA00000000000277,2026-03-09 06:50:00,79.82,23.13,-100.0,54.859552,77.976944,telemetry,OUT_OF_RANGE,Out-of-range value in: temperature,OUT_OF_RANGE,2026-09-18T06:14:29.923892+00:00
EVT0034584,BMW00657,,2026-05-01 01:55:00,36.08,72.1,-4.89,47.516258,44.99804,telemetry,NULL_VALUE|INVALID_VIN,Null values in: vin | Invalid or missing VIN,NULL_VALUE|INVALID_VIN,2026-09-18T06:14:29.923892+00:00
EVT0005438,BMW00293,WBA00000000000293,2026-15-40 99:99:99,38.09,54.66,13.72,18.075171,-117.627316,telemetry,INVALID_DATE,Invalid date in: timestamp,INVALID_DATE,2026-09-18T06:14:29.923892+00:00
EVT0085811,BMW00525,WBA00000000000525,2026-15-40 99:99:99,84.09,159.2,42.77,33.587158,-44.887859,telemetry,INVALID_DATE,Invalid date in: timestamp,INVALID_DATE,2026-09-18T06:14:29.923892+00:00
EVT0072984,BMW00319,,2026-09-11 09:55:00,57.67,137.45,30.82,43.629229,91.412607,telemetry,NULL_VALUE|INVALID_VIN,Null values in: vin | Invalid or missing VIN,NULL_VALUE|INVALID_VIN,2026-09-18T06:14:29.923892+00:00
EVT0083714,BMW00610,INVALIDVIN,2026-10-18 16:05:00,53.96,89.03,6.65,26.018078,-49.901994,telemetry,INVALID_VIN,Invalid or missing VIN,INVALID_VIN,2026-09-18T06:14:29.923892+00:00
EVT0065325,BMW00421,INVALIDVIN,2026-08-15 19:40:00,53.5,66.91,-5.84,42.512628,-101.672143,telemetry,INVALID_VIN,Invalid or missing VIN,INVALID_VIN,2026-09-18T06:14:29.923892+00:00
EVT0038917,BMW00635,WBA00000000000635,2026-15-40 99:99:99,26.67,125.88,42.76,27.16569,-44.642698,telemetry,INVALID_DATE,Invalid date in: timestamp,INVALID_DATE,2026-09-18T06:14:29.923892+00:00
EVT0017029,BMW00712,,2026-03-01 03:00:00,50.81,3.57,-3.98,31.035442,34.530235,telemetry,NULL_VALUE|INVALID_VIN,Null values in: vin | Invalid or missing VIN,NULL_VALUE|INVALID_VIN,2026-09-18T06:14:29.923892+00:00
EVT0092541,,WBA00000000000709,2026-11-18 07:40:00,60.61,19.35,9.2,28.238174,-13.941045,telemetry,NULL_VALUE|REFERENTIAL_INTEGRITY,Null values in: vehicle_id | Referential integrity violation,NULL_VALUE|REFERENTIAL_INTEGRITY,2026-09-18T06:14:29.923892+00:00
EVT0056512,BMW00129,WBA00000000000129,2026-07-16 05:15:00,25.73,61.8,200.0,51.253912,80.785063,telemetry,OUT_OF_RANGE,Out-of-range value in: temperature,OUT_OF_RANGE,2026-09-18T06:14:29.923892+00:00
EVT0006604,BMW00606,WBA00000000000606,2026-01-23 22:15:00,68.88,144.75,150.0,12.222667,-111.663703,telemetry,OUT_OF_RANGE,Out-of-range value in: temperature,OUT_OF_RANGE,2026-09-18T06:14:29.923892+00:00
EVT0002753,BMW00207,INVALIDVIN,2026-01-10 13:20:00,99.62,139.74,52.57,12.274511,62.273875,telemetry,INVALID_VIN,Invalid or missing VIN,INVALID_VIN,2026-09-18T06:14:29.923892+00:00
EVT0087858,BMW00530,WBA00000000000530,2026-11-02 01:25:00,93.3,37.45,,40.176292,-60.5418,telemetry,NULL_VALUE|OUT_OF_RANGE,Null values in: temperature | Out-of-range value in: temperature,NULL_VALUE|OUT_OF_RANGE,2026-09-18T06:14:29.923892+00:00
EVT0082735,BMW00861,WBA00000000000861,2026-10-15 06:30:00,-25.0,62.19,1.86,53.820559,-107.120311,telemetry,OUT_OF_RANGE,Out-of-range value in: battery_level,OUT_OF_RANGE,2026-09-18T06:14:29.923892+00:00
EVT0051039,BMWX00079,WBA00000000000763,2026-06-27 05:10:00,33.68,144.95,53.92,21.605624,1.751229,telemetry,REFERENTIAL_INTEGRITY,Referential integrity violation,REFERENTIAL_INTEGRITY,2026-09-18T06:14:29.923892+00:00
EVT0069070,BMW00578,WBA00000000000578,2026-08-28 19:45:00,50.54,93.95,,33.825953,-45.727786,telemetry,NULL_VALUE|OUT_OF_RANGE,Null values in: temperature | Out-of-range value in: temperature,NULL_VALUE|OUT_OF_RANGE,2026-09-18T06:14:29.923892+00:00
EVT0021837,,WBA00000000000908,2026-03-17 19:40:00,41.32,120.53,3.79,38.329508,-45.728473,telemetry,NULL_VALUE|REFERENTIAL_INTEGRITY,Null values in: vehicle_id | Referential integrity violation,NULL_VALUE|REFERENTIAL_INTEGRITY,2026-09-18T06:14:29.923892+00:00
EVT0079407,BMW00476,WBA00000000000476,2026-10-03 17:10:00,87.9,63.54,-80.0,22.194412,111.144081,telemetry,OUT_OF_RANGE,Out-of-range value in: temperature,OUT_OF_RANGE,2026-09-18T06:14:29.923892+00:00
EVT0072227,,WBA00000000000173,2026-09-08 18:50:00,67.19,150.94,13.83,17.645524,86.632162,telemetry,NULL_VALUE|REFERENTIAL_INTEGRITY,Null values in: vehicle_id | Referential integrity violation,NULL_VALUE|REFERENTIAL_INTEGRITY,2026-09-18T06:14:29.923892+00:00
EVT0048204,BMW00688,WBA00000000000688,2026-15-40 99:99:99,42.71,119.78,20.12,31.355786,50.881737,telemetry,INVALID_DATE,Invalid date in: timestamp,INVALID_DATE,2026-09-18T06:14:29.923892+00:00
EVT0004454,BMW00805,WBA00000000000805,2026-01-16 11:05:00,,121.25,24.98,26.109494,-105.575882,telemetry,NULL_VALUE|OUT_OF_RANGE,Null values in: battery_level | Out-of-range value in: battery_level,NULL_VALUE|OUT_OF_RANGE,2026-09-18T06:14:29.923892+00:00
EVT0087072,BMW00850,INVALIDVIN,2026-10-30 07:55:00,80.4,37.79,45.35,31.219225,-61.025015,telemetry,INVALID_VIN,Invalid or missing VIN,INVALID_VIN,2026-09-18T06:14:29.923892+00:00
EVT0050019,,WBA00000000000413,2026-06-23 16:10:00,79.99,51.46,51.64,13.401157,23.73918,telemetry,NULL_VALUE|REFERENTIAL_INTEGRITY,Null values in: vehicle_id | Referential integrity violation,NULL_VALUE|REFERENTIAL_INTEGRITY,2026-09-18T06:14:29.923892+00:00
EVT0017049,BMW00554,WBA00000000000554,2026-03-01 04:40:00,58.88,26.7,-100.0,35.882516,96.337015,telemetry,OUT_OF_RANGE,Out-of-range value in: temperature,OUT_OF_RANGE,2026-09-18T06:14:29.923892+00:00
EVT0007054,BMW00152,WBA00000000000152,2026-15-40 99:99:99,18.11,52.33,6.25,53.697775,52.429974,telemetry,INVALID_DATE,Invalid date in: timestamp,INVALID_DATE,2026-09-18T06:14:29.923892+00:00
EVT0039449,,WBA00000000000160,2026-05-17 23:20:00,83.6,125.74,47.23,12.068542,36.700435,telemetry,NULL_VALUE|REFERENTIAL_INTEGRITY,Null values in: vehicle_id | Referential integrity violation,NULL_VALUE|REFERENTIAL_INTEGRITY,2026-09-18T06:14:29.923892+00:00
EVT0087624,,WBA00000000000794,2026-11-01 05:55:00,40.69,100.04,11.88,46.358302,-55.781836,telemetry,NULL_VALUE|REFERENTIAL_INTEGRITY,Null values in: vehicle_id | Referential integrity violation,NULL_VALUE|REFERENTIAL_INTEGRITY,2026-09-18T06:14:29.923892+00:00
BAD00095,UNKNOWN,BADVIN,not-a-date,999.0,-50.0,999.0,999.0,999.0,telemetry,INVALID_VIN|INVALID_DATE|OUT_OF_RANGE|REFERENTIAL_INTEGRITY,"Invalid or missing VIN | Invalid date in: timestamp | Out-of-range value in: battery_level, temperature, speed | Referential integrity violation",INVALID_VIN|INVALID_DATE|OUT_OF_RANGE|REFERENTIAL_INTEGRITY,2026-09-18T06:14:29.923892+00:00
EVT0041996,BMW00320,WBA00000000000320,2026-05-26 19:35:00,89.52,17.49,5.22,44.62677,70.5237,telemetry,DUPLICATE_RECORD,Duplicate record detected,DUPLICATE_RECORD,2026-09-18T06:14:29.923892+00:00
EVT0035698,BMWX00021,WBA00000000000247,2026-05-04 22:45:00,51.01,83.31,37.78,37.466086,-23.538078,telemetry,REFERENTIAL_INTEGRITY,Referential integrity violation,REFERENTIAL_INTEGRITY,2026-09-18T06:14:29.923892+00:00
EVT0078804,BMW00430,WBA00000000000430,2026-10-01 14:55:00,87.27,52.54,50.53,53.50356,-30.834699,telemetry,DUPLICATE_RECORD,Duplicate record detected,DUPLICATE_RECORD,2026-09-18T06:14:29.923892+00:00
EVT0042413,BMW00713,WBA00000000000713,2026-15-40 99:99:99,12.5,60.69,17.19,27.147457,92.845968,telemetry,INVALID_DATE,Invalid date in: timestamp,INVALID_DATE,2026-09-18T06:14:29.923892+00:00
EVT0088976,BMW00650,,2026-11-05 22:35:00,11.46,32.72,46.55,35.703662,12.49891,telemetry,NULL_VALUE|INVALID_VIN,Null values in: vin | Invalid or missing VIN,NULL_VALUE|INVALID_VIN,2026-09-18T06:14:29.923892+00:00
EVT0041124,BMW00582,,2026-05-23 18:55:00,14.11,25.36,10.59,50.025362,-24.440441,telemetry,NULL_VALUE|INVALID_VIN,Null values in: vin | Invalid or missing VIN,NULL_VALUE|INVALID_VIN,2026-09-18T06:14:29.923892+00:00
EVT0059127,BMW00349,WBA00000000000349,2026-07-25 07:10:00,36.68,70.08,,10.744141,-103.680943,telemetry,NULL_VALUE|OUT_OF_RANGE,Null values in: temperature | Out-of-range value in: temperature,NULL_VALUE|OUT_OF_RANGE,2026-09-18T06:14:29.923892+00:00
EVT0097796,BMW00555,WBA00000000000555,2026-12-06 13:35:00,44.65,44.83,9.77,45.608077,147.464381,telemetry,DUPLICATE_RECORD,Duplicate record detected,DUPLICATE_RECORD,2026-09-18T06:14:29.923892+00:00
EVT0097088,BMW00495,WBA00000000000495,2026-12-04 02:35:00,68.17,21.02,54.3,31.196833,53.125122,telemetry,DUPLICATE_RECORD,Duplicate record detected,DUPLICATE_RECORD,2026-09-18T06:14:29.923892+00:00
EVT0012716,BMW00957,INVALIDVIN,2026-02-14 03:35:00,59.64,153.09,10.14,29.803333,52.932934,telemetry,INVALID_VIN,Invalid or missing VIN,INVALID_VIN,2026-09-18T06:14:29.923892+00:00
EVT0003372,BMW00807,WBA00000000000807,2026-01-12 16:55:00,-25.0,141.23,0.89,19.291267,128.925126,telemetry,OUT_OF_RANGE,Out-of-range value in: battery_level,OUT_OF_RANGE,2026-09-18T06:14:29.923892+00:00
EVT0094213,BMW00548,WBA00000000000548,2026-11-24 03:00:00,82.08,122.86,39.52,41.17026,103.493242,telemetry,DUPLICATE_RECORD,Duplicate record detected,DUPLICATE_RECORD,2026-09-18T06:14:29.923892+00:00
EVT0003688,BMW00235,WBA00000000000235,2026-01-13 19:15:00,,115.94,4.64,15.588461,149.903224,telemetry,NULL_VALUE|OUT_OF_RANGE,Null values in: battery_level | Out-of-range value in: battery_level,NULL_VALUE|OUT_OF_RANGE,2026-09-18T06:14:29.923892+00:00
EVT0037785,BMW00443,WBA00000000000443,2026-05-12 04:40:00,,16.08,38.07,15.367727,42.182214,telemetry,NULL_VALUE|OUT_OF_RANGE,Null values in: battery_level | Out-of-range value in: battery_level,NULL_VALUE|OUT_OF_RANGE,2026-09-18T06:14:29.923892+00:00
EVT0064507,BMW00183,,2026-08-12 23:30:00,22.19,66.99,15.62,26.371284,-11.513381,telemetry,NULL_VALUE|INVALID_VIN,Null values in: vin | Invalid or missing VIN,NULL_VALUE|INVALID_VIN,2026-09-18T06:14:29.923892+00:00
BAD00008,UNKNOWN,BADVIN,not-a-date,999.0,-50.0,999.0,999.0,999.0,telemetry,INVALID_VIN|INVALID_DATE|OUT_OF_RANGE|REFERENTIAL_INTEGRITY,"Invalid or missing VIN | Invalid date in: timestamp | Out-of-range value in: battery_level, temperature, speed | Referential integrity violation",INVALID_VIN|INVALID_DATE|OUT_OF_RANGE|REFERENTIAL_INTEGRITY,2026-09-18T06:14:29.923892+00:00
EVT0036265,BMW00362,WBA00000000000362,2026-05-06 22:00:00,93.76,14.67,,29.231632,-92.353305,telemetry,NULL_VALUE|OUT_OF_RANGE,Null values in: temperature | Out-of-range value in: temperature,NULL_VALUE|OUT_OF_RANGE,2026-09-18T06:14:29.923892+00:00
BAD00077,UNKNOWN,BADVIN,not-a-date,999.0,-50.0,999.0,999.0,999.0,telemetry,INVALID_VIN|INVALID_DATE|OUT_OF_RANGE|REFERENTIAL_INTEGRITY,"Invalid or missing VIN | Invalid date in: timestamp | Out-of-range value in: battery_level, temperature, speed | Referential integrity violation",INVALID_VIN|INVALID_DATE|OUT_OF_RANGE|REFERENTIAL_INTEGRITY,2026-09-18T06:14:29.923892+00:00
EVT0033856,BMW00634,WBA00000000000634,2026-04-28 13:15:00,,29.26,-2.08,36.412413,-58.565576,telemetry,NULL_VALUE|OUT_OF_RANGE,Null values in: battery_level | Out-of-range value in: battery_level,NULL_VALUE|OUT_OF_RANGE,2026-09-18T06:14:29.923892+00:00
EVT0012897,BMW00387,WBA00000000000387,2026-02-14 18:40:00,65.79,14.53,25.08,47.079395,43.144298,telemetry,DUPLICATE_RECORD,Duplicate record detected,DUPLICATE_RECORD,2026-09-18T06:14:29.923892+00:00
EVT0033219,BMW00217,WBA00000000000217,2026-04-26 08:10:00,,44.38,37.15,25.510659,-104.848221,telemetry,NULL_VALUE|OUT_OF_RANGE,Null values in: battery_level | Out-of-range value in: battery_level,NULL_VALUE|OUT_OF_RANGE,2026-09-18T06:14:29.923892+00:00
EVT0088646,BMW00203,INVALIDVIN,2026-11-04 19:05:00,10.31,37.31,50.44,19.981337,10.425514,telemetry,INVALID_VIN,Invalid or missing VIN,INVALID_VIN,2026-09-18T06:14:29.923892+00:00
EVT0098624,BMW00929,WBA00000000000929,2026-12-09 10:35:00,150.0,47.99,16.5,28.258878,-11.741103,telemetry,OUT_OF_RANGE,Out-of-range value in: battery_level,OUT_OF_RANGE,2026-09-18T06:14:29.923892+00:00
EVT0072877,BMW00549,WBA00000000000549,2026-15-40 99:99:99,37.8,74.36,6.68,37.77729,115.362903,telemetry,INVALID_DATE,Invalid date in: timestamp,INVALID_DATE,2026-09-18T06:14:29.923892+00:00
EVT0015781,BMW00527,WBA00000000000527,2026-02-24 19:00:00,58.69,38.42,40.6,44.009498,145.166934,telemetry,DUPLICATE_RECORD,Duplicate record detected,DUPLICATE_RECORD,2026-09-18T06:14:29.923892+00:00
EVT0057374,BMW00055,WBA00000000000055,2026-07-19 05:05:00,16.27,148.56,200.0,33.040666,22.013581,telemetry,OUT_OF_RANGE,Out-of-range value in: temperature,OUT_OF_RANGE,2026-09-18T06:14:29.923892+00:00
EVT0022173,BMW00433,,2026-03-18 23:40:00,24.41,65.87,37.54,53.738677,-92.116738,telemetry,NULL_VALUE|INVALID_VIN,Null values in: vin | Invalid or missing VIN,NULL_VALUE|INVALID_VIN,2026-09-18T06:14:29.923892+00:00
EVT0032138,BMW00812,WBA00000000000812,2026-04-22 14:05:00,67.11,96.35,200.0,37.042126,-83.804712,telemetry,OUT_OF_RANGE,Out-of-range value in: temperature,OUT_OF_RANGE,2026-09-18T06:14:29.923892+00:00
EVT0092485,BMW00134,WBA00000000000134,2026-11-18 03:00:00,53.33,83.62,49.27,9.026827,146.302524,telemetry,DUPLICATE_RECORD,Duplicate record detected,DUPLICATE_RECORD,2026-09-18T06:14:29.923892+00:00
EVT0001756,BMW00916,WBA00000000000916,2026-01-07 02:15:00,73.56,96.77,-100.0,35.679183,143.39373,telemetry,OUT_OF_RANGE,Out-of-range value in: temperature,OUT_OF_RANGE,2026-09-18T06:14:29.923892+00:00
EVT0079939,BMW00224,WBA00000000000224,2026-10-05 13:30:00,,53.88,9.47,23.078408,99.917889,telemetry,NULL_VALUE|OUT_OF_RANGE,Null values in: battery_level | Out-of-range value in: battery_level,NULL_VALUE|OUT_OF_RANGE,2026-09-18T06:14:29.923892+00:00
EVT0060529,BMW00040,WBA00000000000040,2026-07-30 04:00:00,66.9,32.5,-80.0,51.089535,-89.978142,telemetry,OUT_OF_RANGE,Out-of-range value in: temperature,OUT_OF_RANGE,2026-09-18T06:14:29.923892+00:00
EVT0088967,BMW00982,WBA00000000000982,2026-11-05 21:50:00,180.0,84.24,17.7,47.353683,-84.709787,telemetry,OUT_OF_RANGE,Out-of-range value in: battery_level,OUT_OF_RANGE,2026-09-18T06:14:29.923892+00:00
EVT0064269,BMW00892,WBA00000000000892,2026-08-12 03:40:00,65.16,148.49,150.0,34.998698,-29.649556,telemetry,OUT_OF_RANGE,Out-of-range value in: temperature,OUT_OF_RANGE,2026-09-18T06:14:29.923892+00:00
EVT0057971,BMWX00183,WBA00000000000656,2026-07-21 06:50:00,71.54,56.41,20.18,18.545409,-109.895322,telemetry,REFERENTIAL_INTEGRITY,Referential integrity violation,REFERENTIAL_INTEGRITY,2026-09-18T06:14:29.923892+00:00
EVT0024018,BMW00628,,2026-03-25 09:25:00,55.9,155.34,26.86,45.679231,-14.771581,telemetry,NULL_VALUE|INVALID_VIN,Null values in: vin | Invalid or missing VIN,NULL_VALUE|INVALID_VIN,2026-09-18T06:14:29.923892+00:00
EVT0078215,BMW00412,,2026-09-29 13:50:00,76.23,17.53,12.95,27.889445,-73.863179,telemetry,NULL_VALUE|INVALID_VIN,Null values in: vin | Invalid or missing VIN,NULL_VALUE|INVALID_VIN,2026-09-18T06:14:29.923892+00:00
EVT0055309,BMW00577,WBA00000000000577,2026-07-12 01:00:00,35.43,6.42,,14.229583,-12.859072,telemetry,NULL_VALUE|OUT_OF_RANGE,Null values in: temperature | Out-of-range value in: temperature,NULL_VALUE|OUT_OF_RANGE,2026-09-18T06:14:29.923892+00:00
EVT0040002,BMW00534,,2026-05-19 21:25:00,52.98,2.47,13.85,18.276329,118.617271,telemetry,NULL_VALUE|INVALID_VIN,Null values in: vin | Invalid or missing VIN,NULL_VALUE|INVALID_VIN,2026-09-18T06:14:29.923892+00:00
EVT0008625,BMW00079,WBA00000000000079,2026-01-30 22:40:00,-25.0,70.26,47.54,32.418624,-109.549964,telemetry,OUT_OF_RANGE,Out-of-range value in: battery_level,OUT_OF_RANGE,2026-09-18T06:14:29.923892+00:00
EVT0038895,BMW00435,WBA00000000000435,2026-05-16 01:10:00,34.98,82.04,150.0,36.376365,-77.416182,telemetry,OUT_OF_RANGE,Out-of-range value in: temperature,OUT_OF_RANGE,2026-09-18T06:14:29.923892+00:00
EVT0077204,BMW00847,WBA00000000000847,2026-09-26 01:35:00,26.13,45.98,39.67,49.621291,16.591447,telemetry,DUPLICATE_RECORD,Duplicate record detected,DUPLICATE_RECORD,2026-09-18T06:14:29.923892+00:00
EVT0030353,BMW00484,WBA00000000000484,2026-04-16 09:20:00,180.0,10.33,39.22,25.507875,65.67951,telemetry,OUT_OF_RANGE,Out-of-range value in: battery_level,OUT_OF_RANGE,2026-09-18T06:14:29.923892+00:00
EVT0029108,BMW00288,WBA00000000000288,2026-04-12 01:35:00,,125.3,1.67,46.71394,-50.479191,telemetry,NULL_VALUE|OUT_OF_RANGE,Null values in: battery_level | Out-of-range value in: battery_level,NULL_VALUE|OUT_OF_RANGE,2026-09-18T06:14:29.923892+00:00
EVT0041963,BMW00111,WBA00000000000111,2026-05-26 16:50:00,17.76,155.61,41.42,36.569767,-51.131746,telemetry,DUPLICATE_RECORD,Duplicate record detected,DUPLICATE_RECORD,2026-09-18T06:14:29.923892+00:00
EVT0059230,BMW00232,WBA00000000000232,2026-07-25 15:45:00,36.03,29.17,200.0,27.32836,74.513819,telemetry,OUT_OF_RANGE,Out-of-range value in: temperature,OUT_OF_RANGE,2026-09-18T06:14:29.923892+00:00
EVT0092326,BMWX00135,WBA00000000000305,2026-11-17 13:45:00,26.28,60.73,-2.6,37.189956,86.471801,telemetry,REFERENTIAL_INTEGRITY,Referential integrity violation,REFERENTIAL_INTEGRITY,2026-09-18T06:14:29.923892+00:00
EVT0079278,BMW00823,WBA00000000000823,2026-10-03 06:25:00,51.42,66.07,44.8,49.653324,-117.775105,telemetry,DUPLICATE_RECORD,Duplicate record detected,DUPLICATE_RECORD,2026-09-18T06:14:29.923892+00:00
EVT0043907,BMW00676,WBA00000000000676,2026-06-02 10:50:00,39.03,133.93,-100.0,26.547941,141.172625,telemetry,OUT_OF_RANGE,Out-of-range value in: temperature,OUT_OF_RANGE,2026-09-18T06:14:29.923892+00:00
BAD00015,UNKNOWN,BADVIN,not-a-date,999.0,-50.0,999.0,999.0,999.0,telemetry,INVALID_VIN|INVALID_DATE|OUT_OF_RANGE|REFERENTIAL_INTEGRITY,"Invalid or missing VIN | Invalid date in: timestamp | Out-of-range value in: battery_level, temperature, speed | Referential integrity violation",INVALID_VIN|INVALID_DATE|OUT_OF_RANGE|REFERENTIAL_INTEGRITY,2026-09-18T06:14:29.923892+00:00
EVT0092992,BMW00638,WBA00000000000638,2026-11-19 21:15:00,74.61,132.01,12.45,30.801968,134.845127,telemetry,DUPLICATE_RECORD,Duplicate record detected,DUPLICATE_RECORD,2026-09-18T06:14:29.923892+00:00
EVT0083221,BMW00457,WBA00000000000457,2026-10-16 23:00:00,18.1,0.84,,32.709517,67.244921,telemetry,NULL_VALUE|OUT_OF_RANGE,Null values in: temperature | Out-of-range value in: temperature,NULL_VALUE|OUT_OF_RANGE,2026-09-18T06:14:29.923892+00:00
EVT0033223,BMW00023,WBA00000000000023,2026-04-26 08:30:00,57.74,123.58,10.36,23.952253,66.364222,telemetry,DUPLICATE_RECORD,Duplicate record detected,DUPLICATE_RECORD,2026-09-18T06:14:29.923892+00:00
EVT0031486,BMW00469,WBA00000000000469,2026-04-20 07:45:00,92.03,124.83,150.0,8.259484,110.975623,telemetry,OUT_OF_RANGE,Out-of-range value in: temperature,OUT_OF_RANGE,2026-09-18T06:14:29.923892+00:00
EVT0085143,,WBA00000000000377,2026-10-23 15:10:00,39.14,55.24,50.82,16.222946,31.112186,telemetry,NULL_VALUE|REFERENTIAL_INTEGRITY,Null values in: vehicle_id | Referential integrity violation,NULL_VALUE|REFERENTIAL_INTEGRITY,2026-09-18T06:14:29.923892+00:00
EVT0044450,BMW00386,INVALIDVIN,2026-06-04 08:05:00,50.9,62.87,21.45,45.176705,41.069778,telemetry,INVALID_VIN,Invalid or missing VIN,INVALID_VIN,2026-09-18T06:14:29.923892+00:00
EVT0016388,BMW00225,WBA00000000000225,2026-15-40 99:99:99,88.91,96.42,41.48,50.354088,-111.761008,telemetry,INVALID_DATE,Invalid date in: timestamp,INVALID_DATE,2026-09-18T06:14:29.923892+00:00
EVT0082855,,WBA00000000000471,2026-10-15 16:30:00,38.02,93.14,33.15,39.323977,-19.821667,telemetry,NULL_VALUE|REFERENTIAL_INTEGRITY,Null values in: vehicle_id | Referential integrity violation,NULL_VALUE|REFERENTIAL_INTEGRITY,2026-09-18T06:14:29.923892+00:00
EVT0082200,BMW00622,WBA00000000000622,2026-10-13 09:55:00,13.59,144.97,41.71,51.570183,-9.815668,telemetry,DUPLICATE_RECORD,Duplicate record detected,DUPLICATE_RECORD,2026-09-18T06:14:29.923892+00:00
EVT0039758,BMW00429,WBA00000000000429,2026-15-40 99:99:99,27.56,19.62,35.29,43.968211,54.253923,telemetry,INVALID_DATE,Invalid date in: timestamp,INVALID_DATE,2026-09-18T06:14:29.923892+00:00
EVT0051529,BMW00633,WBA00000000000633,2026-06-28 22:00:00,87.99,17.99,,52.807008,21.350835,telemetry,NULL_VALUE|OUT_OF_RANGE,Null values in: temperature | Out-of-range value in: temperature,NULL_VALUE|OUT_OF_RANGE,2026-09-18T06:14:29.923892+00:00
EVT0047819,BMW00254,INVALIDVIN,2026-06-16 00:50:00,80.93,104.04,24.88,36.484022,-33.991904,telemetry,INVALID_VIN,Invalid or missing VIN,INVALID_VIN,2026-09-18T06:14:29.923892+00:00
BAD00074,UNKNOWN,BADVIN,not-a-date,999.0,-50.0,999.0,999.0,999.0,telemetry,INVALID_VIN|INVALID_DATE|OUT_OF_RANGE|REFERENTIAL_INTEGRITY,"Invalid or missing VIN | Invalid date in: timestamp | Out-of-range value in: battery_level, temperature, speed | Referential integrity violation",INVALID_VIN|INVALID_DATE|OUT_OF_RANGE|REFERENTIAL_INTEGRITY,2026-09-18T06:14:29.923892+00:00
EVT0047189,BMW00346,INVALIDVIN,2026-06-13 20:20:00,93.55,149.5,47.49,12.277547,-89.096125,telemetry,INVALID_VIN,Invalid or missing VIN,INVALID_VIN,2026-09-18T06:14:29.923892+00:00
EVT0080185,BMW00823,WBA00000000000823,2026-10-06 10:00:00,76.11,153.3,47.71,8.331986,-72.316605,telemetry,DUPLICATE_RECORD,Duplicate record detected,DUPLICATE_RECORD,2026-09-18T06:14:29.923892+00:00
EVT0000088,BMW00250,WBA00000000000250,2026-01-01 07:15:00,90.03,51.05,51.57,28.739514,39.771992,telemetry,DUPLICATE_RECORD,Duplicate record detected,DUPLICATE_RECORD,2026-09-18T06:14:29.923892+00:00
EVT0048445,,WBA00000000000478,2026-06-18 05:00:00,31.78,8.88,53.18,26.689558,-88.996596,telemetry,NULL_VALUE|REFERENTIAL_INTEGRITY,Null values in: vehicle_id | Referential integrity violation,NULL_VALUE|REFERENTIAL_INTEGRITY,2026-09-18T06:14:29.923892+00:00
EVT0002729,BMW00221,INVALIDVIN,2026-01-10 11:20:00,28.49,154.82,33.56,41.443749,-99.065976,telemetry,INVALID_VIN,Invalid or missing VIN,INVALID_VIN,2026-09-18T06:14:29.923892+00:00
EVT0007678,BMW00151,WBA00000000000151,2026-01-27 15:45:00,49.58,112.95,41.99,44.372353,-0.589382,telemetry,DUPLICATE_RECORD,Duplicate record detected,DUPLICATE_RECORD,2026-09-18T06:14:29.923892+00:00
EVT0045581,BMW00766,WBA00000000000766,2026-15-40 99:99:99,78.71,88.58,,38.913379,71.728397,telemetry,NULL_VALUE|INVALID_DATE|OUT_OF_RANGE,Null values in: temperature | Invalid date in: timestamp | Out-of-range value in: temperature,NULL_VALUE|INVALID_DATE|OUT_OF_RANGE,2026-09-18T06:14:29.923892+00:00
EVT0024933,BMWX00085,WBA00000000000978,2026-03-28 13:40:00,88.08,103.11,35.84,36.768365,-12.08109,telemetry,REFERENTIAL_INTEGRITY,Referential integrity violation,REFERENTIAL_INTEGRITY,2026-09-18T06:14:29.923892+00:00
EVT0056204,BMW00778,WBA00000000000778,2026-15-40 99:99:99,71.48,32.03,45.35,28.97905,134.398466,telemetry,INVALID_DATE,Invalid date in: timestamp,INVALID_DATE,2026-09-18T06:14:29.923892+00:00
EVT0098444,BMW00641,WBA00000000000641,2026-12-08 19:35:00,78.37,63.72,45.14,42.435324,45.948179,telemetry,DUPLICATE_RECORD,Duplicate record detected,DUPLICATE_RECORD,2026-09-18T06:14:29.923892+00:00
EVT0056876,,WBA00000000000288,2026-07-17 11:35:00,90.84,142.54,23.55,50.378405,22.09448,telemetry,NULL_VALUE|REFERENTIAL_INTEGRITY,Null values in: vehicle_id | Referential integrity violation,NULL_VALUE|REFERENTIAL_INTEGRITY,2026-09-18T06:14:29.923892+00:00
EVT0086300,BMW00441,WBA00000000000441,2026-10-27 15:35:00,,108.59,37.89,26.667535,18.460464,telemetry,NULL_VALUE|OUT_OF_RANGE,Null values in: battery_level | Out-of-range value in: battery_level,NULL_VALUE|OUT_OF_RANGE,2026-09-18T06:14:29.923892+00:00
EVT0018374,BMW00200,WBA00000000000200,2026-03-05 19:05:00,97.44,54.52,22.57,22.067369,-99.726458,telemetry,DUPLICATE_RECORD,Duplicate record detected,DUPLICATE_RECORD,2026-09-18T06:14:29.923892+00:00
EVT0025119,BMW00916,WBA00000000000916,2026-15-40 99:99:99,48.12,145.41,36.47,54.21303,81.156523,telemetry,INVALID_DATE,Invalid date in: timestamp,INVALID_DATE,2026-09-18T06:14:29.923892+00:00
EVT0012009,BMW00402,WBA00000000000402,2026-02-11 16:40:00,40.6,134.91,-80.0,44.627163,-91.305664,telemetry,OUT_OF_RANGE,Out-of-range value in: temperature,OUT_OF_RANGE,2026-09-18T06:14:29.923892+00:00
EVT0026179,BMW00668,WBA00000000000668,2026-04-01 21:30:00,57.78,76.09,150.0,37.250632,-112.25826,telemetry,OUT_OF_RANGE,Out-of-range value in: temperature,OUT_OF_RANGE,2026-09-18T06:14:29.923892+00:00
EVT0014185,BMW00105,INVALIDVIN,2026-02-19 06:00:00,27.1,63.21,-0.64,37.656799,-37.384697,telemetry,INVALID_VIN,Invalid or missing VIN,INVALID_VIN,2026-09-18T06:14:29.923892+00:00
EVT0017945,BMW00808,WBA00000000000808,2026-03-04 07:20:00,18.56,16.62,,22.405498,-107.428572,telemetry,NULL_VALUE|OUT_OF_RANGE,Null values in: temperature | Out-of-range value in: temperature,NULL_VALUE|OUT_OF_RANGE,2026-09-18T06:14:29.923892+00:00
EVT0069369,BMW00232,WBA00000000000232,2026-15-40 99:99:99,55.48,106.86,39.02,52.294741,-44.576138,telemetry,INVALID_DATE,Invalid date in: timestamp,INVALID_DATE,2026-09-18T06:14:29.923892+00:00
EVT0018765,BMW00435,WBA00000000000435,2026-03-07 03:40:00,-10.0,67.15,46.13,50.832317,42.691115,telemetry,OUT_OF_RANGE,Out-of-range value in: battery_level,OUT_OF_RANGE,2026-09-18T06:14:29.923892+00:00
BAD00099,UNKNOWN,BADVIN,not-a-date,999.0,-50.0,999.0,999.0,999.0,telemetry,INVALID_VIN|INVALID_DATE|OUT_OF_RANGE|REFERENTIAL_INTEGRITY,"Invalid or missing VIN | Invalid date in: timestamp | Out-of-range value in: battery_level, temperature, speed | Referential integrity violation",INVALID_VIN|INVALID_DATE|OUT_OF_RANGE|REFERENTIAL_INTEGRITY,2026-09-18T06:14:29.923892+00:00
EVT0061496,,WBA00000000000926,2026-08-02 12:35:00,75.65,8.39,-8.11,15.567018,81.688724,telemetry,NULL_VALUE|REFERENTIAL_INTEGRITY,Null values in: vehicle_id | Referential integrity violation,NULL_VALUE|REFERENTIAL_INTEGRITY,2026-09-18T06:14:29.923892+00:00
EVT0087812,BMW00179,INVALIDVIN,2026-11-01 21:35:00,72.1,77.47,26.46,51.334256,-58.176981,telemetry,INVALID_VIN,Invalid or missing VIN,INVALID_VIN,2026-09-18T06:14:29.923892+00:00
EVT0010234,BMW00294,WBA00000000000294,2026-02-05 12:45:00,71.19,39.27,,17.682889,-53.625055,telemetry,NULL_VALUE|OUT_OF_RANGE,Null values in: temperature | Out-of-range value in: temperature,NULL_VALUE|OUT_OF_RANGE,2026-09-18T06:14:29.923892+00:00
EVT0011713,BMW00113,WBA00000000000113,2026-02-10 16:00:00,94.77,18.93,10.05,48.050344,63.76457,telemetry,DUPLICATE_RECORD,Duplicate record detected,DUPLICATE_RECORD,2026-09-18T06:14:29.923892+00:00
EVT0039603,BMW00890,,2026-05-18 12:10:00,38.03,5.75,29.63,11.724705,79.469656,telemetry,NULL_VALUE|INVALID_VIN,Null values in: vin | Invalid or missing VIN,NULL_VALUE|INVALID_VIN,2026-09-18T06:14:29.923892+00:00
EVT0038640,BMW00991,WBA00000000000991,2026-05-15 03:55:00,-25.0,2.38,-6.68,18.321373,-67.627987,telemetry,OUT_OF_RANGE,Out-of-range value in: battery_level,OUT_OF_RANGE,2026-09-18T06:14:29.923892+00:00
EVT0056481,BMW00193,INVALIDVIN,2026-07-16 02:40:00,28.05,87.01,1.5,48.056903,137.966978,telemetry,INVALID_VIN,Invalid or missing VIN,INVALID_VIN,2026-09-18T06:14:29.923892+00:00
EVT0000235,BMW00377,WBA00000000000377,2026-15-40 99:99:99,91.8,58.66,45.64,26.093374,-29.70538,telemetry,INVALID_DATE,Invalid date in: timestamp,INVALID_DATE,2026-09-18T06:14:29.923892+00:00
EVT0039769,BMW00532,WBA00000000000532,2026-15-40 99:99:99,58.78,110.72,4.47,37.578535,-38.424115,telemetry,INVALID_DATE,Invalid date in: timestamp,INVALID_DATE,2026-09-18T06:14:29.923892+00:00
EVT0040060,BMWX00070,WBA00000000000204,2026-05-20 02:15:00,33.37,112.64,6.49,34.184442,-43.492106,telemetry,REFERENTIAL_INTEGRITY,Referential integrity violation,REFERENTIAL_INTEGRITY,2026-09-18T06:14:29.923892+00:00
EVT0058487,BMW00428,WBA00000000000428,2026-07-23 01:50:00,83.51,104.97,200.0,51.926937,103.514161,telemetry,OUT_OF_RANGE,Out-of-range value in: temperature,OUT_OF_RANGE,2026-09-18T06:14:29.923892+00:00
EVT0089885,BMW00921,WBA00000000000921,2026-11-09 02:20:00,91.24,94.99,24.48,43.668068,81.57048,telemetry,DUPLICATE_RECORD,Duplicate record detected,DUPLICATE_RECORD,2026-09-18T06:14:29.923892+00:00
EVT0074148,BMW00133,WBA00000000000133,2026-09-15 10:55:00,,47.99,19.14,16.809432,-52.669764,telemetry,NULL_VALUE|OUT_OF_RANGE,Null values in: battery_level | Out-of-range value in: battery_level,NULL_VALUE|OUT_OF_RANGE,2026-09-18T06:14:29.923892+00:00
EVT0063453,BMW00135,,2026-08-09 07:40:00,66.11,151.74,16.81,39.627649,123.405424,telemetry,NULL_VALUE|INVALID_VIN,Null values in: vin | Invalid or missing VIN,NULL_VALUE|INVALID_VIN,2026-09-18T06:14:29.923892+00:00
EVT0089237,BMWX00092,WBA00000000000958,2026-11-06 20:20:00,73.66,113.0,19.68,32.156069,23.714904,telemetry,REFERENTIAL_INTEGRITY,Referential integrity violation,REFERENTIAL_INTEGRITY,2026-09-18T06:14:29.923892+00:00
EVT0008128,BMW00945,,2026-01-29 05:15:00,70.39,48.33,-4.5,9.68874,-66.103403,telemetry,NULL_VALUE|INVALID_VIN,Null values in: vin | Invalid or missing VIN,NULL_VALUE|INVALID_VIN,2026-09-18T06:14:29.923892+00:00
EVT0070161,BMW00032,INVALIDVIN,2026-09-01 14:40:00,24.44,145.79,33.25,29.350558,37.989225,telemetry,INVALID_VIN,Invalid or missing VIN,INVALID_VIN,2026-09-18T06:14:29.923892+00:00
EVT0024718,BMWX00050,WBA00000000000243,2026-03-27 19:45:00,61.56,132.99,32.31,50.823808,-1.042781,telemetry,REFERENTIAL_INTEGRITY,Referential integrity violation,REFERENTIAL_INTEGRITY,2026-09-18T06:14:29.923892+00:00
EVT0088656,BMW00663,,2026-11-04 19:55:00,56.58,21.72,51.68,13.424211,117.676693,telemetry,NULL_VALUE|INVALID_VIN,Null values in: vin | Invalid or missing VIN,NULL_VALUE|INVALID_VIN,2026-09-18T06:14:29.923892+00:00
EVT0009157,BMW00400,WBA00000000000400,2026-02-01 19:00:00,21.57,12.8,200.0,14.886011,-31.186258,telemetry,OUT_OF_RANGE,Out-of-range value in: temperature,OUT_OF_RANGE,2026-09-18T06:14:29.923892+00:00
EVT0062100,BMWX00038,WBA00000000000950,2026-08-04 14:55:00,87.55,145.93,20.26,36.377826,-96.044727,telemetry,REFERENTIAL_INTEGRITY,Referential integrity violation,REFERENTIAL_INTEGRITY,2026-09-18T06:14:29.923892+00:00
EVT0082418,BMW00365,WBA00000000000365,2026-10-14 04:05:00,96.65,97.27,26.39,52.716843,3.471904,telemetry,DUPLICATE_RECORD,Duplicate record detected,DUPLICATE_RECORD,2026-09-18T06:14:29.923892+00:00
EVT0004207,BMW00368,WBA00000000000368,2026-01-15 14:30:00,180.0,10.26,35.57,39.853768,94.07572,telemetry,OUT_OF_RANGE,Out-of-range value in: battery_level,OUT_OF_RANGE,2026-09-18T06:14:29.923892+00:00
EVT0043535,BMW00737,WBA00000000000737,2026-06-01 03:50:00,55.25,126.82,150.0,39.565553,55.459786,telemetry,OUT_OF_RANGE,Out-of-range value in: temperature,OUT_OF_RANGE,2026-09-18T06:14:29.923892+00:00
EVT0067179,,WBA00000000000293,2026-08-22 06:10:00,50.01,63.61,26.28,51.820844,145.936354,telemetry,NULL_VALUE|REFERENTIAL_INTEGRITY,Null values in: vehicle_id | Referential integrity violation,NULL_VALUE|REFERENTIAL_INTEGRITY,2026-09-18T06:14:29.923892+00:00
EVT0048430,BMW00599,,2026-06-18 03:45:00,76.23,120.13,6.52,22.942626,147.153647,telemetry,NULL_VALUE|INVALID_VIN,Null values in: vin | Invalid or missing VIN,NULL_VALUE|INVALID_VIN,2026-09-18T06:14:29.923892+00:00
EVT0005045,BMW00536,WBA00000000000536,2026-01-18 12:20:00,38.59,136.93,-100.0,21.220486,23.567082,telemetry,OUT_OF_RANGE,Out-of-range value in: temperature,OUT_OF_RANGE,2026-09-18T06:14:29.923892+00:00
EVT0050700,BMW00832,WBA00000000000832,2026-06-26 00:55:00,52.36,37.77,-80.0,26.429438,10.111317,telemetry,OUT_OF_RANGE,Out-of-range value in: temperature,OUT_OF_RANGE,2026-09-18T06:14:29.923892+00:00
EVT0099907,BMW00409,WBA00000000000409,2026-12-13 21:30:00,51.92,137.31,25.56,52.29732,-76.32024,telemetry,DUPLICATE_RECORD,Duplicate record detected,DUPLICATE_RECORD,2026-09-18T06:14:29.923892+00:00
EVT0053769,,WBA00000000000404,2026-07-06 16:40:00,65.95,119.55,41.05,54.217167,-7.258769,telemetry,NULL_VALUE|REFERENTIAL_INTEGRITY,Null values in: vehicle_id | Referential integrity violation,NULL_VALUE|REFERENTIAL_INTEGRITY,2026-09-18T06:14:29.923892+00:00
EVT0095030,BMW00585,,2026-11-26 23:05:00,15.82,109.93,44.92,31.798188,124.433761,telemetry,NULL_VALUE|INVALID_VIN,Null values in: vin | Invalid or missing VIN,NULL_VALUE|INVALID_VIN,2026-09-18T06:14:29.923892+00:00
EVT0001967,BMW00904,WBA00000000000904,2026-01-07 19:50:00,55.64,23.74,9.33,18.264478,-48.550848,telemetry,DUPLICATE_RECORD,Duplicate record detected,DUPLICATE_RECORD,2026-09-18T06:14:29.923892+00:00
EVT0034487,BMWX00007,WBA00000000000712,2026-04-30 17:50:00,21.39,116.78,33.38,19.851553,50.238355,telemetry,REFERENTIAL_INTEGRITY,Referential integrity violation,REFERENTIAL_INTEGRITY,2026-09-18T06:14:29.923892+00:00
BAD00070,UNKNOWN,BADVIN,not-a-date,999.0,-50.0,999.0,999.0,999.0,telemetry,INVALID_VIN|INVALID_DATE|OUT_OF_RANGE|REFERENTIAL_INTEGRITY,"Invalid or missing VIN | Invalid date in: timestamp | Out-of-range value in: battery_level, temperature, speed | Referential integrity violation",INVALID_VIN|INVALID_DATE|OUT_OF_RANGE|REFERENTIAL_INTEGRITY,2026-09-18T06:14:29.923892+00:00
EVT0003414,BMWX00145,WBA00000000000191,2026-01-12 20:25:00,31.68,50.98,14.65,27.932086,63.094805,telemetry,REFERENTIAL_INTEGRITY,Referential integrity violation,REFERENTIAL_INTEGRITY,2026-09-18T06:14:29.923892+00:00
EVT0093977,BMW00448,INVALIDVIN,2026-11-23 07:20:00,96.13,5.9,-9.68,47.431499,107.790769,telemetry,INVALID_VIN,Invalid or missing VIN,INVALID_VIN,2026-09-18T06:14:29.923892+00:00
EVT0044934,BMW00032,WBA00000000000032,2026-06-06 00:25:00,-10.0,155.14,19.06,18.1429,89.805894,telemetry,OUT_OF_RANGE,Out-of-range value in: battery_level,OUT_OF_RANGE,2026-09-18T06:14:29.923892+00:00
EVT0095480,BMW00599,WBA00000000000599,2026-15-40 99:99:99,65.62,92.18,-5.7,46.46002,127.466886,telemetry,INVALID_DATE,Invalid date in: timestamp,INVALID_DATE,2026-09-18T06:14:29.923892+00:00
EVT0085560,BMW00471,WBA00000000000471,2026-10-25 01:55:00,20.81,154.69,200.0,39.885452,85.264529,telemetry,OUT_OF_RANGE,Out-of-range value in: temperature,OUT_OF_RANGE,2026-09-18T06:14:29.923892+00:00
EVT0088477,BMW00753,WBA00000000000753,2026-11-04 05:00:00,46.25,42.42,1.01,24.01638,-3.416694,telemetry,DUPLICATE_RECORD,Duplicate record detected,DUPLICATE_RECORD,2026-09-18T06:14:29.923892+00:00
EVT0005606,,WBA00000000000726,2026-01-20 11:05:00,57.41,14.14,32.63,47.593886,-52.073407,telemetry,NULL_VALUE|REFERENTIAL_INTEGRITY,Null values in: vehicle_id | Referential integrity violation,NULL_VALUE|REFERENTIAL_INTEGRITY,2026-09-18T06:14:29.923892+00:00
EVT0090042,BMW00133,INVALIDVIN,2026-11-09 15:25:00,46.93,53.74,19.93,18.026496,-73.79654,telemetry,INVALID_VIN,Invalid or missing VIN,INVALID_VIN,2026-09-18T06:14:29.923892+00:00
EVT0078128,BMWX00035,WBA00000000000317,2026-09-29 06:35:00,60.5,19.12,16.38,41.213268,142.544116,telemetry,REFERENTIAL_INTEGRITY,Referential integrity violation,REFERENTIAL_INTEGRITY,2026-09-18T06:14:29.923892+00:00
EVT0050355,BMWX00158,WBA00000000000701,2026-06-24 20:10:00,45.58,20.17,39.19,17.082664,-99.820296,telemetry,REFERENTIAL_INTEGRITY,Referential integrity violation,REFERENTIAL_INTEGRITY,2026-09-18T06:14:29.923892+00:00
EVT0093323,BMW00510,WBA00000000000510,2026-11-21 00:50:00,22.54,157.11,35.34,46.552402,78.382074,telemetry,DUPLICATE_RECORD,Duplicate record detected,DUPLICATE_RECORD,2026-09-18T06:14:29.923892+00:00
EVT0097382,BMW00058,WBA00000000000058,2026-12-05 03:05:00,27.03,62.34,200.0,20.160459,125.765216,telemetry,OUT_OF_RANGE,Out-of-range value in: temperature,OUT_OF_RANGE,2026-09-18T06:14:29.923892+00:00
EVT0056900,BMW00527,,2026-07-17 13:35:00,44.81,15.67,24.54,44.837486,-95.638805,telemetry,NULL_VALUE|INVALID_VIN,Null values in: vin | Invalid or missing VIN,NULL_VALUE|INVALID_VIN,2026-09-18T06:14:29.923892+00:00
EVT0064106,BMW00602,WBA00000000000602,2026-15-40 99:99:99,19.76,71.81,27.51,45.48234,134.576527,telemetry,INVALID_DATE,Invalid date in: timestamp,INVALID_DATE,2026-09-18T06:14:29.923892+00:00
EVT0084165,BMW00798,WBA00000000000798,2026-10-20 05:40:00,87.53,0.66,,25.985181,92.886187,telemetry,NULL_VALUE|OUT_OF_RANGE,Null values in: temperature | Out-of-range value in: temperature,NULL_VALUE|OUT_OF_RANGE,2026-09-18T06:14:29.923892+00:00
EVT0040731,BMW00551,WBA00000000000551,2026-05-22 10:10:00,,28.74,-7.12,22.560874,13.26267,telemetry,NULL_VALUE|OUT_OF_RANGE,Null values in: battery_level | Out-of-range value in: battery_level,NULL_VALUE|OUT_OF_RANGE,2026-09-18T06:14:29.923892+00:00
EVT0098395,BMW00301,WBA00000000000301,2026-12-08 15:30:00,180.0,94.28,43.06,52.90496,127.236061,telemetry,OUT_OF_RANGE,Out-of-range value in: battery_level,OUT_OF_RANGE,2026-09-18T06:14:29.923892+00:00
EVT0071657,BMW00775,WBA00000000000775,2026-09-06 19:20:00,180.0,15.86,37.35,41.72934,-30.628657,telemetry,OUT_OF_RANGE,Out-of-range value in: battery_level,OUT_OF_RANGE,2026-09-18T06:14:29.923892+00:00
EVT0054552,BMWX00146,WBA00000000000481,2026-07-09 09:55:00,21.96,106.84,-0.67,31.014394,-59.645881,telemetry,REFERENTIAL_INTEGRITY,Referential integrity violation,REFERENTIAL_INTEGRITY,2026-09-18T06:14:29.923892+00:00
EVT0037821,BMW00979,WBA00000000000979,2026-05-12 07:40:00,21.97,110.49,,19.918588,70.104687,telemetry,NULL_VALUE|OUT_OF_RANGE,Null values in: temperature | Out-of-range value in: temperature,NULL_VALUE|OUT_OF_RANGE,2026-09-18T06:14:29.923892+00:00
EVT0064655,BMW00433,WBA00000000000433,2026-15-40 99:99:99,76.59,142.01,42.89,42.353003,-86.166274,telemetry,INVALID_DATE,Invalid date in: timestamp,INVALID_DATE,2026-09-18T06:14:29.923892+00:00
EVT0016886,BMW00475,WBA00000000000475,2026-02-28 15:05:00,86.96,142.25,52.38,27.617918,-68.755548,telemetry,DUPLICATE_RECORD,Duplicate record detected,DUPLICATE_RECORD,2026-09-18T06:14:29.923892+00:00
EVT0039649,BMW00359,WBA00000000000359,2026-05-18 16:00:00,150.0,95.3,-7.97,23.020989,-26.177061,telemetry,OUT_OF_RANGE,Out-of-range value in: battery_level,OUT_OF_RANGE,2026-09-18T06:14:29.923892+00:00
EVT0043421,BMW00504,WBA00000000000504,2026-05-31 18:20:00,18.18,85.68,200.0,42.625896,-7.112192,telemetry,OUT_OF_RANGE,Out-of-range value in: temperature,OUT_OF_RANGE,2026-09-18T06:14:29.923892+00:00
EVT0089348,BMWX00053,WBA00000000000357,2026-11-07 05:35:00,16.73,158.92,39.94,40.042088,-2.075333,telemetry,REFERENTIAL_INTEGRITY,Referential integrity violation,REFERENTIAL_INTEGRITY,2026-09-18T06:14:29.923892+00:00
EVT0072608,BMW00849,WBA00000000000849,2026-09-10 02:35:00,-10.0,95.66,31.89,29.470998,131.647016,telemetry,OUT_OF_RANGE,Out-of-range value in: battery_level,OUT_OF_RANGE,2026-09-18T06:14:29.923892+00:00
EVT0062646,BMW00894,WBA00000000000894,2026-15-40 99:99:99,10.78,6.67,29.63,25.306131,-24.878809,telemetry,INVALID_DATE,Invalid date in: timestamp,INVALID_DATE,2026-09-18T06:14:29.923892+00:00
EVT0032851,BMWX00124,WBA00000000000352,2026-04-25 01:30:00,28.93,67.94,18.31,17.377773,5.920181,telemetry,REFERENTIAL_INTEGRITY,Referential integrity violation,REFERENTIAL_INTEGRITY,2026-09-18T06:14:29.923892+00:00
EVT0021944,BMW00729,WBA00000000000729,2026-03-18 04:35:00,150.0,47.75,36.49,43.977521,-59.193192,telemetry,OUT_OF_RANGE,Out-of-range value in: battery_level,OUT_OF_RANGE,2026-09-18T06:14:29.923892+00:00
EVT0018332,BMW00656,WBA00000000000656,2026-03-05 15:35:00,59.53,72.76,35.33,11.948631,105.684134,telemetry,DUPLICATE_RECORD,Duplicate record detected,DUPLICATE_RECORD,2026-09-18T06:14:29.923892+00:00
EVT0067636,BMW00352,WBA00000000000352,2026-08-23 20:15:00,,129.54,16.59,54.055182,-41.038479,telemetry,NULL_VALUE|OUT_OF_RANGE,Null values in: battery_level | Out-of-range value in: battery_level,NULL_VALUE|OUT_OF_RANGE,2026-09-18T06:14:29.923892+00:00
EVT0086547,BMW00124,WBA00000000000124,2026-10-28 12:10:00,60.39,24.23,47.34,39.437006,26.780385,telemetry,DUPLICATE_RECORD,Duplicate record detected,DUPLICATE_RECORD,2026-09-18T06:14:29.923892+00:00
EVT0026273,BMW00227,WBA00000000000227,2026-04-02 05:20:00,48.34,93.32,200.0,26.514665,-15.775705,telemetry,OUT_OF_RANGE,Out-of-range value in: temperature,OUT_OF_RANGE,2026-09-18T06:14:29.923892+00:00
EVT0078404,BMW00858,WBA00000000000858,2026-09-30 05:35:00,96.36,93.69,150.0,15.170581,97.780602,telemetry,OUT_OF_RANGE,Out-of-range value in: temperature,OUT_OF_RANGE,2026-09-18T06:14:29.923892+00:00
EVT0038460,,WBA00000000000408,2026-05-14 12:55:00,85.55,84.83,36.74,24.770413,117.297064,telemetry,NULL_VALUE|REFERENTIAL_INTEGRITY,Null values in: vehicle_id | Referential integrity violation,NULL_VALUE|REFERENTIAL_INTEGRITY,2026-09-18T06:14:29.923892+00:00
EVT0049916,BMW00842,,2026-06-23 07:35:00,62.94,41.74,5.47,34.323293,-53.673833,telemetry,NULL_VALUE|INVALID_VIN,Null values in: vin | Invalid or missing VIN,NULL_VALUE|INVALID_VIN,2026-09-18T06:14:29.923892+00:00
EVT0033489,BMW00225,WBA00000000000225,2026-15-40 99:99:99,81.8,127.55,7.6,51.453925,24.593945,telemetry,INVALID_DATE,Invalid date in: timestamp,INVALID_DATE,2026-09-18T06:14:29.923892+00:00
EVT0038574,BMW00213,,2026-05-14 22:25:00,37.86,101.19,53.06,20.559175,105.286188,telemetry,NULL_VALUE|INVALID_VIN,Null values in: vin | Invalid or missing VIN,NULL_VALUE|INVALID_VIN,2026-09-18T06:14:29.923892+00:00
BAD00075,UNKNOWN,BADVIN,not-a-date,999.0,-50.0,999.0,999.0,999.0,telemetry,INVALID_VIN|INVALID_DATE|OUT_OF_RANGE|REFERENTIAL_INTEGRITY,"Invalid or missing VIN | Invalid date in: timestamp | Out-of-range value in: battery_level, temperature, speed | Referential integrity violation",INVALID_VIN|INVALID_DATE|OUT_OF_RANGE|REFERENTIAL_INTEGRITY,2026-09-18T06:14:29.923892+00:00
EVT0075928,BMW00667,WBA00000000000667,2026-09-21 15:15:00,88.4,79.36,,50.80913,-35.182177,telemetry,NULL_VALUE|OUT_OF_RANGE,Null values in: temperature | Out-of-range value in: temperature,NULL_VALUE|OUT_OF_RANGE,2026-09-18T06:14:29.923892+00:00
EVT0041705,BMW00054,,2026-05-25 19:20:00,180.0,45.67,18.17,42.260495,99.611217,telemetry,NULL_VALUE|INVALID_VIN|OUT_OF_RANGE,Null values in: vin | Invalid or missing VIN | Out-of-range value in: battery_level,NULL_VALUE|INVALID_VIN|OUT_OF_RANGE,2026-09-18T06:14:29.923892+00:00
EVT0001650,BMW00605,WBA00000000000605,2026-01-06 17:25:00,92.68,115.98,200.0,30.225553,102.11337,telemetry,OUT_OF_RANGE,Out-of-range value in: temperature,OUT_OF_RANGE,2026-09-18T06:14:29.923892+00:00
EVT0078706,BMW00354,INVALIDVIN,2026-10-01 06:45:00,67.98,124.47,40.33,13.724283,-39.258324,telemetry,INVALID_VIN,Invalid or missing VIN,INVALID_VIN,2026-09-18T06:14:29.923892+00:00
EVT0048641,BMW00976,WBA00000000000976,2026-06-18 21:20:00,,3.79,15.35,16.789447,10.495157,telemetry,NULL_VALUE|OUT_OF_RANGE,Null values in: battery_level | Out-of-range value in: battery_level,NULL_VALUE|OUT_OF_RANGE,2026-09-18T06:14:29.923892+00:00
EVT0001364,BMW00258,WBA00000000000258,2026-15-40 99:99:99,77.0,46.56,39.72,23.208076,-118.522616,telemetry,INVALID_DATE,Invalid date in: timestamp,INVALID_DATE,2026-09-18T06:14:29.923892+00:00
EVT0000867,BMW00719,WBA00000000000719,2026-01-04 00:10:00,44.53,123.35,21.42,26.937085,-106.367651,telemetry,DUPLICATE_RECORD,Duplicate record detected,DUPLICATE_RECORD,2026-09-18T06:14:29.923892+00:00
EVT0061851,BMW00370,INVALIDVIN,2026-08-03 18:10:00,14.03,149.51,24.62,8.670211,-25.875605,telemetry,INVALID_VIN,Invalid or missing VIN,INVALID_VIN,2026-09-18T06:14:29.923892+00:00
EVT0001786,BMW00975,,2026-01-07 04:45:00,40.35,69.98,40.88,46.565746,98.645113,telemetry,NULL_VALUE|INVALID_VIN,Null values in: vin | Invalid or missing VIN,NULL_VALUE|INVALID_VIN,2026-09-18T06:14:29.923892+00:00
EVT0029896,BMW00289,WBA00000000000289,2026-04-14 19:15:00,,97.91,19.41,30.25046,134.971802,telemetry,NULL_VALUE|OUT_OF_RANGE,Null values in: battery_level | Out-of-range value in: battery_level,NULL_VALUE|OUT_OF_RANGE,2026-09-18T06:14:29.923892+00:00
EVT0003312,BMW00007,WBA00000000000007,2026-01-12 11:55:00,43.06,139.94,,21.984798,94.305996,telemetry,NULL_VALUE|OUT_OF_RANGE,Null values in: temperature | Out-of-range value in: temperature,NULL_VALUE|OUT_OF_RANGE,2026-09-18T06:14:29.923892+00:00
EVT0058976,BMW00291,WBA00000000000291,2026-07-24 18:35:00,-25.0,111.62,22.33,18.643025,-110.930649,telemetry,OUT_OF_RANGE,Out-of-range value in: battery_level,OUT_OF_RANGE,2026-09-18T06:14:29.923892+00:00
EVT0060179,BMW00950,WBA00000000000950,2026-07-28 22:50:00,,97.6,25.3,14.019356,56.133771,telemetry,NULL_VALUE|OUT_OF_RANGE,Null values in: battery_level | Out-of-range value in: battery_level,NULL_VALUE|OUT_OF_RANGE,2026-09-18T06:14:29.923892+00:00
EVT0017586,BMW00164,INVALIDVIN,2026-03-03 01:25:00,65.07,127.84,25.57,13.39559,120.723507,telemetry,INVALID_VIN,Invalid or missing VIN,INVALID_VIN,2026-09-18T06:14:29.923892+00:00
EVT0070271,BMW00119,WBA00000000000119,2026-09-01 23:50:00,180.0,93.56,41.23,48.467676,-48.682489,telemetry,OUT_OF_RANGE,Out-of-range value in: battery_level,OUT_OF_RANGE,2026-09-18T06:14:29.923892+00:00
EVT0058754,BMW00976,WBA00000000000976,2026-07-24 00:05:00,25.46,76.51,10.68,27.374205,107.060091,telemetry,DUPLICATE_RECORD,Duplicate record detected,DUPLICATE_RECORD,2026-09-18T06:14:29.923892+00:00
EVT0000579,BMW00454,WBA00000000000454,2026-01-03 00:10:00,22.36,118.39,20.25,32.526471,123.721906,telemetry,DUPLICATE_RECORD,Duplicate record detected,DUPLICATE_RECORD,2026-09-18T06:14:29.923892+00:00
EVT0041542,,WBA00000000000014,2026-05-25 05:45:00,40.09,92.9,37.54,33.906654,-0.508084,telemetry,NULL_VALUE|REFERENTIAL_INTEGRITY,Null values in: vehicle_id | Referential integrity violation,NULL_VALUE|REFERENTIAL_INTEGRITY,2026-09-18T06:14:29.923892+00:00
EVT0030737,BMW00056,WBA00000000000056,2026-04-17 17:20:00,,126.06,42.48,12.394382,141.099171,telemetry,NULL_VALUE|OUT_OF_RANGE,Null values in: battery_level | Out-of-range value in: battery_level,NULL_VALUE|OUT_OF_RANGE,2026-09-18T06:14:29.923892+00:00
EVT0028387,BMW00089,WBA00000000000089,2026-04-09 13:30:00,180.0,155.53,44.93,13.614206,-119.947225,telemetry,OUT_OF_RANGE,Out-of-range value in: battery_level,OUT_OF_RANGE,2026-09-18T06:14:29.923892+00:00
EVT0077433,,WBA00000000000897,2026-09-26 20:40:00,76.11,90.54,44.47,18.473717,-105.077489,telemetry,NULL_VALUE|REFERENTIAL_INTEGRITY,Null values in: vehicle_id | Referential integrity violation,NULL_VALUE|REFERENTIAL_INTEGRITY,2026-09-18T06:14:29.923892+00:00
EVT0060056,BMW00243,WBA00000000000243,2026-07-28 12:35:00,88.87,20.06,18.5,41.296267,5.956242,telemetry,DUPLICATE_RECORD,Duplicate record detected,DUPLICATE_RECORD,2026-09-18T06:14:29.923892+00:00
EVT0081296,BMW00518,,2026-10-10 06:35:00,86.27,14.74,23.11,33.215497,10.736124,telemetry,NULL_VALUE|INVALID_VIN,Null values in: vin | Invalid or missing VIN,NULL_VALUE|INVALID_VIN,2026-09-18T06:14:29.923892+00:00
EVT0095511,BMW00477,WBA00000000000477,2026-11-28 15:10:00,,75.87,54.64,37.267957,102.334722,telemetry,NULL_VALUE|OUT_OF_RANGE,Null values in: battery_level | Out-of-range value in: battery_level,NULL_VALUE|OUT_OF_RANGE,2026-09-18T06:14:29.923892+00:00
EVT0013055,BMW00030,WBA00000000000030,2026-02-15 07:50:00,,149.82,43.35,44.175108,40.356846,telemetry,NULL_VALUE|OUT_OF_RANGE,Null values in: battery_level | Out-of-range value in: battery_level,NULL_VALUE|OUT_OF_RANGE,2026-09-18T06:14:29.923892+00:00
EVT0011041,BMW00656,WBA00000000000656,2026-02-08 08:00:00,23.17,140.59,23.1,31.733707,140.401292,telemetry,DUPLICATE_RECORD,Duplicate record detected,DUPLICATE_RECORD,2026-09-18T06:14:29.923892+00:00
EVT0097305,BMW00493,WBA00000000000493,2026-12-04 20:40:00,-25.0,3.51,50.8,37.657764,-70.859627,telemetry,OUT_OF_RANGE,Out-of-range value in: battery_level,OUT_OF_RANGE,2026-09-18T06:14:29.923892+00:00
EVT0031184,BMW00631,WBA00000000000631,2026-04-19 06:35:00,23.5,138.78,24.75,9.030547,-67.746721,telemetry,DUPLICATE_RECORD,Duplicate record detected,DUPLICATE_RECORD,2026-09-18T06:14:29.923892+00:00
EVT0019514,BMW00704,WBA00000000000704,2026-03-09 18:05:00,29.48,15.73,,19.288117,-83.872169,telemetry,NULL_VALUE|OUT_OF_RANGE,Null values in: temperature | Out-of-range value in: temperature,NULL_VALUE|OUT_OF_RANGE,2026-09-18T06:14:29.923892+00:00
EVT0079066,BMW00729,INVALIDVIN,2026-10-02 12:45:00,22.39,110.97,36.11,54.456576,-69.412897,telemetry,INVALID_VIN,Invalid or missing VIN,INVALID_VIN,2026-09-18T06:14:29.923892+00:00
EVT0009833,BMW00446,WBA00000000000446,2026-02-04 03:20:00,40.19,37.18,,41.00662,80.254413,telemetry,NULL_VALUE|OUT_OF_RANGE,Null values in: temperature | Out-of-range value in: temperature,NULL_VALUE|OUT_OF_RANGE,2026-09-18T06:14:29.923892+00:00
EVT0039628,BMW00789,WBA00000000000789,2026-05-18 14:15:00,12.48,17.12,36.01,22.167669,66.779896,telemetry,DUPLICATE_RECORD,Duplicate record detected,DUPLICATE_RECORD,2026-09-18T06:14:29.923892+00:00
EVT0087233,BMW00328,WBA00000000000328,2026-10-30 21:20:00,180.0,83.77,11.54,49.972462,30.39839,telemetry,OUT_OF_RANGE,Out-of-range value in: battery_level,OUT_OF_RANGE,2026-09-18T06:14:29.923892+00:00
EVT0068346,BMWX00014,WBA00000000000274,2026-08-26 07:25:00,21.22,138.11,-9.33,37.642192,-0.217536,telemetry,REFERENTIAL_INTEGRITY,Referential integrity violation,REFERENTIAL_INTEGRITY,2026-09-18T06:14:29.923892+00:00
EVT0074980,BMW00698,,2026-09-18 08:15:00,66.83,140.4,42.24,13.691769,143.813185,telemetry,NULL_VALUE|INVALID_VIN,Null values in: vin | Invalid or missing VIN,NULL_VALUE|INVALID_VIN,2026-09-18T06:14:29.923892+00:00
BAD00047,UNKNOWN,BADVIN,not-a-date,999.0,-50.0,999.0,999.0,999.0,telemetry,INVALID_VIN|INVALID_DATE|OUT_OF_RANGE|REFERENTIAL_INTEGRITY,"Invalid or missing VIN | Invalid date in: timestamp | Out-of-range value in: battery_level, temperature, speed | Referential integrity violation",INVALID_VIN|INVALID_DATE|OUT_OF_RANGE|REFERENTIAL_INTEGRITY,2026-09-18T06:14:29.923892+00:00
EVT0082455,,WBA00000000000868,2026-10-14 07:10:00,95.79,78.5,0.42,48.998845,90.679151,telemetry,NULL_VALUE|REFERENTIAL_INTEGRITY,Null values in: vehicle_id | Referential integrity violation,NULL_VALUE|REFERENTIAL_INTEGRITY,2026-09-18T06:14:29.923892+00:00
EVT0036035,BMW00584,WBA00000000000584,2026-05-06 02:50:00,18.33,83.2,-5.57,15.401576,-84.778632,telemetry,DUPLICATE_RECORD,Duplicate record detected,DUPLICATE_RECORD,2026-09-18T06:14:29.923892+00:00
EVT0088703,BMW00212,WBA00000000000212,2026-11-04 23:50:00,43.56,156.71,-2.57,14.206456,-16.721795,telemetry,DUPLICATE_RECORD,Duplicate record detected,DUPLICATE_RECORD,2026-09-18T06:14:29.923892+00:00
EVT0086691,BMW00602,WBA00000000000602,2026-10-29 00:10:00,17.96,159.42,,22.161792,147.236989,telemetry,NULL_VALUE|OUT_OF_RANGE,Null values in: temperature | Out-of-range value in: temperature,NULL_VALUE|OUT_OF_RANGE,2026-09-18T06:14:29.923892+00:00
EVT0022348,,WBA00000000000196,2026-03-19 14:15:00,24.0,32.88,48.04,8.922033,-21.482812,telemetry,NULL_VALUE|REFERENTIAL_INTEGRITY,Null values in: vehicle_id | Referential integrity violation,NULL_VALUE|REFERENTIAL_INTEGRITY,2026-09-18T06:14:29.923892+00:00
EVT0008526,BMW00910,WBA00000000000910,2026-01-30 14:25:00,11.03,1.19,24.69,22.956107,-17.012943,telemetry,DUPLICATE_RECORD,Duplicate record detected,DUPLICATE_RECORD,2026-09-18T06:14:29.923892+00:00
EVT0039822,BMW00433,INVALIDVIN,2026-05-19 06:25:00,40.1,129.33,1.5,17.083945,79.908808,telemetry,INVALID_VIN,Invalid or missing VIN,INVALID_VIN,2026-09-18T06:14:29.923892+00:00
EVT0063212,BMW00840,WBA00000000000840,2026-08-08 11:35:00,38.89,57.63,,28.922964,9.198337,telemetry,NULL_VALUE|OUT_OF_RANGE,Null values in: temperature | Out-of-range value in: temperature,NULL_VALUE|OUT_OF_RANGE,2026-09-18T06:14:29.923892+00:00
EVT0050863,BMW00677,WBA00000000000677,2026-06-26 14:30:00,47.86,29.83,43.28,9.95916,64.443165,telemetry,DUPLICATE_RECORD,Duplicate record detected,DUPLICATE_RECORD,2026-09-18T06:14:29.923892+00:00
EVT0053710,BMW00255,,2026-07-06 11:45:00,25.54,38.07,7.34,35.864826,70.799316,telemetry,NULL_VALUE|INVALID_VIN,Null values in: vin | Invalid or missing VIN,NULL_VALUE|INVALID_VIN,2026-09-18T06:14:29.923892+00:00
EVT0055475,BMWX00077,WBA00000000000170,2026-07-12 14:50:00,53.0,114.98,43.22,40.525057,29.918654,telemetry,REFERENTIAL_INTEGRITY,Referential integrity violation,REFERENTIAL_INTEGRITY,2026-09-18T06:14:29.923892+00:00
EVT0099212,BMW00347,WBA00000000000347,2026-12-11 11:35:00,18.66,16.22,-100.0,40.920387,118.213912,telemetry,OUT_OF_RANGE,Out-of-range value in: temperature,OUT_OF_RANGE,2026-09-18T06:14:29.923892+00:00
EVT0051988,BMW00795,WBA00000000000795,2026-06-30 12:15:00,48.04,118.89,-5.82,22.262405,79.682206,telemetry,DUPLICATE_RECORD,Duplicate record detected,DUPLICATE_RECORD,2026-09-18T06:14:29.923892+00:00
EVT0091958,BMW00599,WBA00000000000599,2026-11-16 07:05:00,44.83,116.86,38.97,14.296368,26.374564,telemetry,DUPLICATE_RECORD,Duplicate record detected,DUPLICATE_RECORD,2026-09-18T06:14:29.923892+00:00
EVT0080010,BMW00416,WBA00000000000416,2026-10-05 19:25:00,92.8,128.23,200.0,18.094444,51.311222,telemetry,OUT_OF_RANGE,Out-of-range value in: temperature,OUT_OF_RANGE,2026-09-18T06:14:29.923892+00:00
EVT0031735,BMW00369,WBA00000000000369,2026-04-21 04:30:00,150.0,145.17,41.57,20.07902,7.998352,telemetry,OUT_OF_RANGE,Out-of-range value in: battery_level,OUT_OF_RANGE,2026-09-18T06:14:29.923892+00:00
EVT0084816,BMW00075,WBA00000000000075,2026-10-22 11:55:00,76.59,39.98,,34.35419,-55.86098,telemetry,NULL_VALUE|OUT_OF_RANGE,Null values in: temperature | Out-of-range value in: temperature,NULL_VALUE|OUT_OF_RANGE,2026-09-18T06:14:29.923892+00:00
EVT0004222,BMW00865,WBA00000000000865,2026-01-15 15:45:00,11.44,134.4,-0.74,15.478538,-96.326768,telemetry,DUPLICATE_RECORD,Duplicate record detected,DUPLICATE_RECORD,2026-09-18T06:14:29.923892+00:00
EVT0056436,,WBA00000000000737,2026-07-15 22:55:00,54.92,12.13,42.57,41.341845,116.26173,telemetry,NULL_VALUE|REFERENTIAL_INTEGRITY,Null values in: vehicle_id | Referential integrity violation,NULL_VALUE|REFERENTIAL_INTEGRITY,2026-09-18T06:14:29.923892+00:00
EVT0088534,BMW00571,WBA00000000000571,2026-15-40 99:99:99,61.9,120.59,14.84,29.874282,-104.025673,telemetry,INVALID_DATE,Invalid date in: timestamp,INVALID_DATE,2026-09-18T06:14:29.923892+00:00
EVT0078728,BMW00309,WBA00000000000309,2026-10-01 08:35:00,59.17,141.0,-100.0,22.064554,149.746153,telemetry,OUT_OF_RANGE,Out-of-range value in: temperature,OUT_OF_RANGE,2026-09-18T06:14:29.923892+00:00
EVT0076608,BMW00562,WBA00000000000562,2026-09-23 23:55:00,84.21,73.87,-100.0,43.467196,25.40701,telemetry,OUT_OF_RANGE,Out-of-range value in: temperature,OUT_OF_RANGE,2026-09-18T06:14:29.923892+00:00
EVT0052430,,WBA00000000000784,2026-07-02 01:05:00,84.87,56.49,-9.96,38.871471,-64.436928,telemetry,NULL_VALUE|REFERENTIAL_INTEGRITY,Null values in: vehicle_id | Referential integrity violation,NULL_VALUE|REFERENTIAL_INTEGRITY,2026-09-18T06:14:29.923892+00:00
EVT0075349,BMW00949,WBA00000000000949,2026-09-19 15:00:00,89.6,2.39,,44.333699,24.981057,telemetry,NULL_VALUE|OUT_OF_RANGE,Null values in: temperature | Out-of-range value in: temperature,NULL_VALUE|OUT_OF_RANGE,2026-09-18T06:14:29.923892+00:00
EVT0095346,BMW00533,,2026-11-28 01:25:00,50.37,89.33,6.7,24.630596,110.211632,telemetry,NULL_VALUE|INVALID_VIN,Null values in: vin | Invalid or missing VIN,NULL_VALUE|INVALID_VIN,2026-09-18T06:14:29.923892+00:00
EVT0087485,BMW00210,WBA00000000000210,2026-10-31 18:20:00,56.1,92.14,1.78,38.080929,114.157957,telemetry,DUPLICATE_RECORD,Duplicate record detected,DUPLICATE_RECORD,2026-09-18T06:14:29.923892+00:00
EVT0063059,BMW00636,WBA00000000000636,2026-08-07 22:50:00,,152.66,-3.85,37.119992,-33.471239,telemetry,NULL_VALUE|OUT_OF_RANGE,Null values in: battery_level | Out-of-range value in: battery_level,NULL_VALUE|OUT_OF_RANGE,2026-09-18T06:14:29.923892+00:00
EVT0010023,BMW00702,WBA00000000000702,2026-02-04 19:10:00,81.44,2.41,,25.913638,-89.203598,telemetry,NULL_VALUE|OUT_OF_RANGE,Null values in: temperature | Out-of-range value in: temperature,NULL_VALUE|OUT_OF_RANGE,2026-09-18T06:14:29.923892+00:00
EVT0008867,BMW00271,WBA00000000000271,2026-01-31 18:50:00,13.91,11.53,31.61,29.52154,1.636189,telemetry,DUPLICATE_RECORD,Duplicate record detected,DUPLICATE_RECORD,2026-09-18T06:14:29.923892+00:00
EVT0007842,BMW00342,WBA00000000000342,2026-01-28 05:25:00,28.53,38.58,53.79,8.354097,93.630778,telemetry,DUPLICATE_RECORD,Duplicate record detected,DUPLICATE_RECORD,2026-09-18T06:14:29.923892+00:00
EVT0063486,BMW00469,WBA00000000000469,2026-08-09 10:25:00,56.31,96.02,15.99,15.26073,-83.31076,telemetry,DUPLICATE_RECORD,Duplicate record detected,DUPLICATE_RECORD,2026-09-18T06:14:29.923892+00:00
BAD00002,UNKNOWN,BADVIN,not-a-date,999.0,-50.0,999.0,999.0,999.0,telemetry,INVALID_VIN|INVALID_DATE|OUT_OF_RANGE|REFERENTIAL_INTEGRITY,"Invalid or missing VIN | Invalid date in: timestamp | Out-of-range value in: battery_level, temperature, speed | Referential integrity violation",INVALID_VIN|INVALID_DATE|OUT_OF_RANGE|REFERENTIAL_INTEGRITY,2026-09-18T06:14:29.923892+00:00
EVT0019944,BMW00216,INVALIDVIN,2026-03-11 05:55:00,35.79,151.27,44.39,44.33516,-86.314133,telemetry,INVALID_VIN,Invalid or missing VIN,INVALID_VIN,2026-09-18T06:14:29.923892+00:00
BAD00022,UNKNOWN,BADVIN,not-a-date,999.0,-50.0,999.0,999.0,999.0,telemetry,INVALID_VIN|INVALID_DATE|OUT_OF_RANGE|REFERENTIAL_INTEGRITY,"Invalid or missing VIN | Invalid date in: timestamp | Out-of-range value in: battery_level, temperature, speed | Referential integrity violation",INVALID_VIN|INVALID_DATE|OUT_OF_RANGE|REFERENTIAL_INTEGRITY,2026-09-18T06:14:29.923892+00:00
EVT0034209,BMW00773,WBA00000000000773,2026-04-29 18:40:00,150.0,12.53,0.3,27.743409,0.789863,telemetry,OUT_OF_RANGE,Out-of-range value in: battery_level,OUT_OF_RANGE,2026-09-18T06:14:29.923892+00:00
EVT0082945,BMW00207,WBA00000000000207,2026-10-16 00:00:00,66.68,53.4,46.1,35.707853,-81.788139,telemetry,DUPLICATE_RECORD,Duplicate record detected,DUPLICATE_RECORD,2026-09-18T06:14:29.923892+00:00
EVT0057966,BMW00976,WBA00000000000976,2026-07-21 06:25:00,80.41,122.28,,13.914023,122.940974,telemetry,NULL_VALUE|OUT_OF_RANGE,Null values in: temperature | Out-of-range value in: temperature,NULL_VALUE|OUT_OF_RANGE,2026-09-18T06:14:29.923892+00:00
EVT0099410,BMW00155,WBA00000000000155,2026-12-12 04:05:00,69.87,140.16,,45.260531,-96.508571,telemetry,NULL_VALUE|OUT_OF_RANGE,Null values in: temperature | Out-of-range value in: temperature,NULL_VALUE|OUT_OF_RANGE,2026-09-18T06:14:29.923892+00:00
EVT0066422,BMWX00180,WBA00000000000865,2026-08-19 15:05:00,99.57,153.6,45.26,19.414461,-69.600175,telemetry,REFERENTIAL_INTEGRITY,Referential integrity violation,REFERENTIAL_INTEGRITY,2026-09-18T06:14:29.923892+00:00
EVT0044406,BMW00241,WBA00000000000241,2026-06-04 04:25:00,63.27,88.76,,46.9951,50.413295,telemetry,NULL_VALUE|OUT_OF_RANGE,Null values in: temperature | Out-of-range value in: temperature,NULL_VALUE|OUT_OF_RANGE,2026-09-18T06:14:29.923892+00:00
EVT0025216,BMW00238,WBA00000000000238,2026-03-29 13:15:00,,66.19,23.43,51.48557,-25.404492,telemetry,NULL_VALUE|OUT_OF_RANGE,Null values in: battery_level | Out-of-range value in: battery_level,NULL_VALUE|OUT_OF_RANGE,2026-09-18T06:14:29.923892+00:00
EVT0050243,BMW00448,WBA00000000000448,2026-06-24 10:50:00,60.64,56.77,45.12,17.402696,-69.528715,telemetry,DUPLICATE_RECORD,Duplicate record detected,DUPLICATE_RECORD,2026-09-18T06:14:29.923892+00:00
EVT0043387,BMW00173,,2026-05-31 15:30:00,75.67,30.36,40.45,26.516097,-29.813132,telemetry,NULL_VALUE|INVALID_VIN,Null values in: vin | Invalid or missing VIN,NULL_VALUE|INVALID_VIN,2026-09-18T06:14:29.923892+00:00
EVT0082561,BMW00408,,2026-10-14 16:00:00,90.65,142.27,48.61,20.66704,120.448941,telemetry,NULL_VALUE|INVALID_VIN,Null values in: vin | Invalid or missing VIN,NULL_VALUE|INVALID_VIN,2026-09-18T06:14:29.923892+00:00
EVT0005194,BMW00690,WBA00000000000690,2026-01-19 00:45:00,-25.0,110.65,53.87,34.716767,92.100221,telemetry,OUT_OF_RANGE,Out-of-range value in: battery_level,OUT_OF_RANGE,2026-09-18T06:14:29.923892+00:00
EVT0019448,BMW00723,WBA00000000000723,2026-03-09 12:35:00,54.18,29.03,21.55,45.222154,82.309191,telemetry,DUPLICATE_RECORD,Duplicate record detected,DUPLICATE_RECORD,2026-09-18T06:14:29.923892+00:00
EVT0022156,BMW00986,WBA00000000000986,2026-03-18 22:15:00,22.87,58.25,15.38,28.216732,-71.619128,telemetry,DUPLICATE_RECORD,Duplicate record detected,DUPLICATE_RECORD,2026-09-18T06:14:29.923892+00:00
EVT0050557,BMW00736,WBA00000000000736,2026-06-25 13:00:00,19.57,2.41,54.22,11.191554,109.325682,telemetry,DUPLICATE_RECORD,Duplicate record detected,DUPLICATE_RECORD,2026-09-18T06:14:29.923892+00:00
EVT0078580,BMW00081,WBA00000000000081,2026-09-30 20:15:00,150.0,144.46,38.1,51.644127,6.79138,telemetry,OUT_OF_RANGE,Out-of-range value in: battery_level,OUT_OF_RANGE,2026-09-18T06:14:29.923892+00:00
EVT0055208,BMW00876,WBA00000000000876,2026-07-11 16:35:00,42.59,77.23,31.97,23.181638,-51.410148,telemetry,DUPLICATE_RECORD,Duplicate record detected,DUPLICATE_RECORD,2026-09-18T06:14:29.923892+00:00
EVT0051267,BMW00963,WBA00000000000963,2026-06-28 00:10:00,64.18,129.17,-7.82,30.94589,39.384459,telemetry,DUPLICATE_RECORD,Duplicate record detected,DUPLICATE_RECORD,2026-09-18T06:14:29.923892+00:00
EVT0044958,BMW00627,,2026-06-06 02:25:00,84.75,55.19,51.21,16.516955,118.924868,telemetry,NULL_VALUE|INVALID_VIN,Null values in: vin | Invalid or missing VIN,NULL_VALUE|INVALID_VIN,2026-09-18T06:14:29.923892+00:00
EVT0085889,BMW00183,WBA00000000000183,2026-10-26 05:20:00,21.72,146.31,52.76,37.864336,82.657321,telemetry,DUPLICATE_RECORD,Duplicate record detected,DUPLICATE_RECORD,2026-09-18T06:14:29.923892+00:00
EVT0057585,BMW00771,,2026-07-19 22:40:00,22.8,75.67,10.78,8.469198,-46.911793,telemetry,NULL_VALUE|INVALID_VIN,Null values in: vin | Invalid or missing VIN,NULL_VALUE|INVALID_VIN,2026-09-18T06:14:29.923892+00:00
EVT0071633,BMW00899,WBA00000000000899,2026-09-06 17:20:00,-25.0,28.0,13.22,23.739481,0.274492,telemetry,OUT_OF_RANGE,Out-of-range value in: battery_level,OUT_OF_RANGE,2026-09-18T06:14:29.923892+00:00
EVT0047440,BMW00939,WBA00000000000939,2026-06-14 17:15:00,59.14,11.97,32.31,44.682414,-82.848989,telemetry,DUPLICATE_RECORD,Duplicate record detected,DUPLICATE_RECORD,2026-09-18T06:14:29.923892+00:00
EVT0024337,BMWX00144,WBA00000000000936,2026-03-26 12:00:00,29.4,74.71,35.34,53.171394,14.010965,telemetry,REFERENTIAL_INTEGRITY,Referential integrity violation,REFERENTIAL_INTEGRITY,2026-09-18T06:14:29.923892+00:00
EVT0084330,BMW00239,WBA00000000000239,2026-15-40 99:99:99,74.51,72.7,21.38,52.696928,130.837281,telemetry,INVALID_DATE,Invalid date in: timestamp,INVALID_DATE,2026-09-18T06:14:29.923892+00:00
EVT0036493,BMW00166,WBA00000000000166,2026-15-40 99:99:99,63.35,13.23,9.65,37.536832,27.691119,telemetry,INVALID_DATE,Invalid date in: timestamp,INVALID_DATE,2026-09-18T06:14:29.923892+00:00
EVT0092221,BMW00648,WBA00000000000648,2026-11-17 05:00:00,56.37,17.3,22.68,46.15749,-97.38717,telemetry,DUPLICATE_RECORD,Duplicate record detected,DUPLICATE_RECORD,2026-09-18T06:14:29.923892+00:00
EVT0016894,,WBA00000000000961,2026-02-28 15:45:00,55.82,98.66,25.35,39.963673,144.122753,telemetry,NULL_VALUE|REFERENTIAL_INTEGRITY,Null values in: vehicle_id | Referential integrity violation,NULL_VALUE|REFERENTIAL_INTEGRITY,2026-09-18T06:14:29.923892+00:00
EVT0024887,BMW00787,WBA00000000000787,2026-03-28 09:50:00,24.42,104.92,,30.752235,112.520217,telemetry,NULL_VALUE|OUT_OF_RANGE,Null values in: temperature | Out-of-range value in: temperature,NULL_VALUE|OUT_OF_RANGE,2026-09-18T06:14:29.923892+00:00
EVT0084005,BMW00308,WBA00000000000308,2026-10-19 16:20:00,81.37,49.42,35.78,25.014784,-59.700133,telemetry,DUPLICATE_RECORD,Duplicate record detected,DUPLICATE_RECORD,2026-09-18T06:14:29.923892+00:00
EVT0019397,BMW00566,WBA00000000000566,2026-03-09 08:20:00,-10.0,134.87,-6.04,43.944598,-79.225204,telemetry,OUT_OF_RANGE,Out-of-range value in: battery_level,OUT_OF_RANGE,2026-09-18T06:14:29.923892+00:00
EVT0079009,BMW00025,WBA00000000000025,2026-10-02 08:00:00,,38.08,47.49,27.731509,70.222306,telemetry,NULL_VALUE|OUT_OF_RANGE,Null values in: battery_level | Out-of-range value in: battery_level,NULL_VALUE|OUT_OF_RANGE,2026-09-18T06:14:29.923892+00:00
EVT0073043,BMW00832,WBA00000000000832,2026-09-11 14:50:00,94.17,27.84,150.0,32.599551,82.905736,telemetry,OUT_OF_RANGE,Out-of-range value in: temperature,OUT_OF_RANGE,2026-09-18T06:14:29.923892+00:00
EVT0080421,,WBA00000000000568,2026-10-07 05:40:00,89.08,122.97,20.08,27.379725,-46.246576,telemetry,NULL_VALUE|REFERENTIAL_INTEGRITY,Null values in: vehicle_id | Referential integrity violation,NULL_VALUE|REFERENTIAL_INTEGRITY,2026-09-18T06:14:29.923892+00:00
EVT0090316,BMW00395,WBA00000000000395,2026-11-10 14:15:00,,105.56,20.59,37.964472,-25.727899,telemetry,NULL_VALUE|OUT_OF_RANGE,Null values in: battery_level | Out-of-range value in: battery_level,NULL_VALUE|OUT_OF_RANGE,2026-09-18T06:14:29.923892+00:00
EVT0057695,BMW00089,WBA00000000000089,2026-07-20 07:50:00,,10.1,42.63,21.348506,76.448461,telemetry,NULL_VALUE|OUT_OF_RANGE,Null values in: battery_level | Out-of-range value in: battery_level,NULL_VALUE|OUT_OF_RANGE,2026-09-18T06:14:29.923892+00:00
EVT0011527,BMW00420,,2026-02-10 00:30:00,65.48,77.74,26.69,46.821853,72.784487,telemetry,NULL_VALUE|INVALID_VIN,Null values in: vin | Invalid or missing VIN,NULL_VALUE|INVALID_VIN,2026-09-18T06:14:29.923892+00:00
EVT0086210,,WBA00000000000382,2026-10-27 08:05:00,13.91,98.29,11.74,22.423224,-51.911705,telemetry,NULL_VALUE|REFERENTIAL_INTEGRITY,Null values in: vehicle_id | Referential integrity violation,NULL_VALUE|REFERENTIAL_INTEGRITY,2026-09-18T06:14:29.923892+00:00
EVT0051686,BMW00452,WBA00000000000452,2026-06-29 11:05:00,50.1,141.11,41.13,17.915453,-64.989248,telemetry,DUPLICATE_RECORD,Duplicate record detected,DUPLICATE_RECORD,2026-09-18T06:14:29.923892+00:00
EVT0078489,BMW00920,,2026-09-30 12:40:00,78.38,126.1,11.41,41.07514,38.650119,telemetry,NULL_VALUE|INVALID_VIN,Null values in: vin | Invalid or missing VIN,NULL_VALUE|INVALID_VIN,2026-09-18T06:14:29.923892+00:00
EVT0099661,BMW00083,,2026-12-13 01:00:00,32.93,43.6,34.43,26.061809,-40.058144,telemetry,NULL_VALUE|INVALID_VIN,Null values in: vin | Invalid or missing VIN,NULL_VALUE|INVALID_VIN,2026-09-18T06:14:29.923892+00:00
EVT0034506,,WBA00000000000211,2026-04-30 19:25:00,72.13,97.07,15.14,51.437086,84.684987,telemetry,NULL_VALUE|REFERENTIAL_INTEGRITY,Null values in: vehicle_id | Referential integrity violation,NULL_VALUE|REFERENTIAL_INTEGRITY,2026-09-18T06:14:29.923892+00:00
EVT0010692,BMW00277,WBA00000000000277,2026-02-07 02:55:00,15.5,124.11,150.0,28.287561,-118.796205,telemetry,OUT_OF_RANGE,Out-of-range value in: temperature,OUT_OF_RANGE,2026-09-18T06:14:29.923892+00:00
EVT0025222,BMWX00010,WBA00000000000207,2026-03-29 13:45:00,69.61,75.69,51.81,21.401063,6.915609,telemetry,REFERENTIAL_INTEGRITY,Referential integrity violation,REFERENTIAL_INTEGRITY,2026-09-18T06:14:29.923892+00:00
BAD00062,UNKNOWN,BADVIN,not-a-date,999.0,-50.0,999.0,999.0,999.0,telemetry,INVALID_VIN|INVALID_DATE|OUT_OF_RANGE|REFERENTIAL_INTEGRITY,"Invalid or missing VIN | Invalid date in: timestamp | Out-of-range value in: battery_level, temperature, speed | Referential integrity violation",INVALID_VIN|INVALID_DATE|OUT_OF_RANGE|REFERENTIAL_INTEGRITY,2026-09-18T06:14:29.923892+00:00
EVT0065472,BMW00045,WBA00000000000045,2026-08-16 07:55:00,38.3,147.39,-100.0,43.509402,-11.81273,telemetry,OUT_OF_RANGE,Out-of-range value in: temperature,OUT_OF_RANGE,2026-09-18T06:14:29.923892+00:00
EVT0069291,BMW00936,,2026-08-29 14:10:00,86.73,113.51,21.57,17.689472,-110.913039,telemetry,NULL_VALUE|INVALID_VIN,Null values in: vin | Invalid or missing VIN,NULL_VALUE|INVALID_VIN,2026-09-18T06:14:29.923892+00:00
EVT0041509,BMW00553,WBA00000000000553,2026-05-25 03:00:00,92.0,40.38,,23.618322,-48.739298,telemetry,NULL_VALUE|OUT_OF_RANGE,Null values in: temperature | Out-of-range value in: temperature,NULL_VALUE|OUT_OF_RANGE,2026-09-18T06:14:29.923892+00:00
EVT0005020,BMW00403,WBA00000000000403,2026-01-18 10:15:00,76.73,126.96,10.46,22.966983,18.186534,telemetry,DUPLICATE_RECORD,Duplicate record detected,DUPLICATE_RECORD,2026-09-18T06:14:29.923892+00:00
EVT0090161,BMW00118,WBA00000000000118,2026-11-10 01:20:00,,93.08,-7.35,11.551959,-32.092847,telemetry,NULL_VALUE|OUT_OF_RANGE,Null values in: battery_level | Out-of-range value in: battery_level,NULL_VALUE|OUT_OF_RANGE,2026-09-18T06:14:29.923892+00:00
EVT0038913,BMW00156,WBA00000000000156,2026-05-16 02:40:00,,33.27,23.96,31.650757,101.371484,telemetry,NULL_VALUE|OUT_OF_RANGE,Null values in: battery_level | Out-of-range value in: battery_level,NULL_VALUE|OUT_OF_RANGE,2026-09-18T06:14:29.923892+00:00
EVT0077764,BMW00242,WBA00000000000242,2026-09-28 00:15:00,-10.0,158.34,18.9,12.697963,-38.341913,telemetry,OUT_OF_RANGE,Out-of-range value in: battery_level,OUT_OF_RANGE,2026-09-18T06:14:29.923892+00:00
EVT0002496,BMW00877,WBA00000000000877,2026-01-09 15:55:00,61.07,66.2,31.0,36.77011,17.924444,telemetry,DUPLICATE_RECORD,Duplicate record detected,DUPLICATE_RECORD,2026-09-18T06:14:29.923892+00:00
EVT0040429,BMWX00120,WBA00000000000658,2026-05-21 09:00:00,93.86,110.48,29.43,23.111978,-21.173163,telemetry,REFERENTIAL_INTEGRITY,Referential integrity violation,REFERENTIAL_INTEGRITY,2026-09-18T06:14:29.923892+00:00
EVT0085486,BMW00590,,2026-10-24 19:45:00,80.34,147.14,30.87,21.829218,-87.381042,telemetry,NULL_VALUE|INVALID_VIN,Null values in: vin | Invalid or missing VIN,NULL_VALUE|INVALID_VIN,2026-09-18T06:14:29.923892+00:00
EVT0023090,BMW00815,,2026-03-22 04:05:00,95.58,151.18,47.18,8.272024,29.041429,telemetry,NULL_VALUE|INVALID_VIN,Null values in: vin | Invalid or missing VIN,NULL_VALUE|INVALID_VIN,2026-09-18T06:14:29.923892+00:00
EVT0022506,,WBA00000000000891,2026-03-20 03:25:00,24.27,156.15,43.51,20.127219,144.188209,telemetry,NULL_VALUE|REFERENTIAL_INTEGRITY,Null values in: vehicle_id | Referential integrity violation,NULL_VALUE|REFERENTIAL_INTEGRITY,2026-09-18T06:14:29.923892+00:00
EVT0054755,BMW00372,WBA00000000000372,2026-07-10 02:50:00,,103.3,-2.48,41.046957,-18.202577,telemetry,NULL_VALUE|OUT_OF_RANGE,Null values in: battery_level | Out-of-range value in: battery_level,NULL_VALUE|OUT_OF_RANGE,2026-09-18T06:14:29.923892+00:00
EVT0013571,,WBA00000000000190,2026-02-17 02:50:00,81.83,98.8,28.5,21.449755,-118.350549,telemetry,NULL_VALUE|REFERENTIAL_INTEGRITY,Null values in: vehicle_id | Referential integrity violation,NULL_VALUE|REFERENTIAL_INTEGRITY,2026-09-18T06:14:29.923892+00:00
EVT0078772,BMW00955,WBA00000000000955,2026-10-01 12:15:00,48.35,12.15,-100.0,40.028455,49.006475,telemetry,OUT_OF_RANGE,Out-of-range value in: temperature,OUT_OF_RANGE,2026-09-18T06:14:29.923892+00:00
EVT0025408,BMW00781,,2026-03-30 05:15:00,50.59,42.08,32.77,28.76788,-57.020357,telemetry,NULL_VALUE|INVALID_VIN,Null values in: vin | Invalid or missing VIN,NULL_VALUE|INVALID_VIN,2026-09-18T06:14:29.923892+00:00
EVT0089975,BMW00514,WBA00000000000514,2026-11-09 09:50:00,37.83,30.6,200.0,21.279357,134.184,telemetry,OUT_OF_RANGE,Out-of-range value in: temperature,OUT_OF_RANGE,2026-09-18T06:14:29.923892+00:00
EVT0041197,BMW00115,WBA00000000000115,2026-05-24 01:00:00,150.0,61.79,13.54,26.275969,132.306253,telemetry,OUT_OF_RANGE,Out-of-range value in: battery_level,OUT_OF_RANGE,2026-09-18T06:14:29.923892+00:00
EVT0095023,BMW00103,WBA00000000000103,2026-11-26 22:30:00,64.16,28.39,-100.0,45.098377,77.550116,telemetry,OUT_OF_RANGE,Out-of-range value in: temperature,OUT_OF_RANGE,2026-09-18T06:14:29.923892+00:00
EVT0011353,,WBA00000000000686,2026-02-09 10:00:00,39.38,47.99,22.86,28.227079,102.655898,telemetry,NULL_VALUE|REFERENTIAL_INTEGRITY,Null values in: vehicle_id | Referential integrity violation,NULL_VALUE|REFERENTIAL_INTEGRITY,2026-09-18T06:14:29.923892+00:00
EVT0077919,BMW00265,WBA00000000000265,2026-09-28 13:10:00,65.64,52.37,,43.090045,41.333074,telemetry,NULL_VALUE|OUT_OF_RANGE,Null values in: temperature | Out-of-range value in: temperature,NULL_VALUE|OUT_OF_RANGE,2026-09-18T06:14:29.923892+00:00
EVT0086558,BMW00213,WBA00000000000213,2026-15-40 99:99:99,46.79,133.8,7.53,42.900067,144.021998,telemetry,INVALID_DATE,Invalid date in: timestamp,INVALID_DATE,2026-09-18T06:14:29.923892+00:00
EVT0001649,BMW00551,WBA00000000000551,2026-01-06 17:20:00,,25.2,50.37,34.502654,91.046444,telemetry,NULL_VALUE|OUT_OF_RANGE,Null values in: battery_level | Out-of-range value in: battery_level,NULL_VALUE|OUT_OF_RANGE,2026-09-18T06:14:29.923892+00:00
EVT0049984,BMW00240,WBA00000000000240,2026-06-23 13:15:00,22.64,158.26,14.88,9.756765,96.953586,telemetry,DUPLICATE_RECORD,Duplicate record detected,DUPLICATE_RECORD,2026-09-18T06:14:29.923892+00:00
EVT0005306,,WBA00000000000474,2026-01-19 10:05:00,34.72,155.76,24.25,52.860361,-2.092356,telemetry,NULL_VALUE|REFERENTIAL_INTEGRITY,Null values in: vehicle_id | Referential integrity violation,NULL_VALUE|REFERENTIAL_INTEGRITY,2026-09-18T06:14:29.923892+00:00
EVT0071154,BMW00551,WBA00000000000551,2026-09-05 01:25:00,-25.0,86.81,49.52,21.607436,-38.985567,telemetry,OUT_OF_RANGE,Out-of-range value in: battery_level,OUT_OF_RANGE,2026-09-18T06:14:29.923892+00:00
EVT0063402,,WBA00000000000168,2026-08-09 03:25:00,61.19,116.37,11.23,25.57958,5.996018,telemetry,NULL_VALUE|REFERENTIAL_INTEGRITY,Null values in: vehicle_id | Referential integrity violation,NULL_VALUE|REFERENTIAL_INTEGRITY,2026-09-18T06:14:29.923892+00:00
EVT0087844,BMW00440,WBA00000000000440,2026-11-02 00:15:00,49.92,86.87,5.83,12.56807,-11.726343,telemetry,DUPLICATE_RECORD,Duplicate record detected,DUPLICATE_RECORD,2026-09-18T06:14:29.923892+00:00
EVT0097178,BMW00697,WBA00000000000697,2026-12-04 10:05:00,92.22,15.67,,40.34963,-95.484055,telemetry,NULL_VALUE|OUT_OF_RANGE,Null values in: temperature | Out-of-range value in: temperature,NULL_VALUE|OUT_OF_RANGE,2026-09-18T06:14:29.923892+00:00
EVT0098020,BMW00310,,2026-12-07 08:15:00,11.46,73.82,21.09,50.280336,122.184744,telemetry,NULL_VALUE|INVALID_VIN,Null values in: vin | Invalid or missing VIN,NULL_VALUE|INVALID_VIN,2026-09-18T06:14:29.923892+00:00
EVT0024838,BMW00818,WBA00000000000818,2026-03-28 05:45:00,,42.81,48.59,30.891045,137.555213,telemetry,NULL_VALUE|OUT_OF_RANGE,Null values in: battery_level | Out-of-range value in: battery_level,NULL_VALUE|OUT_OF_RANGE,2026-09-18T06:14:29.923892+00:00
EVT0069420,BMW00262,WBA00000000000262,2026-08-30 00:55:00,75.89,155.21,0.73,53.439628,-95.165375,telemetry,DUPLICATE_RECORD,Duplicate record detected,DUPLICATE_RECORD,2026-09-18T06:14:29.923892+00:00
EVT0079140,BMW00601,INVALIDVIN,2026-10-02 18:55:00,28.58,80.24,10.03,52.638527,21.48825,telemetry,INVALID_VIN,Invalid or missing VIN,INVALID_VIN,2026-09-18T06:14:29.923892+00:00
EVT0076023,,WBA00000000000977,2026-09-21 23:10:00,13.22,150.69,-5.32,45.607145,28.272488,telemetry,NULL_VALUE|REFERENTIAL_INTEGRITY,Null values in: vehicle_id | Referential integrity violation,NULL_VALUE|REFERENTIAL_INTEGRITY,2026-09-18T06:14:29.923892+00:00
EVT0085414,BMW00794,WBA00000000000794,2026-10-24 13:45:00,90.59,134.53,36.79,9.871585,37.214545,telemetry,DUPLICATE_RECORD,Duplicate record detected,DUPLICATE_RECORD,2026-09-18T06:14:29.923892+00:00
EVT0021638,BMW00761,WBA00000000000761,2026-03-17 03:05:00,74.53,45.98,,18.441791,84.506448,telemetry,NULL_VALUE|OUT_OF_RANGE,Null values in: temperature | Out-of-range value in: temperature,NULL_VALUE|OUT_OF_RANGE,2026-09-18T06:14:29.923892+00:00
EVT0001777,BMW00523,,2026-01-07 04:00:00,93.36,141.65,18.0,18.468981,-89.57078,telemetry,NULL_VALUE|INVALID_VIN,Null values in: vin | Invalid or missing VIN,NULL_VALUE|INVALID_VIN,2026-09-18T06:14:29.923892+00:00
EVT0026971,BMW00862,WBA00000000000862,2026-04-04 15:30:00,73.02,10.91,10.14,20.705023,42.337057,telemetry,DUPLICATE_RECORD,Duplicate record detected,DUPLICATE_RECORD,2026-09-18T06:14:29.923892+00:00
EVT0047973,BMWX00042,WBA00000000000774,2026-06-16 13:40:00,98.1,101.45,8.16,17.511522,29.345241,telemetry,REFERENTIAL_INTEGRITY,Referential integrity violation,REFERENTIAL_INTEGRITY,2026-09-18T06:14:29.923892+00:00
EVT0056252,BMW00546,WBA00000000000546,2026-07-15 07:35:00,62.56,140.18,-100.0,17.967191,106.701141,telemetry,OUT_OF_RANGE,Out-of-range value in: temperature,OUT_OF_RANGE,2026-09-18T06:14:29.923892+00:00
EVT0039043,,WBA00000000000379,2026-05-16 13:30:00,51.83,5.8,44.73,10.710033,101.902862,telemetry,NULL_VALUE|REFERENTIAL_INTEGRITY,Null values in: vehicle_id | Referential integrity violation,NULL_VALUE|REFERENTIAL_INTEGRITY,2026-09-18T06:14:29.923892+00:00
EVT0025477,BMW00370,WBA00000000000370,2026-15-40 99:99:99,10.7,99.12,4.1,52.64412,-16.193198,telemetry,INVALID_DATE,Invalid date in: timestamp,INVALID_DATE,2026-09-18T06:14:29.923892+00:00
EVT0086503,BMW00612,WBA00000000000612,2026-10-28 08:30:00,39.46,2.97,24.96,27.184875,109.731929,telemetry,DUPLICATE_RECORD,Duplicate record detected,DUPLICATE_RECORD,2026-09-18T06:14:29.923892+00:00
EVT0078312,BMWX00184,WBA00000000000825,2026-09-29 21:55:00,92.93,136.29,49.48,52.192757,-89.533202,telemetry,REFERENTIAL_INTEGRITY,Referential integrity violation,REFERENTIAL_INTEGRITY,2026-09-18T06:14:29.923892+00:00
BAD00050,UNKNOWN,BADVIN,not-a-date,999.0,-50.0,999.0,999.0,999.0,telemetry,INVALID_VIN|INVALID_DATE|OUT_OF_RANGE|REFERENTIAL_INTEGRITY,"Invalid or missing VIN | Invalid date in: timestamp | Out-of-range value in: battery_level, temperature, speed | Referential integrity violation",INVALID_VIN|INVALID_DATE|OUT_OF_RANGE|REFERENTIAL_INTEGRITY,2026-09-18T06:14:29.923892+00:00
EVT0089693,BMW00581,WBA00000000000581,2026-11-08 10:20:00,-25.0,72.09,21.13,35.29446,54.270961,telemetry,OUT_OF_RANGE,Out-of-range value in: battery_level,OUT_OF_RANGE,2026-09-18T06:14:29.923892+00:00
EVT0033076,BMW00102,WBA00000000000102,2026-04-25 20:15:00,30.06,102.31,25.14,37.769218,-26.573005,telemetry,DUPLICATE_RECORD,Duplicate record detected,DUPLICATE_RECORD,2026-09-18T06:14:29.923892+00:00
EVT0064588,,WBA00000000000728,2026-08-13 06:15:00,94.58,138.47,40.12,50.847914,-99.392853,telemetry,NULL_VALUE|REFERENTIAL_INTEGRITY,Null values in: vehicle_id | Referential integrity violation,NULL_VALUE|REFERENTIAL_INTEGRITY,2026-09-18T06:14:29.923892+00:00
EVT0064271,BMW00074,WBA00000000000074,2026-08-12 03:50:00,,64.91,3.14,40.52775,133.886204,telemetry,NULL_VALUE|OUT_OF_RANGE,Null values in: battery_level | Out-of-range value in: battery_level,NULL_VALUE|OUT_OF_RANGE,2026-09-18T06:14:29.923892+00:00
EVT0082299,BMW00266,,2026-10-13 18:10:00,27.25,78.1,44.93,54.349225,-13.642291,telemetry,NULL_VALUE|INVALID_VIN,Null values in: vin | Invalid or missing VIN,NULL_VALUE|INVALID_VIN,2026-09-18T06:14:29.923892+00:00
EVT0036642,BMW00508,WBA00000000000508,2026-05-08 05:25:00,,21.2,30.7,37.932273,-53.946798,telemetry,NULL_VALUE|OUT_OF_RANGE,Null values in: battery_level | Out-of-range value in: battery_level,NULL_VALUE|OUT_OF_RANGE,2026-09-18T06:14:29.923892+00:00
EVT0074226,BMW00695,INVALIDVIN,2026-09-15 17:25:00,52.37,2.13,31.92,24.736306,28.133256,telemetry,INVALID_VIN,Invalid or missing VIN,INVALID_VIN,2026-09-18T06:14:29.923892+00:00
EVT0021249,BMWX00093,WBA00000000000824,2026-03-15 18:40:00,78.05,129.6,-6.15,51.293431,18.147861,telemetry,REFERENTIAL_INTEGRITY,Referential integrity violation,REFERENTIAL_INTEGRITY,2026-09-18T06:14:29.923892+00:00
EVT0037761,BMW00991,WBA00000000000991,2026-05-12 02:40:00,,117.04,52.52,51.606633,-27.252784,telemetry,NULL_VALUE|OUT_OF_RANGE,Null values in: battery_level | Out-of-range value in: battery_level,NULL_VALUE|OUT_OF_RANGE,2026-09-18T06:14:29.923892+00:00
EVT0003626,BMW00259,WBA00000000000259,2026-01-13 14:05:00,-25.0,114.93,43.35,15.452079,41.723462,telemetry,OUT_OF_RANGE,Out-of-range value in: battery_level,OUT_OF_RANGE,2026-09-18T06:14:29.923892+00:00
EVT0098071,BMW00575,WBA00000000000575,2026-12-07 12:30:00,81.9,105.21,21.95,37.220383,99.962626,telemetry,DUPLICATE_RECORD,Duplicate record detected,DUPLICATE_RECORD,2026-09-18T06:14:29.923892+00:00
EVT0017569,BMW00696,WBA00000000000696,2026-03-03 00:00:00,68.23,13.81,150.0,41.985206,15.562111,telemetry,OUT_OF_RANGE,Out-of-range value in: temperature,OUT_OF_RANGE,2026-09-18T06:14:29.923892+00:00
EVT0085122,BMW00337,INVALIDVIN,2026-10-23 13:25:00,30.34,89.01,2.11,14.543667,-105.660082,telemetry,INVALID_VIN,Invalid or missing VIN,INVALID_VIN,2026-09-18T06:14:29.923892+00:00
EVT0016026,BMW00163,WBA00000000000163,2026-02-25 15:25:00,90.03,0.62,,54.373501,-53.565237,telemetry,NULL_VALUE|OUT_OF_RANGE,Null values in: temperature | Out-of-range value in: temperature,NULL_VALUE|OUT_OF_RANGE,2026-09-18T06:14:29.923892+00:00
EVT0030395,BMW00120,,2026-04-16 12:50:00,86.93,117.96,-6.85,28.733881,72.027854,telemetry,NULL_VALUE|INVALID_VIN,Null values in: vin | Invalid or missing VIN,NULL_VALUE|INVALID_VIN,2026-09-18T06:14:29.923892+00:00
EVT0087855,BMW00036,WBA00000000000036,2026-11-02 01:10:00,11.53,139.65,,52.681676,87.410622,telemetry,NULL_VALUE|OUT_OF_RANGE,Null values in: temperature | Out-of-range value in: temperature,NULL_VALUE|OUT_OF_RANGE,2026-09-18T06:14:29.923892+00:00
EVT0091658,BMW00502,WBA00000000000502,2026-11-15 06:05:00,58.41,139.52,-5.57,26.326964,29.82319,telemetry,DUPLICATE_RECORD,Duplicate record detected,DUPLICATE_RECORD,2026-09-18T06:14:29.923892+00:00
EVT0079893,BMW00975,WBA00000000000975,2026-10-05 09:40:00,56.03,106.29,18.59,32.323067,29.408205,telemetry,DUPLICATE_RECORD,Duplicate record detected,DUPLICATE_RECORD,2026-09-18T06:14:29.923892+00:00
EVT0070497,BMW00352,WBA00000000000352,2026-09-02 18:40:00,-25.0,29.67,27.3,13.956368,-29.296905,telemetry,OUT_OF_RANGE,Out-of-range value in: battery_level,OUT_OF_RANGE,2026-09-18T06:14:29.923892+00:00
EVT0001762,BMW00287,WBA00000000000287,2026-01-07 02:45:00,47.48,55.97,2.22,35.431106,85.426371,telemetry,DUPLICATE_RECORD,Duplicate record detected,DUPLICATE_RECORD,2026-09-18T06:14:29.923892+00:00
EVT0084937,BMW00447,WBA00000000000447,2026-10-22 22:00:00,43.78,114.35,52.68,41.795533,-84.740327,telemetry,DUPLICATE_RECORD,Duplicate record detected,DUPLICATE_RECORD,2026-09-18T06:14:29.923892+00:00
EVT0066150,BMW00726,WBA00000000000726,2026-08-18 16:25:00,12.85,52.08,-7.94,53.945301,-21.095869,telemetry,DUPLICATE_RECORD,Duplicate record detected,DUPLICATE_RECORD,2026-09-18T06:14:29.923892+00:00
EVT0024120,BMW00303,WBA00000000000303,2026-03-25 17:55:00,-25.0,139.4,47.42,42.899477,103.912247,telemetry,OUT_OF_RANGE,Out-of-range value in: battery_level,OUT_OF_RANGE,2026-09-18T06:14:29.923892+00:00
EVT0014779,BMW00022,WBA00000000000022,2026-02-21 07:30:00,95.02,63.88,22.45,21.47635,114.634013,telemetry,DUPLICATE_RECORD,Duplicate record detected,DUPLICATE_RECORD,2026-09-18T06:14:29.923892+00:00
EVT0061573,BMWX00127,WBA00000000000152,2026-08-02 19:00:00,30.21,38.74,45.44,27.22676,-109.320415,telemetry,REFERENTIAL_INTEGRITY,Referential integrity violation,REFERENTIAL_INTEGRITY,2026-09-18T06:14:29.923892+00:00
EVT0028208,BMW00113,WBA00000000000113,2026-04-08 22:35:00,-25.0,76.46,49.29,53.478014,143.515793,telemetry,OUT_OF_RANGE,Out-of-range value in: battery_level,OUT_OF_RANGE,2026-09-18T06:14:29.923892+00:00
EVT0090011,BMW00470,WBA00000000000470,2026-11-09 12:50:00,62.66,40.21,200.0,49.806891,9.382933,telemetry,OUT_OF_RANGE,Out-of-range value in: temperature,OUT_OF_RANGE,2026-09-18T06:14:29.923892+00:00
EVT0066599,BMW00361,WBA00000000000361,2026-08-20 05:50:00,22.44,54.12,19.42,42.617687,-53.590067,telemetry,DUPLICATE_RECORD,Duplicate record detected,DUPLICATE_RECORD,2026-09-18T06:14:29.923892+00:00
EVT0098502,BMW00094,,2026-12-09 00:25:00,77.05,151.66,-1.55,52.919517,127.667357,telemetry,NULL_VALUE|INVALID_VIN,Null values in: vin | Invalid or missing VIN,NULL_VALUE|INVALID_VIN,2026-09-18T06:14:29.923892+00:00
EVT0040463,BMW00376,,2026-05-21 11:50:00,87.55,71.92,1.0,19.203582,-62.882397,telemetry,NULL_VALUE|INVALID_VIN,Null values in: vin | Invalid or missing VIN,NULL_VALUE|INVALID_VIN,2026-09-18T06:14:29.923892+00:00
EVT0013800,BMW00668,WBA00000000000668,2026-02-17 21:55:00,69.13,87.35,-5.08,46.891478,108.421126,telemetry,DUPLICATE_RECORD,Duplicate record detected,DUPLICATE_RECORD,2026-09-18T06:14:29.923892+00:00
EVT0042735,BMW00705,WBA00000000000705,2026-05-29 09:10:00,180.0,102.04,45.46,26.28287,85.415953,telemetry,OUT_OF_RANGE,Out-of-range value in: battery_level,OUT_OF_RANGE,2026-09-18T06:14:29.923892+00:00
EVT0088127,BMW00676,WBA00000000000676,2026-11-02 23:50:00,81.97,35.22,15.79,21.095465,81.544283,telemetry,DUPLICATE_RECORD,Duplicate record detected,DUPLICATE_RECORD,2026-09-18T06:14:29.923892+00:00
EVT0013580,BMW00080,WBA00000000000080,2026-02-17 03:35:00,42.63,119.07,-1.45,51.626123,105.080425,telemetry,DUPLICATE_RECORD,Duplicate record detected,DUPLICATE_RECORD,2026-09-18T06:14:29.923892+00:00
EVT0006235,BMW00084,WBA00000000000084,2026-01-22 15:30:00,31.31,110.51,31.97,38.081941,86.035048,telemetry,DUPLICATE_RECORD,Duplicate record detected,DUPLICATE_RECORD,2026-09-18T06:14:29.923892+00:00
EVT0068532,BMWX00087,WBA00000000000610,2026-08-26 22:55:00,49.05,80.75,50.24,18.836454,119.752123,telemetry,REFERENTIAL_INTEGRITY,Referential integrity violation,REFERENTIAL_INTEGRITY,2026-09-18T06:14:29.923892+00:00
EVT0024284,BMWX00082,WBA00000000000721,2026-03-26 07:35:00,24.33,50.99,1.99,47.591922,-23.291889,telemetry,REFERENTIAL_INTEGRITY,Referential integrity violation,REFERENTIAL_INTEGRITY,2026-09-18T06:14:29.923892+00:00
EVT0044159,BMW00142,INVALIDVIN,2026-06-03 07:50:00,33.63,105.99,38.68,38.221033,115.465512,telemetry,INVALID_VIN,Invalid or missing VIN,INVALID_VIN,2026-09-18T06:14:29.923892+00:00
EVT0086291,BMW00926,WBA00000000000926,2026-10-27 14:50:00,16.93,11.66,5.2,27.933853,140.786219,telemetry,DUPLICATE_RECORD,Duplicate record detected,DUPLICATE_RECORD,2026-09-18T06:14:29.923892+00:00
EVT0044589,BMW00173,WBA00000000000173,2026-06-04 19:40:00,95.09,40.96,,21.623601,-109.602275,telemetry,NULL_VALUE|OUT_OF_RANGE,Null values in: temperature | Out-of-range value in: temperature,NULL_VALUE|OUT_OF_RANGE,2026-09-18T06:14:29.923892+00:00
EVT0081364,BMW00044,WBA00000000000044,2026-15-40 99:99:99,39.78,108.61,9.85,23.221003,46.835382,telemetry,INVALID_DATE,Invalid date in: timestamp,INVALID_DATE,2026-09-18T06:14:29.923892+00:00
EVT0078479,BMW00237,WBA00000000000237,2026-09-30 11:50:00,,133.82,42.94,32.619111,45.224753,telemetry,NULL_VALUE|OUT_OF_RANGE,Null values in: battery_level | Out-of-range value in: battery_level,NULL_VALUE|OUT_OF_RANGE,2026-09-18T06:14:29.923892+00:00
EVT0023425,BMW00989,,2026-03-23 08:00:00,41.07,150.27,33.27,53.117482,48.84403,telemetry,NULL_VALUE|INVALID_VIN,Null values in: vin | Invalid or missing VIN,NULL_VALUE|INVALID_VIN,2026-09-18T06:14:29.923892+00:00
EVT0052814,,WBA00000000000221,2026-07-03 09:05:00,95.41,65.82,-4.01,15.469563,147.040659,telemetry,NULL_VALUE|REFERENTIAL_INTEGRITY,Null values in: vehicle_id | Referential integrity violation,NULL_VALUE|REFERENTIAL_INTEGRITY,2026-09-18T06:14:29.923892+00:00
EVT0056956,BMW00061,WBA00000000000061,2026-07-17 18:15:00,180.0,58.4,15.22,28.38741,-15.533078,telemetry,OUT_OF_RANGE,Out-of-range value in: battery_level,OUT_OF_RANGE,2026-09-18T06:14:29.923892+00:00
EVT0005363,BMW00552,WBA00000000000552,2026-15-40 99:99:99,65.67,87.56,0.86,22.109179,-58.084731,telemetry,INVALID_DATE,Invalid date in: timestamp,INVALID_DATE,2026-09-18T06:14:29.923892+00:00
EVT0018319,BMW00396,WBA00000000000396,2026-15-40 99:99:99,77.95,103.53,54.21,30.081156,-91.857112,telemetry,INVALID_DATE,Invalid date in: timestamp,INVALID_DATE,2026-09-18T06:14:29.923892+00:00
BAD00096,UNKNOWN,BADVIN,not-a-date,999.0,-50.0,999.0,999.0,999.0,telemetry,INVALID_VIN|INVALID_DATE|OUT_OF_RANGE|REFERENTIAL_INTEGRITY,"Invalid or missing VIN | Invalid date in: timestamp | Out-of-range value in: battery_level, temperature, speed | Referential integrity violation",INVALID_VIN|INVALID_DATE|OUT_OF_RANGE|REFERENTIAL_INTEGRITY,2026-09-18T06:14:29.923892+00:00
EVT0028111,BMW00491,WBA00000000000491,2026-04-08 14:30:00,52.16,2.83,-7.21,28.279657,-76.775433,telemetry,DUPLICATE_RECORD,Duplicate record detected,DUPLICATE_RECORD,2026-09-18T06:14:29.923892+00:00
EVT0080918,BMW00248,WBA00000000000248,2026-10-08 23:05:00,42.17,148.99,0.9,21.170723,42.343326,telemetry,DUPLICATE_RECORD,Duplicate record detected,DUPLICATE_RECORD,2026-09-18T06:14:29.923892+00:00
EVT0002176,BMW00485,WBA00000000000485,2026-01-08 13:15:00,150.0,4.92,-6.66,48.164837,-39.428356,telemetry,OUT_OF_RANGE,Out-of-range value in: battery_level,OUT_OF_RANGE,2026-09-18T06:14:29.923892+00:00
EVT0082912,,WBA00000000000291,2026-10-15 21:15:00,54.06,50.82,5.67,40.246606,-84.78789,telemetry,NULL_VALUE|REFERENTIAL_INTEGRITY,Null values in: vehicle_id | Referential integrity violation,NULL_VALUE|REFERENTIAL_INTEGRITY,2026-09-18T06:14:29.923892+00:00
EVT0091598,BMW00072,WBA00000000000072,2026-11-15 01:05:00,64.79,17.21,45.98,15.557507,-39.843173,telemetry,DUPLICATE_RECORD,Duplicate record detected,DUPLICATE_RECORD,2026-09-18T06:14:29.923892+00:00
EVT0063343,BMW00032,WBA00000000000032,2026-08-08 22:30:00,10.71,7.02,-4.88,47.251935,-65.753182,telemetry,DUPLICATE_RECORD,Duplicate record detected,DUPLICATE_RECORD,2026-09-18T06:14:29.923892+00:00
EVT0076831,BMW00121,,2026-09-24 18:30:00,77.2,130.31,48.06,11.452393,-61.542705,telemetry,NULL_VALUE|INVALID_VIN,Null values in: vin | Invalid or missing VIN,NULL_VALUE|INVALID_VIN,2026-09-18T06:14:29.923892+00:00
EVT0091281,BMW00989,WBA00000000000989,2026-11-13 22:40:00,22.6,9.78,150.0,53.480898,-92.212957,telemetry,OUT_OF_RANGE,Out-of-range value in: temperature,OUT_OF_RANGE,2026-09-18T06:14:29.923892+00:00
EVT0047456,BMW00195,WBA00000000000195,2026-06-14 18:35:00,,44.48,0.31,32.820717,117.431391,telemetry,NULL_VALUE|OUT_OF_RANGE,Null values in: battery_level | Out-of-range value in: battery_level,NULL_VALUE|OUT_OF_RANGE,2026-09-18T06:14:29.923892+00:00
EVT0077583,BMWX00028,WBA00000000000302,2026-09-27 09:10:00,60.38,151.77,6.86,29.507145,-3.014328,telemetry,REFERENTIAL_INTEGRITY,Referential integrity violation,REFERENTIAL_INTEGRITY,2026-09-18T06:14:29.923892+00:00
EVT0072560,BMW00943,WBA00000000000943,2026-09-09 22:35:00,95.9,130.1,20.43,9.280351,-107.98103,telemetry,DUPLICATE_RECORD,Duplicate record detected,DUPLICATE_RECORD,2026-09-18T06:14:29.923892+00:00
EVT0089954,BMW00186,WBA00000000000186,2026-11-09 08:05:00,150.0,46.45,14.09,36.663672,-20.826006,telemetry,OUT_OF_RANGE,Out-of-range value in: battery_level,OUT_OF_RANGE,2026-09-18T06:14:29.923892+00:00
EVT0046667,BMW00437,WBA00000000000437,2026-06-12 00:50:00,38.17,160.0,,10.132549,83.650964,telemetry,NULL_VALUE|OUT_OF_RANGE,Null values in: temperature | Out-of-range value in: temperature,NULL_VALUE|OUT_OF_RANGE,2026-09-18T06:14:29.923892+00:00
EVT0015603,BMW00206,WBA00000000000206,2026-02-24 04:10:00,92.34,141.03,28.53,10.416543,-57.947177,telemetry,DUPLICATE_RECORD,Duplicate record detected,DUPLICATE_RECORD,2026-09-18T06:14:29.923892+00:00
EVT0059619,,WBA00000000000897,2026-07-27 00:10:00,62.77,104.7,-0.1,47.354847,129.814293,telemetry,NULL_VALUE|REFERENTIAL_INTEGRITY,Null values in: vehicle_id | Referential integrity violation,NULL_VALUE|REFERENTIAL_INTEGRITY,2026-09-18T06:14:29.923892+00:00
EVT0061609,BMW00467,WBA00000000000467,2026-08-02 22:00:00,-25.0,116.93,42.5,32.71155,-3.859103,telemetry,OUT_OF_RANGE,Out-of-range value in: battery_level,OUT_OF_RANGE,2026-09-18T06:14:29.923892+00:00
EVT0009336,BMW00197,WBA00000000000197,2026-02-02 09:55:00,,111.31,9.32,44.687834,147.018951,telemetry,NULL_VALUE|OUT_OF_RANGE,Null values in: battery_level | Out-of-range value in: battery_level,NULL_VALUE|OUT_OF_RANGE,2026-09-18T06:14:29.923892+00:00
EVT0090597,,WBA00000000000138,2026-11-11 13:40:00,60.5,84.59,25.81,51.863097,129.474539,telemetry,NULL_VALUE|REFERENTIAL_INTEGRITY,Null values in: vehicle_id | Referential integrity violation,NULL_VALUE|REFERENTIAL_INTEGRITY,2026-09-18T06:14:29.923892+00:00
EVT0087616,BMW00925,WBA00000000000925,2026-11-01 05:15:00,-25.0,84.09,46.31,25.804939,-6.436613,telemetry,OUT_OF_RANGE,Out-of-range value in: battery_level,OUT_OF_RANGE,2026-09-18T06:14:29.923892+00:00
EVT0044041,BMW00164,WBA00000000000164,2026-06-02 22:00:00,,38.88,36.66,47.869811,5.986679,telemetry,NULL_VALUE|OUT_OF_RANGE,Null values in: battery_level | Out-of-range value in: battery_level,NULL_VALUE|OUT_OF_RANGE,2026-09-18T06:14:29.923892+00:00
EVT0016205,,WBA00000000000331,2026-02-26 06:20:00,36.99,125.76,29.9,27.48085,-96.234451,telemetry,NULL_VALUE|REFERENTIAL_INTEGRITY,Null values in: vehicle_id | Referential integrity violation,NULL_VALUE|REFERENTIAL_INTEGRITY,2026-09-18T06:14:29.923892+00:00
BAD00091,UNKNOWN,BADVIN,not-a-date,999.0,-50.0,999.0,999.0,999.0,telemetry,INVALID_VIN|INVALID_DATE|OUT_OF_RANGE|REFERENTIAL_INTEGRITY,"Invalid or missing VIN | Invalid date in: timestamp | Out-of-range value in: battery_level, temperature, speed | Referential integrity violation",INVALID_VIN|INVALID_DATE|OUT_OF_RANGE|REFERENTIAL_INTEGRITY,2026-09-18T06:14:29.923892+00:00
EVT0002105,BMW00282,WBA00000000000282,2026-01-08 07:20:00,24.56,110.75,-4.17,50.504919,-7.349964,telemetry,DUPLICATE_RECORD,Duplicate record detected,DUPLICATE_RECORD,2026-09-18T06:14:29.923892+00:00
EVT0066941,BMW00477,WBA00000000000477,2026-08-21 10:20:00,,97.38,30.48,31.82933,-4.041053,telemetry,NULL_VALUE|OUT_OF_RANGE,Null values in: battery_level | Out-of-range value in: battery_level,NULL_VALUE|OUT_OF_RANGE,2026-09-18T06:14:29.923892+00:00
EVT0018681,BMW00604,,2026-03-06 20:40:00,49.59,83.75,23.95,19.382547,133.255217,telemetry,NULL_VALUE|INVALID_VIN,Null values in: vin | Invalid or missing VIN,NULL_VALUE|INVALID_VIN,2026-09-18T06:14:29.923892+00:00
EVT0021231,BMWX00161,WBA00000000000493,2026-03-15 17:10:00,27.9,97.87,2.47,42.307109,82.859676,telemetry,REFERENTIAL_INTEGRITY,Referential integrity violation,REFERENTIAL_INTEGRITY,2026-09-18T06:14:29.923892+00:00
EVT0034405,,WBA00000000000666,2026-04-30 11:00:00,62.52,38.7,18.13,40.155036,82.621451,telemetry,NULL_VALUE|REFERENTIAL_INTEGRITY,Null values in: vehicle_id | Referential integrity violation,NULL_VALUE|REFERENTIAL_INTEGRITY,2026-09-18T06:14:29.923892+00:00
EVT0062815,BMW00986,WBA00000000000986,2026-08-07 02:30:00,-25.0,45.48,32.26,17.219829,85.686932,telemetry,OUT_OF_RANGE,Out-of-range value in: battery_level,OUT_OF_RANGE,2026-09-18T06:14:29.923892+00:00
EVT0097797,BMW00329,WBA00000000000329,2026-12-06 13:40:00,87.87,153.89,-80.0,50.325136,102.887072,telemetry,OUT_OF_RANGE,Out-of-range value in: temperature,OUT_OF_RANGE,2026-09-18T06:14:29.923892+00:00
EVT0057235,BMW00926,WBA00000000000926,2026-07-18 17:30:00,12.46,32.87,-9.39,10.236524,12.13551,telemetry,DUPLICATE_RECORD,Duplicate record detected,DUPLICATE_RECORD,2026-09-18T06:14:29.923892+00:00
EVT0007241,,WBA00000000000230,2026-01-26 03:20:00,59.29,33.98,12.77,49.857217,-1.369252,telemetry,NULL_VALUE|REFERENTIAL_INTEGRITY,Null values in: vehicle_id | Referential integrity violation,NULL_VALUE|REFERENTIAL_INTEGRITY,2026-09-18T06:14:29.923892+00:00
EVT0017317,BMW00530,WBA00000000000530,2026-03-02 03:00:00,86.29,31.43,,43.325331,5.753101,telemetry,NULL_VALUE|OUT_OF_RANGE,Null values in: temperature | Out-of-range value in: temperature,NULL_VALUE|OUT_OF_RANGE,2026-09-18T06:14:29.923892+00:00
EVT0058283,BMW00896,,2026-07-22 08:50:00,12.89,77.99,52.84,19.901957,-21.118596,telemetry,NULL_VALUE|INVALID_VIN,Null values in: vin | Invalid or missing VIN,NULL_VALUE|INVALID_VIN,2026-09-18T06:14:29.923892+00:00
EVT0058123,,WBA00000000000945,2026-07-21 19:30:00,16.22,97.84,4.66,15.073342,139.085978,telemetry,NULL_VALUE|REFERENTIAL_INTEGRITY,Null values in: vehicle_id | Referential integrity violation,NULL_VALUE|REFERENTIAL_INTEGRITY,2026-09-18T06:14:29.923892+00:00
EVT0077755,BMW00103,,2026-09-27 23:30:00,21.33,66.63,15.63,52.032297,-111.961596,telemetry,NULL_VALUE|INVALID_VIN,Null values in: vin | Invalid or missing VIN,NULL_VALUE|INVALID_VIN,2026-09-18T06:14:29.923892+00:00
BAD00060,UNKNOWN,BADVIN,not-a-date,999.0,-50.0,999.0,999.0,999.0,telemetry,INVALID_VIN|INVALID_DATE|OUT_OF_RANGE|REFERENTIAL_INTEGRITY,"Invalid or missing VIN | Invalid date in: timestamp | Out-of-range value in: battery_level, temperature, speed | Referential integrity violation",INVALID_VIN|INVALID_DATE|OUT_OF_RANGE|REFERENTIAL_INTEGRITY,2026-09-18T06:14:29.923892+00:00
EVT0009822,BMW00765,INVALIDVIN,2026-02-04 02:25:00,36.77,93.9,18.65,50.300965,57.038591,telemetry,INVALID_VIN,Invalid or missing VIN,INVALID_VIN,2026-09-18T06:14:29.923892+00:00
EVT0058391,BMWX00086,WBA00000000000566,2026-07-22 17:50:00,37.03,126.91,14.29,36.3736,30.174862,telemetry,REFERENTIAL_INTEGRITY,Referential integrity violation,REFERENTIAL_INTEGRITY,2026-09-18T06:14:29.923892+00:00
EVT0014229,BMW00289,WBA00000000000289,2026-02-19 09:40:00,61.51,143.29,25.36,33.692697,60.095941,telemetry,DUPLICATE_RECORD,Duplicate record detected,DUPLICATE_RECORD,2026-09-18T06:14:29.923892+00:00
EVT0065942,BMW00570,,2026-08-17 23:05:00,94.69,94.54,25.85,52.780751,-45.129337,telemetry,NULL_VALUE|INVALID_VIN,Null values in: vin | Invalid or missing VIN,NULL_VALUE|INVALID_VIN,2026-09-18T06:14:29.923892+00:00
EVT0098406,,WBA00000000000426,2026-12-08 16:25:00,38.46,69.06,-0.43,20.717865,22.72253,telemetry,NULL_VALUE|REFERENTIAL_INTEGRITY,Null values in: vehicle_id | Referential integrity violation,NULL_VALUE|REFERENTIAL_INTEGRITY,2026-09-18T06:14:29.923892+00:00
BAD00082,UNKNOWN,BADVIN,not-a-date,999.0,-50.0,999.0,999.0,999.0,telemetry,INVALID_VIN|INVALID_DATE|OUT_OF_RANGE|REFERENTIAL_INTEGRITY,"Invalid or missing VIN | Invalid date in: timestamp | Out-of-range value in: battery_level, temperature, speed | Referential integrity violation",INVALID_VIN|INVALID_DATE|OUT_OF_RANGE|REFERENTIAL_INTEGRITY,2026-09-18T06:14:29.923892+00:00
EVT0036400,BMW00672,WBA00000000000672,2026-05-07 09:15:00,22.27,150.23,33.53,19.477866,112.897974,telemetry,DUPLICATE_RECORD,Duplicate record detected,DUPLICATE_RECORD,2026-09-18T06:14:29.923892+00:00
EVT0074156,BMW00192,INVALIDVIN,2026-09-15 11:35:00,52.37,90.63,14.73,21.582631,149.123127,telemetry,INVALID_VIN,Invalid or missing VIN,INVALID_VIN,2026-09-18T06:14:29.923892+00:00
EVT0019417,BMW00485,INVALIDVIN,2026-03-09 10:00:00,31.16,105.98,10.58,47.889373,-55.63168,telemetry,INVALID_VIN,Invalid or missing VIN,INVALID_VIN,2026-09-18T06:14:29.923892+00:00
EVT0038060,BMW00586,WBA00000000000586,2026-05-13 03:35:00,180.0,97.07,45.28,33.02233,37.491241,telemetry,OUT_OF_RANGE,Out-of-range value in: battery_level,OUT_OF_RANGE,2026-09-18T06:14:29.923892+00:00
EVT0084817,BMW00392,WBA00000000000392,2026-10-22 12:00:00,-10.0,150.9,21.29,40.902335,-91.653895,telemetry,OUT_OF_RANGE,Out-of-range value in: battery_level,OUT_OF_RANGE,2026-09-18T06:14:29.923892+00:00
EVT0088201,BMW00829,WBA00000000000829,2026-11-03 06:00:00,58.8,94.36,,19.015346,-94.091279,telemetry,NULL_VALUE|OUT_OF_RANGE,Null values in: temperature | Out-of-range value in: temperature,NULL_VALUE|OUT_OF_RANGE,2026-09-18T06:14:29.923892+00:00
EVT0066331,BMW00014,WBA00000000000014,2026-08-19 07:30:00,32.79,31.42,-80.0,47.185463,-43.489358,telemetry,OUT_OF_RANGE,Out-of-range value in: temperature,OUT_OF_RANGE,2026-09-18T06:14:29.923892+00:00
EVT0080141,BMW00154,WBA00000000000154,2026-10-06 06:20:00,28.0,103.04,,8.42902,-119.806286,telemetry,NULL_VALUE|OUT_OF_RANGE,Null values in: temperature | Out-of-range value in: temperature,NULL_VALUE|OUT_OF_RANGE,2026-09-18T06:14:29.923892+00:00
EVT0092312,BMW00003,WBA00000000000003,2026-15-40 99:99:99,10.46,77.03,24.45,31.353462,138.834487,telemetry,INVALID_DATE,Invalid date in: timestamp,INVALID_DATE,2026-09-18T06:14:29.923892+00:00
EVT0025157,BMW00770,WBA00000000000770,2026-15-40 99:99:99,96.9,59.45,20.13,44.400611,-111.821442,telemetry,INVALID_DATE,Invalid date in: timestamp,INVALID_DATE,2026-09-18T06:14:29.923892+00:00
EVT0010197,BMWX00072,WBA00000000000515,2026-02-05 09:40:00,93.03,72.73,50.46,27.662931,76.739126,telemetry,REFERENTIAL_INTEGRITY,Referential integrity violation,REFERENTIAL_INTEGRITY,2026-09-18T06:14:29.923892+00:00
EVT0027388,BMW00781,,2026-04-06 02:15:00,79.79,1.52,14.01,49.353424,-110.874504,telemetry,NULL_VALUE|INVALID_VIN,Null values in: vin | Invalid or missing VIN,NULL_VALUE|INVALID_VIN,2026-09-18T06:14:29.923892+00:00
EVT0083040,BMW00815,WBA00000000000815,2026-10-16 07:55:00,98.56,90.85,19.35,44.057998,133.074457,telemetry,DUPLICATE_RECORD,Duplicate record detected,DUPLICATE_RECORD,2026-09-18T06:14:29.923892+00:00
EVT0073589,BMW00405,,2026-09-13 12:20:00,20.55,135.25,47.9,36.406791,-18.469709,telemetry,NULL_VALUE|INVALID_VIN,Null values in: vin | Invalid or missing VIN,NULL_VALUE|INVALID_VIN,2026-09-18T06:14:29.923892+00:00
EVT0032964,,WBA00000000000580,2026-04-25 10:55:00,25.72,154.63,7.31,49.090555,-5.742185,telemetry,NULL_VALUE|REFERENTIAL_INTEGRITY,Null values in: vehicle_id | Referential integrity violation,NULL_VALUE|REFERENTIAL_INTEGRITY,2026-09-18T06:14:29.923892+00:00
EVT0042193,BMW00961,WBA00000000000961,2026-05-27 12:00:00,180.0,61.64,52.4,35.653137,125.199832,telemetry,OUT_OF_RANGE,Out-of-range value in: battery_level,OUT_OF_RANGE,2026-09-18T06:14:29.923892+00:00
EVT0003592,BMW00403,WBA00000000000403,2026-15-40 99:99:99,19.98,156.33,34.39,52.658156,100.417016,telemetry,INVALID_DATE,Invalid date in: timestamp,INVALID_DATE,2026-09-18T06:14:29.923892+00:00
EVT0067593,,WBA00000000000653,2026-08-23 16:40:00,74.81,140.75,53.46,47.84594,118.389961,telemetry,NULL_VALUE|REFERENTIAL_INTEGRITY,Null values in: vehicle_id | Referential integrity violation,NULL_VALUE|REFERENTIAL_INTEGRITY,2026-09-18T06:14:29.923892+00:00
EVT0036742,,WBA00000000000337,2026-05-08 13:45:00,52.94,103.99,3.85,29.22763,14.248501,telemetry,NULL_VALUE|REFERENTIAL_INTEGRITY,Null values in: vehicle_id | Referential integrity violation,NULL_VALUE|REFERENTIAL_INTEGRITY,2026-09-18T06:14:29.923892+00:00
EVT0099375,BMW00282,WBA00000000000282,2026-15-40 99:99:99,13.94,67.92,29.85,29.106372,63.452379,telemetry,INVALID_DATE,Invalid date in: timestamp,INVALID_DATE,2026-09-18T06:14:29.923892+00:00
EVT0015153,BMW00250,WBA00000000000250,2026-02-22 14:40:00,42.73,85.23,28.92,27.461632,62.03588,telemetry,DUPLICATE_RECORD,Duplicate record detected,DUPLICATE_RECORD,2026-09-18T06:14:29.923892+00:00
EVT0001409,BMW00526,WBA00000000000526,2026-01-05 21:20:00,-25.0,56.56,49.83,16.888823,103.185331,telemetry,OUT_OF_RANGE,Out-of-range value in: battery_level,OUT_OF_RANGE,2026-09-18T06:14:29.923892+00:00
EVT0061315,BMW00530,WBA00000000000530,2026-08-01 21:30:00,-10.0,78.88,-0.74,14.592407,48.13894,telemetry,OUT_OF_RANGE,Out-of-range value in: battery_level,OUT_OF_RANGE,2026-09-18T06:14:29.923892+00:00
EVT0097977,BMW00586,WBA00000000000586,2026-12-07 04:40:00,38.85,128.97,-7.43,12.99779,-66.679727,telemetry,DUPLICATE_RECORD,Duplicate record detected,DUPLICATE_RECORD,2026-09-18T06:14:29.923892+00:00
EVT0056314,BMW00837,WBA00000000000837,2026-07-15 12:45:00,,12.36,3.69,27.603452,116.512172,telemetry,NULL_VALUE|OUT_OF_RANGE,Null values in: battery_level | Out-of-range value in: battery_level,NULL_VALUE|OUT_OF_RANGE,2026-09-18T06:14:29.923892+00:00
EVT0035422,BMWX00164,WBA00000000000915,2026-05-03 23:45:00,88.73,24.26,-5.99,44.986969,41.361956,telemetry,REFERENTIAL_INTEGRITY,Referential integrity violation,REFERENTIAL_INTEGRITY,2026-09-18T06:14:29.923892+00:00
EVT0016131,BMW00276,WBA00000000000276,2026-02-26 00:10:00,25.5,98.01,22.86,49.57553,115.034684,telemetry,DUPLICATE_RECORD,Duplicate record detected,DUPLICATE_RECORD,2026-09-18T06:14:29.923892+00:00
EVT0092145,BMW00768,,2026-11-16 22:40:00,65.33,2.6,12.27,25.577685,-38.116703,telemetry,NULL_VALUE|INVALID_VIN,Null values in: vin | Invalid or missing VIN,NULL_VALUE|INVALID_VIN,2026-09-18T06:14:29.923892+00:00
EVT0000869,BMW00925,WBA00000000000925,2026-15-40 99:99:99,54.48,147.76,19.31,48.196781,-118.466961,telemetry,INVALID_DATE,Invalid date in: timestamp,INVALID_DATE,2026-09-18T06:14:29.923892+00:00
EVT0029895,BMW00359,WBA00000000000359,2026-04-14 19:10:00,24.63,45.15,,22.936094,-110.412837,telemetry,NULL_VALUE|OUT_OF_RANGE,Null values in: temperature | Out-of-range value in: temperature,NULL_VALUE|OUT_OF_RANGE,2026-09-18T06:14:29.923892+00:00
EVT0098341,BMW00214,WBA00000000000214,2026-12-08 11:00:00,23.86,38.09,32.76,42.635031,28.879041,telemetry,DUPLICATE_RECORD,Duplicate record detected,DUPLICATE_RECORD,2026-09-18T06:14:29.923892+00:00
EVT0092439,BMWX00044,WBA00000000000873,2026-11-17 23:10:00,75.82,95.51,13.89,9.349638,-91.203335,telemetry,REFERENTIAL_INTEGRITY,Referential integrity violation,REFERENTIAL_INTEGRITY,2026-09-18T06:14:29.923892+00:00
EVT0008508,BMWX00194,WBA00000000000910,2026-01-30 12:55:00,58.97,120.33,-1.94,18.406999,-92.472778,telemetry,REFERENTIAL_INTEGRITY,Referential integrity violation,REFERENTIAL_INTEGRITY,2026-09-18T06:14:29.923892+00:00
EVT0026927,BMW00628,,2026-04-04 11:50:00,26.5,137.83,48.0,34.535458,130.164132,telemetry,NULL_VALUE|INVALID_VIN,Null values in: vin | Invalid or missing VIN,NULL_VALUE|INVALID_VIN,2026-09-18T06:14:29.923892+00:00
EVT0023958,BMW00048,WBA00000000000048,2026-03-25 04:25:00,32.32,83.46,6.61,47.721344,116.652287,telemetry,DUPLICATE_RECORD,Duplicate record detected,DUPLICATE_RECORD,2026-09-18T06:14:29.923892+00:00
EVT0012397,BMW00535,WBA00000000000535,2026-02-13 01:00:00,84.05,6.36,45.38,9.894454,32.035052,telemetry,DUPLICATE_RECORD,Duplicate record detected,DUPLICATE_RECORD,2026-09-18T06:14:29.923892+00:00
EVT0019172,BMW00767,WBA00000000000767,2026-03-08 13:35:00,98.26,31.46,,25.682139,66.161849,telemetry,NULL_VALUE|OUT_OF_RANGE,Null values in: temperature | Out-of-range value in: temperature,NULL_VALUE|OUT_OF_RANGE,2026-09-18T06:14:29.923892+00:00
EVT0059876,BMW00980,WBA00000000000980,2026-07-27 21:35:00,,106.22,38.19,42.10339,55.598788,telemetry,NULL_VALUE|OUT_OF_RANGE,Null values in: battery_level | Out-of-range value in: battery_level,NULL_VALUE|OUT_OF_RANGE,2026-09-18T06:14:29.923892+00:00
EVT0019264,BMW00177,WBA00000000000177,2026-03-08 21:15:00,79.4,39.16,6.71,8.767143,-111.50888,telemetry,DUPLICATE_RECORD,Duplicate record detected,DUPLICATE_RECORD,2026-09-18T06:14:29.923892+00:00
EVT0001833,BMW00436,WBA00000000000436,2026-01-07 08:40:00,180.0,16.9,15.74,21.597339,-18.51822,telemetry,OUT_OF_RANGE,Out-of-range value in: battery_level,OUT_OF_RANGE,2026-09-18T06:14:29.923892+00:00
EVT0044654,BMW00191,WBA00000000000191,2026-06-05 01:05:00,26.96,20.8,,34.358413,64.68465,telemetry,NULL_VALUE|OUT_OF_RANGE,Null values in: temperature | Out-of-range value in: temperature,NULL_VALUE|OUT_OF_RANGE,2026-09-18T06:14:29.923892+00:00
EVT0099884,BMW00169,WBA00000000000169,2026-12-13 19:35:00,26.25,105.05,-100.0,40.560172,-36.530394,telemetry,OUT_OF_RANGE,Out-of-range value in: temperature,OUT_OF_RANGE,2026-09-18T06:14:29.923892+00:00
EVT0005465,BMW00206,WBA00000000000206,2026-01-19 23:20:00,70.45,7.65,23.72,49.060665,-54.400434,telemetry,DUPLICATE_RECORD,Duplicate record detected,DUPLICATE_RECORD,2026-09-18T06:14:29.923892+00:00
EVT0022321,BMW00938,WBA00000000000938,2026-15-40 99:99:99,76.23,0.61,-0.43,33.501478,-76.640867,telemetry,INVALID_DATE,Invalid date in: timestamp,INVALID_DATE,2026-09-18T06:14:29.923892+00:00
EVT0062614,BMW00289,INVALIDVIN,2026-08-06 09:45:00,93.94,63.38,-7.86,35.154898,77.290555,telemetry,INVALID_VIN,Invalid or missing VIN,INVALID_VIN,2026-09-18T06:14:29.923892+00:00
EVT0054741,BMW00524,WBA00000000000524,2026-07-10 01:40:00,26.32,36.98,-100.0,47.757393,-92.038565,telemetry,OUT_OF_RANGE,Out-of-range value in: temperature,OUT_OF_RANGE,2026-09-18T06:14:29.923892+00:00
EVT0053366,BMW00035,WBA00000000000035,2026-07-05 07:05:00,81.37,116.34,,17.480774,44.649314,telemetry,NULL_VALUE|OUT_OF_RANGE,Null values in: temperature | Out-of-range value in: temperature,NULL_VALUE|OUT_OF_RANGE,2026-09-18T06:14:29.923892+00:00
EVT0036535,BMWX00138,WBA00000000000015,2026-05-07 20:30:00,50.19,1.59,38.38,43.450118,-74.609014,telemetry,REFERENTIAL_INTEGRITY,Referential integrity violation,REFERENTIAL_INTEGRITY,2026-09-18T06:14:29.923892+00:00
EVT0000909,BMW00796,WBA00000000000796,2026-01-04 03:40:00,83.37,88.12,-80.0,12.814722,-68.690094,telemetry,OUT_OF_RANGE,Out-of-range value in: temperature,OUT_OF_RANGE,2026-09-18T06:14:29.923892+00:00
EVT0029783,BMW00484,WBA00000000000484,2026-04-14 09:50:00,,56.29,11.1,8.92919,116.945972,telemetry,NULL_VALUE|OUT_OF_RANGE,Null values in: battery_level | Out-of-range value in: battery_level,NULL_VALUE|OUT_OF_RANGE,2026-09-18T06:14:29.923892+00:00
EVT0094336,BMW00116,WBA00000000000116,2026-11-24 13:15:00,47.87,123.74,150.0,26.161739,-84.895772,telemetry,OUT_OF_RANGE,Out-of-range value in: temperature,OUT_OF_RANGE,2026-09-18T06:14:29.923892+00:00
EVT0056852,BMW00275,INVALIDVIN,2026-07-17 09:35:00,61.33,82.7,8.2,47.878061,138.316754,telemetry,INVALID_VIN,Invalid or missing VIN,INVALID_VIN,2026-09-18T06:14:29.923892+00:00
EVT0052806,,WBA00000000000541,2026-07-03 08:25:00,78.62,145.83,16.01,14.675719,20.796557,telemetry,NULL_VALUE|REFERENTIAL_INTEGRITY,Null values in: vehicle_id | Referential integrity violation,NULL_VALUE|REFERENTIAL_INTEGRITY,2026-09-18T06:14:29.923892+00:00
EVT0053939,BMWX00155,WBA00000000000498,2026-07-07 06:50:00,58.81,82.87,5.02,21.945198,-26.477331,telemetry,REFERENTIAL_INTEGRITY,Referential integrity violation,REFERENTIAL_INTEGRITY,2026-09-18T06:14:29.923892+00:00
EVT0053215,,WBA00000000000654,2026-07-04 18:30:00,21.34,156.86,12.1,23.183072,-76.47319,telemetry,NULL_VALUE|REFERENTIAL_INTEGRITY,Null values in: vehicle_id | Referential integrity violation,NULL_VALUE|REFERENTIAL_INTEGRITY,2026-09-18T06:14:29.923892+00:00
EVT0004862,BMW00758,WBA00000000000758,2026-01-17 21:05:00,80.24,49.88,,48.037756,-2.396367,telemetry,NULL_VALUE|OUT_OF_RANGE,Null values in: temperature | Out-of-range value in: temperature,NULL_VALUE|OUT_OF_RANGE,2026-09-18T06:14:29.923892+00:00
EVT0049696,BMW00488,WBA00000000000488,2026-06-22 13:15:00,180.0,44.36,4.58,46.385812,1.225514,telemetry,OUT_OF_RANGE,Out-of-range value in: battery_level,OUT_OF_RANGE,2026-09-18T06:14:29.923892+00:00
EVT0018362,BMW00405,WBA00000000000405,2026-03-05 18:05:00,18.85,124.44,,32.013001,-105.205271,telemetry,NULL_VALUE|OUT_OF_RANGE,Null values in: temperature | Out-of-range value in: temperature,NULL_VALUE|OUT_OF_RANGE,2026-09-18T06:14:29.923892+00:00
EVT0043247,BMW00967,WBA00000000000967,2026-15-40 99:99:99,78.81,84.66,28.93,27.627673,-83.923138,telemetry,INVALID_DATE,Invalid date in: timestamp,INVALID_DATE,2026-09-18T06:14:29.923892+00:00
EVT0054397,BMW00289,WBA00000000000289,2026-07-08 21:00:00,93.86,34.99,33.38,42.602601,143.286009,telemetry,DUPLICATE_RECORD,Duplicate record detected,DUPLICATE_RECORD,2026-09-18T06:14:29.923892+00:00
EVT0031913,BMW00967,WBA00000000000967,2026-04-21 19:20:00,,142.01,8.33,27.814722,-47.343785,telemetry,NULL_VALUE|OUT_OF_RANGE,Null values in: battery_level | Out-of-range value in: battery_level,NULL_VALUE|OUT_OF_RANGE,2026-09-18T06:14:29.923892+00:00
EVT0089578,BMW00842,WBA00000000000842,2026-11-08 00:45:00,73.02,23.58,-2.73,16.207448,13.256912,telemetry,DUPLICATE_RECORD,Duplicate record detected,DUPLICATE_RECORD,2026-09-18T06:14:29.923892+00:00
EVT0034434,BMWX00071,WBA00000000000828,2026-04-30 13:25:00,19.26,110.52,52.91,14.158841,-91.278503,telemetry,REFERENTIAL_INTEGRITY,Referential integrity violation,REFERENTIAL_INTEGRITY,2026-09-18T06:14:29.923892+00:00
EVT0065251,BMW00144,WBA00000000000144,2026-08-15 13:30:00,,74.35,-8.69,50.36207,24.14971,telemetry,NULL_VALUE|OUT_OF_RANGE,Null values in: battery_level | Out-of-range value in: battery_level,NULL_VALUE|OUT_OF_RANGE,2026-09-18T06:14:29.923892+00:00
EVT0046623,BMW00502,WBA00000000000502,2026-15-40 99:99:99,65.63,46.98,8.95,35.76511,133.381263,telemetry,INVALID_DATE,Invalid date in: timestamp,INVALID_DATE,2026-09-18T06:14:29.923892+00:00
EVT0088674,BMW00934,WBA00000000000934,2026-11-04 21:25:00,95.14,110.66,150.0,48.958925,14.755213,telemetry,OUT_OF_RANGE,Out-of-range value in: temperature,OUT_OF_RANGE,2026-09-18T06:14:29.923892+00:00
EVT0080723,BMW00736,INVALIDVIN,2026-10-08 06:50:00,76.22,140.29,20.86,18.252715,-7.678076,telemetry,INVALID_VIN,Invalid or missing VIN,INVALID_VIN,2026-09-18T06:14:29.923892+00:00
EVT0080147,BMW00494,WBA00000000000494,2026-10-06 06:50:00,180.0,126.55,40.35,54.543874,116.160894,telemetry,OUT_OF_RANGE,Out-of-range value in: battery_level,OUT_OF_RANGE,2026-09-18T06:14:29.923892+00:00
EVT0021326,BMW00828,WBA00000000000828,2026-03-16 01:05:00,51.69,128.59,-8.29,24.909612,-4.932132,telemetry,DUPLICATE_RECORD,Duplicate record detected,DUPLICATE_RECORD,2026-09-18T06:14:29.923892+00:00
EVT0050946,BMW00943,,2026-06-26 21:25:00,77.35,38.96,-4.61,27.29574,-95.437452,telemetry,NULL_VALUE|INVALID_VIN,Null values in: vin | Invalid or missing VIN,NULL_VALUE|INVALID_VIN,2026-09-18T06:14:29.923892+00:00
EVT0052459,BMW00845,WBA00000000000845,2026-07-02 03:30:00,88.07,35.43,4.83,40.606204,-108.933611,telemetry,DUPLICATE_RECORD,Duplicate record detected,DUPLICATE_RECORD,2026-09-18T06:14:29.923892+00:00
EVT0075831,BMW00796,WBA00000000000796,2026-09-21 07:10:00,92.16,12.76,1.55,43.244405,63.091436,telemetry,DUPLICATE_RECORD,Duplicate record detected,DUPLICATE_RECORD,2026-09-18T06:14:29.923892+00:00
EVT0093770,BMW00701,,2026-11-22 14:05:00,32.87,2.91,5.26,37.39126,-6.425441,telemetry,NULL_VALUE|INVALID_VIN,Null values in: vin | Invalid or missing VIN,NULL_VALUE|INVALID_VIN,2026-09-18T06:14:29.923892+00:00
EVT0008453,BMW00321,WBA00000000000321,2026-01-30 08:20:00,92.5,91.37,-8.69,23.427995,-48.570685,telemetry,DUPLICATE_RECORD,Duplicate record detected,DUPLICATE_RECORD,2026-09-18T06:14:29.923892+00:00
EVT0010551,BMW00880,WBA00000000000880,2026-02-06 15:10:00,95.55,51.74,37.65,23.540958,57.607347,telemetry,DUPLICATE_RECORD,Duplicate record detected,DUPLICATE_RECORD,2026-09-18T06:14:29.923892+00:00
EVT0069162,BMW00590,WBA00000000000590,2026-08-29 03:25:00,31.38,83.48,26.54,20.816876,-26.495778,telemetry,DUPLICATE_RECORD,Duplicate record detected,DUPLICATE_RECORD,2026-09-18T06:14:29.923892+00:00
EVT0076207,BMW00610,WBA00000000000610,2026-09-22 14:30:00,52.24,51.21,40.84,39.779473,41.401959,telemetry,DUPLICATE_RECORD,Duplicate record detected,DUPLICATE_RECORD,2026-09-18T06:14:29.923892+00:00
EVT0077127,BMWX00090,WBA00000000000305,2026-09-25 19:10:00,38.55,132.61,2.62,11.834053,-2.247582,telemetry,DUPLICATE_RECORD|REFERENTIAL_INTEGRITY,Duplicate record detected | Referential integrity violation,DUPLICATE_RECORD|REFERENTIAL_INTEGRITY,2026-09-18T06:14:29.923892+00:00
EVT0032845,BMW00437,INVALIDVIN,2026-04-25 01:00:00,57.73,45.02,43.19,41.844858,125.584468,telemetry,INVALID_VIN,Invalid or missing VIN,INVALID_VIN,2026-09-18T06:14:29.923892+00:00
EVT0016499,BMW00389,WBA00000000000389,2026-02-27 06:50:00,99.43,155.33,-100.0,13.290432,-69.845483,telemetry,OUT_OF_RANGE,Out-of-range value in: temperature,OUT_OF_RANGE,2026-09-18T06:14:29.923892+00:00
EVT0099889,BMW00505,WBA00000000000505,2026-12-13 20:00:00,60.91,101.69,-80.0,47.671162,-25.704827,telemetry,OUT_OF_RANGE,Out-of-range value in: temperature,OUT_OF_RANGE,2026-09-18T06:14:29.923892+00:00
EVT0047651,BMW00053,WBA00000000000053,2026-15-40 99:99:99,27.27,6.35,45.74,37.008294,34.390886,telemetry,INVALID_DATE,Invalid date in: timestamp,INVALID_DATE,2026-09-18T06:14:29.923892+00:00
EVT0013925,BMW00111,WBA00000000000111,2026-02-18 08:20:00,12.46,81.67,46.93,20.345115,-46.689374,telemetry,DUPLICATE_RECORD,Duplicate record detected,DUPLICATE_RECORD,2026-09-18T06:14:29.923892+00:00
EVT0085014,BMW00632,INVALIDVIN,2026-10-23 04:25:00,67.8,74.66,25.46,44.200459,-14.824994,telemetry,INVALID_VIN,Invalid or missing VIN,INVALID_VIN,2026-09-18T06:14:29.923892+00:00
EVT0018962,BMW00518,,2026-03-07 20:05:00,80.64,18.91,34.72,11.144554,52.837821,telemetry,NULL_VALUE|INVALID_VIN,Null values in: vin | Invalid or missing VIN,NULL_VALUE|INVALID_VIN,2026-09-18T06:14:29.923892+00:00
EVT0060111,,WBA00000000000737,2026-07-28 17:10:00,59.32,104.91,24.38,54.853768,99.01999,telemetry,NULL_VALUE|REFERENTIAL_INTEGRITY,Null values in: vehicle_id | Referential integrity violation,NULL_VALUE|REFERENTIAL_INTEGRITY,2026-09-18T06:14:29.923892+00:00
EVT0009938,BMW00782,WBA00000000000782,2026-02-04 12:05:00,37.95,139.37,2.92,32.429726,32.66839,telemetry,DUPLICATE_RECORD,Duplicate record detected,DUPLICATE_RECORD,2026-09-18T06:14:29.923892+00:00
EVT0042688,BMW00890,WBA00000000000890,2026-05-29 05:15:00,,17.14,14.09,17.392381,-109.436011,telemetry,NULL_VALUE|OUT_OF_RANGE,Null values in: battery_level | Out-of-range value in: battery_level,NULL_VALUE|OUT_OF_RANGE,2026-09-18T06:14:29.923892+00:00
EVT0090791,BMW00005,WBA00000000000005,2026-11-12 05:50:00,40.32,57.95,30.9,25.727716,145.629307,telemetry,DUPLICATE_RECORD,Duplicate record detected,DUPLICATE_RECORD,2026-09-18T06:14:29.923892+00:00
EVT0065452,BMW00780,,2026-08-16 06:15:00,41.92,129.62,27.54,38.068306,74.663956,telemetry,NULL_VALUE|INVALID_VIN,Null values in: vin | Invalid or missing VIN,NULL_VALUE|INVALID_VIN,2026-09-18T06:14:29.923892+00:00
EVT0008019,BMW00889,WBA00000000000889,2026-01-28 20:10:00,27.83,55.69,0.86,44.154604,110.815146,telemetry,DUPLICATE_RECORD,Duplicate record detected,DUPLICATE_RECORD,2026-09-18T06:14:29.923892+00:00
EVT0015859,,WBA00000000000911,2026-02-25 01:30:00,21.71,17.15,-8.09,54.8529,15.136416,telemetry,NULL_VALUE|REFERENTIAL_INTEGRITY,Null values in: vehicle_id | Referential integrity violation,NULL_VALUE|REFERENTIAL_INTEGRITY,2026-09-18T06:14:29.923892+00:00
EVT0065410,BMW00013,WBA00000000000013,2026-08-16 02:45:00,20.49,104.97,31.55,50.842908,16.853912,telemetry,DUPLICATE_RECORD,Duplicate record detected,DUPLICATE_RECORD,2026-09-18T06:14:29.923892+00:00
EVT0073528,,WBA00000000000840,2026-09-13 07:15:00,99.89,99.04,7.77,30.654674,80.672392,telemetry,NULL_VALUE|REFERENTIAL_INTEGRITY,Null values in: vehicle_id | Referential integrity violation,NULL_VALUE|REFERENTIAL_INTEGRITY,2026-09-18T06:14:29.923892+00:00
EVT0092474,BMW00320,WBA00000000000320,2026-11-18 02:05:00,36.77,19.56,,21.048304,57.474096,telemetry,NULL_VALUE|OUT_OF_RANGE,Null values in: temperature | Out-of-range value in: temperature,NULL_VALUE|OUT_OF_RANGE,2026-09-18T06:14:29.923892+00:00
EVT0084722,BMW00746,WBA00000000000746,2026-10-22 04:05:00,55.92,118.05,18.13,52.142693,105.670276,telemetry,DUPLICATE_RECORD,Duplicate record detected,DUPLICATE_RECORD,2026-09-18T06:14:29.923892+00:00
EVT0072595,BMW00648,,2026-09-10 01:30:00,73.72,33.2,12.97,12.474861,40.987825,telemetry,NULL_VALUE|INVALID_VIN,Null values in: vin | Invalid or missing VIN,NULL_VALUE|INVALID_VIN,2026-09-18T06:14:29.923892+00:00
EVT0037146,BMW00853,WBA00000000000853,2026-05-09 23:25:00,,37.53,28.53,41.325152,111.444249,telemetry,NULL_VALUE|OUT_OF_RANGE,Null values in: battery_level | Out-of-range value in: battery_level,NULL_VALUE|OUT_OF_RANGE,2026-09-18T06:14:29.923892+00:00
EVT0010589,BMW00861,WBA00000000000861,2026-02-06 18:20:00,-10.0,144.31,40.68,14.295733,-3.41295,telemetry,OUT_OF_RANGE,Out-of-range value in: battery_level,OUT_OF_RANGE,2026-09-18T06:14:29.923892+00:00
EVT0071034,BMW00259,,2026-09-04 15:25:00,27.49,64.5,53.66,14.978807,-66.610233,telemetry,NULL_VALUE|INVALID_VIN,Null values in: vin | Invalid or missing VIN,NULL_VALUE|INVALID_VIN,2026-09-18T06:14:29.923892+00:00
EVT0070650,BMWX00128,WBA00000000000797,2026-09-03 07:25:00,96.34,132.29,50.46,47.731702,82.471146,telemetry,REFERENTIAL_INTEGRITY,Referential integrity violation,REFERENTIAL_INTEGRITY,2026-09-18T06:14:29.923892+00:00
BAD00098,UNKNOWN,BADVIN,not-a-date,999.0,-50.0,999.0,999.0,999.0,telemetry,INVALID_VIN|INVALID_DATE|OUT_OF_RANGE|REFERENTIAL_INTEGRITY,"Invalid or missing VIN | Invalid date in: timestamp | Out-of-range value in: battery_level, temperature, speed | Referential integrity violation",INVALID_VIN|INVALID_DATE|OUT_OF_RANGE|REFERENTIAL_INTEGRITY,2026-09-18T06:14:29.923892+00:00
EVT0020109,BMW00469,,2026-03-11 19:40:00,23.82,146.31,29.32,20.86347,38.994757,telemetry,NULL_VALUE|INVALID_VIN,Null values in: vin | Invalid or missing VIN,NULL_VALUE|INVALID_VIN,2026-09-18T06:14:29.923892+00:00
EVT0014926,,WBA00000000000144,2026-02-21 19:45:00,41.6,126.35,52.79,15.720515,-96.565935,telemetry,NULL_VALUE|REFERENTIAL_INTEGRITY,Null values in: vehicle_id | Referential integrity violation,NULL_VALUE|REFERENTIAL_INTEGRITY,2026-09-18T06:14:29.923892+00:00
EVT0000661,BMW00130,,2026-01-03 07:00:00,80.56,133.78,50.57,10.786777,-44.846129,telemetry,NULL_VALUE|INVALID_VIN,Null values in: vin | Invalid or missing VIN,NULL_VALUE|INVALID_VIN,2026-09-18T06:14:29.923892+00:00
EVT0035037,BMW00256,WBA00000000000256,2026-05-02 15:40:00,180.0,147.04,37.35,14.975916,-74.709574,telemetry,OUT_OF_RANGE,Out-of-range value in: battery_level,OUT_OF_RANGE,2026-09-18T06:14:29.923892+00:00
EVT0005439,BMW00071,WBA00000000000071,2026-01-19 21:10:00,75.09,138.48,33.79,36.185354,50.898639,telemetry,DUPLICATE_RECORD,Duplicate record detected,DUPLICATE_RECORD,2026-09-18T06:14:29.923892+00:00
EVT0022924,BMW00206,WBA00000000000206,2026-03-21 14:15:00,,27.58,38.08,27.434442,99.54836,telemetry,NULL_VALUE|OUT_OF_RANGE,Null values in: battery_level | Out-of-range value in: battery_level,NULL_VALUE|OUT_OF_RANGE,2026-09-18T06:14:29.923892+00:00
EVT0096505,BMW00172,WBA00000000000172,2026-12-02 02:00:00,33.84,4.81,,8.998128,90.701198,telemetry,NULL_VALUE|OUT_OF_RANGE,Null values in: temperature | Out-of-range value in: temperature,NULL_VALUE|OUT_OF_RANGE,2026-09-18T06:14:29.923892+00:00
EVT0068961,BMW00965,WBA00000000000965,2026-08-28 10:40:00,52.02,66.42,,43.21273,138.05397,telemetry,NULL_VALUE|OUT_OF_RANGE,Null values in: temperature | Out-of-range value in: temperature,NULL_VALUE|OUT_OF_RANGE,2026-09-18T06:14:29.923892+00:00
EVT0038433,BMW00793,WBA00000000000793,2026-05-14 10:40:00,69.35,63.15,31.24,23.051028,11.137317,telemetry,DUPLICATE_RECORD,Duplicate record detected,DUPLICATE_RECORD,2026-09-18T06:14:29.923892+00:00
EVT0056092,BMW00630,,2026-07-14 18:15:00,18.12,46.47,38.98,49.163958,-2.613431,telemetry,NULL_VALUE|INVALID_VIN,Null values in: vin | Invalid or missing VIN,NULL_VALUE|INVALID_VIN,2026-09-18T06:14:29.923892+00:00
EVT0076121,BMWX00147,WBA00000000000020,2026-09-22 07:20:00,79.83,148.32,16.97,25.208204,131.60721,telemetry,REFERENTIAL_INTEGRITY,Referential integrity violation,REFERENTIAL_INTEGRITY,2026-09-18T06:14:29.923892+00:00
EVT0009002,BMWX00080,WBA00000000000744,2026-02-01 06:05:00,14.88,130.93,35.42,21.11411,-73.745645,telemetry,REFERENTIAL_INTEGRITY,Referential integrity violation,REFERENTIAL_INTEGRITY,2026-09-18T06:14:29.923892+00:00
EVT0062123,BMW00188,WBA00000000000188,2026-08-04 16:50:00,29.36,67.61,26.07,45.371542,19.311523,telemetry,DUPLICATE_RECORD,Duplicate record detected,DUPLICATE_RECORD,2026-09-18T06:14:29.923892+00:00
EVT0080982,BMW00178,WBA00000000000178,2026-15-40 99:99:99,43.99,52.43,-9.44,44.526369,-99.465728,telemetry,INVALID_DATE,Invalid date in: timestamp,INVALID_DATE,2026-09-18T06:14:29.923892+00:00
EVT0020055,BMW00442,WBA00000000000442,2026-03-11 15:10:00,15.73,80.61,,12.8453,22.210233,telemetry,NULL_VALUE|OUT_OF_RANGE,Null values in: temperature | Out-of-range value in: temperature,NULL_VALUE|OUT_OF_RANGE,2026-09-18T06:14:29.923892+00:00
EVT0020950,BMW00035,WBA00000000000035,2026-03-14 17:45:00,73.25,42.01,42.26,12.857737,-42.906758,telemetry,DUPLICATE_RECORD,Duplicate record detected,DUPLICATE_RECORD,2026-09-18T06:14:29.923892+00:00
EVT0044240,BMW00370,WBA00000000000370,2026-06-03 14:35:00,45.53,43.07,-100.0,40.782145,-41.893386,telemetry,OUT_OF_RANGE,Out-of-range value in: temperature,OUT_OF_RANGE,2026-09-18T06:14:29.923892+00:00
EVT0043152,BMW00643,WBA00000000000643,2026-15-40 99:99:99,63.84,79.85,4.42,37.481383,102.420764,telemetry,INVALID_DATE,Invalid date in: timestamp,INVALID_DATE,2026-09-18T06:14:29.923892+00:00
EVT0084822,BMW00112,WBA00000000000112,2026-10-22 12:25:00,33.73,119.52,-80.0,15.371187,-103.727077,telemetry,OUT_OF_RANGE,Out-of-range value in: temperature,OUT_OF_RANGE,2026-09-18T06:14:29.923892+00:00
EVT0094700,,WBA00000000000434,2026-11-25 19:35:00,64.72,16.07,-8.83,13.775171,13.670124,telemetry,NULL_VALUE|REFERENTIAL_INTEGRITY,Null values in: vehicle_id | Referential integrity violation,NULL_VALUE|REFERENTIAL_INTEGRITY,2026-09-18T06:14:29.923892+00:00
EVT0061774,BMW00316,WBA00000000000316,2026-08-03 11:45:00,95.84,121.23,21.12,26.108855,14.094639,telemetry,DUPLICATE_RECORD,Duplicate record detected,DUPLICATE_RECORD,2026-09-18T06:14:29.923892+00:00
EVT0085054,BMW00498,WBA00000000000498,2026-10-23 07:45:00,,33.03,51.93,33.863355,64.228941,telemetry,NULL_VALUE|OUT_OF_RANGE,Null values in: battery_level | Out-of-range value in: battery_level,NULL_VALUE|OUT_OF_RANGE,2026-09-18T06:14:29.923892+00:00
EVT0092530,BMW00547,WBA00000000000547,2026-11-18 06:45:00,57.06,52.1,14.86,13.238281,21.73246,telemetry,DUPLICATE_RECORD,Duplicate record detected,DUPLICATE_RECORD,2026-09-18T06:14:29.923892+00:00
EVT0092677,BMW00893,,2026-11-18 19:00:00,79.62,112.29,43.26,8.804769,116.1259,telemetry,NULL_VALUE|INVALID_VIN,Null values in: vin | Invalid or missing VIN,NULL_VALUE|INVALID_VIN,2026-09-18T06:14:29.923892+00:00
EVT0097980,BMWX00110,WBA00000000000116,2026-12-07 04:55:00,89.05,55.03,50.92,53.583224,-45.314359,telemetry,REFERENTIAL_INTEGRITY,Referential integrity violation,REFERENTIAL_INTEGRITY,2026-09-18T06:14:29.923892+00:00
EVT0001510,BMW00038,INVALIDVIN,2026-01-06 05:45:00,13.67,103.83,43.47,47.990019,1.612021,telemetry,INVALID_VIN,Invalid or missing VIN,INVALID_VIN,2026-09-18T06:14:29.923892+00:00
EVT0012781,BMW00294,,2026-02-14 09:00:00,69.77,26.23,36.63,20.131194,4.86775,telemetry,NULL_VALUE|INVALID_VIN,Null values in: vin | Invalid or missing VIN,NULL_VALUE|INVALID_VIN,2026-09-18T06:14:29.923892+00:00
EVT0093632,BMW00603,,2026-11-22 02:35:00,39.07,37.77,11.69,11.009288,32.436721,telemetry,NULL_VALUE|INVALID_VIN,Null values in: vin | Invalid or missing VIN,NULL_VALUE|INVALID_VIN,2026-09-18T06:14:29.923892+00:00
EVT0032814,BMWX00122,WBA00000000000051,2026-04-24 22:25:00,42.06,124.87,8.53,8.517273,-102.76488,telemetry,REFERENTIAL_INTEGRITY,Referential integrity violation,REFERENTIAL_INTEGRITY,2026-09-18T06:14:29.923892+00:00
EVT0030960,BMW00105,WBA00000000000105,2026-04-18 11:55:00,65.5,48.07,20.21,8.989153,-101.608045,telemetry,DUPLICATE_RECORD,Duplicate record detected,DUPLICATE_RECORD,2026-09-18T06:14:29.923892+00:00
EVT0028344,BMW00911,WBA00000000000911,2026-04-09 09:55:00,43.87,100.87,,21.309784,18.321088,telemetry,NULL_VALUE|OUT_OF_RANGE,Null values in: temperature | Out-of-range value in: temperature,NULL_VALUE|OUT_OF_RANGE,2026-09-18T06:14:29.923892+00:00
EVT0026755,BMW00944,WBA00000000000944,2026-04-03 21:30:00,11.36,46.55,,31.414332,53.941401,telemetry,NULL_VALUE|OUT_OF_RANGE,Null values in: temperature | Out-of-range value in: temperature,NULL_VALUE|OUT_OF_RANGE,2026-09-18T06:14:29.923892+00:00
EVT0002403,BMWX00075,WBA00000000000088,2026-01-09 08:10:00,88.57,80.18,37.99,14.225636,-1.668935,telemetry,REFERENTIAL_INTEGRITY,Referential integrity violation,REFERENTIAL_INTEGRITY,2026-09-18T06:14:29.923892+00:00
EVT0053912,BMWX00020,WBA00000000000269,2026-07-07 04:35:00,35.13,38.31,30.41,35.229367,-65.959577,telemetry,REFERENTIAL_INTEGRITY,Referential integrity violation,REFERENTIAL_INTEGRITY,2026-09-18T06:14:29.923892+00:00
EVT0089793,BMW00636,WBA00000000000636,2026-15-40 99:99:99,66.66,36.64,16.44,16.05167,-93.02143,telemetry,INVALID_DATE,Invalid date in: timestamp,INVALID_DATE,2026-09-18T06:14:29.923892+00:00
EVT0097027,BMW00158,WBA00000000000158,2026-12-03 21:30:00,70.53,115.93,13.41,35.27508,132.540846,telemetry,DUPLICATE_RECORD,Duplicate record detected,DUPLICATE_RECORD,2026-09-18T06:14:29.923892+00:00
EVT0099916,BMW00128,,2026-12-13 22:15:00,38.46,53.67,-8.57,24.637964,2.662601,telemetry,NULL_VALUE|INVALID_VIN,Null values in: vin | Invalid or missing VIN,NULL_VALUE|INVALID_VIN,2026-09-18T06:14:29.923892+00:00
EVT0030713,BMW00164,,2026-04-17 15:20:00,13.18,45.4,1.51,29.254577,-116.546814,telemetry,NULL_VALUE|DUPLICATE_RECORD|INVALID_VIN,Null values in: vin | Duplicate record detected | Invalid or missing VIN,NULL_VALUE|DUPLICATE_RECORD|INVALID_VIN,2026-09-18T06:14:29.923892+00:00
EVT0087949,BMW00929,INVALIDVIN,2026-11-02 09:00:00,78.42,136.2,-8.56,45.753037,-83.790078,telemetry,INVALID_VIN,Invalid or missing VIN,INVALID_VIN,2026-09-18T06:14:29.923892+00:00
EVT0052684,BMW00503,WBA00000000000503,2026-07-02 22:15:00,92.95,12.14,150.0,40.730807,-94.089855,telemetry,OUT_OF_RANGE,Out-of-range value in: temperature,OUT_OF_RANGE,2026-09-18T06:14:29.923892+00:00
EVT0028342,BMW00955,,2026-04-09 09:45:00,47.34,64.29,23.78,29.060202,128.284547,telemetry,NULL_VALUE|INVALID_VIN,Null values in: vin | Invalid or missing VIN,NULL_VALUE|INVALID_VIN,2026-09-18T06:14:29.923892+00:00
EVT0034471,BMW00197,WBA00000000000197,2026-04-30 16:30:00,14.23,121.67,200.0,15.592423,84.505421,telemetry,OUT_OF_RANGE,Out-of-range value in: temperature,OUT_OF_RANGE,2026-09-18T06:14:29.923892+00:00
EVT0095446,BMW00713,WBA00000000000713,2026-11-28 09:45:00,,159.87,20.48,16.809412,-3.879766,telemetry,NULL_VALUE|OUT_OF_RANGE,Null values in: battery_level | Out-of-range value in: battery_level,NULL_VALUE|OUT_OF_RANGE,2026-09-18T06:14:29.923892+00:00
EVT0032276,BMW00810,WBA00000000000810,2026-04-23 01:35:00,42.09,37.1,,32.712652,-57.039141,telemetry,NULL_VALUE|OUT_OF_RANGE,Null values in: temperature | Out-of-range value in: temperature,NULL_VALUE|OUT_OF_RANGE,2026-09-18T06:14:29.923892+00:00
EVT0064840,BMW00069,WBA00000000000069,2026-08-14 03:15:00,150.0,132.58,-2.23,44.971369,122.265353,telemetry,OUT_OF_RANGE,Out-of-range value in: battery_level,OUT_OF_RANGE,2026-09-18T06:14:29.923892+00:00
EVT0000487,BMW00214,WBA00000000000214,2026-01-02 16:30:00,51.63,134.27,-80.0,46.895869,-74.632386,telemetry,OUT_OF_RANGE,Out-of-range value in: temperature,OUT_OF_RANGE,2026-09-18T06:14:29.923892+00:00
EVT0016941,BMW00021,INVALIDVIN,2026-02-28 19:40:00,68.46,52.35,13.24,22.010213,-86.621385,telemetry,INVALID_VIN,Invalid or missing VIN,INVALID_VIN,2026-09-18T06:14:29.923892+00:00
EVT0003259,BMW00517,WBA00000000000517,2026-15-40 99:99:99,84.76,135.15,19.52,51.123262,94.498824,telemetry,INVALID_DATE,Invalid date in: timestamp,INVALID_DATE,2026-09-18T06:14:29.923892+00:00
EVT0001354,BMW00868,WBA00000000000868,2026-01-05 16:45:00,180.0,70.66,6.58,45.002381,-37.195785,telemetry,OUT_OF_RANGE,Out-of-range value in: battery_level,OUT_OF_RANGE,2026-09-18T06:14:29.923892+00:00
EVT0078026,BMW00840,WBA00000000000840,2026-09-28 22:05:00,47.09,121.8,150.0,50.054881,107.970702,telemetry,OUT_OF_RANGE,Out-of-range value in: temperature,OUT_OF_RANGE,2026-09-18T06:14:29.923892+00:00
EVT0007234,BMW00387,INVALIDVIN,2026-01-26 02:45:00,59.25,15.0,45.3,42.689809,60.527829,telemetry,INVALID_VIN,Invalid or missing VIN,INVALID_VIN,2026-09-18T06:14:29.923892+00:00
EVT0048341,,WBA00000000000163,2026-06-17 20:20:00,40.16,88.5,31.5,32.040582,-10.440706,telemetry,NULL_VALUE|REFERENTIAL_INTEGRITY,Null values in: vehicle_id | Referential integrity violation,NULL_VALUE|REFERENTIAL_INTEGRITY,2026-09-18T06:14:29.923892+00:00
EVT0059011,BMW00193,WBA00000000000193,2026-07-24 21:30:00,,103.0,15.27,33.064811,-110.551038,telemetry,NULL_VALUE|OUT_OF_RANGE,Null values in: battery_level | Out-of-range value in: battery_level,NULL_VALUE|OUT_OF_RANGE,2026-09-18T06:14:29.923892+00:00
EVT0066426,,WBA00000000000263,2026-08-19 15:25:00,58.01,11.7,6.25,8.453477,130.433281,telemetry,NULL_VALUE|REFERENTIAL_INTEGRITY,Null values in: vehicle_id | Referential integrity violation,NULL_VALUE|REFERENTIAL_INTEGRITY,2026-09-18T06:14:29.923892+00:00
EVT0083595,BMW00199,WBA00000000000199,2026-10-18 06:10:00,81.43,68.98,3.44,19.420052,74.565674,telemetry,DUPLICATE_RECORD,Duplicate record detected,DUPLICATE_RECORD,2026-09-18T06:14:29.923892+00:00
EVT0056300,BMW00333,WBA00000000000333,2026-07-15 11:35:00,98.03,131.42,-2.21,15.088548,-28.584225,telemetry,DUPLICATE_RECORD,Duplicate record detected,DUPLICATE_RECORD,2026-09-18T06:14:29.923892+00:00
EVT0017359,BMW00847,WBA00000000000847,2026-03-02 06:30:00,18.36,131.59,,23.065953,51.819619,telemetry,NULL_VALUE|OUT_OF_RANGE,Null values in: temperature | Out-of-range value in: temperature,NULL_VALUE|OUT_OF_RANGE,2026-09-18T06:14:29.923892+00:00
EVT0052773,BMW00227,WBA00000000000227,2026-15-40 99:99:99,24.95,23.01,15.62,46.380166,126.225252,telemetry,INVALID_DATE,Invalid date in: timestamp,INVALID_DATE,2026-09-18T06:14:29.923892+00:00
EVT0076921,BMW00727,INVALIDVIN,2026-09-25 02:00:00,69.24,142.38,0.98,8.936995,-70.305984,telemetry,INVALID_VIN,Invalid or missing VIN,INVALID_VIN,2026-09-18T06:14:29.923892+00:00
EVT0038051,BMW00767,WBA00000000000767,2026-05-13 02:50:00,72.52,120.34,21.98,26.139786,-46.386926,telemetry,DUPLICATE_RECORD,Duplicate record detected,DUPLICATE_RECORD,2026-09-18T06:14:29.923892+00:00
EVT0057090,BMW00926,,2026-07-18 05:25:00,50.98,45.04,50.71,19.593631,20.979109,telemetry,NULL_VALUE|INVALID_VIN,Null values in: vin | Invalid or missing VIN,NULL_VALUE|INVALID_VIN,2026-09-18T06:14:29.923892+00:00
EVT0044253,BMW00563,WBA00000000000563,2026-06-03 15:40:00,20.87,90.48,-80.0,8.932486,-1.338895,telemetry,OUT_OF_RANGE,Out-of-range value in: temperature,OUT_OF_RANGE,2026-09-18T06:14:29.923892+00:00
EVT0013798,BMW00785,WBA00000000000785,2026-02-17 21:45:00,67.32,19.45,24.17,43.255324,72.584183,telemetry,DUPLICATE_RECORD,Duplicate record detected,DUPLICATE_RECORD,2026-09-18T06:14:29.923892+00:00
EVT0042400,BMW00367,WBA00000000000367,2026-05-28 05:15:00,57.79,128.93,200.0,33.996719,122.052256,telemetry,OUT_OF_RANGE,Out-of-range value in: temperature,OUT_OF_RANGE,2026-09-18T06:14:29.923892+00:00
EVT0018654,BMWX00188,WBA00000000000471,2026-03-06 18:25:00,61.11,49.23,51.27,39.626257,-88.801066,telemetry,REFERENTIAL_INTEGRITY,Referential integrity violation,REFERENTIAL_INTEGRITY,2026-09-18T06:14:29.923892+00:00
BAD00086,UNKNOWN,BADVIN,not-a-date,999.0,-50.0,999.0,999.0,999.0,telemetry,INVALID_VIN|INVALID_DATE|OUT_OF_RANGE|REFERENTIAL_INTEGRITY,"Invalid or missing VIN | Invalid date in: timestamp | Out-of-range value in: battery_level, temperature, speed | Referential integrity violation",INVALID_VIN|INVALID_DATE|OUT_OF_RANGE|REFERENTIAL_INTEGRITY,2026-09-18T06:14:29.923892+00:00
EVT0058437,BMWX00094,WBA00000000000290,2026-07-22 21:40:00,75.01,6.35,7.66,38.407685,137.010273,telemetry,REFERENTIAL_INTEGRITY,Referential integrity violation,REFERENTIAL_INTEGRITY,2026-09-18T06:14:29.923892+00:00
EVT0098085,BMW00703,WBA00000000000703,2026-12-07 13:40:00,82.43,109.64,-8.79,23.432921,-75.777394,telemetry,DUPLICATE_RECORD,Duplicate record detected,DUPLICATE_RECORD,2026-09-18T06:14:29.923892+00:00
EVT0090710,BMW00105,WBA00000000000105,2026-11-11 23:05:00,10.14,129.12,-7.97,54.440965,-44.523085,telemetry,DUPLICATE_RECORD,Duplicate record detected,DUPLICATE_RECORD,2026-09-18T06:14:29.923892+00:00
EVT0075702,BMW00739,INVALIDVIN,2026-09-20 20:25:00,46.8,75.75,24.36,22.338801,51.072066,telemetry,INVALID_VIN,Invalid or missing VIN,INVALID_VIN,2026-09-18T06:14:29.923892+00:00
EVT0025009,BMW00563,WBA00000000000563,2026-03-28 20:00:00,22.16,150.84,200.0,18.732732,82.619055,telemetry,OUT_OF_RANGE,Out-of-range value in: temperature,OUT_OF_RANGE,2026-09-18T06:14:29.923892+00:00
EVT0034319,BMWX00040,WBA00000000000372,2026-04-30 03:50:00,45.97,76.85,-5.32,44.365749,135.273059,telemetry,REFERENTIAL_INTEGRITY,Referential integrity violation,REFERENTIAL_INTEGRITY,2026-09-18T06:14:29.923892+00:00
EVT0010708,BMW00484,,2026-02-07 04:15:00,85.01,82.13,1.5,10.259194,144.391603,telemetry,NULL_VALUE|INVALID_VIN,Null values in: vin | Invalid or missing VIN,NULL_VALUE|INVALID_VIN,2026-09-18T06:14:29.923892+00:00
EVT0081788,BMWX00066,WBA00000000000625,2026-10-11 23:35:00,22.07,24.6,-7.73,15.12802,-38.01351,telemetry,REFERENTIAL_INTEGRITY,Referential integrity violation,REFERENTIAL_INTEGRITY,2026-09-18T06:14:29.923892+00:00
EVT0087363,BMW00431,,2026-10-31 08:10:00,33.1,157.74,48.33,25.034445,-11.959848,telemetry,NULL_VALUE|INVALID_VIN,Null values in: vin | Invalid or missing VIN,NULL_VALUE|INVALID_VIN,2026-09-18T06:14:29.923892+00:00
EVT0097401,BMW00177,WBA00000000000177,2026-12-05 04:40:00,150.0,86.06,41.72,12.642786,58.984736,telemetry,OUT_OF_RANGE,Out-of-range value in: battery_level,OUT_OF_RANGE,2026-09-18T06:14:29.923892+00:00
EVT0029681,BMW00353,WBA00000000000353,2026-04-14 01:20:00,87.96,40.71,,52.811162,113.946747,telemetry,NULL_VALUE|OUT_OF_RANGE,Null values in: temperature | Out-of-range value in: temperature,NULL_VALUE|OUT_OF_RANGE,2026-09-18T06:14:29.923892+00:00
EVT0045149,BMW00552,WBA00000000000552,2026-06-06 18:20:00,53.26,5.59,42.81,32.739486,111.650429,telemetry,DUPLICATE_RECORD,Duplicate record detected,DUPLICATE_RECORD,2026-09-18T06:14:29.923892+00:00
EVT0046532,BMWX00058,WBA00000000000226,2026-06-11 13:35:00,12.48,11.62,45.32,27.634583,102.907765,telemetry,REFERENTIAL_INTEGRITY,Referential integrity violation,REFERENTIAL_INTEGRITY,2026-09-18T06:14:29.923892+00:00
EVT0085658,BMW00759,,2026-10-25 10:05:00,86.35,139.97,-0.46,37.504453,68.258417,telemetry,NULL_VALUE|INVALID_VIN,Null values in: vin | Invalid or missing VIN,NULL_VALUE|INVALID_VIN,2026-09-18T06:14:29.923892+00:00
EVT0076449,BMW00352,WBA00000000000352,2026-09-23 10:40:00,-25.0,149.31,52.2,35.958164,-16.608655,telemetry,OUT_OF_RANGE,Out-of-range value in: battery_level,OUT_OF_RANGE,2026-09-18T06:14:29.923892+00:00
EVT0026812,BMW00001,,2026-04-04 02:15:00,55.96,19.04,-0.13,41.2385,-39.222913,telemetry,NULL_VALUE|INVALID_VIN,Null values in: vin | Invalid or missing VIN,NULL_VALUE|INVALID_VIN,2026-09-18T06:14:29.923892+00:00
EVT0042499,,WBA00000000000034,2026-05-28 13:30:00,15.49,151.11,12.29,30.161854,14.390185,telemetry,NULL_VALUE|REFERENTIAL_INTEGRITY,Null values in: vehicle_id | Referential integrity violation,NULL_VALUE|REFERENTIAL_INTEGRITY,2026-09-18T06:14:29.923892+00:00
EVT0060768,BMW00410,WBA00000000000410,2026-07-30 23:55:00,46.98,90.05,24.3,17.099199,95.447527,telemetry,DUPLICATE_RECORD,Duplicate record detected,DUPLICATE_RECORD,2026-09-18T06:14:29.923892+00:00
EVT0044953,BMW00446,WBA00000000000446,2026-06-06 02:00:00,48.89,18.65,6.43,46.962427,127.911188,telemetry,DUPLICATE_RECORD,Duplicate record detected,DUPLICATE_RECORD,2026-09-18T06:14:29.923892+00:00
EVT0078272,BMW00615,WBA00000000000615,2026-09-29 18:35:00,81.34,12.28,47.0,40.24761,112.704315,telemetry,DUPLICATE_RECORD,Duplicate record detected,DUPLICATE_RECORD,2026-09-18T06:14:29.923892+00:00
EVT0009584,,WBA00000000000268,2026-02-03 06:35:00,43.89,10.12,38.02,23.55933,-5.146058,telemetry,NULL_VALUE|REFERENTIAL_INTEGRITY,Null values in: vehicle_id | Referential integrity violation,NULL_VALUE|REFERENTIAL_INTEGRITY,2026-09-18T06:14:29.923892+00:00
EVT0088906,BMW00749,WBA00000000000749,2026-11-05 16:45:00,150.0,93.8,11.51,8.226521,-89.084454,telemetry,OUT_OF_RANGE,Out-of-range value in: battery_level,OUT_OF_RANGE,2026-09-18T06:14:29.923892+00:00
EVT0031632,BMW00693,WBA00000000000693,2026-04-20 19:55:00,82.52,35.99,3.26,25.58933,75.55837,telemetry,DUPLICATE_RECORD,Duplicate record detected,DUPLICATE_RECORD,2026-09-18T06:14:29.923892+00:00
EVT0031820,BMW00624,WBA00000000000624,2026-04-21 11:35:00,92.3,58.67,,39.498604,139.982006,telemetry,NULL_VALUE|OUT_OF_RANGE,Null values in: temperature | Out-of-range value in: temperature,NULL_VALUE|OUT_OF_RANGE,2026-09-18T06:14:29.923892+00:00
EVT0040164,BMW00871,WBA00000000000871,2026-05-20 10:55:00,11.97,94.07,12.95,32.428094,69.023112,telemetry,DUPLICATE_RECORD,Duplicate record detected,DUPLICATE_RECORD,2026-09-18T06:14:29.923892+00:00
EVT0074324,BMW00806,WBA00000000000806,2026-09-16 01:35:00,53.0,4.85,,40.642817,60.496708,telemetry,NULL_VALUE|OUT_OF_RANGE,Null values in: temperature | Out-of-range value in: temperature,NULL_VALUE|OUT_OF_RANGE,2026-09-18T06:14:29.923892+00:00
EVT0042732,BMW00714,WBA00000000000714,2026-05-29 08:55:00,56.94,127.06,33.92,46.876481,-5.333109,telemetry,DUPLICATE_RECORD,Duplicate record detected,DUPLICATE_RECORD,2026-09-18T06:14:29.923892+00:00
EVT0073182,,WBA00000000000575,2026-09-12 02:25:00,76.96,64.3,49.21,8.0133,132.370812,telemetry,NULL_VALUE|REFERENTIAL_INTEGRITY,Null values in: vehicle_id | Referential integrity violation,NULL_VALUE|REFERENTIAL_INTEGRITY,2026-09-18T06:14:29.923892+00:00
EVT0069527,,WBA00000000000495,2026-08-30 09:50:00,81.36,25.14,27.33,50.923894,60.160671,telemetry,NULL_VALUE|REFERENTIAL_INTEGRITY,Null values in: vehicle_id | Referential integrity violation,NULL_VALUE|REFERENTIAL_INTEGRITY,2026-09-18T06:14:29.923892+00:00
EVT0008419,,WBA00000000000430,2026-01-30 05:30:00,88.8,112.02,42.36,52.601768,-37.863595,telemetry,NULL_VALUE|REFERENTIAL_INTEGRITY,Null values in: vehicle_id | Referential integrity violation,NULL_VALUE|REFERENTIAL_INTEGRITY,2026-09-18T06:14:29.923892+00:00
EVT0036019,BMW00307,WBA00000000000307,2026-05-06 01:30:00,150.0,25.54,0.6,19.441404,45.863022,telemetry,OUT_OF_RANGE,Out-of-range value in: battery_level,OUT_OF_RANGE,2026-09-18T06:14:29.923892+00:00
EVT0014954,,WBA00000000000710,2026-02-21 22:05:00,67.51,42.11,13.91,10.818169,25.065151,telemetry,NULL_VALUE|REFERENTIAL_INTEGRITY,Null values in: vehicle_id | Referential integrity violation,NULL_VALUE|REFERENTIAL_INTEGRITY,2026-09-18T06:14:29.923892+00:00
EVT0079981,BMW00816,WBA00000000000816,2026-10-05 17:00:00,28.11,148.05,,44.905674,21.743489,telemetry,NULL_VALUE|OUT_OF_RANGE,Null values in: temperature | Out-of-range value in: temperature,NULL_VALUE|OUT_OF_RANGE,2026-09-18T06:14:29.923892+00:00
EVT0017107,BMW00379,INVALIDVIN,2026-03-01 09:30:00,45.62,115.84,-6.94,37.587857,91.936096,telemetry,INVALID_VIN,Invalid or missing VIN,INVALID_VIN,2026-09-18T06:14:29.923892+00:00
EVT0073569,BMW00986,WBA00000000000986,2026-09-13 10:40:00,86.28,110.62,150.0,12.079215,80.44889,telemetry,OUT_OF_RANGE,Out-of-range value in: temperature,OUT_OF_RANGE,2026-09-18T06:14:29.923892+00:00
EVT0029993,BMWX00017,WBA00000000000273,2026-04-15 03:20:00,11.72,152.25,15.45,33.7123,-66.42469,telemetry,REFERENTIAL_INTEGRITY,Referential integrity violation,REFERENTIAL_INTEGRITY,2026-09-18T06:14:29.923892+00:00
EVT0093381,BMW00351,WBA00000000000351,2026-11-21 05:40:00,22.51,142.07,20.12,41.015692,-16.824774,telemetry,DUPLICATE_RECORD,Duplicate record detected,DUPLICATE_RECORD,2026-09-18T06:14:29.923892+00:00
EVT0070248,BMWX00168,WBA00000000000437,2026-09-01 21:55:00,94.48,85.6,48.72,32.635495,48.76956,telemetry,REFERENTIAL_INTEGRITY,Referential integrity violation,REFERENTIAL_INTEGRITY,2026-09-18T06:14:29.923892+00:00
EVT0060290,BMW00063,WBA00000000000063,2026-15-40 99:99:99,81.16,2.01,35.7,45.996514,21.8534,telemetry,INVALID_DATE,Invalid date in: timestamp,INVALID_DATE,2026-09-18T06:14:29.923892+00:00
BAD00011,UNKNOWN,BADVIN,not-a-date,999.0,-50.0,999.0,999.0,999.0,telemetry,INVALID_VIN|INVALID_DATE|OUT_OF_RANGE|REFERENTIAL_INTEGRITY,"Invalid or missing VIN | Invalid date in: timestamp | Out-of-range value in: battery_level, temperature, speed | Referential integrity violation",INVALID_VIN|INVALID_DATE|OUT_OF_RANGE|REFERENTIAL_INTEGRITY,2026-09-18T06:14:29.923892+00:00
EVT0039264,BMW00423,,2026-05-17 07:55:00,84.74,104.06,24.5,32.338791,42.339027,telemetry,NULL_VALUE|INVALID_VIN,Null values in: vin | Invalid or missing VIN,NULL_VALUE|INVALID_VIN,2026-09-18T06:14:29.923892+00:00
EVT0084373,BMW00436,WBA00000000000436,2026-10-20 23:00:00,10.82,29.07,-6.44,37.705728,121.525406,telemetry,DUPLICATE_RECORD,Duplicate record detected,DUPLICATE_RECORD,2026-09-18T06:14:29.923892+00:00
EVT0039753,BMWX00112,WBA00000000000185,2026-05-19 00:40:00,51.81,153.73,-8.15,15.062185,-8.706008,telemetry,REFERENTIAL_INTEGRITY,Referential integrity violation,REFERENTIAL_INTEGRITY,2026-09-18T06:14:29.923892+00:00
EVT0064953,BMW00944,WBA00000000000944,2026-08-14 12:40:00,19.41,100.57,,41.308513,22.390802,telemetry,NULL_VALUE|OUT_OF_RANGE,Null values in: temperature | Out-of-range value in: temperature,NULL_VALUE|OUT_OF_RANGE,2026-09-18T06:14:29.923892+00:00
EVT0089354,BMW00761,WBA00000000000761,2026-11-07 06:05:00,19.51,123.5,150.0,15.956391,101.585832,telemetry,OUT_OF_RANGE,Out-of-range value in: temperature,OUT_OF_RANGE,2026-09-18T06:14:29.923892+00:00
EVT0000154,BMW00697,WBA00000000000697,2026-01-01 12:45:00,27.9,150.95,-100.0,52.867466,-32.829393,telemetry,OUT_OF_RANGE,Out-of-range value in: temperature,OUT_OF_RANGE,2026-09-18T06:14:29.923892+00:00
EVT0023890,BMW00615,WBA00000000000615,2026-03-24 22:45:00,,59.1,6.0,16.073273,122.827428,telemetry,NULL_VALUE|OUT_OF_RANGE,Null values in: battery_level | Out-of-range value in: battery_level,NULL_VALUE|OUT_OF_RANGE,2026-09-18T06:14:29.923892+00:00
EVT0032168,BMWX00076,WBA00000000000996,2026-04-22 16:35:00,91.94,25.33,28.67,30.690307,-104.830277,telemetry,REFERENTIAL_INTEGRITY,Referential integrity violation,REFERENTIAL_INTEGRITY,2026-09-18T06:14:29.923892+00:00
EVT0061869,BMW00988,WBA00000000000988,2026-08-03 19:40:00,150.0,10.46,51.41,27.889222,-18.196938,telemetry,OUT_OF_RANGE,Out-of-range value in: battery_level,OUT_OF_RANGE,2026-09-18T06:14:29.923892+00:00
EVT0038604,BMW00732,WBA00000000000732,2026-05-15 00:55:00,62.07,88.02,24.09,18.242413,102.170307,telemetry,DUPLICATE_RECORD,Duplicate record detected,DUPLICATE_RECORD,2026-09-18T06:14:29.923892+00:00
EVT0057474,BMW00475,,2026-07-19 13:25:00,21.02,22.39,4.36,13.224235,60.794896,telemetry,NULL_VALUE|INVALID_VIN,Null values in: vin | Invalid or missing VIN,NULL_VALUE|INVALID_VIN,2026-09-18T06:14:29.923892+00:00
EVT0015295,BMW00087,WBA00000000000087,2026-02-23 02:30:00,77.18,125.16,24.31,11.886486,-71.451918,telemetry,DUPLICATE_RECORD,Duplicate record detected,DUPLICATE_RECORD,2026-09-18T06:14:29.923892+00:00
EVT0043881,BMW00439,INVALIDVIN,2026-06-02 08:40:00,78.6,121.76,150.0,45.097148,-86.786867,telemetry,INVALID_VIN|OUT_OF_RANGE,Invalid or missing VIN | Out-of-range value in: temperature,INVALID_VIN|OUT_OF_RANGE,2026-09-18T06:14:29.923892+00:00
EVT0050491,BMW00966,WBA00000000000966,2026-06-25 07:30:00,18.24,118.91,39.35,45.188533,-81.069051,telemetry,DUPLICATE_RECORD,Duplicate record detected,DUPLICATE_RECORD,2026-09-18T06:14:29.923892+00:00
BAD00063,UNKNOWN,BADVIN,not-a-date,999.0,-50.0,999.0,999.0,999.0,telemetry,INVALID_VIN|INVALID_DATE|OUT_OF_RANGE|REFERENTIAL_INTEGRITY,"Invalid or missing VIN | Invalid date in: timestamp | Out-of-range value in: battery_level, temperature, speed | Referential integrity violation",INVALID_VIN|INVALID_DATE|OUT_OF_RANGE|REFERENTIAL_INTEGRITY,2026-09-18T06:14:29.923892+00:00
EVT0009131,BMW00126,,2026-02-01 16:50:00,51.02,105.47,24.24,37.691197,77.406489,telemetry,NULL_VALUE|INVALID_VIN,Null values in: vin | Invalid or missing VIN,NULL_VALUE|INVALID_VIN,2026-09-18T06:14:29.923892+00:00
EVT0015805,BMW00640,WBA00000000000640,2026-02-24 21:00:00,-25.0,55.25,7.67,51.702641,-65.495552,telemetry,OUT_OF_RANGE,Out-of-range value in: battery_level,OUT_OF_RANGE,2026-09-18T06:14:29.923892+00:00
EVT0020652,BMWX00191,WBA00000000000839,2026-03-13 16:55:00,51.71,76.8,49.37,54.401787,126.663783,telemetry,REFERENTIAL_INTEGRITY,Referential integrity violation,REFERENTIAL_INTEGRITY,2026-09-18T06:14:29.923892+00:00
EVT0045265,,WBA00000000000971,2026-06-07 04:00:00,57.68,16.67,39.72,40.882772,88.008322,telemetry,NULL_VALUE|REFERENTIAL_INTEGRITY,Null values in: vehicle_id | Referential integrity violation,NULL_VALUE|REFERENTIAL_INTEGRITY,2026-09-18T06:14:29.923892+00:00
EVT0006192,BMW00634,WBA00000000000634,2026-01-22 11:55:00,56.94,130.95,-80.0,19.0879,-50.533222,telemetry,OUT_OF_RANGE,Out-of-range value in: temperature,OUT_OF_RANGE,2026-09-18T06:14:29.923892+00:00
EVT0061361,BMW00520,INVALIDVIN,2026-08-02 01:20:00,79.54,131.32,24.07,42.19881,133.563948,telemetry,INVALID_VIN,Invalid or missing VIN,INVALID_VIN,2026-09-18T06:14:29.923892+00:00
EVT0070833,BMW00141,WBA00000000000141,2026-09-03 22:40:00,150.0,88.15,30.88,29.205019,-31.630825,telemetry,OUT_OF_RANGE,Out-of-range value in: battery_level,OUT_OF_RANGE,2026-09-18T06:14:29.923892+00:00
EVT0043241,BMW00052,WBA00000000000052,2026-05-31 03:20:00,17.48,98.11,,19.730177,115.289518,telemetry,NULL_VALUE|OUT_OF_RANGE,Null values in: temperature | Out-of-range value in: temperature,NULL_VALUE|OUT_OF_RANGE,2026-09-18T06:14:29.923892+00:00
EVT0044440,BMW00275,WBA00000000000275,2026-06-04 07:15:00,22.88,54.63,,39.982541,71.310155,telemetry,NULL_VALUE|OUT_OF_RANGE,Null values in: temperature | Out-of-range value in: temperature,NULL_VALUE|OUT_OF_RANGE,2026-09-18T06:14:29.923892+00:00
EVT0019881,BMW00786,WBA00000000000786,2026-03-11 00:40:00,,42.83,9.24,27.846593,-17.134505,telemetry,NULL_VALUE|OUT_OF_RANGE,Null values in: battery_level | Out-of-range value in: battery_level,NULL_VALUE|OUT_OF_RANGE,2026-09-18T06:14:29.923892+00:00
EVT0006471,BMW00489,WBA00000000000489,2026-15-40 99:99:99,44.77,102.51,50.79,31.798205,-75.568625,telemetry,INVALID_DATE,Invalid date in: timestamp,INVALID_DATE,2026-09-18T06:14:29.923892+00:00
EVT0082507,BMW00151,WBA00000000000151,2026-10-14 11:30:00,15.15,29.47,44.89,49.793512,-92.515832,telemetry,DUPLICATE_RECORD,Duplicate record detected,DUPLICATE_RECORD,2026-09-18T06:14:29.923892+00:00
EVT0008532,BMWX00131,WBA00000000000643,2026-01-30 14:55:00,84.58,78.11,29.7,9.679249,-50.330804,telemetry,REFERENTIAL_INTEGRITY,Referential integrity violation,REFERENTIAL_INTEGRITY,2026-09-18T06:14:29.923892+00:00
EVT0007934,BMW00250,WBA00000000000250,2026-01-28 13:05:00,68.97,41.87,-100.0,29.298506,39.55144,telemetry,OUT_OF_RANGE,Out-of-range value in: temperature,OUT_OF_RANGE,2026-09-18T06:14:29.923892+00:00
EVT0075610,BMW00852,INVALIDVIN,2026-09-20 12:45:00,28.58,66.96,15.99,53.907641,53.647474,telemetry,INVALID_VIN,Invalid or missing VIN,INVALID_VIN,2026-09-18T06:14:29.923892+00:00
EVT0014415,,WBA00000000000588,2026-02-20 01:10:00,150.0,92.62,12.08,47.52817,70.87808,telemetry,NULL_VALUE|OUT_OF_RANGE|REFERENTIAL_INTEGRITY,Null values in: vehicle_id | Out-of-range value in: battery_level | Referential integrity violation,NULL_VALUE|OUT_OF_RANGE|REFERENTIAL_INTEGRITY,2026-09-18T06:14:29.923892+00:00
EVT0069281,BMW00802,WBA00000000000802,2026-08-29 13:20:00,-25.0,133.94,19.11,32.595816,30.933941,telemetry,OUT_OF_RANGE,Out-of-range value in: battery_level,OUT_OF_RANGE,2026-09-18T06:14:29.923892+00:00
EVT0016161,BMW00224,WBA00000000000224,2026-02-26 02:40:00,26.36,59.62,2.23,51.530323,15.710369,telemetry,DUPLICATE_RECORD,Duplicate record detected,DUPLICATE_RECORD,2026-09-18T06:14:29.923892+00:00
EVT0021317,,WBA00000000000479,2026-03-16 00:20:00,91.21,10.01,33.33,17.269699,37.267921,telemetry,NULL_VALUE|REFERENTIAL_INTEGRITY,Null values in: vehicle_id | Referential integrity violation,NULL_VALUE|REFERENTIAL_INTEGRITY,2026-09-18T06:14:29.923892+00:00
BAD00045,UNKNOWN,BADVIN,not-a-date,999.0,-50.0,999.0,999.0,999.0,telemetry,INVALID_VIN|INVALID_DATE|OUT_OF_RANGE|REFERENTIAL_INTEGRITY,"Invalid or missing VIN | Invalid date in: timestamp | Out-of-range value in: battery_level, temperature, speed | Referential integrity violation",INVALID_VIN|INVALID_DATE|OUT_OF_RANGE|REFERENTIAL_INTEGRITY,2026-09-18T06:14:29.923892+00:00
EVT0096611,BMW00676,,2026-12-02 10:50:00,40.94,125.62,51.49,45.578213,-30.743227,telemetry,NULL_VALUE|INVALID_VIN,Null values in: vin | Invalid or missing VIN,NULL_VALUE|INVALID_VIN,2026-09-18T06:14:29.923892+00:00
EVT0090397,BMW00838,WBA00000000000838,2026-11-10 21:00:00,72.29,142.78,,48.727607,41.875993,telemetry,NULL_VALUE|OUT_OF_RANGE,Null values in: temperature | Out-of-range value in: temperature,NULL_VALUE|OUT_OF_RANGE,2026-09-18T06:14:29.923892+00:00
EVT0073915,,WBA00000000000979,2026-09-14 15:30:00,47.83,34.65,9.26,11.623736,44.524123,telemetry,NULL_VALUE|REFERENTIAL_INTEGRITY,Null values in: vehicle_id | Referential integrity violation,NULL_VALUE|REFERENTIAL_INTEGRITY,2026-09-18T06:14:29.923892+00:00
EVT0050706,BMW00540,WBA00000000000540,2026-06-26 01:25:00,21.28,105.83,200.0,38.741378,-13.159472,telemetry,OUT_OF_RANGE,Out-of-range value in: temperature,OUT_OF_RANGE,2026-09-18T06:14:29.923892+00:00
EVT0078538,BMW00449,WBA00000000000449,2026-09-30 16:45:00,,138.42,1.83,30.048253,-100.773555,telemetry,NULL_VALUE|OUT_OF_RANGE,Null values in: battery_level | Out-of-range value in: battery_level,NULL_VALUE|OUT_OF_RANGE,2026-09-18T06:14:29.923892+00:00
EVT0092893,BMW00763,,2026-11-19 13:00:00,95.94,88.83,26.97,48.4551,-58.698399,telemetry,NULL_VALUE|INVALID_VIN,Null values in: vin | Invalid or missing VIN,NULL_VALUE|INVALID_VIN,2026-09-18T06:14:29.923892+00:00
EVT0004828,BMW00942,WBA00000000000942,2026-01-17 18:15:00,,11.13,16.15,27.578911,36.674329,telemetry,NULL_VALUE|OUT_OF_RANGE,Null values in: battery_level | Out-of-range value in: battery_level,NULL_VALUE|OUT_OF_RANGE,2026-09-18T06:14:29.923892+00:00
EVT0060295,BMW00889,INVALIDVIN,2026-07-29 08:30:00,43.09,158.6,2.33,16.171225,64.800896,telemetry,INVALID_VIN,Invalid or missing VIN,INVALID_VIN,2026-09-18T06:14:29.923892+00:00
EVT0010378,BMW00375,,2026-02-06 00:45:00,51.99,154.81,29.28,27.836552,15.344031,telemetry,NULL_VALUE|INVALID_VIN,Null values in: vin | Invalid or missing VIN,NULL_VALUE|INVALID_VIN,2026-09-18T06:14:29.923892+00:00
EVT0078485,BMW00202,WBA00000000000202,2026-09-30 12:20:00,60.57,17.18,200.0,30.732558,-91.648275,telemetry,OUT_OF_RANGE,Out-of-range value in: temperature,OUT_OF_RANGE,2026-09-18T06:14:29.923892+00:00
EVT0088401,BMW00278,WBA00000000000278,2026-11-03 22:40:00,17.69,76.8,3.19,14.515116,-43.012272,telemetry,DUPLICATE_RECORD,Duplicate record detected,DUPLICATE_RECORD,2026-09-18T06:14:29.923892+00:00
EVT0087235,BMW00927,WBA00000000000927,2026-15-40 99:99:99,10.15,60.02,-3.21,11.007112,26.933691,telemetry,INVALID_DATE,Invalid date in: timestamp,INVALID_DATE,2026-09-18T06:14:29.923892+00:00
EVT0075034,BMW00490,WBA00000000000490,2026-09-18 12:45:00,91.54,14.38,,28.725392,121.986555,telemetry,NULL_VALUE|OUT_OF_RANGE,Null values in: temperature | Out-of-range value in: temperature,NULL_VALUE|OUT_OF_RANGE,2026-09-18T06:14:29.923892+00:00
EVT0015664,BMW00846,WBA00000000000846,2026-02-24 09:15:00,65.95,61.89,20.29,35.063092,-92.718625,telemetry,DUPLICATE_RECORD,Duplicate record detected,DUPLICATE_RECORD,2026-09-18T06:14:29.923892+00:00
EVT0032552,,WBA00000000000420,2026-04-24 00:35:00,60.34,108.57,34.8,12.555045,-74.056774,telemetry,NULL_VALUE|REFERENTIAL_INTEGRITY,Null values in: vehicle_id | Referential integrity violation,NULL_VALUE|REFERENTIAL_INTEGRITY,2026-09-18T06:14:29.923892+00:00
EVT0025955,BMW00942,,2026-04-01 02:50:00,41.79,128.5,42.56,12.104746,44.599023,telemetry,NULL_VALUE|INVALID_VIN,Null values in: vin | Invalid or missing VIN,NULL_VALUE|INVALID_VIN,2026-09-18T06:14:29.923892+00:00
EVT0056564,BMW00467,WBA00000000000467,2026-07-16 09:35:00,,5.22,17.94,43.215423,-61.220614,telemetry,NULL_VALUE|OUT_OF_RANGE,Null values in: battery_level | Out-of-range value in: battery_level,NULL_VALUE|OUT_OF_RANGE,2026-09-18T06:14:29.923892+00:00
EVT0097289,BMWX00036,WBA00000000000505,2026-12-04 19:20:00,19.18,128.48,24.63,14.588338,59.447733,telemetry,REFERENTIAL_INTEGRITY,Referential integrity violation,REFERENTIAL_INTEGRITY,2026-09-18T06:14:29.923892+00:00
EVT0029964,BMW00071,WBA00000000000071,2026-15-40 99:99:99,43.83,71.53,4.0,50.256939,114.367949,telemetry,INVALID_DATE,Invalid date in: timestamp,INVALID_DATE,2026-09-18T06:14:29.923892+00:00
EVT0011875,BMW00399,INVALIDVIN,2026-02-11 05:30:00,45.11,146.2,24.22,24.330473,-12.759097,telemetry,INVALID_VIN,Invalid or missing VIN,INVALID_VIN,2026-09-18T06:14:29.923892+00:00
EVT0072392,BMW00181,WBA00000000000181,2026-09-09 08:35:00,90.55,56.66,,53.369633,68.939405,telemetry,NULL_VALUE|OUT_OF_RANGE,Null values in: temperature | Out-of-range value in: temperature,NULL_VALUE|OUT_OF_RANGE,2026-09-18T06:14:29.923892+00:00
EVT0080073,,WBA00000000000198,2026-10-06 00:40:00,75.67,35.65,1.41,28.471041,-89.160139,telemetry,NULL_VALUE|REFERENTIAL_INTEGRITY,Null values in: vehicle_id | Referential integrity violation,NULL_VALUE|REFERENTIAL_INTEGRITY,2026-09-18T06:14:29.923892+00:00
EVT0045081,BMW00276,WBA00000000000276,2026-06-06 12:40:00,83.27,96.31,2.54,12.115359,-9.618762,telemetry,DUPLICATE_RECORD,Duplicate record detected,DUPLICATE_RECORD,2026-09-18T06:14:29.923892+00:00
EVT0031777,BMW00517,WBA00000000000517,2026-04-21 08:00:00,54.32,15.4,1.75,25.603693,139.739118,telemetry,DUPLICATE_RECORD,Duplicate record detected,DUPLICATE_RECORD,2026-09-18T06:14:29.923892+00:00
EVT0012257,BMW00256,WBA00000000000256,2026-02-12 13:20:00,43.55,40.91,23.02,31.728888,60.017916,telemetry,DUPLICATE_RECORD,Duplicate record detected,DUPLICATE_RECORD,2026-09-18T06:14:29.923892+00:00
EVT0090377,BMW00736,WBA00000000000736,2026-11-10 19:20:00,30.11,63.82,4.95,46.949404,20.783297,telemetry,DUPLICATE_RECORD,Duplicate record detected,DUPLICATE_RECORD,2026-09-18T06:14:29.923892+00:00
EVT0034088,BMW00563,WBA00000000000563,2026-04-29 08:35:00,88.66,157.72,,53.83887,83.216909,telemetry,NULL_VALUE|OUT_OF_RANGE,Null values in: temperature | Out-of-range value in: temperature,NULL_VALUE|OUT_OF_RANGE,2026-09-18T06:14:29.923892+00:00
EVT0036608,BMW00748,INVALIDVIN,2026-05-08 02:35:00,24.68,48.44,40.06,32.242711,98.133864,telemetry,INVALID_VIN,Invalid or missing VIN,INVALID_VIN,2026-09-18T06:14:29.923892+00:00
EVT0060771,BMW00019,WBA00000000000019,2026-07-31 00:10:00,18.37,100.17,40.88,14.413525,-61.179496,telemetry,DUPLICATE_RECORD,Duplicate record detected,DUPLICATE_RECORD,2026-09-18T06:14:29.923892+00:00
EVT0020335,BMW00594,WBA00000000000594,2026-03-12 14:30:00,32.38,70.6,10.64,13.689807,84.332391,telemetry,DUPLICATE_RECORD,Duplicate record detected,DUPLICATE_RECORD,2026-09-18T06:14:29.923892+00:00
BAD00043,UNKNOWN,BADVIN,not-a-date,999.0,-50.0,999.0,999.0,999.0,telemetry,INVALID_VIN|INVALID_DATE|OUT_OF_RANGE|REFERENTIAL_INTEGRITY,"Invalid or missing VIN | Invalid date in: timestamp | Out-of-range value in: battery_level, temperature, speed | Referential integrity violation",INVALID_VIN|INVALID_DATE|OUT_OF_RANGE|REFERENTIAL_INTEGRITY,2026-09-18T06:14:29.923892+00:00
EVT0040143,BMW00925,INVALIDVIN,2026-05-20 09:10:00,36.39,6.16,-0.23,28.33718,-35.161857,telemetry,INVALID_VIN,Invalid or missing VIN,INVALID_VIN,2026-09-18T06:14:29.923892+00:00
EVT0050941,BMW00117,WBA00000000000117,2026-06-26 21:00:00,150.0,65.07,51.58,31.622085,110.712897,telemetry,OUT_OF_RANGE,Out-of-range value in: battery_level,OUT_OF_RANGE,2026-09-18T06:14:29.923892+00:00
EVT0037159,BMW00536,INVALIDVIN,2026-05-10 00:30:00,16.23,55.44,-1.27,10.470645,47.2354,telemetry,INVALID_VIN,Invalid or missing VIN,INVALID_VIN,2026-09-18T06:14:29.923892+00:00
BAD00083,UNKNOWN,BADVIN,not-a-date,999.0,-50.0,999.0,999.0,999.0,telemetry,INVALID_VIN|INVALID_DATE|OUT_OF_RANGE|REFERENTIAL_INTEGRITY,"Invalid or missing VIN | Invalid date in: timestamp | Out-of-range value in: battery_level, temperature, speed | Referential integrity violation",INVALID_VIN|INVALID_DATE|OUT_OF_RANGE|REFERENTIAL_INTEGRITY,2026-09-18T06:14:29.923892+00:00
EVT0096533,BMW00860,WBA00000000000860,2026-12-02 04:20:00,,11.24,35.17,38.980303,123.630662,telemetry,NULL_VALUE|OUT_OF_RANGE,Null values in: battery_level | Out-of-range value in: battery_level,NULL_VALUE|OUT_OF_RANGE,2026-09-18T06:14:29.923892+00:00
EVT0035099,BMW00944,WBA00000000000944,2026-05-02 20:50:00,57.21,123.76,,14.373388,63.760875,telemetry,NULL_VALUE|OUT_OF_RANGE,Null values in: temperature | Out-of-range value in: temperature,NULL_VALUE|OUT_OF_RANGE,2026-09-18T06:14:29.923892+00:00
EVT0005104,BMW00422,INVALIDVIN,2026-01-18 17:15:00,82.98,83.29,-1.63,31.443345,-5.863692,telemetry,INVALID_VIN,Invalid or missing VIN,INVALID_VIN,2026-09-18T06:14:29.923892+00:00
BAD00080,UNKNOWN,BADVIN,not-a-date,999.0,-50.0,999.0,999.0,999.0,telemetry,INVALID_VIN|INVALID_DATE|OUT_OF_RANGE|REFERENTIAL_INTEGRITY,"Invalid or missing VIN | Invalid date in: timestamp | Out-of-range value in: battery_level, temperature, speed | Referential integrity violation",INVALID_VIN|INVALID_DATE|OUT_OF_RANGE|REFERENTIAL_INTEGRITY,2026-09-18T06:14:29.923892+00:00
EVT0054795,BMW00073,WBA00000000000073,2026-07-10 06:10:00,59.96,130.25,26.86,31.401573,-49.452438,telemetry,DUPLICATE_RECORD,Duplicate record detected,DUPLICATE_RECORD,2026-09-18T06:14:29.923892+00:00
EVT0037328,BMW00090,WBA00000000000090,2026-05-10 14:35:00,14.93,15.5,,8.315377,11.189549,telemetry,NULL_VALUE|OUT_OF_RANGE,Null values in: temperature | Out-of-range value in: temperature,NULL_VALUE|OUT_OF_RANGE,2026-09-18T06:14:29.923892+00:00
EVT0007264,,WBA00000000000642,2026-01-26 05:15:00,46.59,101.49,,47.885471,15.612816,telemetry,NULL_VALUE|OUT_OF_RANGE|REFERENTIAL_INTEGRITY,"Null values in: vehicle_id, temperature | Out-of-range value in: temperature | Referential integrity violation",NULL_VALUE|OUT_OF_RANGE|REFERENTIAL_INTEGRITY,2026-09-18T06:14:29.923892+00:00
EVT0011931,BMW00578,WBA00000000000578,2026-02-11 10:10:00,82.18,67.65,-8.07,34.671044,-100.752072,telemetry,DUPLICATE_RECORD,Duplicate record detected,DUPLICATE_RECORD,2026-09-18T06:14:29.923892+00:00
EVT0038403,BMW00099,WBA00000000000099,2026-05-14 08:10:00,96.0,110.38,150.0,54.586348,-82.000928,telemetry,OUT_OF_RANGE,Out-of-range value in: temperature,OUT_OF_RANGE,2026-09-18T06:14:29.923892+00:00
EVT0080438,BMW00735,,2026-10-07 07:05:00,74.02,43.73,-4.0,33.539671,-3.466019,telemetry,NULL_VALUE|INVALID_VIN,Null values in: vin | Invalid or missing VIN,NULL_VALUE|INVALID_VIN,2026-09-18T06:14:29.923892+00:00
EVT0055224,BMW00963,WBA00000000000963,2026-07-11 17:55:00,97.09,128.56,13.62,32.7239,45.692502,telemetry,DUPLICATE_RECORD,Duplicate record detected,DUPLICATE_RECORD,2026-09-18T06:14:29.923892+00:00
EVT0080579,BMWX00022,WBA00000000000256,2026-10-07 18:50:00,93.01,73.39,32.77,26.001977,136.696377,telemetry,REFERENTIAL_INTEGRITY,Referential integrity violation,REFERENTIAL_INTEGRITY,2026-09-18T06:14:29.923892+00:00
EVT0082191,BMW00076,WBA00000000000076,2026-10-13 09:10:00,,23.78,0.86,31.844121,90.773193,telemetry,NULL_VALUE|OUT_OF_RANGE,Null values in: battery_level | Out-of-range value in: battery_level,NULL_VALUE|OUT_OF_RANGE,2026-09-18T06:14:29.923892+00:00
EVT0076058,BMW00999,WBA00000000000999,2026-09-22 02:05:00,,143.97,0.98,46.733227,82.36567,telemetry,NULL_VALUE|OUT_OF_RANGE,Null values in: battery_level | Out-of-range value in: battery_level,NULL_VALUE|OUT_OF_RANGE,2026-09-18T06:14:29.923892+00:00
EVT0022627,BMW00362,WBA00000000000362,2026-15-40 99:99:99,47.03,87.99,8.13,30.716197,102.518418,telemetry,INVALID_DATE,Invalid date in: timestamp,INVALID_DATE,2026-09-18T06:14:29.923892+00:00
EVT0082613,BMW00380,,2026-10-14 20:20:00,37.51,153.05,4.24,40.363323,89.431808,telemetry,NULL_VALUE|INVALID_VIN,Null values in: vin | Invalid or missing VIN,NULL_VALUE|INVALID_VIN,2026-09-18T06:14:29.923892+00:00
EVT0078331,BMW00331,WBA00000000000331,2026-09-29 23:30:00,29.06,50.21,25.29,39.584542,148.638224,telemetry,DUPLICATE_RECORD,Duplicate record detected,DUPLICATE_RECORD,2026-09-18T06:14:29.923892+00:00
EVT0067503,BMW00154,WBA00000000000154,2026-08-23 09:10:00,91.45,4.54,-8.78,22.063715,82.57945,telemetry,DUPLICATE_RECORD,Duplicate record detected,DUPLICATE_RECORD,2026-09-18T06:14:29.923892+00:00
EVT0023990,,WBA00000000000279,2026-03-25 07:05:00,69.07,60.38,3.91,20.905213,58.543001,telemetry,NULL_VALUE|REFERENTIAL_INTEGRITY,Null values in: vehicle_id | Referential integrity violation,NULL_VALUE|REFERENTIAL_INTEGRITY,2026-09-18T06:14:29.923892+00:00
EVT0032984,BMW00529,INVALIDVIN,2026-04-25 12:35:00,29.54,156.33,9.07,50.985007,122.415374,telemetry,INVALID_VIN,Invalid or missing VIN,INVALID_VIN,2026-09-18T06:14:29.923892+00:00
EVT0061611,,WBA00000000000942,2026-08-02 22:10:00,88.76,72.48,21.69,14.57211,81.215308,telemetry,NULL_VALUE|REFERENTIAL_INTEGRITY,Null values in: vehicle_id | Referential integrity violation,NULL_VALUE|REFERENTIAL_INTEGRITY,2026-09-18T06:14:29.923892+00:00
EVT0023555,BMW00602,WBA00000000000602,2026-03-23 18:50:00,-25.0,118.59,46.56,48.66612,-36.98818,telemetry,OUT_OF_RANGE,Out-of-range value in: battery_level,OUT_OF_RANGE,2026-09-18T06:14:29.923892+00:00
EVT0051169,BMW00573,WBA00000000000573,2026-06-27 16:00:00,73.34,1.68,,24.305627,-18.086082,telemetry,NULL_VALUE|OUT_OF_RANGE,Null values in: temperature | Out-of-range value in: temperature,NULL_VALUE|OUT_OF_RANGE,2026-09-18T06:14:29.923892+00:00
EVT0005843,BMW01000,INVALIDVIN,2026-01-21 06:50:00,78.62,8.72,8.79,9.234799,-18.154967,telemetry,INVALID_VIN,Invalid or missing VIN,INVALID_VIN,2026-09-18T06:14:29.923892+00:00
EVT0090931,BMW00336,WBA00000000000336,2026-11-12 17:30:00,-25.0,147.93,26.99,20.812882,-85.119258,telemetry,OUT_OF_RANGE,Out-of-range value in: battery_level,OUT_OF_RANGE,2026-09-18T06:14:29.923892+00:00
EVT0031898,BMW00429,WBA00000000000429,2026-15-40 99:99:99,83.88,84.06,5.43,49.186211,-61.586846,telemetry,INVALID_DATE,Invalid date in: timestamp,INVALID_DATE,2026-09-18T06:14:29.923892+00:00
EVT0015650,BMW00219,WBA00000000000219,2026-02-24 08:05:00,-10.0,101.04,10.52,38.150461,-113.653429,telemetry,OUT_OF_RANGE,Out-of-range value in: battery_level,OUT_OF_RANGE,2026-09-18T06:14:29.923892+00:00
EVT0056072,BMW00077,INVALIDVIN,2026-07-14 16:35:00,16.89,68.77,6.79,19.42036,54.437922,telemetry,INVALID_VIN,Invalid or missing VIN,INVALID_VIN,2026-09-18T06:14:29.923892+00:00
EVT0080808,BMW00101,WBA00000000000101,2026-10-08 13:55:00,61.41,36.61,,42.073839,4.364624,telemetry,NULL_VALUE|OUT_OF_RANGE,Null values in: temperature | Out-of-range value in: temperature,NULL_VALUE|OUT_OF_RANGE,2026-09-18T06:14:29.923892+00:00
EVT0013894,BMW00543,INVALIDVIN,2026-02-18 05:45:00,41.11,27.74,11.55,41.620812,-102.026012,telemetry,INVALID_VIN,Invalid or missing VIN,INVALID_VIN,2026-09-18T06:14:29.923892+00:00
EVT0067497,BMWX00065,WBA00000000000302,2026-08-23 08:40:00,92.48,123.52,40.41,30.679881,10.218051,telemetry,REFERENTIAL_INTEGRITY,Referential integrity violation,REFERENTIAL_INTEGRITY,2026-09-18T06:14:29.923892+00:00
EVT0001709,BMW00201,INVALIDVIN,2026-01-06 22:20:00,98.37,152.2,50.23,35.050801,-74.563888,telemetry,INVALID_VIN,Invalid or missing VIN,INVALID_VIN,2026-09-18T06:14:29.923892+00:00
EVT0038976,BMW00139,WBA00000000000139,2026-05-16 07:55:00,-25.0,57.41,24.7,15.436554,-4.905391,telemetry,OUT_OF_RANGE,Out-of-range value in: battery_level,OUT_OF_RANGE,2026-09-18T06:14:29.923892+00:00
EVT0044696,BMW00070,WBA00000000000070,2026-06-05 04:35:00,180.0,22.26,51.17,54.406454,-72.170493,telemetry,OUT_OF_RANGE,Out-of-range value in: battery_level,OUT_OF_RANGE,2026-09-18T06:14:29.923892+00:00
EVT0085091,BMW00519,INVALIDVIN,2026-10-23 10:50:00,85.98,156.8,37.86,14.307023,100.267766,telemetry,INVALID_VIN,Invalid or missing VIN,INVALID_VIN,2026-09-18T06:14:29.923892+00:00
EVT0009570,,WBA00000000000933,2026-02-03 05:25:00,94.25,104.46,2.1,35.886507,37.146207,telemetry,NULL_VALUE|REFERENTIAL_INTEGRITY,Null values in: vehicle_id | Referential integrity violation,NULL_VALUE|REFERENTIAL_INTEGRITY,2026-09-18T06:14:29.923892+00:00
EVT0066322,,WBA00000000000540,2026-08-19 06:45:00,85.9,145.84,12.87,19.825628,-69.766925,telemetry,NULL_VALUE|REFERENTIAL_INTEGRITY,Null values in: vehicle_id | Referential integrity violation,NULL_VALUE|REFERENTIAL_INTEGRITY,2026-09-18T06:14:29.923892+00:00
EVT0071976,,WBA00000000000057,2026-09-07 21:55:00,19.55,33.62,36.98,43.340378,122.708908,telemetry,NULL_VALUE|REFERENTIAL_INTEGRITY,Null values in: vehicle_id | Referential integrity violation,NULL_VALUE|REFERENTIAL_INTEGRITY,2026-09-18T06:14:29.923892+00:00
EVT0074638,,WBA00000000000708,2026-09-17 03:45:00,76.91,136.87,29.78,44.876949,31.956493,telemetry,NULL_VALUE|REFERENTIAL_INTEGRITY,Null values in: vehicle_id | Referential integrity violation,NULL_VALUE|REFERENTIAL_INTEGRITY,2026-09-18T06:14:29.923892+00:00
EVT0083277,BMW00740,WBA00000000000740,2026-10-17 03:40:00,28.38,93.78,150.0,21.6251,33.484148,telemetry,OUT_OF_RANGE,Out-of-range value in: temperature,OUT_OF_RANGE,2026-09-18T06:14:29.923892+00:00
EVT0011142,BMW00425,WBA00000000000425,2026-02-08 16:25:00,53.58,114.09,46.18,33.097794,15.247214,telemetry,DUPLICATE_RECORD,Duplicate record detected,DUPLICATE_RECORD,2026-09-18T06:14:29.923892+00:00
EVT0000822,BMW00705,WBA00000000000705,2026-01-03 20:25:00,67.16,133.93,52.68,38.766216,106.933422,telemetry,DUPLICATE_RECORD,Duplicate record detected,DUPLICATE_RECORD,2026-09-18T06:14:29.923892+00:00
EVT0080405,BMW00146,,2026-10-07 04:20:00,12.54,134.43,23.82,29.889533,-83.886564,telemetry,NULL_VALUE|INVALID_VIN,Null values in: vin | Invalid or missing VIN,NULL_VALUE|INVALID_VIN,2026-09-18T06:14:29.923892+00:00
EVT0028534,BMW00128,WBA00000000000128,2026-04-10 01:45:00,55.38,79.7,32.95,48.764091,126.429973,telemetry,DUPLICATE_RECORD,Duplicate record detected,DUPLICATE_RECORD,2026-09-18T06:14:29.923892+00:00
EVT0065088,BMW00104,,2026-08-14 23:55:00,93.29,53.14,49.8,8.413676,69.498792,telemetry,NULL_VALUE|INVALID_VIN,Null values in: vin | Invalid or missing VIN,NULL_VALUE|INVALID_VIN,2026-09-18T06:14:29.923892+00:00
EVT0083298,BMW00417,,2026-10-17 05:25:00,63.81,3.49,21.7,51.654488,127.080407,telemetry,NULL_VALUE|INVALID_VIN,Null values in: vin | Invalid or missing VIN,NULL_VALUE|INVALID_VIN,2026-09-18T06:14:29.923892+00:00
EVT0048782,BMW00357,WBA00000000000357,2026-15-40 99:99:99,89.27,146.32,27.64,20.014357,-80.391945,telemetry,INVALID_DATE,Invalid date in: timestamp,INVALID_DATE,2026-09-18T06:14:29.923892+00:00
EVT0020425,BMW00874,WBA00000000000874,2026-03-12 22:00:00,42.29,156.65,-5.47,12.102123,148.0173,telemetry,DUPLICATE_RECORD,Duplicate record detected,DUPLICATE_RECORD,2026-09-18T06:14:29.923892+00:00
EVT0033692,BMW00435,INVALIDVIN,2026-04-27 23:35:00,36.96,148.59,29.46,32.284746,19.427321,telemetry,INVALID_VIN,Invalid or missing VIN,INVALID_VIN,2026-09-18T06:14:29.923892+00:00
EVT0020075,BMW00120,WBA00000000000120,2026-03-11 16:50:00,15.8,62.41,150.0,9.245421,120.890207,telemetry,OUT_OF_RANGE,Out-of-range value in: temperature,OUT_OF_RANGE,2026-09-18T06:14:29.923892+00:00
EVT0011117,BMW00891,WBA00000000000891,2026-15-40 99:99:99,35.93,110.97,0.49,48.159121,-45.337463,telemetry,INVALID_DATE,Invalid date in: timestamp,INVALID_DATE,2026-09-18T06:14:29.923892+00:00
EVT0022264,BMW00855,WBA00000000000855,2026-03-19 07:15:00,43.44,7.77,,9.416584,-109.246926,telemetry,NULL_VALUE|OUT_OF_RANGE,Null values in: temperature | Out-of-range value in: temperature,NULL_VALUE|OUT_OF_RANGE,2026-09-18T06:14:29.923892+00:00
EVT0063879,BMW00929,WBA00000000000929,2026-08-10 19:10:00,35.13,30.21,150.0,27.700879,-35.392241,telemetry,OUT_OF_RANGE,Out-of-range value in: temperature,OUT_OF_RANGE,2026-09-18T06:14:29.923892+00:00
EVT0086545,BMW00588,WBA00000000000588,2026-10-28 12:00:00,63.12,36.69,,25.458456,115.089693,telemetry,NULL_VALUE|OUT_OF_RANGE,Null values in: temperature | Out-of-range value in: temperature,NULL_VALUE|OUT_OF_RANGE,2026-09-18T06:14:29.923892+00:00
EVT0090651,BMW00380,WBA00000000000380,2026-11-11 18:10:00,98.21,142.9,48.69,51.14102,25.301471,telemetry,DUPLICATE_RECORD,Duplicate record detected,DUPLICATE_RECORD,2026-09-18T06:14:29.923892+00:00
EVT0037862,BMW00732,WBA00000000000732,2026-05-12 11:05:00,,19.2,33.58,39.730676,-1.80093,telemetry,NULL_VALUE|OUT_OF_RANGE,Null values in: battery_level | Out-of-range value in: battery_level,NULL_VALUE|OUT_OF_RANGE,2026-09-18T06:14:29.923892+00:00
BAD00029,UNKNOWN,BADVIN,not-a-date,999.0,-50.0,999.0,999.0,999.0,telemetry,INVALID_VIN|INVALID_DATE|OUT_OF_RANGE|REFERENTIAL_INTEGRITY,"Invalid or missing VIN | Invalid date in: timestamp | Out-of-range value in: battery_level, temperature, speed | Referential integrity violation",INVALID_VIN|INVALID_DATE|OUT_OF_RANGE|REFERENTIAL_INTEGRITY,2026-09-18T06:14:29.923892+00:00
EVT0037805,BMW00993,WBA00000000000993,2026-05-12 06:20:00,,87.95,26.53,54.905233,30.102834,telemetry,NULL_VALUE|OUT_OF_RANGE,Null values in: battery_level | Out-of-range value in: battery_level,NULL_VALUE|OUT_OF_RANGE,2026-09-18T06:14:29.923892+00:00
EVT0029740,BMW00276,WBA00000000000276,2026-15-40 99:99:99,37.96,156.16,24.7,9.878904,-114.67977,telemetry,INVALID_DATE,Invalid date in: timestamp,INVALID_DATE,2026-09-18T06:14:29.923892+00:00
EVT0055939,BMW00578,WBA00000000000578,2026-07-14 05:30:00,49.93,5.89,22.03,11.436184,-22.33936,telemetry,DUPLICATE_RECORD,Duplicate record detected,DUPLICATE_RECORD,2026-09-18T06:14:29.923892+00:00
EVT0094440,,WBA00000000000649,2026-11-24 21:55:00,52.22,71.91,54.11,39.39019,137.919838,telemetry,NULL_VALUE|REFERENTIAL_INTEGRITY,Null values in: vehicle_id | Referential integrity violation,NULL_VALUE|REFERENTIAL_INTEGRITY,2026-09-18T06:14:29.923892+00:00
EVT0027606,BMW00437,WBA00000000000437,2026-04-06 20:25:00,-10.0,157.22,1.37,22.201139,-31.853696,telemetry,OUT_OF_RANGE,Out-of-range value in: battery_level,OUT_OF_RANGE,2026-09-18T06:14:29.923892+00:00
EVT0042914,BMW00412,WBA00000000000412,2026-05-30 00:05:00,62.84,100.64,-100.0,38.498363,124.882052,telemetry,OUT_OF_RANGE,Out-of-range value in: temperature,OUT_OF_RANGE,2026-09-18T06:14:29.923892+00:00
EVT0048896,BMW00603,,2026-06-19 18:35:00,17.49,63.2,44.34,38.460449,60.541539,telemetry,NULL_VALUE|INVALID_VIN,Null values in: vin | Invalid or missing VIN,NULL_VALUE|INVALID_VIN,2026-09-18T06:14:29.923892+00:00
EVT0024227,BMW00979,WBA00000000000979,2026-03-26 02:50:00,21.64,41.24,,25.296186,76.90217,telemetry,NULL_VALUE|OUT_OF_RANGE,Null values in: temperature | Out-of-range value in: temperature,NULL_VALUE|OUT_OF_RANGE,2026-09-18T06:14:29.923892+00:00
EVT0061242,BMW00323,WBA00000000000323,2026-08-01 15:25:00,15.23,16.42,30.56,8.488223,106.235311,telemetry,DUPLICATE_RECORD,Duplicate record detected,DUPLICATE_RECORD,2026-09-18T06:14:29.923892+00:00
EVT0075389,BMW00566,WBA00000000000566,2026-09-19 18:20:00,79.38,149.24,,14.486053,76.056841,telemetry,NULL_VALUE|OUT_OF_RANGE,Null values in: temperature | Out-of-range value in: temperature,NULL_VALUE|OUT_OF_RANGE,2026-09-18T06:14:29.923892+00:00
EVT0034069,BMWX00027,WBA00000000000150,2026-04-29 07:00:00,73.61,88.63,43.76,37.451131,-32.031855,telemetry,REFERENTIAL_INTEGRITY,Referential integrity violation,REFERENTIAL_INTEGRITY,2026-09-18T06:14:29.923892+00:00
EVT0088205,BMW00508,WBA00000000000508,2026-15-40 99:99:99,87.56,91.31,48.99,54.222898,-82.75141,telemetry,INVALID_DATE,Invalid date in: timestamp,INVALID_DATE,2026-09-18T06:14:29.923892+00:00
EVT0042669,BMW00715,WBA00000000000715,2026-05-29 03:40:00,-25.0,10.75,2.29,16.120617,26.788826,telemetry,OUT_OF_RANGE,Out-of-range value in: battery_level,OUT_OF_RANGE,2026-09-18T06:14:29.923892+00:00
EVT0081710,BMW00188,,2026-10-11 17:05:00,73.35,57.9,-8.46,22.179566,-114.367797,telemetry,NULL_VALUE|INVALID_VIN,Null values in: vin | Invalid or missing VIN,NULL_VALUE|INVALID_VIN,2026-09-18T06:14:29.923892+00:00
EVT0001178,BMW00547,WBA00000000000547,2026-01-05 02:05:00,40.87,105.45,150.0,40.244114,-96.95319,telemetry,OUT_OF_RANGE,Out-of-range value in: temperature,OUT_OF_RANGE,2026-09-18T06:14:29.923892+00:00
EVT0063450,,WBA00000000000940,2026-08-09 07:25:00,96.78,88.64,48.73,24.378127,-85.091776,telemetry,NULL_VALUE|REFERENTIAL_INTEGRITY,Null values in: vehicle_id | Referential integrity violation,NULL_VALUE|REFERENTIAL_INTEGRITY,2026-09-18T06:14:29.923892+00:00
EVT0040989,BMW00608,WBA00000000000608,2026-05-23 07:40:00,40.94,152.76,48.51,21.500142,-83.479825,telemetry,DUPLICATE_RECORD,Duplicate record detected,DUPLICATE_RECORD,2026-09-18T06:14:29.923892+00:00
EVT0029857,BMW00350,,2026-04-14 16:00:00,94.86,35.99,0.43,46.9842,-36.227634,telemetry,NULL_VALUE|INVALID_VIN,Null values in: vin | Invalid or missing VIN,NULL_VALUE|INVALID_VIN,2026-09-18T06:14:29.923892+00:00
EVT0051726,BMW00210,WBA00000000000210,2026-06-29 14:25:00,75.78,138.9,40.14,39.347961,-112.739377,telemetry,DUPLICATE_RECORD,Duplicate record detected,DUPLICATE_RECORD,2026-09-18T06:14:29.923892+00:00
EVT0018310,BMWX00171,WBA00000000000214,2026-03-05 13:45:00,13.73,2.78,21.51,8.60609,148.196183,telemetry,REFERENTIAL_INTEGRITY,Referential integrity violation,REFERENTIAL_INTEGRITY,2026-09-18T06:14:29.923892+00:00
EVT0009848,BMW00497,WBA00000000000497,2026-02-04 04:35:00,-10.0,23.94,44.77,50.381922,-105.358278,telemetry,OUT_OF_RANGE,Out-of-range value in: battery_level,OUT_OF_RANGE,2026-09-18T06:14:29.923892+00:00
EVT0082496,BMW00922,WBA00000000000922,2026-10-14 10:35:00,180.0,26.14,28.93,48.857153,80.363595,telemetry,OUT_OF_RANGE,Out-of-range value in: battery_level,OUT_OF_RANGE,2026-09-18T06:14:29.923892+00:00
EVT0088577,,WBA00000000000002,2026-11-04 13:20:00,94.48,83.51,35.55,34.634513,-27.075414,telemetry,NULL_VALUE|REFERENTIAL_INTEGRITY,Null values in: vehicle_id | Referential integrity violation,NULL_VALUE|REFERENTIAL_INTEGRITY,2026-09-18T06:14:29.923892+00:00
EVT0013761,BMW00853,WBA00000000000853,2026-02-17 18:40:00,13.17,74.44,200.0,41.21787,-48.681391,telemetry,OUT_OF_RANGE,Out-of-range value in: temperature,OUT_OF_RANGE,2026-09-18T06:14:29.923892+00:00
EVT0076610,BMW00618,WBA00000000000618,2026-09-24 00:05:00,64.37,117.76,10.62,43.088007,93.748414,telemetry,DUPLICATE_RECORD,Duplicate record detected,DUPLICATE_RECORD,2026-09-18T06:14:29.923892+00:00
EVT0056014,BMW00220,WBA00000000000220,2026-07-14 11:45:00,98.65,44.17,-4.62,42.024273,-118.235302,telemetry,DUPLICATE_RECORD,Duplicate record detected,DUPLICATE_RECORD,2026-09-18T06:14:29.923892+00:00
EVT0020023,BMW00926,,2026-03-11 12:30:00,33.13,52.91,-2.1,35.046428,76.306682,telemetry,NULL_VALUE|INVALID_VIN,Null values in: vin | Invalid or missing VIN,NULL_VALUE|INVALID_VIN,2026-09-18T06:14:29.923892+00:00
EVT0061551,BMW00353,WBA00000000000353,2026-15-40 99:99:99,98.5,111.1,-7.07,23.868015,75.86162,telemetry,INVALID_DATE,Invalid date in: timestamp,INVALID_DATE,2026-09-18T06:14:29.923892+00:00
EVT0098394,BMW00824,WBA00000000000824,2026-12-08 15:25:00,150.0,25.79,7.53,46.438392,60.400315,telemetry,OUT_OF_RANGE,Out-of-range value in: battery_level,OUT_OF_RANGE,2026-09-18T06:14:29.923892+00:00
EVT0088653,BMW00457,WBA00000000000457,2026-11-04 19:40:00,-25.0,105.73,34.91,47.105503,15.594207,telemetry,OUT_OF_RANGE,Out-of-range value in: battery_level,OUT_OF_RANGE,2026-09-18T06:14:29.923892+00:00
EVT0063484,BMW00603,WBA00000000000603,2026-15-40 99:99:99,79.36,144.47,32.29,34.565675,21.969838,telemetry,INVALID_DATE,Invalid date in: timestamp,INVALID_DATE,2026-09-18T06:14:29.923892+00:00
EVT0015252,,WBA00000000000303,2026-02-22 22:55:00,76.04,14.22,48.04,38.183785,145.86461,telemetry,NULL_VALUE|REFERENTIAL_INTEGRITY,Null values in: vehicle_id | Referential integrity violation,NULL_VALUE|REFERENTIAL_INTEGRITY,2026-09-18T06:14:29.923892+00:00
EVT0096215,BMW00967,WBA00000000000967,2026-12-01 01:50:00,82.98,114.71,,32.553488,-46.680172,telemetry,NULL_VALUE|OUT_OF_RANGE,Null values in: temperature | Out-of-range value in: temperature,NULL_VALUE|OUT_OF_RANGE,2026-09-18T06:14:29.923892+00:00
EVT0030999,BMW00368,WBA00000000000368,2026-04-18 15:10:00,17.12,4.7,15.28,30.359393,-46.221242,telemetry,DUPLICATE_RECORD,Duplicate record detected,DUPLICATE_RECORD,2026-09-18T06:14:29.923892+00:00
EVT0086989,BMW00613,,2026-10-30 01:00:00,43.45,24.37,31.4,35.795883,-79.344993,telemetry,NULL_VALUE|INVALID_VIN,Null values in: vin | Invalid or missing VIN,NULL_VALUE|INVALID_VIN,2026-09-18T06:14:29.923892+00:00
BAD00052,UNKNOWN,BADVIN,not-a-date,999.0,-50.0,999.0,999.0,999.0,telemetry,INVALID_VIN|INVALID_DATE|OUT_OF_RANGE|REFERENTIAL_INTEGRITY,"Invalid or missing VIN | Invalid date in: timestamp | Out-of-range value in: battery_level, temperature, speed | Referential integrity violation",INVALID_VIN|INVALID_DATE|OUT_OF_RANGE|REFERENTIAL_INTEGRITY,2026-09-18T06:14:29.923892+00:00
EVT0036795,BMW00957,WBA00000000000957,2026-05-08 18:10:00,57.04,62.79,41.31,33.918038,-27.12382,telemetry,DUPLICATE_RECORD,Duplicate record detected,DUPLICATE_RECORD,2026-09-18T06:14:29.923892+00:00
EVT0078188,BMW00192,WBA00000000000192,2026-09-29 11:35:00,180.0,31.89,32.27,26.802856,33.277437,telemetry,OUT_OF_RANGE,Out-of-range value in: battery_level,OUT_OF_RANGE,2026-09-18T06:14:29.923892+00:00
EVT0037266,BMW00321,,2026-05-10 09:25:00,43.02,92.49,25.85,41.770348,-106.908454,telemetry,NULL_VALUE|INVALID_VIN,Null values in: vin | Invalid or missing VIN,NULL_VALUE|INVALID_VIN,2026-09-18T06:14:29.923892+00:00
EVT0082150,BMW00684,WBA00000000000684,2026-10-13 05:45:00,31.74,148.54,17.32,25.384937,69.154865,telemetry,DUPLICATE_RECORD,Duplicate record detected,DUPLICATE_RECORD,2026-09-18T06:14:29.923892+00:00
EVT0020582,BMW00654,INVALIDVIN,2026-03-13 11:05:00,37.52,136.54,16.26,32.686055,-15.0669,telemetry,INVALID_VIN,Invalid or missing VIN,INVALID_VIN,2026-09-18T06:14:29.923892+00:00
EVT0083560,BMW00548,,2026-10-18 03:15:00,51.57,67.65,-5.77,44.314932,66.932079,telemetry,NULL_VALUE|INVALID_VIN,Null values in: vin | Invalid or missing VIN,NULL_VALUE|INVALID_VIN,2026-09-18T06:14:29.923892+00:00
EVT0061121,BMW00545,WBA00000000000545,2026-08-01 05:20:00,,103.86,36.43,51.883087,-69.425884,telemetry,NULL_VALUE|OUT_OF_RANGE,Null values in: battery_level | Out-of-range value in: battery_level,NULL_VALUE|OUT_OF_RANGE,2026-09-18T06:14:29.923892+00:00
EVT0089564,BMW00083,INVALIDVIN,2026-11-07 23:35:00,28.48,91.11,-8.53,18.501571,116.382856,telemetry,INVALID_VIN,Invalid or missing VIN,INVALID_VIN,2026-09-18T06:14:29.923892+00:00
EVT0074183,BMW00477,WBA00000000000477,2026-09-15 13:50:00,,21.94,-3.71,49.838789,99.218856,telemetry,NULL_VALUE|OUT_OF_RANGE,Null values in: battery_level | Out-of-range value in: battery_level,NULL_VALUE|OUT_OF_RANGE,2026-09-18T06:14:29.923892+00:00
EVT0060501,BMW00414,WBA00000000000414,2026-15-40 99:99:99,61.31,131.06,14.94,38.386414,-72.138837,telemetry,INVALID_DATE,Invalid date in: timestamp,INVALID_DATE,2026-09-18T06:14:29.923892+00:00
EVT0076435,BMW00106,WBA00000000000106,2026-09-23 09:30:00,44.61,149.72,44.96,18.881274,-43.642455,telemetry,DUPLICATE_RECORD,Duplicate record detected,DUPLICATE_RECORD,2026-09-18T06:14:29.923892+00:00
EVT0082586,BMW00012,WBA00000000000012,2026-10-14 18:05:00,84.66,106.66,3.3,9.272172,-115.577857,telemetry,DUPLICATE_RECORD,Duplicate record detected,DUPLICATE_RECORD,2026-09-18T06:14:29.923892+00:00
EVT0052529,BMW00495,WBA00000000000495,2026-07-02 09:20:00,180.0,101.92,42.97,25.02634,147.370776,telemetry,OUT_OF_RANGE,Out-of-range value in: battery_level,OUT_OF_RANGE,2026-09-18T06:14:29.923892+00:00
EVT0082364,BMW00336,WBA00000000000336,2026-10-13 23:35:00,42.57,110.5,33.02,13.947071,76.725665,telemetry,DUPLICATE_RECORD,Duplicate record detected,DUPLICATE_RECORD,2026-09-18T06:14:29.923892+00:00
EVT0008336,BMW00477,,2026-01-29 22:35:00,58.92,57.14,-6.64,54.077688,-57.773073,telemetry,NULL_VALUE|INVALID_VIN,Null values in: vin | Invalid or missing VIN,NULL_VALUE|INVALID_VIN,2026-09-18T06:14:29.923892+00:00
EVT0072937,,WBA00000000000581,2026-09-11 06:00:00,30.76,19.48,44.27,28.799131,47.856429,telemetry,NULL_VALUE|REFERENTIAL_INTEGRITY,Null values in: vehicle_id | Referential integrity violation,NULL_VALUE|REFERENTIAL_INTEGRITY,2026-09-18T06:14:29.923892+00:00
EVT0016780,BMW00061,INVALIDVIN,2026-02-28 06:15:00,40.57,61.3,44.28,39.182156,106.824714,telemetry,INVALID_VIN,Invalid or missing VIN,INVALID_VIN,2026-09-18T06:14:29.923892+00:00
EVT0037842,,WBA00000000000989,2026-05-12 09:25:00,96.06,16.75,15.07,17.286283,-107.548584,telemetry,NULL_VALUE|REFERENTIAL_INTEGRITY,Null values in: vehicle_id | Referential integrity violation,NULL_VALUE|REFERENTIAL_INTEGRITY,2026-09-18T06:14:29.923892+00:00
EVT0020359,BMW00523,,2026-03-12 16:30:00,70.28,35.56,6.57,39.643407,149.956788,telemetry,NULL_VALUE|INVALID_VIN,Null values in: vin | Invalid or missing VIN,NULL_VALUE|INVALID_VIN,2026-09-18T06:14:29.923892+00:00
EVT0029376,BMW00971,,2026-04-12 23:55:00,49.12,0.06,32.88,54.417166,133.352088,telemetry,NULL_VALUE|INVALID_VIN,Null values in: vin | Invalid or missing VIN,NULL_VALUE|INVALID_VIN,2026-09-18T06:14:29.923892+00:00
EVT0089481,BMW00476,WBA00000000000476,2026-15-40 99:99:99,22.49,5.74,6.01,52.270254,15.359739,telemetry,INVALID_DATE,Invalid date in: timestamp,INVALID_DATE,2026-09-18T06:14:29.923892+00:00
EVT0048748,BMW00535,WBA00000000000535,2026-15-40 99:99:99,31.87,110.86,32.23,19.135363,134.793678,telemetry,INVALID_DATE,Invalid date in: timestamp,INVALID_DATE,2026-09-18T06:14:29.923892+00:00
EVT0022678,BMW00507,WBA00000000000507,2026-03-20 17:45:00,48.69,54.87,,17.697544,-26.993835,telemetry,NULL_VALUE|OUT_OF_RANGE,Null values in: temperature | Out-of-range value in: temperature,NULL_VALUE|OUT_OF_RANGE,2026-09-18T06:14:29.923892+00:00
EVT0099158,BMW00532,WBA00000000000532,2026-12-11 07:05:00,34.49,68.01,,42.963904,149.223495,telemetry,NULL_VALUE|OUT_OF_RANGE,Null values in: temperature | Out-of-range value in: temperature,NULL_VALUE|OUT_OF_RANGE,2026-09-18T06:14:29.923892+00:00
EVT0055767,BMW00461,,2026-07-13 15:10:00,94.8,153.0,54.9,32.747455,-35.498955,telemetry,NULL_VALUE|INVALID_VIN,Null values in: vin | Invalid or missing VIN,NULL_VALUE|INVALID_VIN,2026-09-18T06:14:29.923892+00:00
EVT0034574,BMW00399,WBA00000000000399,2026-05-01 01:05:00,36.99,97.36,3.56,17.250013,-88.026255,telemetry,DUPLICATE_RECORD,Duplicate record detected,DUPLICATE_RECORD,2026-09-18T06:14:29.923892+00:00
EVT0082990,,WBA00000000000617,2026-10-16 03:45:00,91.87,70.75,14.13,30.626075,81.391445,telemetry,NULL_VALUE|REFERENTIAL_INTEGRITY,Null values in: vehicle_id | Referential integrity violation,NULL_VALUE|REFERENTIAL_INTEGRITY,2026-09-18T06:14:29.923892+00:00
EVT0040819,,WBA00000000000685,2026-05-22 17:30:00,35.49,58.88,18.31,20.694457,-95.411801,telemetry,NULL_VALUE|REFERENTIAL_INTEGRITY,Null values in: vehicle_id | Referential integrity violation,NULL_VALUE|REFERENTIAL_INTEGRITY,2026-09-18T06:14:29.923892+00:00
EVT0058872,BMW00561,WBA00000000000561,2026-07-24 09:55:00,,37.05,10.32,43.288484,103.059323,telemetry,NULL_VALUE|OUT_OF_RANGE,Null values in: battery_level | Out-of-range value in: battery_level,NULL_VALUE|OUT_OF_RANGE,2026-09-18T06:14:29.923892+00:00
EVT0002050,BMW00506,WBA00000000000506,2026-15-40 99:99:99,77.47,86.06,30.78,32.413042,98.463454,telemetry,INVALID_DATE,Invalid date in: timestamp,INVALID_DATE,2026-09-18T06:14:29.923892+00:00
EVT0023777,BMW00976,WBA00000000000976,2026-03-24 13:20:00,150.0,139.53,2.37,47.53267,-91.247049,telemetry,OUT_OF_RANGE,Out-of-range value in: battery_level,OUT_OF_RANGE,2026-09-18T06:14:29.923892+00:00
EVT0079576,,WBA00000000000792,2026-10-04 07:15:00,61.73,4.07,-3.07,23.191793,-85.081877,telemetry,NULL_VALUE|REFERENTIAL_INTEGRITY,Null values in: vehicle_id | Referential integrity violation,NULL_VALUE|REFERENTIAL_INTEGRITY,2026-09-18T06:14:29.923892+00:00
EVT0086780,,WBA00000000000618,2026-10-29 07:35:00,38.35,45.63,54.4,20.474282,73.565536,telemetry,NULL_VALUE|REFERENTIAL_INTEGRITY,Null values in: vehicle_id | Referential integrity violation,NULL_VALUE|REFERENTIAL_INTEGRITY,2026-09-18T06:14:29.923892+00:00
EVT0067970,BMW00901,INVALIDVIN,2026-08-25 00:05:00,77.9,82.43,30.62,28.441667,71.626785,telemetry,INVALID_VIN,Invalid or missing VIN,INVALID_VIN,2026-09-18T06:14:29.923892+00:00
